"relative_path","top_level","extension","size_bytes","size_mb","last_modified_kst","repository_policy"
".gitignore",".gitignore",".gitignore","472","0","2026-09-02 22:55:24","GITHUB_INCLUDED"
"00_CONTROL(프로젝트_통제)\01_CORE(핵심_정본)\00_AI_TEAM_BRIEF__AI팀_공통브리프.md","00_CONTROL(프로젝트_통제)",".md","18969","0.018","2026-08-21 19:50:32","GITHUB_INCLUDED"
"00_CONTROL(프로젝트_통제)\01_CORE(핵심_정본)\00_FOLDER_GUIDE__폴더_구조_안내.md","00_CONTROL(프로젝트_통제)",".md","2102","0.002","2026-08-20 22:39:01","GITHUB_INCLUDED"
"00_CONTROL(프로젝트_통제)\01_CORE(핵심_정본)\00_MASTER_PLAN.md","00_CONTROL(프로젝트_통제)",".md","34705","0.033","2026-08-19 22:51:30","GITHUB_INCLUDED"
"00_CONTROL(프로젝트_통제)\01_CORE(핵심_정본)\02_BRAND_SYSTEM.md","00_CONTROL(프로젝트_통제)",".md","8212","0.008","2026-08-14 00:07:55","GITHUB_INCLUDED"
"00_CONTROL(프로젝트_통제)\02_STRATEGY(전략)\06_VISUAL_DIRECTION__비주얼_방향.md","00_CONTROL(프로젝트_통제)",".md","44458","0.042","2026-08-21 19:50:32","GITHUB_INCLUDED"
"00_CONTROL(프로젝트_통제)\02_STRATEGY(전략)\07_INTEGRATED_VISUAL_SYSTEM__통합_비주얼_시스템.md","00_CONTROL(프로젝트_통제)",".md","28783","0.027","2026-08-21 19:50:32","GITHUB_INCLUDED"
"00_CONTROL(프로젝트_통제)\02_STRATEGY(전략)\C005_USER_DECISION_BRIEF.md","00_CONTROL(프로젝트_통제)",".md","9624","0.009","2026-08-14 00:12:27","GITHUB_INCLUDED"
"00_CONTROL(프로젝트_통제)\02_STRATEGY(전략)\CAMPAIGN_STRATEGY.md","00_CONTROL(프로젝트_통제)",".md","24514","0.023","2026-08-15 02:44:28","GITHUB_INCLUDED"
"00_CONTROL(프로젝트_통제)\02_STRATEGY(전략)\CHANNEL_MESSAGE_HIERARCHY.md","00_CONTROL(프로젝트_통제)",".md","23503","0.022","2026-08-14 00:07:56","GITHUB_INCLUDED"
"00_CONTROL(프로젝트_통제)\02_STRATEGY(전략)\OFFER_ARCHITECTURE.md","00_CONTROL(프로젝트_통제)",".md","24120","0.023","2026-08-14 00:12:27","GITHUB_INCLUDED"
"00_CONTROL(프로젝트_통제)\02_STRATEGY(전략)\TERMINOLOGY_GLOSSARY.md","00_CONTROL(프로젝트_통제)",".md","9434","0.009","2026-08-14 00:26:27","GITHUB_INCLUDED"
"00_CONTROL(프로젝트_통제)\02_STRATEGY(전략)\TREND_SCAN_1_20260810.md","00_CONTROL(프로젝트_통제)",".md","24137","0.023","2026-08-12 00:30:30","GITHUB_INCLUDED"
"00_CONTROL(프로젝트_통제)\02_STRATEGY(전략)\WADIZ_REWARD_ARCHITECTURE_BENCHMARK.md","00_CONTROL(프로젝트_통제)",".md","17788","0.017","2026-08-12 10:08:19","GITHUB_INCLUDED"
"00_CONTROL(프로젝트_통제)\03_STORY(스토리_정본)\STORY_MASTER.md","00_CONTROL(프로젝트_통제)",".md","88323","0.084","2026-08-21 20:49:42","GITHUB_INCLUDED"
"00_CONTROL(프로젝트_통제)\04_COMMERCIAL(판매구조_정본)\BUSINESS_ASSUMPTIONS.md","00_CONTROL(프로젝트_통제)",".md","17214","0.016","2026-08-15 00:46:23","GITHUB_INCLUDED"
"00_CONTROL(프로젝트_통제)\04_COMMERCIAL(판매구조_정본)\BUSINESS_INPUT_TIMING_MATRIX.md","00_CONTROL(프로젝트_통제)",".md","11856","0.011","2026-08-15 00:46:23","GITHUB_INCLUDED"
"00_CONTROL(프로젝트_통제)\04_COMMERCIAL(판매구조_정본)\CANONICAL_PRODUCT_FACT_MATRIX.csv","00_CONTROL(프로젝트_통제)",".csv","10477","0.01","2026-08-11 21:56:15","GITHUB_INCLUDED"
"00_CONTROL(프로젝트_통제)\04_COMMERCIAL(판매구조_정본)\COMMERCIAL_HYPOTHESIS_MODEL.xlsx","00_CONTROL(프로젝트_통제)",".xlsx","44621","0.043","2026-08-13 08:12:56","INDEX_ONLY_BINARY"
"00_CONTROL(프로젝트_통제)\04_COMMERCIAL(판매구조_정본)\COMMERCIAL_HYPOTHESIS_MODEL.xlsx.inspect.ndjson","00_CONTROL(프로젝트_통제)",".ndjson","1112644","1.061","2026-08-12 10:04:14","GITHUB_INCLUDED"
"00_CONTROL(프로젝트_통제)\04_COMMERCIAL(판매구조_정본)\CURRENT_INVENTORY_USER_CHECK.md","00_CONTROL(프로젝트_통제)",".md","7496","0.007","2026-08-15 00:46:03","GITHUB_INCLUDED"
"00_CONTROL(프로젝트_통제)\04_COMMERCIAL(판매구조_정본)\CURRENT_REPRODUCTION_QUOTE_REQUEST_MATRIX.csv","00_CONTROL(프로젝트_통제)",".csv","4964","0.005","2026-08-11 23:48:22","GITHUB_INCLUDED"
"00_CONTROL(프로젝트_통제)\04_COMMERCIAL(판매구조_정본)\ECONOMICS_INPUT.csv","00_CONTROL(프로젝트_통제)",".csv","7591","0.007","2026-08-15 00:45:15","GITHUB_INCLUDED"
"00_CONTROL(프로젝트_통제)\04_COMMERCIAL(판매구조_정본)\HISTORICAL_COST_SENSITIVITY.xlsx","00_CONTROL(프로젝트_통제)",".xlsx","5718","0.005","2026-08-11 23:48:23","INDEX_ONLY_BINARY"
"00_CONTROL(프로젝트_통제)\04_COMMERCIAL(판매구조_정본)\HISTORICAL_COST_SENSITIVITY.xlsx.inspect.ndjson","00_CONTROL(프로젝트_통제)",".ndjson","24179","0.023","2026-08-11 23:48:23","GITHUB_INCLUDED"
"00_CONTROL(프로젝트_통제)\04_COMMERCIAL(판매구조_정본)\INVENTORY_PRODUCTION.csv","00_CONTROL(프로젝트_통제)",".csv","5253","0.005","2026-08-15 00:44:23","GITHUB_INCLUDED"
"00_CONTROL(프로젝트_통제)\04_COMMERCIAL(판매구조_정본)\MARKET_DEMAND_INTELLIGENCE.md","00_CONTROL(프로젝트_통제)",".md","19300","0.018","2026-08-14 00:07:56","GITHUB_INCLUDED"
"00_CONTROL(프로젝트_통제)\04_COMMERCIAL(판매구조_정본)\PRODUCT_EVIDENCE_REGISTER.md","00_CONTROL(프로젝트_통제)",".md","17743","0.017","2026-08-19 23:46:38","GITHUB_INCLUDED"
"00_CONTROL(프로젝트_통제)\04_COMMERCIAL(판매구조_정본)\PRODUCT_SOURCE_TRACE.csv","00_CONTROL(프로젝트_통제)",".csv","12586","0.012","2026-08-19 23:46:38","GITHUB_INCLUDED"
"00_CONTROL(프로젝트_통제)\04_COMMERCIAL(판매구조_정본)\PROJECT_ECONOMICS.xlsx","00_CONTROL(프로젝트_통제)",".xlsx","50764","0.048","2026-08-19 23:46:42","INDEX_ONLY_BINARY"
"00_CONTROL(프로젝트_통제)\04_COMMERCIAL(판매구조_정본)\PROJECT_ECONOMICS.xlsx.inspect.ndjson","00_CONTROL(프로젝트_통제)",".ndjson","1243525","1.186","2026-08-19 23:46:39","GITHUB_INCLUDED"
"00_CONTROL(프로젝트_통제)\04_COMMERCIAL(판매구조_정본)\WADIZ_POLICY_NOTES.md","00_CONTROL(프로젝트_통제)",".md","10828","0.01","2026-08-14 00:12:27","GITHUB_INCLUDED"
"00_CONTROL(프로젝트_통제)\05_ASSET_CONTROL(자산_관리)\08_MISSING_ASSETS.md","00_CONTROL(프로젝트_통제)",".md","10599","0.01","2026-08-19 23:46:39","GITHUB_INCLUDED"
"00_CONTROL(프로젝트_통제)\05_ASSET_CONTROL(자산_관리)\ASSET_CURATED.md","00_CONTROL(프로젝트_통제)",".md","53722","0.051","2026-08-19 23:46:39","GITHUB_INCLUDED"
"00_CONTROL(프로젝트_통제)\05_ASSET_CONTROL(자산_관리)\ASSET_INDEX.csv","00_CONTROL(프로젝트_통제)",".csv","1259736","1.201","2026-08-19 23:46:39","GITHUB_INCLUDED"
"00_CONTROL(프로젝트_통제)\05_ASSET_CONTROL(자산_관리)\CAP_ASSET_INTAKE_MANIFEST.csv","00_CONTROL(프로젝트_통제)",".csv","5612","0.005","2026-08-19 23:46:39","GITHUB_INCLUDED"
"00_CONTROL(프로젝트_통제)\05_ASSET_CONTROL(자산_관리)\QR_CONTINUITY_REGISTER.md","00_CONTROL(프로젝트_통제)",".md","4507","0.004","2026-08-10 08:18:18","GITHUB_INCLUDED"
"00_CONTROL(프로젝트_통제)\05_ASSET_CONTROL(자산_관리)\TODAYLOOK_FULL_REVIEW_MANIFEST.csv","00_CONTROL(프로젝트_통제)",".csv","231527","0.221","2026-08-19 23:46:40","GITHUB_INCLUDED"
"00_CONTROL(프로젝트_통제)\06_STATUS(진행상태_의사결정)\00_PROJECT_STATUS.md","00_CONTROL(프로젝트_통제)",".md","29665","0.028","2026-08-21 19:50:32","GITHUB_INCLUDED"
"00_CONTROL(프로젝트_통제)\06_STATUS(진행상태_의사결정)\07_DECISIONS.md","00_CONTROL(프로젝트_통제)",".md","90030","0.086","2026-08-21 19:40:02","GITHUB_INCLUDED"
"00_CONTROL(프로젝트_통제)\06_STATUS(진행상태_의사결정)\09_MASTER_CHECKLIST.csv","00_CONTROL(프로젝트_통제)",".csv","25370","0.024","2026-08-19 23:46:40","GITHUB_INCLUDED"
"01_INPUT(입력_원본)\01_BRAND(브랜드)\brand_identity\legacy_core_sources\EXPERIENCE\글귀.ai","01_INPUT(입력_원본)",".ai","438833","0.419","2026-08-10 08:27:49","INDEX_ONLY_RAW_SOURCE"
"01_INPUT(입력_원본)\01_BRAND(브랜드)\brand_identity\legacy_core_sources\EXPERIENCE\글귀(0.3_24).png","01_INPUT(입력_원본)",".png","19541","0.019","2026-08-10 08:27:49","INDEX_ONLY_RAW_SOURCE"
"01_INPUT(입력_원본)\01_BRAND(브랜드)\brand_identity\legacy_core_sources\EXPERIENCE\LOGO) XXX STUDIO_ANYTHING.ai","01_INPUT(입력_원본)",".ai","427839","0.408","2026-08-10 08:27:49","INDEX_ONLY_RAW_SOURCE"
"01_INPUT(입력_원본)\01_BRAND(브랜드)\brand_identity\legacy_core_sources\EXPERIENCE\LOGO) XXX STUDIO_ANYTIME.ai","01_INPUT(입력_원본)",".ai","430356","0.41","2026-08-10 08:27:49","INDEX_ONLY_RAW_SOURCE"
"01_INPUT(입력_원본)\01_BRAND(브랜드)\brand_identity\legacy_core_sources\EXPERIENCE\LOGO) XXX STUDIO_ANYWHERE.ai","01_INPUT(입력_원본)",".ai","428969","0.409","2026-08-10 08:27:48","INDEX_ONLY_RAW_SOURCE"
"01_INPUT(입력_원본)\01_BRAND(브랜드)\brand_identity\legacy_core_sources\EXPERIENCE\LOGO) XXX STUDIO_EXPERIENCE_메인.ai","01_INPUT(입력_원본)",".ai","436864","0.417","2026-08-10 08:27:48","INDEX_ONLY_RAW_SOURCE"
"01_INPUT(입력_원본)\01_BRAND(브랜드)\brand_identity\legacy_core_sources\EXPERIENCE\LOGO)-XXX-STUDIO_ANYTHING.png","01_INPUT(입력_원본)",".png","15645","0.015","2026-08-10 08:27:49","INDEX_ONLY_RAW_SOURCE"
"01_INPUT(입력_원본)\01_BRAND(브랜드)\brand_identity\legacy_core_sources\EXPERIENCE\LOGO)-XXX-STUDIO_ANYTIME.png","01_INPUT(입력_원본)",".png","17613","0.017","2026-08-10 08:27:49","INDEX_ONLY_RAW_SOURCE"
"01_INPUT(입력_원본)\01_BRAND(브랜드)\brand_identity\legacy_core_sources\EXPERIENCE\LOGO)-XXX-STUDIO_ANYWHERE.png","01_INPUT(입력_원본)",".png","19141","0.018","2026-08-10 08:27:48","INDEX_ONLY_RAW_SOURCE"
"01_INPUT(입력_원본)\01_BRAND(브랜드)\brand_identity\legacy_core_sources\EXPERIENCE\LOGO)-XXX-STUDIO_EXPERIENCE_메인.png","01_INPUT(입력_원본)",".png","17645","0.017","2026-08-10 08:27:48","INDEX_ONLY_RAW_SOURCE"
"01_INPUT(입력_원본)\01_BRAND(브랜드)\brand_identity\legacy_core_sources\FLAWLESS\XXX 수식(WEB).ai","01_INPUT(입력_원본)",".ai","237756","0.227","2026-08-10 08:27:50","INDEX_ONLY_RAW_SOURCE"
"01_INPUT(입력_원본)\01_BRAND(브랜드)\brand_identity\legacy_core_sources\FLAWLESS\XXX 의미(WEB).ai","01_INPUT(입력_원본)",".ai","238751","0.228","2026-08-10 08:27:49","INDEX_ONLY_RAW_SOURCE"
"01_INPUT(입력_원본)\01_BRAND(브랜드)\brand_identity\legacy_core_sources\FLAWLESS\XXX 철학(WEB).ai","01_INPUT(입력_원본)",".ai","238508","0.227","2026-08-10 08:27:50","INDEX_ONLY_RAW_SOURCE"
"01_INPUT(입력_원본)\01_BRAND(브랜드)\brand_identity\legacy_core_sources\FLAWLESS\XXX-수식(WEB).png","01_INPUT(입력_원본)",".png","8961","0.009","2026-08-10 08:27:50","INDEX_ONLY_RAW_SOURCE"
"01_INPUT(입력_원본)\01_BRAND(브랜드)\brand_identity\legacy_core_sources\FLAWLESS\XXX-의미(WEB).png","01_INPUT(입력_원본)",".png","9609","0.009","2026-08-10 08:27:50","INDEX_ONLY_RAW_SOURCE"
"01_INPUT(입력_원본)\01_BRAND(브랜드)\brand_identity\legacy_core_sources\FLAWLESS\XXX-철학(WEB).png","01_INPUT(입력_원본)",".png","9004","0.009","2026-08-10 08:27:50","INDEX_ONLY_RAW_SOURCE"
"01_INPUT(입력_원본)\02_KOREA_TOUR(코리아투어_프로젝트)\collection_identity\logo_1080\한글) KOREA TOUR_DAY & NIGHT.ai","01_INPUT(입력_원본)",".ai","303425","0.289","2024-04-05 16:55:10","INDEX_ONLY_RAW_SOURCE"
"01_INPUT(입력_원본)\02_KOREA_TOUR(코리아투어_프로젝트)\collection_identity\logo_1080\한글) KOREA TOUR_DAY.ai","01_INPUT(입력_원본)",".ai","280654","0.268","2024-04-05 14:07:09","INDEX_ONLY_RAW_SOURCE"
"01_INPUT(입력_원본)\02_KOREA_TOUR(코리아투어_프로젝트)\collection_identity\logo_1080\한글) KOREA TOUR_DAY(건곤감리).ai","01_INPUT(입력_원본)",".ai","288882","0.275","2024-04-05 16:55:03","INDEX_ONLY_RAW_SOURCE"
"01_INPUT(입력_원본)\02_KOREA_TOUR(코리아투어_프로젝트)\collection_identity\logo_1080\한글) KOREA TOUR_DAY(심플_수정).ai","01_INPUT(입력_원본)",".ai","293013","0.279","2024-04-05 16:54:57","INDEX_ONLY_RAW_SOURCE"
"01_INPUT(입력_원본)\02_KOREA_TOUR(코리아투어_프로젝트)\collection_identity\logo_1080\한글) KOREA TOUR_DAY(심플_지역번호_세로_화이트).ai","01_INPUT(입력_원본)",".ai","156033730","148.805","2024-04-09 18:02:31","INDEX_ONLY_RAW_SOURCE"
"01_INPUT(입력_원본)\02_KOREA_TOUR(코리아투어_프로젝트)\collection_identity\logo_1080\한글) KOREA TOUR_DAY(심플_지역번호_세로).ai","01_INPUT(입력_원본)",".ai","156013095","148.786","2024-04-09 00:53:16","INDEX_ONLY_RAW_SOURCE"
"01_INPUT(입력_원본)\02_KOREA_TOUR(코리아투어_프로젝트)\collection_identity\logo_1080\한글) KOREA TOUR_DAY(심플_지역번호).ai","01_INPUT(입력_원본)",".ai","332301","0.317","2024-04-05 15:18:52","INDEX_ONLY_RAW_SOURCE"
"01_INPUT(입력_원본)\02_KOREA_TOUR(코리아투어_프로젝트)\collection_identity\logo_1080\한글) KOREA TOUR_DAY(심플).ai","01_INPUT(입력_원본)",".ai","293029","0.279","2024-04-05 14:59:15","INDEX_ONLY_RAW_SOURCE"
"01_INPUT(입력_원본)\02_KOREA_TOUR(코리아투어_프로젝트)\collection_identity\logo_1080\한글) KOREA TOUR_DAY&NIGHT(심플_수정).ai","01_INPUT(입력_원본)",".ai","321443","0.307","2024-04-05 15:08:10","INDEX_ONLY_RAW_SOURCE"
"01_INPUT(입력_원본)\02_KOREA_TOUR(코리아투어_프로젝트)\collection_identity\logo_1080\한글) KOREA TOUR_DAY&NIGHT(심플_지역번호).ai","01_INPUT(입력_원본)",".ai","323578","0.309","2024-04-05 16:54:50","INDEX_ONLY_RAW_SOURCE"
"01_INPUT(입력_원본)\02_KOREA_TOUR(코리아투어_프로젝트)\collection_identity\logo_1080\한글) KOREA TOUR_DAY&NIGHT(심플).ai","01_INPUT(입력_원본)",".ai","296035","0.282","2024-04-05 15:01:28","INDEX_ONLY_RAW_SOURCE"
"01_INPUT(입력_원본)\02_KOREA_TOUR(코리아투어_프로젝트)\collection_identity\logo_1080\한글) KOREA TOUR_DAY&NIGT (심플_지역번호_세로).ai","01_INPUT(입력_원본)",".ai","156039241","148.811","2024-04-09 18:19:52","INDEX_ONLY_RAW_SOURCE"
"01_INPUT(입력_원본)\02_KOREA_TOUR(코리아투어_프로젝트)\collection_identity\logo_1080\한글) KOREA TOUR_NIGHT.ai","01_INPUT(입력_원본)",".ai","286728","0.273","2024-04-05 14:08:35","INDEX_ONLY_RAW_SOURCE"
"01_INPUT(입력_원본)\02_KOREA_TOUR(코리아투어_프로젝트)\collection_identity\logo_1080\한글) KOREA TOUR_NIGHT(건곤감리).ai","01_INPUT(입력_원본)",".ai","295106","0.281","2024-04-05 14:21:58","INDEX_ONLY_RAW_SOURCE"
"01_INPUT(입력_원본)\02_KOREA_TOUR(코리아투어_프로젝트)\collection_identity\logo_1080\한글) KOREA TOUR_NIGHT(심플_지역번호_세로_블랙).ai","01_INPUT(입력_원본)",".ai","156030401","148.802","2024-04-09 18:22:39","INDEX_ONLY_RAW_SOURCE"
"01_INPUT(입력_원본)\02_KOREA_TOUR(코리아투어_프로젝트)\collection_identity\logo_1080\한글) KOREA TOUR_NIGHT(심플_지역번호_세로_화이트).ai","01_INPUT(입력_원본)",".ai","156018160","148.791","2024-04-09 18:01:28","INDEX_ONLY_RAW_SOURCE"
"01_INPUT(입력_원본)\02_KOREA_TOUR(코리아투어_프로젝트)\collection_identity\logo_1080\한글) KOREA TOUR_NIGHT(심플_지역번호_세로).ai","01_INPUT(입력_원본)",".ai","156001805","148.775","2024-04-09 00:54:20","INDEX_ONLY_RAW_SOURCE"
"01_INPUT(입력_원본)\02_KOREA_TOUR(코리아투어_프로젝트)\collection_identity\logo_1080\한글) KOREA TOUR_NIGHT(심플_지역번호).ai","01_INPUT(입력_원본)",".ai","322628","0.308","2024-04-05 16:54:59","INDEX_ONLY_RAW_SOURCE"
"01_INPUT(입력_원본)\02_KOREA_TOUR(코리아투어_프로젝트)\collection_identity\logo_1080\한글) KOREA TOUR_NIGHT(심플).ai","01_INPUT(입력_원본)",".ai","292842","0.279","2024-04-05 16:54:54","INDEX_ONLY_RAW_SOURCE"
"01_INPUT(입력_원본)\02_KOREA_TOUR(코리아투어_프로젝트)\collection_identity\logo_1080\한글)-KOREA-TOUR_DAY-&-NIGHT.png","01_INPUT(입력_원본)",".png","29044","0.028","2024-04-05 14:19:53","INDEX_ONLY_RAW_SOURCE"
"01_INPUT(입력_원본)\02_KOREA_TOUR(코리아투어_프로젝트)\collection_identity\logo_1080\한글)-KOREA-TOUR_DAY(건곤감리).png","01_INPUT(입력_원본)",".png","23238","0.022","2024-04-05 14:22:19","INDEX_ONLY_RAW_SOURCE"
"01_INPUT(입력_원본)\02_KOREA_TOUR(코리아투어_프로젝트)\collection_identity\logo_1080\한글)-KOREA-TOUR_DAY(심플_수정).png","01_INPUT(입력_원본)",".png","22981","0.022","2024-04-05 15:07:08","INDEX_ONLY_RAW_SOURCE"
"01_INPUT(입력_원본)\02_KOREA_TOUR(코리아투어_프로젝트)\collection_identity\logo_1080\한글)-KOREA-TOUR_DAY(심플_지역번호_세로_화이트).png","01_INPUT(입력_원본)",".png","7551","0.007","2024-04-09 18:02:39","INDEX_ONLY_RAW_SOURCE"
"01_INPUT(입력_원본)\02_KOREA_TOUR(코리아투어_프로젝트)\collection_identity\logo_1080\한글)-KOREA-TOUR_DAY(심플_지역번호_세로).png","01_INPUT(입력_원본)",".png","8773","0.008","2024-04-09 00:56:03","INDEX_ONLY_RAW_SOURCE"
"01_INPUT(입력_원본)\02_KOREA_TOUR(코리아투어_프로젝트)\collection_identity\logo_1080\한글)-KOREA-TOUR_DAY(심플_지역번호).png","01_INPUT(입력_원본)",".png","24063","0.023","2024-04-05 15:19:09","INDEX_ONLY_RAW_SOURCE"
"01_INPUT(입력_원본)\02_KOREA_TOUR(코리아투어_프로젝트)\collection_identity\logo_1080\한글)-KOREA-TOUR_DAY(심플).png","01_INPUT(입력_원본)",".png","22973","0.022","2024-04-05 15:04:15","INDEX_ONLY_RAW_SOURCE"
"01_INPUT(입력_원본)\02_KOREA_TOUR(코리아투어_프로젝트)\collection_identity\logo_1080\한글)-KOREA-TOUR_DAY&NIGHT(심플_지역번호).png","01_INPUT(입력_원본)",".png","30059","0.029","2024-04-05 15:16:35","INDEX_ONLY_RAW_SOURCE"
"01_INPUT(입력_원본)\02_KOREA_TOUR(코리아투어_프로젝트)\collection_identity\logo_1080\한글)-KOREA-TOUR_DAY&NIGHT(심플).png","01_INPUT(입력_원본)",".png","28676","0.027","2024-04-05 15:01:41","INDEX_ONLY_RAW_SOURCE"
"01_INPUT(입력_원본)\02_KOREA_TOUR(코리아투어_프로젝트)\collection_identity\logo_1080\한글)-KOREA-TOUR_DAY&NIGT-(심플_지역번호_세로).png","01_INPUT(입력_원본)",".png","26347","0.025","2024-04-09 18:20:03","INDEX_ONLY_RAW_SOURCE"
"01_INPUT(입력_원본)\02_KOREA_TOUR(코리아투어_프로젝트)\collection_identity\logo_1080\한글)-KOREA-TOUR_NIGHT.png","01_INPUT(입력_원본)",".png","19565","0.019","2024-04-05 14:08:58","INDEX_ONLY_RAW_SOURCE"
"01_INPUT(입력_원본)\02_KOREA_TOUR(코리아투어_프로젝트)\collection_identity\logo_1080\한글)-KOREA-TOUR_NIGHT(건곤감리).png","01_INPUT(입력_원본)",".png","21479","0.02","2024-04-05 14:22:08","INDEX_ONLY_RAW_SOURCE"
"01_INPUT(입력_원본)\02_KOREA_TOUR(코리아투어_프로젝트)\collection_identity\logo_1080\한글)-KOREA-TOUR_NIGHT(심플_지역번호_세로_블랙).png","01_INPUT(입력_원본)",".png","7538","0.007","2024-04-09 18:00:59","INDEX_ONLY_RAW_SOURCE"
"01_INPUT(입력_원본)\02_KOREA_TOUR(코리아투어_프로젝트)\collection_identity\logo_1080\한글)-KOREA-TOUR_NIGHT(심플_지역번호_세로_화이트).png","01_INPUT(입력_원본)",".png","7538","0.007","2024-04-09 18:02:04","INDEX_ONLY_RAW_SOURCE"
"01_INPUT(입력_원본)\02_KOREA_TOUR(코리아투어_프로젝트)\collection_identity\logo_1080\한글)-KOREA-TOUR_NIGHT(심플_지역번호_세로).png","01_INPUT(입력_원본)",".png","8991","0.009","2024-04-09 18:21:01","INDEX_ONLY_RAW_SOURCE"
"01_INPUT(입력_원본)\02_KOREA_TOUR(코리아투어_프로젝트)\collection_identity\logo_1080\한글)-KOREA-TOUR_NIGHT(심플_지역번호).png","01_INPUT(입력_원본)",".png","21822","0.021","2024-04-05 15:20:10","INDEX_ONLY_RAW_SOURCE"
"01_INPUT(입력_원본)\02_KOREA_TOUR(코리아투어_프로젝트)\collection_identity\logo_1080\한글)-KOREA-TOUR_NIGHT(심플).png","01_INPUT(입력_원본)",".png","20994","0.02","2024-04-05 15:04:49","INDEX_ONLY_RAW_SOURCE"
"01_INPUT(입력_원본)\02_KOREA_TOUR(코리아투어_프로젝트)\collection_identity\logo_1080\PROJECT) KOREA TOUR_DAY(기본).ai","01_INPUT(입력_원본)",".ai","272859","0.26","2024-04-02 19:13:23","INDEX_ONLY_RAW_SOURCE"
"01_INPUT(입력_원본)\02_KOREA_TOUR(코리아투어_프로젝트)\collection_identity\logo_1080\PROJECT) KOREA TOUR_DAY&NIGHT(기본_세로).ai","01_INPUT(입력_원본)",".ai","156045254","148.816","2024-04-09 18:18:27","INDEX_ONLY_RAW_SOURCE"
"01_INPUT(입력_원본)\02_KOREA_TOUR(코리아투어_프로젝트)\collection_identity\logo_1080\PROJECT) KOREA TOUR_DAY&NIGHT(기본).ai","01_INPUT(입력_원본)",".ai","271782","0.259","2024-04-02 19:29:22","INDEX_ONLY_RAW_SOURCE"
"01_INPUT(입력_원본)\02_KOREA_TOUR(코리아투어_프로젝트)\collection_identity\logo_1080\PROJECT) KOREA TOUR_NIGHT(기본).ai","01_INPUT(입력_원본)",".ai","266299","0.254","2024-04-03 00:26:23","INDEX_ONLY_RAW_SOURCE"
"01_INPUT(입력_원본)\02_KOREA_TOUR(코리아투어_프로젝트)\collection_identity\logo_1080\PROJECT)-KOREA-TOUR_DAY(기본).png","01_INPUT(입력_원본)",".png","22686","0.022","2024-04-02 19:13:35","INDEX_ONLY_RAW_SOURCE"
"01_INPUT(입력_원본)\02_KOREA_TOUR(코리아투어_프로젝트)\collection_identity\logo_1080\PROJECT)-KOREA-TOUR_DAY&NIGHT(기본_세로).png","01_INPUT(입력_원본)",".png","21808","0.021","2024-04-09 18:18:45","INDEX_ONLY_RAW_SOURCE"
"01_INPUT(입력_원본)\02_KOREA_TOUR(코리아투어_프로젝트)\collection_identity\logo_1080\PROJECT)-KOREA-TOUR_DAY&NIGHT(기본).png","01_INPUT(입력_원본)",".png","22536","0.021","2024-04-02 19:29:32","INDEX_ONLY_RAW_SOURCE"
"01_INPUT(입력_원본)\02_KOREA_TOUR(코리아투어_프로젝트)\collection_identity\logo_1080\PROJECT)-KOREA-TOUR_NIGHT(기본).png","01_INPUT(입력_원본)",".png","20086","0.019","2024-04-02 11:05:04","INDEX_ONLY_RAW_SOURCE"
"01_INPUT(입력_원본)\02_KOREA_TOUR(코리아투어_프로젝트)\collection_identity\motion_graphics\초대장) KOREA TOUR.ai","01_INPUT(입력_원본)",".ai","286365","0.273","2024-03-27 20:32:41","INDEX_ONLY_RAW_SOURCE"
"01_INPUT(입력_원본)\02_KOREA_TOUR(코리아투어_프로젝트)\collection_identity\motion_graphics\초대장) KOREA TOUR.psd","01_INPUT(입력_원본)",".psd","663015","0.632","2024-03-27 20:32:48","INDEX_ONLY_RAW_SOURCE"
"01_INPUT(입력_원본)\02_KOREA_TOUR(코리아투어_프로젝트)\collection_identity\motion_graphics\테두리) KOREATOUR & XXX STUDIO.ai","01_INPUT(입력_원본)",".ai","264623","0.252","2024-03-26 16:13:32","INDEX_ONLY_RAW_SOURCE"
"01_INPUT(입력_원본)\02_KOREA_TOUR(코리아투어_프로젝트)\collection_identity\motion_graphics\테두리) KOREATOUR & XXX STUDIO.psd","01_INPUT(입력_원본)",".psd","199158","0.19","2024-03-26 16:13:41","INDEX_ONLY_RAW_SOURCE"
"01_INPUT(입력_원본)\02_KOREA_TOUR(코리아투어_프로젝트)\collection_identity\motion_graphics\테두리) KOREATOUR & XXX STUDIO(블랙).ai","01_INPUT(입력_원본)",".ai","267189","0.255","2024-03-27 13:17:13","INDEX_ONLY_RAW_SOURCE"
"01_INPUT(입력_원본)\02_KOREA_TOUR(코리아투어_프로젝트)\collection_identity\motion_graphics\테두리) KOREATOUR & XXX STUDIO(세로).ai","01_INPUT(입력_원본)",".ai","266486","0.254","2024-03-28 12:26:29","INDEX_ONLY_RAW_SOURCE"
"01_INPUT(입력_원본)\02_KOREA_TOUR(코리아투어_프로젝트)\collection_identity\motion_graphics\테두리) KOREATOUR & XXX STUDIO(EXPERIENCE).ai","01_INPUT(입력_원본)",".ai","275683","0.263","2024-03-27 22:49:21","INDEX_ONLY_RAW_SOURCE"
"01_INPUT(입력_원본)\02_KOREA_TOUR(코리아투어_프로젝트)\collection_identity\motion_graphics\테두리)-KOREATOUR-&-XXX-STUDIO.png","01_INPUT(입력_원본)",".png","14659","0.014","2024-03-26 16:14:40","INDEX_ONLY_RAW_SOURCE"
"01_INPUT(입력_원본)\02_KOREA_TOUR(코리아투어_프로젝트)\collection_identity\motion_graphics\테두리)-KOREATOUR-&-XXX-STUDIO(블랙).png","01_INPUT(입력_원본)",".png","14030","0.013","2024-03-27 13:17:25","INDEX_ONLY_RAW_SOURCE"
"01_INPUT(입력_원본)\02_KOREA_TOUR(코리아투어_프로젝트)\collection_identity\motion_graphics\테두리)-KOREATOUR-&-XXX-STUDIO(세로).png","01_INPUT(입력_원본)",".png","814360","0.777","2024-03-28 12:27:42","INDEX_ONLY_RAW_SOURCE"
"01_INPUT(입력_원본)\02_KOREA_TOUR(코리아투어_프로젝트)\collection_identity\motion_graphics\테두리)-KOREATOUR-&-XXX-STUDIO(EXPERIENCE).png","01_INPUT(입력_원본)",".png","16655","0.016","2024-03-27 22:49:50","INDEX_ONLY_RAW_SOURCE"
"01_INPUT(입력_원본)\02_KOREA_TOUR(코리아투어_프로젝트)\collection_identity\motion_graphics\location-pin-multiple-styles-set\Location Pin Multiple Styles Set.jpg","01_INPUT(입력_원본)",".jpg","2399648","2.288","2023-12-01 10:08:36","INDEX_ONLY_RAW_SOURCE"
"01_INPUT(입력_원본)\02_KOREA_TOUR(코리아투어_프로젝트)\collection_identity\motion_graphics\OPENING) KOREA TOUR.ai","01_INPUT(입력_원본)",".ai","274323","0.262","2024-03-26 01:32:11","INDEX_ONLY_RAW_SOURCE"
"01_INPUT(입력_원본)\02_KOREA_TOUR(코리아투어_프로젝트)\collection_identity\motion_graphics\OPENING)-KOREA-TOUR.png","01_INPUT(입력_원본)",".png","18822","0.018","2024-03-26 01:32:25","INDEX_ONLY_RAW_SOURCE"
"01_INPUT(입력_원본)\02_KOREA_TOUR(코리아투어_프로젝트)\collection_identity\motion_graphics\OPENING)-KOREA-TOUR(썸네일).png","01_INPUT(입력_원본)",".png","643320","0.614","2024-03-28 16:01:14","INDEX_ONLY_RAW_SOURCE"
"01_INPUT(입력_원본)\02_KOREA_TOUR(코리아투어_프로젝트)\collection_identity\motion_graphics\OPENING)-KOREA-TOUR(SMALL).png","01_INPUT(입력_원본)",".png","9367","0.009","2024-03-26 02:10:58","INDEX_ONLY_RAW_SOURCE"
"01_INPUT(입력_원본)\02_KOREA_TOUR(코리아투어_프로젝트)\collection_identity\motion_graphics\PIN.ai","01_INPUT(입력_원본)",".ai","221919","0.212","2024-03-26 03:45:43","INDEX_ONLY_RAW_SOURCE"
"01_INPUT(입력_원본)\02_KOREA_TOUR(코리아투어_프로젝트)\collection_identity\motion_graphics\TICKET) KOREA TOUR.ai","01_INPUT(입력_원본)",".ai","500827","0.478","2024-03-26 03:19:34","INDEX_ONLY_RAW_SOURCE"
"01_INPUT(입력_원본)\02_KOREA_TOUR(코리아투어_프로젝트)\collection_identity\motion_graphics\TICKET) KOREA TOUR.psd","01_INPUT(입력_원본)",".psd","484446","0.462","2024-03-26 04:29:55","INDEX_ONLY_RAW_SOURCE"
"01_INPUT(입력_원본)\02_KOREA_TOUR(코리아투어_프로젝트)\collection_identity\motion_graphics\TICKET) KOREA TOUR(글자만).ai","01_INPUT(입력_원본)",".ai","253198","0.241","2024-03-27 20:39:21","INDEX_ONLY_RAW_SOURCE"
"01_INPUT(입력_원본)\02_KOREA_TOUR(코리아투어_프로젝트)\collection_identity\motion_graphics\TICKET) KOREA TOUR(글자만).psd","01_INPUT(입력_원본)",".psd","111672","0.106","2024-03-27 20:47:45","INDEX_ONLY_RAW_SOURCE"
"01_INPUT(입력_원본)\02_KOREA_TOUR(코리아투어_프로젝트)\collection_identity\motion_graphics\TICKET) KOREA TOUR(로고만).ai","01_INPUT(입력_원본)",".ai","242739","0.231","2024-03-26 07:08:33","INDEX_ONLY_RAW_SOURCE"
"01_INPUT(입력_원본)\02_KOREA_TOUR(코리아투어_프로젝트)\collection_identity\motion_graphics\TICKET) KOREA TOUR(로고만).psd","01_INPUT(입력_원본)",".psd","99494","0.095","2024-03-26 07:08:41","INDEX_ONLY_RAW_SOURCE"
"01_INPUT(입력_원본)\02_KOREA_TOUR(코리아투어_프로젝트)\collection_identity\motion_graphics\TICKET) KOREA TOUR(로고만2).ai","01_INPUT(입력_원본)",".ai","233739","0.223","2024-03-26 10:51:19","INDEX_ONLY_RAW_SOURCE"
"01_INPUT(입력_원본)\02_KOREA_TOUR(코리아투어_프로젝트)\collection_identity\motion_graphics\TICKET) KOREA TOUR(로고만2).psd","01_INPUT(입력_원본)",".psd","127034","0.121","2024-03-26 10:51:30","INDEX_ONLY_RAW_SOURCE"
"01_INPUT(입력_원본)\02_KOREA_TOUR(코리아투어_프로젝트)\collection_identity\motion_graphics\TICKET) KOREA TOUR(수정본).ai","01_INPUT(입력_원본)",".ai","365652","0.349","2024-03-26 06:58:57","INDEX_ONLY_RAW_SOURCE"
"01_INPUT(입력_원본)\02_KOREA_TOUR(코리아투어_프로젝트)\collection_identity\motion_graphics\TICKET) KOREA TOUR(수정본).psd","01_INPUT(입력_원본)",".psd","308702","0.294","2024-03-26 06:59:21","INDEX_ONLY_RAW_SOURCE"
"01_INPUT(입력_원본)\02_KOREA_TOUR(코리아투어_프로젝트)\collection_identity\motion_graphics\TICKET) KOREA TOUR(수정본2).ai","01_INPUT(입력_원본)",".ai","348579","0.332","2024-03-27 14:55:19","INDEX_ONLY_RAW_SOURCE"
"01_INPUT(입력_원본)\02_KOREA_TOUR(코리아투어_프로젝트)\collection_identity\motion_graphics\TICKET) KOREA TOUR(수정본2).psd","01_INPUT(입력_원본)",".psd","298938","0.285","2024-03-27 14:55:30","INDEX_ONLY_RAW_SOURCE"
"01_INPUT(입력_원본)\02_KOREA_TOUR(코리아투어_프로젝트)\collection_identity\motion_graphics\TICKET) KOREA TOUR(수정본3).ai","01_INPUT(입력_원본)",".ai","351027","0.335","2024-03-27 20:28:52","INDEX_ONLY_RAW_SOURCE"
"01_INPUT(입력_원본)\02_KOREA_TOUR(코리아투어_프로젝트)\collection_identity\motion_graphics\TICKET) KOREA TOUR(수정본3).psd","01_INPUT(입력_원본)",".psd","344975","0.329","2024-03-27 20:29:13","INDEX_ONLY_RAW_SOURCE"
"01_INPUT(입력_원본)\02_KOREA_TOUR(코리아투어_프로젝트)\collection_identity\motion_graphics\TICKET) KOREA TOUR(수정본4).ai","01_INPUT(입력_원본)",".ai","352260","0.336","2024-03-27 20:34:04","INDEX_ONLY_RAW_SOURCE"
"01_INPUT(입력_원본)\02_KOREA_TOUR(코리아투어_프로젝트)\collection_identity\motion_graphics\TICKET) KOREA TOUR(수정본4).psd","01_INPUT(입력_원본)",".psd","364648","0.348","2024-03-27 20:34:13","INDEX_ONLY_RAW_SOURCE"
"01_INPUT(입력_원본)\02_KOREA_TOUR(코리아투어_프로젝트)\collection_identity\motion_graphics\TICKET) KOREA TOUR(CLEAN).ai","01_INPUT(입력_원본)",".ai","329666","0.314","2024-03-27 20:38:26","INDEX_ONLY_RAW_SOURCE"
"01_INPUT(입력_원본)\02_KOREA_TOUR(코리아투어_프로젝트)\collection_identity\motion_graphics\TICKET) KOREA TOUR(CLEAN).psd","01_INPUT(입력_원본)",".psd","313291","0.299","2024-03-27 20:38:33","INDEX_ONLY_RAW_SOURCE"
"01_INPUT(입력_원본)\02_KOREA_TOUR(코리아투어_프로젝트)\collection_identity\motion_graphics\TICKET)-KOREA-TOUR.png","01_INPUT(입력_원본)",".png","17425","0.017","2024-03-26 04:26:12","INDEX_ONLY_RAW_SOURCE"
"01_INPUT(입력_원본)\02_KOREA_TOUR(코리아투어_프로젝트)\collection_identity\motion_graphics\TICKET)-KOREA-TOUR(수정본).png","01_INPUT(입력_원본)",".png","11822","0.011","2024-03-26 06:59:07","INDEX_ONLY_RAW_SOURCE"
"01_INPUT(입력_원본)\02_KOREA_TOUR(코리아투어_프로젝트)\invitation\envelope\안내형 봉투) XXX STUDIO_KOREA TOUR.ai","01_INPUT(입력_원본)",".ai","1230883","1.174","2024-03-08 10:26:52","INDEX_ONLY_RAW_SOURCE"
"01_INPUT(입력_원본)\02_KOREA_TOUR(코리아투어_프로젝트)\invitation\envelope\안내형 봉투) XXX STUDIO_KOREA TOUR(165x115).ai","01_INPUT(입력_원본)",".ai","171461","0.164","2024-03-11 00:26:33","INDEX_ONLY_RAW_SOURCE"
"01_INPUT(입력_원본)\02_KOREA_TOUR(코리아투어_프로젝트)\invitation\envelope\안내형 봉투) XXX STUDIO_KOREA TOUR(165x165).ai","01_INPUT(입력_원본)",".ai","189166","0.18","2024-03-10 23:56:06","INDEX_ONLY_RAW_SOURCE"
"01_INPUT(입력_원본)\02_KOREA_TOUR(코리아투어_프로젝트)\invitation\envelope\bag\단색\칼선샘플(단색대봉투)_330x245_기성형.ai","01_INPUT(입력_원본)",".ai","943945","0.9","2019-07-18 15:34:06","INDEX_ONLY_RAW_SOURCE"
"01_INPUT(입력_원본)\02_KOREA_TOUR(코리아투어_프로젝트)\invitation\envelope\bag\단색\칼선샘플(단색소봉투)_220x105_기성형.ai","01_INPUT(입력_원본)",".ai","908437","0.866","2019-07-18 15:34:00","INDEX_ONLY_RAW_SOURCE"
"01_INPUT(입력_원본)\02_KOREA_TOUR(코리아투어_프로젝트)\invitation\envelope\bag\단색\칼선샘플(단색이중봉투)_205x100_기성형.ai","01_INPUT(입력_원본)",".ai","912611","0.87","2019-07-18 15:33:52","INDEX_ONLY_RAW_SOURCE"
"01_INPUT(입력_원본)\02_KOREA_TOUR(코리아투어_프로젝트)\invitation\envelope\bag\단색\칼선샘플(단색중봉투)_260x190_기성형.ai","01_INPUT(입력_원본)",".ai","925285","0.882","2019-07-18 15:33:46","INDEX_ONLY_RAW_SOURCE"
"01_INPUT(입력_원본)\02_KOREA_TOUR(코리아투어_프로젝트)\invitation\envelope\bag\단색\칼선샘플(단색특대봉투)_390x290_기성형.ai","01_INPUT(입력_원본)",".ai","948831","0.905","2019-07-18 15:33:38","INDEX_ONLY_RAW_SOURCE"
"01_INPUT(입력_원본)\02_KOREA_TOUR(코리아투어_프로젝트)\invitation\envelope\bag\칼라\칼선샘플(칼라대봉투)_330x245_규격형.ai","01_INPUT(입력_원본)",".ai","940327","0.897","2019-07-18 15:35:06","INDEX_ONLY_RAW_SOURCE"
"01_INPUT(입력_원본)\02_KOREA_TOUR(코리아투어_프로젝트)\invitation\envelope\bag\칼라\칼선샘플(칼라대봉투)_330x245_자켓형.ai","01_INPUT(입력_원본)",".ai","934420","0.891","2019-07-18 15:35:00","INDEX_ONLY_RAW_SOURCE"
"01_INPUT(입력_원본)\02_KOREA_TOUR(코리아투어_프로젝트)\invitation\envelope\bag\칼라\칼선샘플(칼라소봉투)_220x105_규격형.ai","01_INPUT(입력_원본)",".ai","977623","0.932","2019-07-18 15:34:54","INDEX_ONLY_RAW_SOURCE"
"01_INPUT(입력_원본)\02_KOREA_TOUR(코리아투어_프로젝트)\invitation\envelope\bag\칼라\칼선샘플(칼라소봉투)_220x105_자켓형.ai","01_INPUT(입력_원본)",".ai","907185","0.865","2019-07-18 15:34:46","INDEX_ONLY_RAW_SOURCE"
"01_INPUT(입력_원본)\02_KOREA_TOUR(코리아투어_프로젝트)\invitation\envelope\bag\칼라\칼선샘플(칼라중봉투)_260x190_규격형.ai","01_INPUT(입력_원본)",".ai","923248","0.88","2019-07-18 15:34:40","INDEX_ONLY_RAW_SOURCE"
"01_INPUT(입력_원본)\02_KOREA_TOUR(코리아투어_프로젝트)\invitation\envelope\bag\칼라\칼선샘플(칼라중봉투)_260x190_자켓형.ai","01_INPUT(입력_원본)",".ai","921631","0.879","2019-07-18 15:34:34","INDEX_ONLY_RAW_SOURCE"
"01_INPUT(입력_원본)\02_KOREA_TOUR(코리아투어_프로젝트)\invitation\envelope\CDP92_155x155.ai","01_INPUT(입력_원본)",".ai","199216","0.19","2024-03-07 12:18:04","INDEX_ONLY_RAW_SOURCE"
"01_INPUT(입력_원본)\02_KOREA_TOUR(코리아투어_프로젝트)\invitation\envelope\post\상품권\칼선샘플(상품권)-140x70.ai","01_INPUT(입력_원본)",".ai","1602334","1.528","2019-07-18 14:58:34","INDEX_ONLY_RAW_SOURCE"
"01_INPUT(입력_원본)\02_KOREA_TOUR(코리아투어_프로젝트)\invitation\envelope\post\상품권\칼선샘플(상품권)-148x68.ai","01_INPUT(입력_원본)",".ai","1602255","1.528","2019-07-18 14:58:28","INDEX_ONLY_RAW_SOURCE"
"01_INPUT(입력_원본)\02_KOREA_TOUR(코리아투어_프로젝트)\invitation\envelope\post\상품권\칼선샘플(상품권)-150x70.ai","01_INPUT(입력_원본)",".ai","1601531","1.527","2019-07-18 14:58:22","INDEX_ONLY_RAW_SOURCE"
"01_INPUT(입력_원본)\02_KOREA_TOUR(코리아투어_프로젝트)\invitation\envelope\post\상품권\칼선샘플(상품권)-150x72.ai","01_INPUT(입력_원본)",".ai","1603419","1.529","2019-07-18 14:58:16","INDEX_ONLY_RAW_SOURCE"
"01_INPUT(입력_원본)\02_KOREA_TOUR(코리아투어_프로젝트)\invitation\envelope\post\상품권\칼선샘플(상품권)-155x80.ai","01_INPUT(입력_원본)",".ai","1601625","1.527","2019-07-18 14:58:10","INDEX_ONLY_RAW_SOURCE"
"01_INPUT(입력_원본)\02_KOREA_TOUR(코리아투어_프로젝트)\invitation\envelope\post\상품권\칼선샘플(상품권)-160x70.ai","01_INPUT(입력_원본)",".ai","1601248","1.527","2019-07-18 14:58:06","INDEX_ONLY_RAW_SOURCE"
"01_INPUT(입력_원본)\02_KOREA_TOUR(코리아투어_프로젝트)\invitation\envelope\post\상품권\칼선샘플(상품권)-160x73.ai","01_INPUT(입력_원본)",".ai","1601347","1.527","2019-07-18 14:57:58","INDEX_ONLY_RAW_SOURCE"
"01_INPUT(입력_원본)\02_KOREA_TOUR(코리아투어_프로젝트)\invitation\envelope\post\상품권\칼선샘플(상품권)-170x70.ai","01_INPUT(입력_원본)",".ai","1600757","1.527","2019-07-18 14:57:52","INDEX_ONLY_RAW_SOURCE"
"01_INPUT(입력_원본)\02_KOREA_TOUR(코리아투어_프로젝트)\invitation\envelope\post\상품권\칼선샘플(상품권)-180x70.ai","01_INPUT(입력_원본)",".ai","1593127","1.519","2019-07-18 14:57:46","INDEX_ONLY_RAW_SOURCE"
"01_INPUT(입력_원본)\02_KOREA_TOUR(코리아투어_프로젝트)\invitation\envelope\post\상품권\칼선샘플(상품권)-180x90.ai","01_INPUT(입력_원본)",".ai","1599349","1.525","2019-07-18 14:57:40","INDEX_ONLY_RAW_SOURCE"
"01_INPUT(입력_원본)\02_KOREA_TOUR(코리아투어_프로젝트)\invitation\envelope\post\상품권\칼선샘플(상품권)-99x50.ai","01_INPUT(입력_원본)",".ai","1602850","1.529","2019-07-18 14:58:40","INDEX_ONLY_RAW_SOURCE"
"01_INPUT(입력_원본)\02_KOREA_TOUR(코리아투어_프로젝트)\invitation\envelope\post\엽서\칼선샘플(미니엽서)-140x90.ai","01_INPUT(입력_원본)",".ai","1599661","1.526","2019-07-18 14:59:46","INDEX_ONLY_RAW_SOURCE"
"01_INPUT(입력_원본)\02_KOREA_TOUR(코리아투어_프로젝트)\invitation\envelope\post\엽서\칼선샘플(미니엽서)-148x90.ai","01_INPUT(입력_원본)",".ai","1598717","1.525","2019-07-18 14:59:40","INDEX_ONLY_RAW_SOURCE"
"01_INPUT(입력_원본)\02_KOREA_TOUR(코리아투어_프로젝트)\invitation\envelope\post\엽서\칼선샘플(엽서_정사각)-145x145.ai","01_INPUT(입력_원본)",".ai","1599313","1.525","2019-07-18 14:59:18","INDEX_ONLY_RAW_SOURCE"
"01_INPUT(입력_원본)\02_KOREA_TOUR(코리아투어_프로젝트)\invitation\envelope\post\엽서\칼선샘플(엽서)-148x105.ai","01_INPUT(입력_원본)",".ai","1590429","1.517","2019-07-18 14:59:34","INDEX_ONLY_RAW_SOURCE"
"01_INPUT(입력_원본)\02_KOREA_TOUR(코리아투어_프로젝트)\invitation\envelope\post\엽서\칼선샘플(엽서)-175x115.ai","01_INPUT(입력_원본)",".ai","1598186","1.524","2019-07-18 14:59:30","INDEX_ONLY_RAW_SOURCE"
"01_INPUT(입력_원본)\02_KOREA_TOUR(코리아투어_프로젝트)\invitation\envelope\post\엽서\칼선샘플(엽서)-180x98.ai","01_INPUT(입력_원본)",".ai","1599158","1.525","2019-07-18 14:59:24","INDEX_ONLY_RAW_SOURCE"
"01_INPUT(입력_원본)\02_KOREA_TOUR(코리아투어_프로젝트)\invitation\envelope\post\엽서\칼선샘플(표준엽서)-150x100.ai","01_INPUT(입력_원본)",".ai","1598715","1.525","2019-07-18 14:59:12","INDEX_ONLY_RAW_SOURCE"
"01_INPUT(입력_원본)\02_KOREA_TOUR(코리아투어_프로젝트)\invitation\seal_sticker\스티커) XXX STUDIO_초대장_봉인.ai","01_INPUT(입력_원본)",".ai","263324","0.251","2024-03-10 23:32:37","INDEX_ONLY_RAW_SOURCE"
"01_INPUT(입력_원본)\02_KOREA_TOUR(코리아투어_프로젝트)\invitation\seal_sticker\스티커) XXX STUDIO_초대장_봉인(25).ai","01_INPUT(입력_원본)",".ai","234514","0.224","2024-03-11 01:49:43","INDEX_ONLY_RAW_SOURCE"
"01_INPUT(입력_원본)\02_KOREA_TOUR(코리아투어_프로젝트)\invitation\seal_sticker\circle10x10x2.ai","01_INPUT(입력_원본)",".ai","212602","0.203","2024-03-10 23:27:21","INDEX_ONLY_RAW_SOURCE"
"01_INPUT(입력_원본)\02_KOREA_TOUR(코리아투어_프로젝트)\invitation\seal_sticker\circle25x25x2.ai","01_INPUT(입력_원본)",".ai","197026","0.188","2024-03-11 01:48:27","INDEX_ONLY_RAW_SOURCE"
"01_INPUT(입력_원본)\02_KOREA_TOUR(코리아투어_프로젝트)\ticket_package\postcard\디지털엽서,상품권_102_150_1_양면.ai","01_INPUT(입력_원본)",".ai","121714","0.116","2024-03-03 21:27:08","INDEX_ONLY_RAW_SOURCE"
"01_INPUT(입력_원본)\02_KOREA_TOUR(코리아투어_프로젝트)\ticket_package\postcard\디지털엽서,상품권_102_152_1_양면.ai","01_INPUT(입력_원본)",".ai","121256","0.116","2024-03-04 01:14:05","INDEX_ONLY_RAW_SOURCE"
"01_INPUT(입력_원본)\02_KOREA_TOUR(코리아투어_프로젝트)\ticket_package\postcard\디지털엽서,상품권_102_152_1_양면(최종)_수정.ai","01_INPUT(입력_원본)",".ai","395043219","376.743","2024-06-20 11:34:28","INDEX_ONLY_RAW_SOURCE"
"01_INPUT(입력_원본)\02_KOREA_TOUR(코리아투어_프로젝트)\ticket_package\postcard\디지털엽서,상품권_102_152_1_양면(최종).ai","01_INPUT(입력_원본)",".ai","395042461","376.742","2024-03-05 11:45:23","INDEX_ONLY_RAW_SOURCE"
"01_INPUT(입력_원본)\02_KOREA_TOUR(코리아투어_프로젝트)\ticket_package\postcard\디지털엽서,상품권_102_152_1_양면(DAY).ai","01_INPUT(입력_원본)",".ai","187759963","179.062","2024-03-04 03:34:00","INDEX_ONLY_RAW_SOURCE"
"01_INPUT(입력_원본)\02_KOREA_TOUR(코리아투어_프로젝트)\ticket_package\postcard\디지털엽서,상품권_102_152_1_양면(NIGHT).ai","01_INPUT(입력_원본)",".ai","207438452","197.829","2024-03-04 01:25:31","INDEX_ONLY_RAW_SOURCE"
"01_INPUT(입력_원본)\02_KOREA_TOUR(코리아투어_프로젝트)\ticket_package\postcard\디지털엽서,상품권_152_102_1_양면.ai","01_INPUT(입력_원본)",".ai","119435","0.114","2024-03-05 10:24:19","INDEX_ONLY_RAW_SOURCE"
"01_INPUT(입력_원본)\02_KOREA_TOUR(코리아투어_프로젝트)\ticket_package\postcard\멤수정\(인쇄파일) xxx studio 100150 소량엽서(수정본).ai","01_INPUT(입력_원본)",".ai","505431533","482.017","2024-03-05 22:21:16","INDEX_ONLY_RAW_SOURCE"
"01_INPUT(입력_원본)\02_KOREA_TOUR(코리아투어_프로젝트)\ticket_package\postcard\멤수정\xxx studio 100150 소량엽서(수정본).ai","01_INPUT(입력_원본)",".ai","396137410","377.786","2024-03-05 14:31:36","INDEX_ONLY_RAW_SOURCE"
"01_INPUT(입력_원본)\02_KOREA_TOUR(코리아투어_프로젝트)\ticket_package\postcard\엽서) 뒷면 디자인.ai","01_INPUT(입력_원본)",".ai","1469547","1.401","2024-03-04 02:08:23","INDEX_ONLY_RAW_SOURCE"
"01_INPUT(입력_원본)\02_KOREA_TOUR(코리아투어_프로젝트)\ticket_package\postcard\엽서) 뒷면 디자인(북촌)_레스터화.ai","01_INPUT(입력_원본)",".ai","1550028","1.478","2024-03-04 01:44:59","INDEX_ONLY_RAW_SOURCE"
"01_INPUT(입력_원본)\02_KOREA_TOUR(코리아투어_프로젝트)\ticket_package\postcard\엽서) 뒷면 디자인(잠실)_레스터화.ai","01_INPUT(입력_원본)",".ai","1571251","1.498","2024-03-04 02:07:50","INDEX_ONLY_RAW_SOURCE"
"01_INPUT(입력_원본)\02_KOREA_TOUR(코리아투어_프로젝트)\ticket_package\postcard\엽서) XXX STUDIO_KT_SEOUL_DAY.ai","01_INPUT(입력_원본)",".ai","188611865","179.874","2024-03-04 01:58:13","INDEX_ONLY_RAW_SOURCE"
"01_INPUT(입력_원본)\02_KOREA_TOUR(코리아투어_프로젝트)\ticket_package\postcard\엽서) XXX STUDIO_KT_SEOUL_NIGHT.ai","01_INPUT(입력_원본)",".ai","208261252","198.613","2024-03-04 01:08:59","INDEX_ONLY_RAW_SOURCE"
"01_INPUT(입력_원본)\02_KOREA_TOUR(코리아투어_프로젝트)\ticket_package\postcard\엽서)-XXX-STUDIO_KT_SEOUL_DAY.png","01_INPUT(입력_원본)",".png","239251","0.228","2024-04-04 01:13:18","INDEX_ONLY_RAW_SOURCE"
"01_INPUT(입력_원본)\02_KOREA_TOUR(코리아투어_프로젝트)\ticket_package\pouch\2) 비용 관련(명성 패키지)\명성패키지_통장사본.pdf","01_INPUT(입력_원본)",".pdf","146128","0.139","2024-03-04 21:46:10","INDEX_ONLY_RAW_SOURCE"
"01_INPUT(입력_원본)\02_KOREA_TOUR(코리아투어_프로젝트)\ticket_package\pouch\2) 비용 관련(명성 패키지)\명성패키지사업자등록증명.pdf","01_INPUT(입력_원본)",".pdf","222731","0.212","2024-03-04 21:46:08","INDEX_ONLY_RAW_SOURCE"
"01_INPUT(입력_원본)\02_KOREA_TOUR(코리아투어_프로젝트)\ticket_package\pouch\2) 비용 관련(명성 패키지)\KakaoTalk_20240311_235951505_01.jpg","01_INPUT(입력_원본)",".jpg","4679170","4.462","2024-03-12 00:01:34","INDEX_ONLY_RAW_SOURCE"
"01_INPUT(입력_원본)\02_KOREA_TOUR(코리아투어_프로젝트)\ticket_package\pouch\2) 비용 관련(명성 패키지)\KakaoTalk_20240311_235951505.jpg","01_INPUT(입력_원본)",".jpg","4361774","4.16","2024-03-12 00:01:34","INDEX_ONLY_RAW_SOURCE"
"01_INPUT(입력_원본)\02_KOREA_TOUR(코리아투어_프로젝트)\ticket_package\pouch\2) 비용 관련(명성 패키지)\XXX STUDIO 부직포조리개 시안.pdf","01_INPUT(입력_원본)",".pdf","397805","0.379","2024-03-04 21:46:05","INDEX_ONLY_RAW_SOURCE"
"01_INPUT(입력_원본)\02_KOREA_TOUR(코리아투어_프로젝트)\ticket_package\pouch\2) 비용 관련(명성 패키지)\XXX STUDIO_부직포 조리개_실크인쇄 견적서240304.pdf","01_INPUT(입력_원본)",".pdf","119540","0.114","2024-03-04 21:46:05","INDEX_ONLY_RAW_SOURCE"
"01_INPUT(입력_원본)\02_KOREA_TOUR(코리아투어_프로젝트)\ticket_package\pouch\목업) XXX STUDIO(KT 컨셉).ai","01_INPUT(입력_원본)",".ai","2651656","2.529","2024-03-05 09:42:04","INDEX_ONLY_RAW_SOURCE"
"01_INPUT(입력_원본)\02_KOREA_TOUR(코리아투어_프로젝트)\ticket_package\pouch\파우치) XXX STUDIO_브랜드컨셉(150).ai","01_INPUT(입력_원본)",".ai","1216379","1.16","2024-03-04 10:37:03","INDEX_ONLY_RAW_SOURCE"
"01_INPUT(입력_원본)\02_KOREA_TOUR(코리아투어_프로젝트)\ticket_package\pouch\파우치) XXX STUDIO_브랜드컨셉(200x225).ai","01_INPUT(입력_원본)",".ai","1216789","1.16","2024-03-04 12:49:48","INDEX_ONLY_RAW_SOURCE"
"01_INPUT(입력_원본)\02_KOREA_TOUR(코리아투어_프로젝트)\ticket_package\pouch\파우치) XXX STUDIO_SIMPLE(150)_글자포함.ai","01_INPUT(입력_원본)",".ai","1239495","1.182","2024-06-20 11:11:48","INDEX_ONLY_RAW_SOURCE"
"01_INPUT(입력_원본)\02_KOREA_TOUR(코리아투어_프로젝트)\ticket_package\pouch\파우치) XXX STUDIO_SIMPLE(150)_브랜드로고만.ai","01_INPUT(입력_원본)",".ai","1237508","1.18","2024-06-20 11:11:05","INDEX_ONLY_RAW_SOURCE"
"01_INPUT(입력_원본)\02_KOREA_TOUR(코리아투어_프로젝트)\ticket_package\pouch\파우치) XXX STUDIO_SIMPLE(150).ai","01_INPUT(입력_원본)",".ai","1231284","1.174","2024-06-19 12:09:35","INDEX_ONLY_RAW_SOURCE"
"01_INPUT(입력_원본)\02_KOREA_TOUR(코리아투어_프로젝트)\ticket_package\pouch\파우치) XXX STUDIO.ai","01_INPUT(입력_원본)",".ai","805152","0.768","2024-02-29 12:13:14","INDEX_ONLY_RAW_SOURCE"
"01_INPUT(입력_원본)\02_KOREA_TOUR(코리아투어_프로젝트)\ticket_package\pouch\파우치) XXX STUDIO(브랜드 컨셉).ai","01_INPUT(입력_원본)",".ai","1410833","1.345","2024-03-03 01:08:57","INDEX_ONLY_RAW_SOURCE"
"01_INPUT(입력_원본)\02_KOREA_TOUR(코리아투어_프로젝트)\ticket_package\pouch\파우치) XXX STUDIO(KT 컨셉).ai","01_INPUT(입력_원본)",".ai","1447076","1.38","2024-03-02 23:53:51","INDEX_ONLY_RAW_SOURCE"
"01_INPUT(입력_원본)\02_KOREA_TOUR(코리아투어_프로젝트)\ticket_package\sticker\멤수정본\xxx studio 투터치 80mm 아트 유광 500매 2종.ai","01_INPUT(입력_원본)",".ai","1528034","1.457","2024-03-04 12:24:24","INDEX_ONLY_RAW_SOURCE"
"01_INPUT(입력_원본)\02_KOREA_TOUR(코리아투어_프로젝트)\ticket_package\sticker\스티커(검정).ai","01_INPUT(입력_원본)",".ai","1220493","1.164","2024-04-05 12:34:23","INDEX_ONLY_RAW_SOURCE"
"01_INPUT(입력_원본)\02_KOREA_TOUR(코리아투어_프로젝트)\ticket_package\sticker\스티커(흰색).ai","01_INPUT(입력_원본)",".ai","1219406","1.163","2024-04-05 12:33:12","INDEX_ONLY_RAW_SOURCE"
"01_INPUT(입력_원본)\02_KOREA_TOUR(코리아투어_프로젝트)\ticket_package\sticker\스티커) 브랜드 로고_BLACK.ai","01_INPUT(입력_원본)",".ai","1218255","1.162","2024-03-04 02:44:51","INDEX_ONLY_RAW_SOURCE"
"01_INPUT(입력_원본)\02_KOREA_TOUR(코리아투어_프로젝트)\ticket_package\sticker\스티커) 브랜드 로고_WHITE.ai","01_INPUT(입력_원본)",".ai","1197836","1.142","2024-04-05 12:31:58","INDEX_ONLY_RAW_SOURCE"
"01_INPUT(입력_원본)\02_KOREA_TOUR(코리아투어_프로젝트)\ticket_package\sticker\재단형스티커_84_84_2_단면(최종).ai","01_INPUT(입력_원본)",".ai","84500","0.081","2024-03-04 02:53:34","INDEX_ONLY_RAW_SOURCE"
"01_INPUT(입력_원본)\02_KOREA_TOUR(코리아투어_프로젝트)\ticket_package\sticker\재단형스티커_84_84_2_단면(BLACK).ai","01_INPUT(입력_원본)",".ai","77200","0.074","2024-03-04 02:45:20","INDEX_ONLY_RAW_SOURCE"
"01_INPUT(입력_원본)\02_KOREA_TOUR(코리아투어_프로젝트)\ticket_package\sticker\재단형스티커_84_84_2_단면(WHITE).ai","01_INPUT(입력_원본)",".ai","73875","0.07","2024-03-04 02:44:13","INDEX_ONLY_RAW_SOURCE"
"01_INPUT(입력_원본)\02_KOREA_TOUR(코리아투어_프로젝트)\ticket_package\ticket_card\세계지도.ai","01_INPUT(입력_원본)",".ai","388525","0.371","2024-07-22 23:02:31","INDEX_ONLY_RAW_SOURCE"
"01_INPUT(입력_원본)\02_KOREA_TOUR(코리아투어_프로젝트)\ticket_package\ticket_card\인쇄파일(공장용) 투명하이브리드명함_74_154_2_단면(XXX STUDIO)_최종본.ai","01_INPUT(입력_원본)",".ai","290966","0.277","2024-02-27 01:54:32","INDEX_ONLY_RAW_SOURCE"
"01_INPUT(입력_원본)\02_KOREA_TOUR(코리아투어_프로젝트)\ticket_package\ticket_card\투명하이브리드명함_73_154_2_단면.ai","01_INPUT(입력_원본)",".ai","114218","0.109","2024-02-26 10:20:03","INDEX_ONLY_RAW_SOURCE"
"01_INPUT(입력_원본)\02_KOREA_TOUR(코리아투어_프로젝트)\ticket_package\ticket_card\투명하이브리드명함_74_154_2_단면.ai","01_INPUT(입력_원본)",".ai","114056","0.109","2024-02-26 10:33:53","INDEX_ONLY_RAW_SOURCE"
"01_INPUT(입력_원본)\02_KOREA_TOUR(코리아투어_프로젝트)\ticket_package\ticket_card\투명하이브리드명함_74_154_2_단면(XXX STUDIO)_최종본.ai","01_INPUT(입력_원본)",".ai","275377","0.263","2024-02-27 01:49:30","INDEX_ONLY_RAW_SOURCE"
"01_INPUT(입력_원본)\02_KOREA_TOUR(코리아투어_프로젝트)\ticket_package\ticket_card\투명하이브리드명함_74_154_2_단면(XXX STUDIO).ai","01_INPUT(입력_원본)",".ai","352465","0.336","2024-02-26 15:25:16","INDEX_ONLY_RAW_SOURCE"
"01_INPUT(입력_원본)\02_KOREA_TOUR(코리아투어_프로젝트)\ticket_package\ticket_card\PET 명함) XXX STUDIO_KOREA TOUR_SEOUL_비행기 티켓.ai","01_INPUT(입력_원본)",".ai","1489156","1.42","2024-02-26 10:01:34","INDEX_ONLY_RAW_SOURCE"
"01_INPUT(입력_원본)\02_KOREA_TOUR(코리아투어_프로젝트)\ticket_package\ticket_card\PET 명함) XXX STUDIO_KOREA TOUR_SEOUL_비행기 티켓(레스터화).ai","01_INPUT(입력_원본)",".ai","1474535","1.406","2024-02-26 15:30:22","INDEX_ONLY_RAW_SOURCE"
"01_INPUT(입력_원본)\02_KOREA_TOUR(코리아투어_프로젝트)\ticket_package\ticket_card\PET-명함)-XXX-STUDIO_KOREA-TOUR_SEOUL_비행기-티켓.png","01_INPUT(입력_원본)",".png","24921","0.024","2024-02-26 09:55:20","INDEX_ONLY_RAW_SOURCE"
"01_INPUT(입력_원본)\03_SEOUL_DAY(서울_낮)\concept\seoul_background\A7M07688_6s.jpg","01_INPUT(입력_원본)",".jpg","32170094","30.68","2024-02-05 12:00:00","INDEX_ONLY_RAW_SOURCE"
"01_INPUT(입력_원본)\03_SEOUL_DAY(서울_낮)\concept\seoul_background\alternates\A7M07688_2s.jpg","01_INPUT(입력_원본)",".jpg","30668305","29.248","2024-02-04 17:58:20","INDEX_ONLY_RAW_SOURCE"
"01_INPUT(입력_원본)\03_SEOUL_DAY(서울_낮)\design\campaign_assets\1) 이미지\북촌.jpg","01_INPUT(입력_원본)",".jpg","4232953","4.037","2024-04-08 05:03:07","INDEX_ONLY_RAW_SOURCE"
"01_INPUT(입력_원본)\03_SEOUL_DAY(서울_낮)\design\campaign_assets\1) 이미지\북촌(로고_불투명도50).ai","01_INPUT(입력_원본)",".ai","232729705","221.948","2024-04-08 05:07:07","INDEX_ONLY_RAW_SOURCE"
"01_INPUT(입력_원본)\03_SEOUL_DAY(서울_낮)\design\campaign_assets\1) 이미지\북촌(로고_불투명도50).jpg","01_INPUT(입력_원본)",".jpg","595738","0.568","2024-04-08 05:07:13","INDEX_ONLY_RAW_SOURCE"
"01_INPUT(입력_원본)\03_SEOUL_DAY(서울_낮)\design\campaign_assets\1) 이미지\북촌(로고_실선).ai","01_INPUT(입력_원본)",".ai","232721142","221.94","2024-04-08 05:08:01","INDEX_ONLY_RAW_SOURCE"
"01_INPUT(입력_원본)\03_SEOUL_DAY(서울_낮)\design\campaign_assets\1) 이미지\북촌(로고_실선).jpg","01_INPUT(입력_원본)",".jpg","4256632","4.059","2024-04-08 05:08:31","INDEX_ONLY_RAW_SOURCE"
"01_INPUT(입력_원본)\03_SEOUL_DAY(서울_낮)\design\campaign_assets\1) 이미지\북촌(로고_잘림).ai","01_INPUT(입력_원본)",".ai","232729840","221.948","2024-04-08 05:17:23","INDEX_ONLY_RAW_SOURCE"
"01_INPUT(입력_원본)\03_SEOUL_DAY(서울_낮)\design\campaign_assets\1) 이미지\북촌(로고_잘림).jpg","01_INPUT(입력_원본)",".jpg","3739463","3.566","2024-04-08 05:13:30","INDEX_ONLY_RAW_SOURCE"
"01_INPUT(입력_원본)\03_SEOUL_DAY(서울_낮)\design\campaign_assets\1) 이미지\북촌(로고_잘림).png","01_INPUT(입력_원본)",".png","2254974","2.151","2024-04-08 05:15:22","INDEX_ONLY_RAW_SOURCE"
"01_INPUT(입력_원본)\03_SEOUL_DAY(서울_낮)\design\campaign_assets\1) 이미지\북촌(로고_잘림).psd","01_INPUT(입력_원본)",".psd","124212722","118.458","2024-04-08 05:53:50","INDEX_ONLY_RAW_SOURCE"
"01_INPUT(입력_원본)\03_SEOUL_DAY(서울_낮)\design\campaign_assets\1) 이미지\북촌(로고).ai","01_INPUT(입력_원본)",".ai","232737237","221.956","2024-04-08 05:05:38","INDEX_ONLY_RAW_SOURCE"
"01_INPUT(입력_원본)\03_SEOUL_DAY(서울_낮)\design\campaign_assets\1) 이미지\북촌(로고).jpg","01_INPUT(입력_원본)",".jpg","4019770","3.834","2024-04-08 05:06:22","INDEX_ONLY_RAW_SOURCE"
"01_INPUT(입력_원본)\03_SEOUL_DAY(서울_낮)\design\campaign_assets\1) 이미지\북촌(로고).psd","01_INPUT(입력_원본)",".psd","108759770","103.721","2024-04-08 05:53:35","INDEX_ONLY_RAW_SOURCE"
"01_INPUT(입력_원본)\03_SEOUL_DAY(서울_낮)\design\campaign_assets\1) 이미지\북촌(옷).ai","01_INPUT(입력_원본)",".ai","199071625","189.849","2024-04-08 06:15:07","INDEX_ONLY_RAW_SOURCE"
"01_INPUT(입력_원본)\03_SEOUL_DAY(서울_낮)\design\campaign_assets\1) 이미지\북촌(옷).png","01_INPUT(입력_원본)",".png","1912133","1.824","2024-04-08 06:15:23","INDEX_ONLY_RAW_SOURCE"
"01_INPUT(입력_원본)\03_SEOUL_DAY(서울_낮)\design\campaign_assets\1) 이미지\북촌(옷사이즈).ai","01_INPUT(입력_원본)",".ai","355011846","338.566","2024-04-08 06:07:10","INDEX_ONLY_RAW_SOURCE"
"01_INPUT(입력_원본)\03_SEOUL_DAY(서울_낮)\design\campaign_assets\1) 이미지\북촌(옷사이즈).png","01_INPUT(입력_원본)",".png","71848","0.069","2024-04-08 06:07:56","INDEX_ONLY_RAW_SOURCE"
"01_INPUT(입력_원본)\03_SEOUL_DAY(서울_낮)\design\campaign_assets\1) 이미지\북촌(좌표).png","01_INPUT(입력_원본)",".png","2287031","2.181","2024-04-08 06:09:36","INDEX_ONLY_RAW_SOURCE"
"01_INPUT(입력_원본)\03_SEOUL_DAY(서울_낮)\design\campaign_assets\1) 이미지\저용량\북촌(로고).ai","01_INPUT(입력_원본)",".ai","353149932","336.79","2024-04-08 05:57:09","INDEX_ONLY_RAW_SOURCE"
"01_INPUT(입력_원본)\03_SEOUL_DAY(서울_낮)\design\campaign_assets\1) 이미지\저용량\북촌(로고).png","01_INPUT(입력_원본)",".png","3690027","3.519","2024-04-08 05:57:46","INDEX_ONLY_RAW_SOURCE"
"01_INPUT(입력_원본)\03_SEOUL_DAY(서울_낮)\design\campaign_assets\1) 이미지\THE DAY OF SEOUL.ai","01_INPUT(입력_원본)",".ai","199093274","189.87","2024-04-08 06:29:29","INDEX_ONLY_RAW_SOURCE"
"01_INPUT(입력_원본)\03_SEOUL_DAY(서울_낮)\design\campaign_assets\1) 이미지\THE-DAY-OF-SEOUL.png","01_INPUT(입력_원본)",".png","1920828","1.832","2024-04-08 18:50:41","INDEX_ONLY_RAW_SOURCE"
"01_INPUT(입력_원본)\03_SEOUL_DAY(서울_낮)\design\campaign_assets\1) 이미지\THE-DAY-OF-SEOUL(글자만).png","01_INPUT(입력_원본)",".png","8861","0.008","2024-04-08 19:06:44","INDEX_ONLY_RAW_SOURCE"
"01_INPUT(입력_원본)\03_SEOUL_DAY(서울_낮)\design\campaign_assets\1) 이미지\THE-DAY-OF-SEOUL(빅).png","01_INPUT(입력_원본)",".png","1921587","1.833","2024-04-08 18:52:19","INDEX_ONLY_RAW_SOURCE"
"01_INPUT(입력_원본)\03_SEOUL_DAY(서울_낮)\design\campaign_assets\2) WHITE\북촌(옷_DROP).ai","01_INPUT(입력_원본)",".ai","199080532","189.858","2024-04-08 12:06:05","INDEX_ONLY_RAW_SOURCE"
"01_INPUT(입력_원본)\03_SEOUL_DAY(서울_낮)\design\campaign_assets\2) WHITE\북촌(옷_DROP).png","01_INPUT(입력_원본)",".png","1919558","1.831","2024-04-08 12:06:40","INDEX_ONLY_RAW_SOURCE"
"01_INPUT(입력_원본)\03_SEOUL_DAY(서울_낮)\design\campaign_assets\2) WHITE\DROP) 세로_시간.ai","01_INPUT(입력_원본)",".ai","260577","0.249","2024-04-08 12:00:45","INDEX_ONLY_RAW_SOURCE"
"01_INPUT(입력_원본)\03_SEOUL_DAY(서울_낮)\design\campaign_assets\2) WHITE\DROP) SEOUL(세로_시간).ai","01_INPUT(입력_원본)",".ai","273442","0.261","2024-04-08 11:53:21","INDEX_ONLY_RAW_SOURCE"
"01_INPUT(입력_원본)\03_SEOUL_DAY(서울_낮)\design\campaign_assets\2) WHITE\DROP)-세로_시간.png","01_INPUT(입력_원본)",".png","24457","0.023","2024-04-08 12:01:37","INDEX_ONLY_RAW_SOURCE"
"01_INPUT(입력_원본)\03_SEOUL_DAY(서울_낮)\design\campaign_assets\2) WHITE\DROP)-SEOUL(세로_시간).png","01_INPUT(입력_원본)",".png","27625","0.026","2024-04-08 11:53:27","INDEX_ONLY_RAW_SOURCE"
"01_INPUT(입력_원본)\03_SEOUL_DAY(서울_낮)\design\campaign_assets\2) WHITE\OPEN) SITE(세로_시간).ai","01_INPUT(입력_원본)",".ai","275280","0.263","2024-04-08 11:52:22","INDEX_ONLY_RAW_SOURCE"
"01_INPUT(입력_원본)\03_SEOUL_DAY(서울_낮)\design\campaign_assets\2) WHITE\OPEN) SITE(정사각형).ai","01_INPUT(입력_원본)",".ai","276863","0.264","2024-04-08 15:13:16","INDEX_ONLY_RAW_SOURCE"
"01_INPUT(입력_원본)\03_SEOUL_DAY(서울_낮)\design\campaign_assets\2) WHITE\OPEN)-SITE(세로_시간).png","01_INPUT(입력_원본)",".png","34759","0.033","2024-04-08 13:06:18","INDEX_ONLY_RAW_SOURCE"
"01_INPUT(입력_원본)\03_SEOUL_DAY(서울_낮)\design\campaign_assets\2) WHITE\OPEN)-SITE(정사각형).png","01_INPUT(입력_원본)",".png","20123","0.019","2024-04-08 15:13:24","INDEX_ONLY_RAW_SOURCE"
"01_INPUT(입력_원본)\03_SEOUL_DAY(서울_낮)\design\campaign_assets\2) WHITE\RELEASE) 세로_시간.ai","01_INPUT(입력_원본)",".ai","263112","0.251","2024-04-08 11:59:13","INDEX_ONLY_RAW_SOURCE"
"01_INPUT(입력_원본)\03_SEOUL_DAY(서울_낮)\design\campaign_assets\2) WHITE\RELEASE) SEOUL(세로_시간).ai","01_INPUT(입력_원본)",".ai","276026","0.263","2024-04-08 11:55:13","INDEX_ONLY_RAW_SOURCE"
"01_INPUT(입력_원본)\03_SEOUL_DAY(서울_낮)\design\campaign_assets\2) WHITE\RELEASE)-SEOUL(세로_시간).png","01_INPUT(입력_원본)",".png","28180","0.027","2024-04-08 11:55:21","INDEX_ONLY_RAW_SOURCE"
"01_INPUT(입력_원본)\03_SEOUL_DAY(서울_낮)\design\campaign_assets\3) DAY\북촌(로고_블랙).ai","01_INPUT(입력_원본)",".ai","310537142","296.151","2024-04-08 18:28:37","INDEX_ONLY_RAW_SOURCE"
"01_INPUT(입력_원본)\03_SEOUL_DAY(서울_낮)\design\campaign_assets\3) DAY\북촌(로고_블랙).png","01_INPUT(입력_원본)",".png","786657","0.75","2024-04-08 18:28:23","INDEX_ONLY_RAW_SOURCE"
"01_INPUT(입력_원본)\03_SEOUL_DAY(서울_낮)\design\campaign_assets\3) DAY\북촌(로고만).ai","01_INPUT(입력_원본)",".ai","310550290","296.164","2024-04-08 18:27:43","INDEX_ONLY_RAW_SOURCE"
"01_INPUT(입력_원본)\03_SEOUL_DAY(서울_낮)\design\campaign_assets\3) DAY\북촌(로고만).png","01_INPUT(입력_원본)",".png","10017","0.01","2024-04-08 18:28:54","INDEX_ONLY_RAW_SOURCE"
"01_INPUT(입력_원본)\03_SEOUL_DAY(서울_낮)\design\campaign_assets\3) DAY\북촌(사진_로고_블랙).ai","01_INPUT(입력_원본)",".ai","310543439","296.157","2024-04-08 23:43:45","INDEX_ONLY_RAW_SOURCE"
"01_INPUT(입력_원본)\03_SEOUL_DAY(서울_낮)\design\campaign_assets\3) DAY\북촌(사진_로고_블랙).png","01_INPUT(입력_원본)",".png","309996","0.296","2024-04-08 23:43:50","INDEX_ONLY_RAW_SOURCE"
"01_INPUT(입력_원본)\03_SEOUL_DAY(서울_낮)\design\campaign_assets\3) DAY\북촌(사진_로고_작게).ai","01_INPUT(입력_원본)",".ai","332278468","316.885","2024-04-08 18:34:15","INDEX_ONLY_RAW_SOURCE"
"01_INPUT(입력_원본)\03_SEOUL_DAY(서울_낮)\design\campaign_assets\3) DAY\북촌(사진_로고_작게).png","01_INPUT(입력_원본)",".png","45624","0.044","2024-04-08 18:34:24","INDEX_ONLY_RAW_SOURCE"
"01_INPUT(입력_원본)\03_SEOUL_DAY(서울_낮)\design\campaign_assets\3) DAY\북촌(사진_로고_화이트).ai","01_INPUT(입력_원본)",".ai","310552985","296.166","2024-04-09 00:47:35","INDEX_ONLY_RAW_SOURCE"
"01_INPUT(입력_원본)\03_SEOUL_DAY(서울_낮)\design\campaign_assets\3) DAY\북촌(사진_로고_화이트).png","01_INPUT(입력_원본)",".png","309235","0.295","2024-04-09 00:45:50","INDEX_ONLY_RAW_SOURCE"
"01_INPUT(입력_원본)\03_SEOUL_DAY(서울_낮)\design\campaign_assets\3) DAY\북촌(사진_로고).ai","01_INPUT(입력_원본)",".ai","310533852","296.148","2024-04-08 18:30:37","INDEX_ONLY_RAW_SOURCE"
"01_INPUT(입력_원본)\03_SEOUL_DAY(서울_낮)\design\campaign_assets\3) DAY\북촌(사진_로고).png","01_INPUT(입력_원본)",".png","309562","0.295","2024-04-08 18:39:39","INDEX_ONLY_RAW_SOURCE"
"01_INPUT(입력_원본)\03_SEOUL_DAY(서울_낮)\design\campaign_assets\3) DAY\북촌(옷).ai","01_INPUT(입력_원본)",".ai","278081710","265.199","2024-04-08 18:35:01","INDEX_ONLY_RAW_SOURCE"
"01_INPUT(입력_원본)\03_SEOUL_DAY(서울_낮)\design\campaign_assets\3) DAY\북촌(옷).png","01_INPUT(입력_원본)",".png","175727","0.168","2024-04-08 18:35:30","INDEX_ONLY_RAW_SOURCE"
"01_INPUT(입력_원본)\03_SEOUL_DAY(서울_낮)\design\campaign_assets\3) DAY\북촌사진.png","01_INPUT(입력_원본)",".png","1041483","0.993","2024-04-08 18:17:33","INDEX_ONLY_RAW_SOURCE"
"01_INPUT(입력_원본)\03_SEOUL_DAY(서울_낮)\design\campaign_assets\3) DAY\DROP) SEOUL(표지_흰색).ai","01_INPUT(입력_원본)",".ai","292025","0.278","2024-04-08 21:24:41","INDEX_ONLY_RAW_SOURCE"
"01_INPUT(입력_원본)\03_SEOUL_DAY(서울_낮)\design\campaign_assets\3) DAY\DROP) SEOUL(표지).ai","01_INPUT(입력_원본)",".ai","291868","0.278","2024-04-08 19:46:55","INDEX_ONLY_RAW_SOURCE"
"01_INPUT(입력_원본)\03_SEOUL_DAY(서울_낮)\design\campaign_assets\3) DAY\DROP)-SEOUL(표지_흰색).png","01_INPUT(입력_원본)",".png","37553","0.036","2024-04-08 21:24:49","INDEX_ONLY_RAW_SOURCE"
"01_INPUT(입력_원본)\03_SEOUL_DAY(서울_낮)\design\campaign_assets\3) DAY\DROP)-SEOUL(표지).png","01_INPUT(입력_원본)",".png","38478","0.037","2024-04-08 21:00:09","INDEX_ONLY_RAW_SOURCE"
"01_INPUT(입력_원본)\03_SEOUL_DAY(서울_낮)\design\campaign_assets\3) DAY\DROP)-SEOUL(화이트).png","01_INPUT(입력_원본)",".png","36982","0.035","2024-04-08 19:46:41","INDEX_ONLY_RAW_SOURCE"
"01_INPUT(입력_원본)\03_SEOUL_DAY(서울_낮)\design\campaign_assets\3) DAY\THE DAY OF SEOUL(글자만).ai","01_INPUT(입력_원본)",".ai","199086570","189.864","2024-04-08 19:06:39","INDEX_ONLY_RAW_SOURCE"
"01_INPUT(입력_원본)\03_SEOUL_DAY(서울_낮)\design\campaign_assets\3) DAY\THE-DAY-OF-SEOUL(글자만).png","01_INPUT(입력_원본)",".png","238857","0.228","2024-04-08 19:10:39","INDEX_ONLY_RAW_SOURCE"
"01_INPUT(입력_원본)\03_SEOUL_DAY(서울_낮)\design\campaign_assets\3) DAY\THE-DAY-OF-SEOUL(빅3).png","01_INPUT(입력_원본)",".png","1926266","1.837","2024-04-08 18:59:11","INDEX_ONLY_RAW_SOURCE"
"01_INPUT(입력_원본)\03_SEOUL_DAY(서울_낮)\design\campaign_assets\3) DAY\THE-DAY-OF-SEOUL(빅빅).png","01_INPUT(입력_원본)",".png","1925565","1.836","2024-04-08 18:56:04","INDEX_ONLY_RAW_SOURCE"
"01_INPUT(입력_원본)\03_SEOUL_DAY(서울_낮)\design\campaign_assets\3) DAY\THE-DAY-OF-SEOUL(빅빅빅).png","01_INPUT(입력_원본)",".png","1925714","1.837","2024-04-08 18:57:08","INDEX_ONLY_RAW_SOURCE"
"01_INPUT(입력_원본)\03_SEOUL_DAY(서울_낮)\design\campaign_assets\DROP) SEOUL(세로_시간).ai","01_INPUT(입력_원본)",".ai","273265","0.261","2024-04-08 08:04:14","INDEX_ONLY_RAW_SOURCE"
"01_INPUT(입력_원본)\03_SEOUL_DAY(서울_낮)\design\campaign_assets\DROP)-SEOUL(세로_시간).png","01_INPUT(입력_원본)",".png","25033","0.024","2024-04-08 08:04:22","INDEX_ONLY_RAW_SOURCE"
"01_INPUT(입력_원본)\03_SEOUL_DAY(서울_낮)\design\campaign_assets\NIGHT_옷.png","01_INPUT(입력_원본)",".png","14449355","13.78","2024-04-08 18:00:34","INDEX_ONLY_RAW_SOURCE"
"01_INPUT(입력_원본)\03_SEOUL_DAY(서울_낮)\design\campaign_assets\NIGT_옷_(WHITE).png","01_INPUT(입력_원본)",".png","201868","0.193","2024-04-08 18:06:49","INDEX_ONLY_RAW_SOURCE"
"01_INPUT(입력_원본)\03_SEOUL_DAY(서울_낮)\design\campaign_assets\NIGT_옷_DROP.png","01_INPUT(입력_원본)",".png","2105202","2.008","2024-04-08 18:04:25","INDEX_ONLY_RAW_SOURCE"
"01_INPUT(입력_원본)\03_SEOUL_DAY(서울_낮)\design\campaign_assets\NIGT_옷_DROP(WHITE).png","01_INPUT(입력_원본)",".png","207925","0.198","2024-04-08 18:07:32","INDEX_ONLY_RAW_SOURCE"
"01_INPUT(입력_원본)\03_SEOUL_DAY(서울_낮)\design\campaign_assets\OPEN) SITE(세로_시간).ai","01_INPUT(입력_원본)",".ai","275671","0.263","2024-04-08 07:42:15","INDEX_ONLY_RAW_SOURCE"
"01_INPUT(입력_원본)\03_SEOUL_DAY(서울_낮)\design\campaign_assets\THE DAY OF SEOUL.ai","01_INPUT(입력_원본)",".ai","245645","0.234","2024-04-08 04:53:31","INDEX_ONLY_RAW_SOURCE"
"01_INPUT(입력_원본)\03_SEOUL_DAY(서울_낮)\design\campaign_assets\THE-DAY-OF-SEOUL.jpg","01_INPUT(입력_원본)",".jpg","2445813","2.333","2024-04-08 04:54:49","INDEX_ONLY_RAW_SOURCE"
"01_INPUT(입력_원본)\03_SEOUL_DAY(서울_낮)\lookbook\final_retouched\1) 남자 모델\1) 기본컷\기본_대각선_오른쪽 복사.jpg","01_INPUT(입력_원본)",".jpg","1207915","1.152","2024-04-07 13:34:04","INDEX_ONLY_RAW_SOURCE"
"01_INPUT(입력_원본)\03_SEOUL_DAY(서울_낮)\lookbook\final_retouched\1) 남자 모델\1) 기본컷\기본_대각선_왼쪽 복사.jpg","01_INPUT(입력_원본)",".jpg","1260315","1.202","2024-04-07 13:33:56","INDEX_ONLY_RAW_SOURCE"
"01_INPUT(입력_원본)\03_SEOUL_DAY(서울_낮)\lookbook\final_retouched\1) 남자 모델\1) 기본컷\기본_뒤.jpg","01_INPUT(입력_원본)",".jpg","1179094","1.124","2024-03-29 22:48:53","INDEX_ONLY_RAW_SOURCE"
"01_INPUT(입력_원본)\03_SEOUL_DAY(서울_낮)\lookbook\final_retouched\1) 남자 모델\1) 기본컷\기본_앞 복사.jpg","01_INPUT(입력_원본)",".jpg","1176188","1.122","2024-03-29 22:44:04","INDEX_ONLY_RAW_SOURCE"
"01_INPUT(입력_원본)\03_SEOUL_DAY(서울_낮)\lookbook\final_retouched\1) 남자 모델\1) 기본컷\기본_측면_오른쪽 복사.jpg","01_INPUT(입력_원본)",".jpg","1210773","1.155","2024-03-29 22:21:38","INDEX_ONLY_RAW_SOURCE"
"01_INPUT(입력_원본)\03_SEOUL_DAY(서울_낮)\lookbook\final_retouched\1) 남자 모델\1) 기본컷\기본_측면_왼쪽 복사.jpg","01_INPUT(입력_원본)",".jpg","1156296","1.103","2024-03-29 22:17:55","INDEX_ONLY_RAW_SOURCE"
"01_INPUT(입력_원본)\03_SEOUL_DAY(서울_낮)\lookbook\final_retouched\1) 남자 모델\1) 기본컷\정방향\기본_앞-복사.jpg","01_INPUT(입력_원본)",".jpg","175528","0.167","2024-04-09 21:54:30","INDEX_ONLY_RAW_SOURCE"
"01_INPUT(입력_원본)\03_SEOUL_DAY(서울_낮)\lookbook\final_retouched\1) 남자 모델\1) 기본컷\정방향\DAY_기본_대각선_오른쪽.jpg","01_INPUT(입력_원본)",".jpg","1199720","1.144","2024-04-09 21:09:09","INDEX_ONLY_RAW_SOURCE"
"01_INPUT(입력_원본)\03_SEOUL_DAY(서울_낮)\lookbook\final_retouched\1) 남자 모델\1) 기본컷\정방향\DAY_기본_대각선_왼쪽-복사.jpg","01_INPUT(입력_원본)",".jpg","188224","0.18","2024-04-09 21:56:47","INDEX_ONLY_RAW_SOURCE"
"01_INPUT(입력_원본)\03_SEOUL_DAY(서울_낮)\lookbook\final_retouched\1) 남자 모델\1) 기본컷\정방향\DAY_기본_뒤.jpg","01_INPUT(입력_원본)",".jpg","208855","0.199","2024-04-09 21:55:14","INDEX_ONLY_RAW_SOURCE"
"01_INPUT(입력_원본)\03_SEOUL_DAY(서울_낮)\lookbook\final_retouched\1) 남자 모델\1) 기본컷\정방향\DAY_기본_측면_왼쪽.jpg","01_INPUT(입력_원본)",".jpg","1130908","1.079","2024-04-09 21:11:55","INDEX_ONLY_RAW_SOURCE"
"01_INPUT(입력_원본)\03_SEOUL_DAY(서울_낮)\lookbook\final_retouched\1) 남자 모델\1) 기본컷\정방향\DAY_측면_오른쪽.jpg","01_INPUT(입력_원본)",".jpg","170608","0.163","2024-04-09 21:53:33","INDEX_ONLY_RAW_SOURCE"
"01_INPUT(입력_원본)\03_SEOUL_DAY(서울_낮)\lookbook\final_retouched\1) 남자 모델\2) 자유\디테일_서울로고 복사.jpg","01_INPUT(입력_원본)",".jpg","1814386","1.73","2024-03-29 23:36:33","INDEX_ONLY_RAW_SOURCE"
"01_INPUT(입력_원본)\03_SEOUL_DAY(서울_낮)\lookbook\final_retouched\1) 남자 모델\2) 자유\디테일_티켓1 복사.jpg","01_INPUT(입력_원본)",".jpg","2061115","1.966","2024-03-29 23:36:07","INDEX_ONLY_RAW_SOURCE"
"01_INPUT(입력_원본)\03_SEOUL_DAY(서울_낮)\lookbook\final_retouched\1) 남자 모델\2) 자유\디테일_티켓2 복사.jpg","01_INPUT(입력_원본)",".jpg","2376392","2.266","2024-03-29 23:35:50","INDEX_ONLY_RAW_SOURCE"
"01_INPUT(입력_원본)\03_SEOUL_DAY(서울_낮)\lookbook\final_retouched\1) 남자 모델\2) 자유\자유_대각선_상반신 복사.jpg","01_INPUT(입력_원본)",".jpg","1374636","1.311","2024-03-29 23:34:15","INDEX_ONLY_RAW_SOURCE"
"01_INPUT(입력_원본)\03_SEOUL_DAY(서울_낮)\lookbook\final_retouched\1) 남자 모델\2) 자유\자유_대각선_왼쪽2 복사.jpg","01_INPUT(입력_원본)",".jpg","1123785","1.072","2024-03-29 23:27:28","INDEX_ONLY_RAW_SOURCE"
"01_INPUT(입력_원본)\03_SEOUL_DAY(서울_낮)\lookbook\final_retouched\1) 남자 모델\2) 자유\자유_대각선_왼쪽3 복사.jpg","01_INPUT(입력_원본)",".jpg","1141710","1.089","2024-03-29 23:25:21","INDEX_ONLY_RAW_SOURCE"
"01_INPUT(입력_원본)\03_SEOUL_DAY(서울_낮)\lookbook\final_retouched\1) 남자 모델\2) 자유\자유_뒤확대.jpg","01_INPUT(입력_원본)",".jpg","1635185","1.559","2024-03-29 22:30:25","INDEX_ONLY_RAW_SOURCE"
"01_INPUT(입력_원본)\03_SEOUL_DAY(서울_낮)\lookbook\final_retouched\1) 남자 모델\2) 자유\자유_앞(주머니1) 복사.jpg","01_INPUT(입력_원본)",".jpg","997955","0.952","2024-03-29 23:22:53","INDEX_ONLY_RAW_SOURCE"
"01_INPUT(입력_원본)\03_SEOUL_DAY(서울_낮)\lookbook\final_retouched\1) 남자 모델\2) 자유\자유_앞(주머니2) 복사.jpg","01_INPUT(입력_원본)",".jpg","1231930","1.175","2024-03-29 23:18:37","INDEX_ONLY_RAW_SOURCE"
"01_INPUT(입력_원본)\03_SEOUL_DAY(서울_낮)\lookbook\final_retouched\1) 남자 모델\2) 자유\자유_정면 복사.jpg","01_INPUT(입력_원본)",".jpg","1120564","1.069","2024-03-29 23:42:56","INDEX_ONLY_RAW_SOURCE"
"01_INPUT(입력_원본)\03_SEOUL_DAY(서울_낮)\lookbook\final_retouched\1) 남자 모델\2) 자유\자유_정면_상반신2 복사.jpg","01_INPUT(입력_원본)",".jpg","1444364","1.377","2024-03-29 23:43:58","INDEX_ONLY_RAW_SOURCE"
"01_INPUT(입력_원본)\03_SEOUL_DAY(서울_낮)\lookbook\final_retouched\1) 남자 모델\2) 자유\자유_정면_손 복사.jpg","01_INPUT(입력_원본)",".jpg","1457217","1.39","2024-03-29 23:09:18","INDEX_ONLY_RAW_SOURCE"
"01_INPUT(입력_원본)\03_SEOUL_DAY(서울_낮)\lookbook\final_retouched\1) 남자 모델\2) 자유\자유_정면_주머니 복사.jpg","01_INPUT(입력_원본)",".jpg","1431319","1.365","2024-03-29 23:07:31","INDEX_ONLY_RAW_SOURCE"
"01_INPUT(입력_원본)\03_SEOUL_DAY(서울_낮)\lookbook\final_retouched\2) 여자모델\1) 기본컷\기본_대각선_오른쪽 복사.jpg","01_INPUT(입력_원본)",".jpg","1048588","1","2024-03-30 00:10:07","INDEX_ONLY_RAW_SOURCE"
"01_INPUT(입력_원본)\03_SEOUL_DAY(서울_낮)\lookbook\final_retouched\2) 여자모델\1) 기본컷\기본_대각선_왼쪽 복사.jpg","01_INPUT(입력_원본)",".jpg","1061605","1.012","2024-03-30 00:07:58","INDEX_ONLY_RAW_SOURCE"
"01_INPUT(입력_원본)\03_SEOUL_DAY(서울_낮)\lookbook\final_retouched\2) 여자모델\1) 기본컷\기본_뒤 복사.jpg","01_INPUT(입력_원본)",".jpg","1229152","1.172","2024-03-30 00:05:35","INDEX_ONLY_RAW_SOURCE"
"01_INPUT(입력_원본)\03_SEOUL_DAY(서울_낮)\lookbook\final_retouched\2) 여자모델\1) 기본컷\기본_앞 복사.jpg","01_INPUT(입력_원본)",".jpg","1061042","1.012","2024-03-30 00:10:42","INDEX_ONLY_RAW_SOURCE"
"01_INPUT(입력_원본)\03_SEOUL_DAY(서울_낮)\lookbook\final_retouched\2) 여자모델\1) 기본컷\기본_측면_오른쪽 복사.jpg","01_INPUT(입력_원본)",".jpg","1061234","1.012","2024-03-29 23:55:40","INDEX_ONLY_RAW_SOURCE"
"01_INPUT(입력_원본)\03_SEOUL_DAY(서울_낮)\lookbook\final_retouched\2) 여자모델\1) 기본컷\기본_측면_왼쪽 복사.jpg","01_INPUT(입력_원본)",".jpg","1017365","0.97","2024-03-30 00:11:02","INDEX_ONLY_RAW_SOURCE"
"01_INPUT(입력_원본)\03_SEOUL_DAY(서울_낮)\lookbook\final_retouched\2) 여자모델\1) 기본컷\정방향\DAY_기본_대각선_오른쪽.jpg","01_INPUT(입력_원본)",".jpg","148572","0.142","2024-04-09 22:13:05","INDEX_ONLY_RAW_SOURCE"
"01_INPUT(입력_원본)\03_SEOUL_DAY(서울_낮)\lookbook\final_retouched\2) 여자모델\1) 기본컷\정방향\DAY_기본_대각선_왼쪽.jpg","01_INPUT(입력_원본)",".jpg","156481","0.149","2024-04-09 22:10:07","INDEX_ONLY_RAW_SOURCE"
"01_INPUT(입력_원본)\03_SEOUL_DAY(서울_낮)\lookbook\final_retouched\2) 여자모델\1) 기본컷\정방향\DAY_기본_뒤.jpg","01_INPUT(입력_원본)",".jpg","187941","0.179","2024-04-09 22:08:56","INDEX_ONLY_RAW_SOURCE"
"01_INPUT(입력_원본)\03_SEOUL_DAY(서울_낮)\lookbook\final_retouched\2) 여자모델\1) 기본컷\정방향\DAY_기본_앞.jpg","01_INPUT(입력_원본)",".jpg","157641","0.15","2024-04-09 22:06:17","INDEX_ONLY_RAW_SOURCE"
"01_INPUT(입력_원본)\03_SEOUL_DAY(서울_낮)\lookbook\final_retouched\2) 여자모델\1) 기본컷\정방향\DAY_기본_측면_오른쪽.jpg","01_INPUT(입력_원본)",".jpg","140081","0.134","2024-04-09 22:05:12","INDEX_ONLY_RAW_SOURCE"
"01_INPUT(입력_원본)\03_SEOUL_DAY(서울_낮)\lookbook\final_retouched\2) 여자모델\1) 기본컷\정방향\DAY_기본_측면_왼쪽.jpg","01_INPUT(입력_원본)",".jpg","136502","0.13","2024-04-09 22:03:57","INDEX_ONLY_RAW_SOURCE"
"01_INPUT(입력_원본)\03_SEOUL_DAY(서울_낮)\lookbook\final_retouched\2) 여자모델\1) 자유\03152271 복사.jpg","01_INPUT(입력_원본)",".jpg","1040188","0.992","2024-03-31 00:02:54","INDEX_ONLY_RAW_SOURCE"
"01_INPUT(입력_원본)\03_SEOUL_DAY(서울_낮)\lookbook\final_retouched\2) 여자모델\1) 자유\03152278 복사.jpg","01_INPUT(입력_원본)",".jpg","1074696","1.025","2024-03-31 00:00:27","INDEX_ONLY_RAW_SOURCE"
"01_INPUT(입력_원본)\03_SEOUL_DAY(서울_낮)\lookbook\final_retouched\2) 여자모델\1) 자유\03152280 복사.jpg","01_INPUT(입력_원본)",".jpg","1093237","1.043","2024-03-30 23:58:49","INDEX_ONLY_RAW_SOURCE"
"01_INPUT(입력_원본)\03_SEOUL_DAY(서울_낮)\lookbook\final_retouched\2) 여자모델\1) 자유\03152288 복사.jpg","01_INPUT(입력_원본)",".jpg","1085604","1.035","2024-03-30 23:56:44","INDEX_ONLY_RAW_SOURCE"
"01_INPUT(입력_원본)\03_SEOUL_DAY(서울_낮)\lookbook\final_retouched\2) 여자모델\1) 자유\03153319 복사.jpg","01_INPUT(입력_원본)",".jpg","1176502","1.122","2024-03-31 00:03:38","INDEX_ONLY_RAW_SOURCE"
"01_INPUT(입력_원본)\03_SEOUL_DAY(서울_낮)\lookbook\final_retouched\2) 여자모델\1) 자유\03153325 복사.jpg","01_INPUT(입력_원본)",".jpg","1129286","1.077","2024-03-30 23:51:34","INDEX_ONLY_RAW_SOURCE"
"01_INPUT(입력_원본)\03_SEOUL_DAY(서울_낮)\lookbook\final_retouched\2) 여자모델\1) 자유\03153328 복사.jpg","01_INPUT(입력_원본)",".jpg","1220241","1.164","2024-03-30 23:49:46","INDEX_ONLY_RAW_SOURCE"
"01_INPUT(입력_원본)\03_SEOUL_DAY(서울_낮)\lookbook\final_retouched\2) 여자모델\1) 자유\03153333 복사.jpg","01_INPUT(입력_원본)",".jpg","1781652","1.699","2024-03-30 23:45:59","INDEX_ONLY_RAW_SOURCE"
"01_INPUT(입력_원본)\03_SEOUL_DAY(서울_낮)\lookbook\final_retouched\3) 트윈\03152175 복사.jpg","01_INPUT(입력_원본)",".jpg","985979","0.94","2024-03-31 00:22:49","INDEX_ONLY_RAW_SOURCE"
"01_INPUT(입력_원본)\03_SEOUL_DAY(서울_낮)\lookbook\final_retouched\3) 트윈\03152187 복사.jpg","01_INPUT(입력_원본)",".jpg","1782825","1.7","2024-03-31 00:18:33","INDEX_ONLY_RAW_SOURCE"
"01_INPUT(입력_원본)\03_SEOUL_DAY(서울_낮)\lookbook\final_retouched\3) 트윈\03152197 복사.jpg","01_INPUT(입력_원본)",".jpg","1533418","1.462","2024-03-31 00:17:16","INDEX_ONLY_RAW_SOURCE"
"01_INPUT(입력_원본)\03_SEOUL_DAY(서울_낮)\lookbook\final_retouched\3) 트윈\03152208 복사.jpg","01_INPUT(입력_원본)",".jpg","1501059","1.432","2024-03-31 00:16:36","INDEX_ONLY_RAW_SOURCE"
"01_INPUT(입력_원본)\03_SEOUL_DAY(서울_낮)\lookbook\final_retouched\3) 트윈\03152216 복사.jpg","01_INPUT(입력_원본)",".jpg","1496262","1.427","2024-03-31 00:14:36","INDEX_ONLY_RAW_SOURCE"
"01_INPUT(입력_원본)\03_SEOUL_DAY(서울_낮)\lookbook\final_retouched\3) 트윈\03152217 복사.jpg","01_INPUT(입력_원본)",".jpg","926744","0.884","2024-03-31 00:12:51","INDEX_ONLY_RAW_SOURCE"
"01_INPUT(입력_원본)\03_SEOUL_DAY(서울_낮)\lookbook\final_retouched\3) 트윈\03152233 복사.jpg","01_INPUT(입력_원본)",".jpg","1468841","1.401","2024-03-31 00:09:37","INDEX_ONLY_RAW_SOURCE"
"01_INPUT(입력_원본)\03_SEOUL_DAY(서울_낮)\lookbook\final_retouched\3) 트윈\03152243 복사.jpg","01_INPUT(입력_원본)",".jpg","1592453","1.519","2024-03-31 00:06:51","INDEX_ONLY_RAW_SOURCE"
"01_INPUT(입력_원본)\03_SEOUL_DAY(서울_낮)\lookbook\final_retouched\3) 트윈\정방향\03152175.jpg","01_INPUT(입력_원본)",".jpg","186938","0.178","2024-04-09 22:28:46","INDEX_ONLY_RAW_SOURCE"
"01_INPUT(입력_원본)\03_SEOUL_DAY(서울_낮)\lookbook\final_retouched\3) 트윈\정방향\03152187.jpg","01_INPUT(입력_원본)",".jpg","360403","0.344","2024-04-09 22:27:00","INDEX_ONLY_RAW_SOURCE"
"01_INPUT(입력_원본)\03_SEOUL_DAY(서울_낮)\lookbook\final_retouched\3) 트윈\정방향\03152197.jpg","01_INPUT(입력_원본)",".jpg","271175","0.259","2024-04-09 22:26:02","INDEX_ONLY_RAW_SOURCE"
"01_INPUT(입력_원본)\03_SEOUL_DAY(서울_낮)\lookbook\final_retouched\3) 트윈\정방향\03152208.jpg","01_INPUT(입력_원본)",".jpg","260299","0.248","2024-04-09 22:25:02","INDEX_ONLY_RAW_SOURCE"
"01_INPUT(입력_원본)\03_SEOUL_DAY(서울_낮)\lookbook\final_retouched\3) 트윈\정방향\03152216.jpg","01_INPUT(입력_원본)",".jpg","260883","0.249","2024-04-09 22:23:46","INDEX_ONLY_RAW_SOURCE"
"01_INPUT(입력_원본)\03_SEOUL_DAY(서울_낮)\lookbook\final_retouched\3) 트윈\정방향\03152217.jpg","01_INPUT(입력_원본)",".jpg","172886","0.165","2024-04-09 22:22:46","INDEX_ONLY_RAW_SOURCE"
"01_INPUT(입력_원본)\03_SEOUL_DAY(서울_낮)\lookbook\final_retouched\3) 트윈\정방향\03152233.jpg","01_INPUT(입력_원본)",".jpg","284305","0.271","2024-04-09 22:21:39","INDEX_ONLY_RAW_SOURCE"
"01_INPUT(입력_원본)\03_SEOUL_DAY(서울_낮)\lookbook\final_retouched\3) 트윈\정방향\03152243.jpg","01_INPUT(입력_원본)",".jpg","306746","0.293","2024-04-09 22:20:20","INDEX_ONLY_RAW_SOURCE"
"01_INPUT(입력_원본)\03_SEOUL_DAY(서울_낮)\reels\campaign_assets\3) DAY\THE FIRST DROP(DAY).mp4","01_INPUT(입력_원본)",".mp4","10453894","9.97","2024-04-08 20:08:00","INDEX_ONLY_RAW_SOURCE"
"01_INPUT(입력_원본)\03_SEOUL_DAY(서울_낮)\reels\campaign_assets\시퀀스 01.mp4","01_INPUT(입력_원본)",".mp4","6110062","5.827","2024-04-08 13:24:21","INDEX_ONLY_RAW_SOURCE"
"01_INPUT(입력_원본)\03_SEOUL_DAY(서울_낮)\reels\campaign_assets\KakaoTalk_20240408_130647419.mp4","01_INPUT(입력_원본)",".mp4","2413751","2.302","2024-04-08 13:07:14","INDEX_ONLY_RAW_SOURCE"
"01_INPUT(입력_원본)\04_SEOUL_NIGHT(서울_밤)\design\campaign_assets\3(배경제거).png","01_INPUT(입력_원본)",".png","4906166","4.679","2024-04-09 19:03:13","INDEX_ONLY_RAW_SOURCE"
"01_INPUT(입력_원본)\04_SEOUL_NIGHT(서울_밤)\design\campaign_assets\4(배경-제거).png","01_INPUT(입력_원본)",".png","4935731","4.707","2024-04-08 20:19:23","INDEX_ONLY_RAW_SOURCE"
"01_INPUT(입력_원본)\04_SEOUL_NIGHT(서울_밤)\design\campaign_assets\잠실(로고_소형).ai","01_INPUT(입력_원본)",".ai","397332089","378.925","2024-04-08 20:17:18","INDEX_ONLY_RAW_SOURCE"
"01_INPUT(입력_원본)\04_SEOUL_NIGHT(서울_밤)\design\campaign_assets\잠실(로고_소형).png","01_INPUT(입력_원본)",".png","34899","0.033","2024-04-08 20:17:27","INDEX_ONLY_RAW_SOURCE"
"01_INPUT(입력_원본)\04_SEOUL_NIGHT(서울_밤)\design\campaign_assets\잠실(로고_수정).ai","01_INPUT(입력_원본)",".ai","234706227","223.833","2024-04-08 20:54:43","INDEX_ONLY_RAW_SOURCE"
"01_INPUT(입력_원본)\04_SEOUL_NIGHT(서울_밤)\design\campaign_assets\잠실(로고_수정).png","01_INPUT(입력_원본)",".png","286313","0.273","2024-04-08 20:54:48","INDEX_ONLY_RAW_SOURCE"
"01_INPUT(입력_원본)\04_SEOUL_NIGHT(서울_밤)\design\campaign_assets\잠실(로고_풍경_블랙).ai","01_INPUT(입력_원본)",".ai","397181785","378.782","2024-04-08 23:41:52","INDEX_ONLY_RAW_SOURCE"
"01_INPUT(입력_원본)\04_SEOUL_NIGHT(서울_밤)\design\campaign_assets\잠실(로고_풍경_블랙).png","01_INPUT(입력_원본)",".png","213101","0.203","2024-04-08 23:41:58","INDEX_ONLY_RAW_SOURCE"
"01_INPUT(입력_원본)\04_SEOUL_NIGHT(서울_밤)\design\campaign_assets\잠실(로고_풍경_화이트).ai","01_INPUT(입력_원본)",".ai","397168656","378.77","2024-04-09 00:46:26","INDEX_ONLY_RAW_SOURCE"
"01_INPUT(입력_원본)\04_SEOUL_NIGHT(서울_밤)\design\campaign_assets\잠실(로고_풍경_화이트).png","01_INPUT(입력_원본)",".png","211722","0.202","2024-04-09 00:46:07","INDEX_ONLY_RAW_SOURCE"
"01_INPUT(입력_원본)\04_SEOUL_NIGHT(서울_밤)\design\campaign_assets\잠실(로고_풍경).ai","01_INPUT(입력_원본)",".ai","397181134","378.781","2024-04-08 20:14:05","INDEX_ONLY_RAW_SOURCE"
"01_INPUT(입력_원본)\04_SEOUL_NIGHT(서울_밤)\design\campaign_assets\잠실(로고_풍경).png","01_INPUT(입력_원본)",".png","211583","0.202","2024-04-08 20:14:10","INDEX_ONLY_RAW_SOURCE"
"01_INPUT(입력_원본)\04_SEOUL_NIGHT(서울_밤)\design\campaign_assets\잠실(로고).ai","01_INPUT(입력_원본)",".ai","322906309","307.947","2024-04-08 20:12:37","INDEX_ONLY_RAW_SOURCE"
"01_INPUT(입력_원본)\04_SEOUL_NIGHT(서울_밤)\design\campaign_assets\잠실(로고).png","01_INPUT(입력_원본)",".png","290414","0.277","2024-04-08 20:12:05","INDEX_ONLY_RAW_SOURCE"
"01_INPUT(입력_원본)\04_SEOUL_NIGHT(서울_밤)\design\campaign_assets\잠실(옷_블랙 배경).ai","01_INPUT(입력_원본)",".ai","83562646","79.692","2024-04-09 20:58:21","INDEX_ONLY_RAW_SOURCE"
"01_INPUT(입력_원본)\04_SEOUL_NIGHT(서울_밤)\design\campaign_assets\잠실(옷_블랙-배경).png","01_INPUT(입력_원본)",".png","225012","0.215","2024-04-09 19:16:01","INDEX_ONLY_RAW_SOURCE"
"01_INPUT(입력_원본)\04_SEOUL_NIGHT(서울_밤)\design\campaign_assets\잠실(옷_DROP).ai","01_INPUT(입력_원본)",".ai","160260783","152.837","2024-04-08 20:38:38","INDEX_ONLY_RAW_SOURCE"
"01_INPUT(입력_원본)\04_SEOUL_NIGHT(서울_밤)\design\campaign_assets\잠실(옷_DROP).png","01_INPUT(입력_원본)",".png","219724","0.21","2024-04-08 20:38:42","INDEX_ONLY_RAW_SOURCE"
"01_INPUT(입력_원본)\04_SEOUL_NIGHT(서울_밤)\design\campaign_assets\잠실(옷_FRONT_블랙 배경).ai","01_INPUT(입력_원본)",".ai","13051765","12.447","2024-04-09 20:58:57","INDEX_ONLY_RAW_SOURCE"
"01_INPUT(입력_원본)\04_SEOUL_NIGHT(서울_밤)\design\campaign_assets\잠실(옷_FRONT_블랙-배경).png","01_INPUT(입력_원본)",".png","272339","0.26","2024-04-09 19:06:55","INDEX_ONLY_RAW_SOURCE"
"01_INPUT(입력_원본)\04_SEOUL_NIGHT(서울_밤)\design\campaign_assets\잠실(옷).png","01_INPUT(입력_원본)",".png","225112","0.215","2024-04-08 20:20:44","INDEX_ONLY_RAW_SOURCE"
"01_INPUT(입력_원본)\04_SEOUL_NIGHT(서울_밤)\design\campaign_assets\잠실(풍경_하단수정).png","01_INPUT(입력_원본)",".png","478600","0.456","2024-04-08 20:32:42","INDEX_ONLY_RAW_SOURCE"
"01_INPUT(입력_원본)\04_SEOUL_NIGHT(서울_밤)\design\campaign_assets\잠실(풍경).ai","01_INPUT(입력_원본)",".ai","322907777","307.949","2024-04-08 20:11:32","INDEX_ONLY_RAW_SOURCE"
"01_INPUT(입력_원본)\04_SEOUL_NIGHT(서울_밤)\design\campaign_assets\잠실(풍경).png","01_INPUT(입력_원본)",".png","481220","0.459","2024-04-08 20:32:12","INDEX_ONLY_RAW_SOURCE"
"01_INPUT(입력_원본)\04_SEOUL_NIGHT(서울_밤)\design\campaign_assets\DROP) 세로_시간(검정).ai","01_INPUT(입력_원본)",".ai","260027","0.248","2024-04-09 00:47:25","INDEX_ONLY_RAW_SOURCE"
"01_INPUT(입력_원본)\04_SEOUL_NIGHT(서울_밤)\design\campaign_assets\DROP) SEOUL(표지_흰색).ai","01_INPUT(입력_원본)",".ai","293647","0.28","2024-04-08 21:03:35","INDEX_ONLY_RAW_SOURCE"
"01_INPUT(입력_원본)\04_SEOUL_NIGHT(서울_밤)\design\campaign_assets\DROP)-세로_시간(검정).png","01_INPUT(입력_원본)",".png","21949","0.021","2024-04-08 21:09:09","INDEX_ONLY_RAW_SOURCE"
"01_INPUT(입력_원본)\04_SEOUL_NIGHT(서울_밤)\design\campaign_assets\DROP)-SEOUL(표지_검정).png","01_INPUT(입력_원본)",".png","34987","0.033","2024-04-08 21:04:19","INDEX_ONLY_RAW_SOURCE"
"01_INPUT(입력_원본)\04_SEOUL_NIGHT(서울_밤)\design\campaign_assets\DROP)-SEOUL(표지_흰색).png","01_INPUT(입력_원본)",".png","37573","0.036","2024-04-08 21:03:43","INDEX_ONLY_RAW_SOURCE"
"01_INPUT(입력_원본)\04_SEOUL_NIGHT(서울_밤)\design\campaign_assets\NIGHT_BACK(배경제거).png","01_INPUT(입력_원본)",".png","648049","0.618","2024-04-09 18:53:40","INDEX_ONLY_RAW_SOURCE"
"01_INPUT(입력_원본)\04_SEOUL_NIGHT(서울_밤)\lookbook\final_retouched\1) 착장1(올블랙)\1) 남자모델\1) 기본컷\기본_대각선_오른쪽 복사.jpg","01_INPUT(입력_원본)",".jpg","1336826","1.275","2024-03-30 00:51:49","INDEX_ONLY_RAW_SOURCE"
"01_INPUT(입력_원본)\04_SEOUL_NIGHT(서울_밤)\lookbook\final_retouched\1) 착장1(올블랙)\1) 남자모델\1) 기본컷\기본_대각선_왼쪽 복사.jpg","01_INPUT(입력_원본)",".jpg","1194358","1.139","2024-03-30 00:46:11","INDEX_ONLY_RAW_SOURCE"
"01_INPUT(입력_원본)\04_SEOUL_NIGHT(서울_밤)\lookbook\final_retouched\1) 착장1(올블랙)\1) 남자모델\1) 기본컷\기본_뒤 복사.jpg","01_INPUT(입력_원본)",".jpg","1313030","1.252","2024-03-30 00:43:38","INDEX_ONLY_RAW_SOURCE"
"01_INPUT(입력_원본)\04_SEOUL_NIGHT(서울_밤)\lookbook\final_retouched\1) 착장1(올블랙)\1) 남자모델\1) 기본컷\기본_앞_정면2 복사.jpg","01_INPUT(입력_원본)",".jpg","1183692","1.129","2024-03-30 00:37:00","INDEX_ONLY_RAW_SOURCE"
"01_INPUT(입력_원본)\04_SEOUL_NIGHT(서울_밤)\lookbook\final_retouched\1) 착장1(올블랙)\1) 남자모델\1) 기본컷\기본_측면_오른쪽 복사.jpg","01_INPUT(입력_원본)",".jpg","1235102","1.178","2024-03-30 00:32:34","INDEX_ONLY_RAW_SOURCE"
"01_INPUT(입력_원본)\04_SEOUL_NIGHT(서울_밤)\lookbook\final_retouched\1) 착장1(올블랙)\1) 남자모델\1) 기본컷\기본_측면_왼쪽 복사.jpg","01_INPUT(입력_원본)",".jpg","1225468","1.169","2024-03-30 00:27:05","INDEX_ONLY_RAW_SOURCE"
"01_INPUT(입력_원본)\04_SEOUL_NIGHT(서울_밤)\lookbook\final_retouched\1) 착장1(올블랙)\1) 남자모델\1) 기본컷\정방향\기본_대각선_왼쪽-복사.jpg","01_INPUT(입력_원본)",".jpg","161841","0.154","2024-04-09 22:48:53","INDEX_ONLY_RAW_SOURCE"
"01_INPUT(입력_원본)\04_SEOUL_NIGHT(서울_밤)\lookbook\final_retouched\1) 착장1(올블랙)\1) 남자모델\1) 기본컷\정방향\NIGHT_기본_대각선_왼쪽-복사.jpg","01_INPUT(입력_원본)",".jpg","161841","0.154","2024-04-09 22:50:33","INDEX_ONLY_RAW_SOURCE"
"01_INPUT(입력_원본)\04_SEOUL_NIGHT(서울_밤)\lookbook\final_retouched\1) 착장1(올블랙)\1) 남자모델\1) 기본컷\정방향\NIGHT_기본_뒤.jpg","01_INPUT(입력_원본)",".jpg","186665","0.178","2024-04-09 22:48:16","INDEX_ONLY_RAW_SOURCE"
"01_INPUT(입력_원본)\04_SEOUL_NIGHT(서울_밤)\lookbook\final_retouched\1) 착장1(올블랙)\1) 남자모델\1) 기본컷\정방향\NIGHT_기본_앞_정면2.jpg","01_INPUT(입력_원본)",".jpg","164980","0.157","2024-04-09 22:47:29","INDEX_ONLY_RAW_SOURCE"
"01_INPUT(입력_원본)\04_SEOUL_NIGHT(서울_밤)\lookbook\final_retouched\1) 착장1(올블랙)\1) 남자모델\1) 기본컷\정방향\NIGHT_기본_측면_오른쪽.jpg","01_INPUT(입력_원본)",".jpg","150881","0.144","2024-04-09 22:46:07","INDEX_ONLY_RAW_SOURCE"
"01_INPUT(입력_원본)\04_SEOUL_NIGHT(서울_밤)\lookbook\final_retouched\1) 착장1(올블랙)\1) 남자모델\1) 기본컷\정방향\NIGHT_기본_측면_왼쪽.jpg","01_INPUT(입력_원본)",".jpg","151933","0.145","2024-04-09 22:44:41","INDEX_ONLY_RAW_SOURCE"
"01_INPUT(입력_원본)\04_SEOUL_NIGHT(서울_밤)\lookbook\final_retouched\1) 착장1(올블랙)\1) 남자모델\1) 기본컷\정방향\NIGHT_대각선_오른쪽.jpg","01_INPUT(입력_원본)",".jpg","171922","0.164","2024-04-09 22:51:34","INDEX_ONLY_RAW_SOURCE"
"01_INPUT(입력_원본)\04_SEOUL_NIGHT(서울_밤)\lookbook\final_retouched\1) 착장1(올블랙)\1) 남자모델\2) 자유\자유_뒷모습 복사.jpg","01_INPUT(입력_원본)",".jpg","1329326","1.268","2024-03-30 01:17:52","INDEX_ONLY_RAW_SOURCE"
"01_INPUT(입력_원본)\04_SEOUL_NIGHT(서울_밤)\lookbook\final_retouched\1) 착장1(올블랙)\1) 남자모델\2) 자유\자유_뒷측면 복사.jpg","01_INPUT(입력_원본)",".jpg","1312156","1.251","2024-03-30 01:16:19","INDEX_ONLY_RAW_SOURCE"
"01_INPUT(입력_원본)\04_SEOUL_NIGHT(서울_밤)\lookbook\final_retouched\1) 착장1(올블랙)\1) 남자모델\2) 자유\자유_시그니처1 복사.jpg","01_INPUT(입력_원본)",".jpg","1342683","1.28","2024-03-30 01:20:41","INDEX_ONLY_RAW_SOURCE"
"01_INPUT(입력_원본)\04_SEOUL_NIGHT(서울_밤)\lookbook\final_retouched\1) 착장1(올블랙)\1) 남자모델\2) 자유\자유_시그니처2 복사.jpg","01_INPUT(입력_원본)",".jpg","1330120","1.269","2024-03-30 01:19:34","INDEX_ONLY_RAW_SOURCE"
"01_INPUT(입력_원본)\04_SEOUL_NIGHT(서울_밤)\lookbook\final_retouched\1) 착장1(올블랙)\1) 남자모델\2) 자유\자유_정면_주머니 복사.jpg","01_INPUT(입력_원본)",".jpg","1311699","1.251","2024-03-30 01:07:39","INDEX_ONLY_RAW_SOURCE"
"01_INPUT(입력_원본)\04_SEOUL_NIGHT(서울_밤)\lookbook\final_retouched\1) 착장1(올블랙)\1) 남자모델\2) 자유\자유_측면_왼쪽_가슴 복사.jpg","01_INPUT(입력_원본)",".jpg","1251769","1.194","2024-03-30 01:05:04","INDEX_ONLY_RAW_SOURCE"
"01_INPUT(입력_원본)\04_SEOUL_NIGHT(서울_밤)\lookbook\final_retouched\1) 착장1(올블랙)\1) 남자모델\2) 자유\자유_측면_왼쪽_주머니 복사.jpg","01_INPUT(입력_원본)",".jpg","1180136","1.125","2024-03-30 01:03:16","INDEX_ONLY_RAW_SOURCE"
"01_INPUT(입력_원본)\04_SEOUL_NIGHT(서울_밤)\lookbook\final_retouched\1) 착장1(올블랙)\1) 남자모델\2) 자유\자유_확대_옆모습 복사.jpg","01_INPUT(입력_원본)",".jpg","1755352","1.674","2024-03-30 01:01:23","INDEX_ONLY_RAW_SOURCE"
"01_INPUT(입력_원본)\04_SEOUL_NIGHT(서울_밤)\lookbook\final_retouched\1) 착장1(올블랙)\1) 남자모델\2) 자유\자유_확대_측면_주머니 복사.jpg","01_INPUT(입력_원본)",".jpg","1538049","1.467","2024-03-30 00:59:53","INDEX_ONLY_RAW_SOURCE"
"01_INPUT(입력_원본)\04_SEOUL_NIGHT(서울_밤)\lookbook\final_retouched\1) 착장1(올블랙)\2) 여자모델\1) 기본컷\기본_대각선_오른쪽 복사.jpg","01_INPUT(입력_원본)",".jpg","1288461","1.229","2024-03-30 01:41:06","INDEX_ONLY_RAW_SOURCE"
"01_INPUT(입력_원본)\04_SEOUL_NIGHT(서울_밤)\lookbook\final_retouched\1) 착장1(올블랙)\2) 여자모델\1) 기본컷\기본_대각선_오른쪽 복사(로고제거).jpg","01_INPUT(입력_원본)",".jpg","257797","0.246","2024-04-04 20:23:40","INDEX_ONLY_RAW_SOURCE"
"01_INPUT(입력_원본)\04_SEOUL_NIGHT(서울_밤)\lookbook\final_retouched\1) 착장1(올블랙)\2) 여자모델\1) 기본컷\기본_대각선_왼쪽 복사.jpg","01_INPUT(입력_원본)",".jpg","229200","0.219","2024-04-04 20:11:57","INDEX_ONLY_RAW_SOURCE"
"01_INPUT(입력_원본)\04_SEOUL_NIGHT(서울_밤)\lookbook\final_retouched\1) 착장1(올블랙)\2) 여자모델\1) 기본컷\기본_대각선_왼쪽 복사(로고제거).jpg","01_INPUT(입력_원본)",".jpg","240649","0.23","2024-04-04 20:22:31","INDEX_ONLY_RAW_SOURCE"
"01_INPUT(입력_원본)\04_SEOUL_NIGHT(서울_밤)\lookbook\final_retouched\1) 착장1(올블랙)\2) 여자모델\1) 기본컷\기본_뒤 복사.jpg","01_INPUT(입력_원본)",".jpg","1229664","1.173","2024-03-30 01:34:19","INDEX_ONLY_RAW_SOURCE"
"01_INPUT(입력_원본)\04_SEOUL_NIGHT(서울_밤)\lookbook\final_retouched\1) 착장1(올블랙)\2) 여자모델\1) 기본컷\기본_뒤 복사(로고제거).jpg","01_INPUT(입력_원본)",".jpg","254259","0.242","2024-04-04 20:09:50","INDEX_ONLY_RAW_SOURCE"
"01_INPUT(입력_원본)\04_SEOUL_NIGHT(서울_밤)\lookbook\final_retouched\1) 착장1(올블랙)\2) 여자모델\1) 기본컷\기본_앞_정면2 복사.jpg","01_INPUT(입력_원본)",".jpg","1193828","1.139","2024-03-30 01:31:52","INDEX_ONLY_RAW_SOURCE"
"01_INPUT(입력_원본)\04_SEOUL_NIGHT(서울_밤)\lookbook\final_retouched\1) 착장1(올블랙)\2) 여자모델\1) 기본컷\기본_앞_정면2 복사(로고제거).jpg","01_INPUT(입력_원본)",".jpg","1195608","1.14","2024-04-02 11:43:57","INDEX_ONLY_RAW_SOURCE"
"01_INPUT(입력_원본)\04_SEOUL_NIGHT(서울_밤)\lookbook\final_retouched\1) 착장1(올블랙)\2) 여자모델\1) 기본컷\기본_측면_오른쪽 복사.jpg","01_INPUT(입력_원본)",".jpg","1163339","1.109","2024-03-30 01:29:01","INDEX_ONLY_RAW_SOURCE"
"01_INPUT(입력_원본)\04_SEOUL_NIGHT(서울_밤)\lookbook\final_retouched\1) 착장1(올블랙)\2) 여자모델\1) 기본컷\기본_측면_오른쪽 복사(로고제거).jpg","01_INPUT(입력_원본)",".jpg","213610","0.204","2024-04-04 20:08:46","INDEX_ONLY_RAW_SOURCE"
"01_INPUT(입력_원본)\04_SEOUL_NIGHT(서울_밤)\lookbook\final_retouched\1) 착장1(올블랙)\2) 여자모델\1) 기본컷\기본_측면_왼쪽 복사.jpg","01_INPUT(입력_원본)",".jpg","1134869","1.082","2024-03-30 01:26:43","INDEX_ONLY_RAW_SOURCE"
"01_INPUT(입력_원본)\04_SEOUL_NIGHT(서울_밤)\lookbook\final_retouched\1) 착장1(올블랙)\2) 여자모델\1) 기본컷\기본_측면_왼쪽 복사(로고제거).jpg","01_INPUT(입력_원본)",".jpg","208913","0.199","2024-04-04 20:07:22","INDEX_ONLY_RAW_SOURCE"
"01_INPUT(입력_원본)\04_SEOUL_NIGHT(서울_밤)\lookbook\final_retouched\1) 착장1(올블랙)\2) 여자모델\1) 기본컷\정방향\NIGHT_기본_대각선_오른쪽-복사(로고-삽입).jpg","01_INPUT(입력_원본)",".jpg","181686","0.173","2024-04-09 23:17:21","INDEX_ONLY_RAW_SOURCE"
"01_INPUT(입력_원본)\04_SEOUL_NIGHT(서울_밤)\lookbook\final_retouched\1) 착장1(올블랙)\2) 여자모델\1) 기본컷\정방향\NIGHT_기본_대각선_오른쪽-복사(로고제거).jpg","01_INPUT(입력_원본)",".jpg","179226","0.171","2024-04-09 23:04:44","INDEX_ONLY_RAW_SOURCE"
"01_INPUT(입력_원본)\04_SEOUL_NIGHT(서울_밤)\lookbook\final_retouched\1) 착장1(올블랙)\2) 여자모델\1) 기본컷\정방향\NIGHT_기본_대각선_왼쪽-복사(로고삽입).jpg","01_INPUT(입력_원본)",".jpg","145687","0.139","2024-04-09 23:17:49","INDEX_ONLY_RAW_SOURCE"
"01_INPUT(입력_원본)\04_SEOUL_NIGHT(서울_밤)\lookbook\final_retouched\1) 착장1(올블랙)\2) 여자모델\1) 기본컷\정방향\NIGHT_기본_대각선_왼쪽-복사(로고제거).jpg","01_INPUT(입력_원본)",".jpg","145485","0.139","2024-04-09 23:02:57","INDEX_ONLY_RAW_SOURCE"
"01_INPUT(입력_원본)\04_SEOUL_NIGHT(서울_밤)\lookbook\final_retouched\1) 착장1(올블랙)\2) 여자모델\1) 기본컷\정방향\NIGHT_기본_뒤-복사(로고-삽입).jpg","01_INPUT(입력_원본)",".jpg","175949","0.168","2024-04-09 23:21:25","INDEX_ONLY_RAW_SOURCE"
"01_INPUT(입력_원본)\04_SEOUL_NIGHT(서울_밤)\lookbook\final_retouched\1) 착장1(올블랙)\2) 여자모델\1) 기본컷\정방향\NIGHT_기본_뒤-복사(로고제거).jpg","01_INPUT(입력_원본)",".jpg","175414","0.167","2024-04-09 23:02:04","INDEX_ONLY_RAW_SOURCE"
"01_INPUT(입력_원본)\04_SEOUL_NIGHT(서울_밤)\lookbook\final_retouched\1) 착장1(올블랙)\2) 여자모델\1) 기본컷\정방향\NIGHT_기본_앞_정면2-복사(로고삽입).jpg","01_INPUT(입력_원본)",".jpg","153668","0.147","2024-04-09 23:07:56","INDEX_ONLY_RAW_SOURCE"
"01_INPUT(입력_원본)\04_SEOUL_NIGHT(서울_밤)\lookbook\final_retouched\1) 착장1(올블랙)\2) 여자모델\1) 기본컷\정방향\NIGHT_기본_측면_오른쪽-복사(로고제거).jpg","01_INPUT(입력_원본)",".jpg","146519","0.14","2024-04-09 23:01:01","INDEX_ONLY_RAW_SOURCE"
"01_INPUT(입력_원본)\04_SEOUL_NIGHT(서울_밤)\lookbook\final_retouched\1) 착장1(올블랙)\2) 여자모델\1) 기본컷\정방향\NIGHT_기본_측면_왼쪽-복사(로고제거).jpg","01_INPUT(입력_원본)",".jpg","132047","0.126","2024-04-09 22:59:06","INDEX_ONLY_RAW_SOURCE"
"01_INPUT(입력_원본)\04_SEOUL_NIGHT(서울_밤)\lookbook\final_retouched\1) 착장1(올블랙)\2) 여자모델\2) 자유\03157855 복사.jpg","01_INPUT(입력_원본)",".jpg","1258294","1.2","2024-03-31 00:33:43","INDEX_ONLY_RAW_SOURCE"
"01_INPUT(입력_원본)\04_SEOUL_NIGHT(서울_밤)\lookbook\final_retouched\1) 착장1(올블랙)\2) 여자모델\2) 자유\03157859 복사.jpg","01_INPUT(입력_원본)",".jpg","1242696","1.185","2024-03-31 00:31:59","INDEX_ONLY_RAW_SOURCE"
"01_INPUT(입력_원본)\04_SEOUL_NIGHT(서울_밤)\lookbook\final_retouched\1) 착장1(올블랙)\2) 여자모델\2) 자유\03157860 복사.jpg","01_INPUT(입력_원본)",".jpg","1206509","1.151","2024-03-31 00:29:54","INDEX_ONLY_RAW_SOURCE"
"01_INPUT(입력_원본)\04_SEOUL_NIGHT(서울_밤)\lookbook\final_retouched\1) 착장1(올블랙)\2) 여자모델\2) 자유\03157866 복사.jpg","01_INPUT(입력_원본)",".jpg","1270856","1.212","2024-03-31 00:28:21","INDEX_ONLY_RAW_SOURCE"
"01_INPUT(입력_원본)\04_SEOUL_NIGHT(서울_밤)\lookbook\final_retouched\1) 착장1(올블랙)\2) 여자모델\2) 자유\03157870 복사.jpg","01_INPUT(입력_원본)",".jpg","1340611","1.279","2024-04-04 20:28:39","INDEX_ONLY_RAW_SOURCE"
"01_INPUT(입력_원본)\04_SEOUL_NIGHT(서울_밤)\lookbook\final_retouched\1) 착장1(올블랙)\2) 여자모델\2) 자유\03157875 복사.jpg","01_INPUT(입력_원본)",".jpg","1170450","1.116","2024-03-31 00:26:09","INDEX_ONLY_RAW_SOURCE"
"01_INPUT(입력_원본)\04_SEOUL_NIGHT(서울_밤)\lookbook\final_retouched\1) 착장1(올블랙)\2) 여자모델\2) 자유\03157883 복사.jpg","01_INPUT(입력_원본)",".jpg","1688673","1.61","2024-03-31 00:25:23","INDEX_ONLY_RAW_SOURCE"
"01_INPUT(입력_원본)\04_SEOUL_NIGHT(서울_밤)\lookbook\final_retouched\1) 착장1(올블랙)\2) 여자모델\2) 자유\03157886 복사.jpg","01_INPUT(입력_원본)",".jpg","807902","0.77","2024-03-31 00:35:08","INDEX_ONLY_RAW_SOURCE"
"01_INPUT(입력_원본)\04_SEOUL_NIGHT(서울_밤)\lookbook\final_retouched\1) 착장1(올블랙)\2) 여자모델\2) 자유\03157903 복사.jpg","01_INPUT(입력_원본)",".jpg","1778149","1.696","2024-03-31 00:24:46","INDEX_ONLY_RAW_SOURCE"
"01_INPUT(입력_원본)\04_SEOUL_NIGHT(서울_밤)\lookbook\final_retouched\1) 착장1(올블랙)\2) 여자모델\2) 자유\로고 제거\03157855 복사(로고제거).jpg","01_INPUT(입력_원본)",".jpg","245083","0.234","2024-04-04 20:31:37","INDEX_ONLY_RAW_SOURCE"
"01_INPUT(입력_원본)\04_SEOUL_NIGHT(서울_밤)\lookbook\final_retouched\1) 착장1(올블랙)\2) 여자모델\2) 자유\로고 제거\03157859 복사(로고제거).jpg","01_INPUT(입력_원본)",".jpg","238859","0.228","2024-04-04 20:31:05","INDEX_ONLY_RAW_SOURCE"
"01_INPUT(입력_원본)\04_SEOUL_NIGHT(서울_밤)\lookbook\final_retouched\1) 착장1(올블랙)\2) 여자모델\2) 자유\로고 제거\03157860 복사(로고제거).jpg","01_INPUT(입력_원본)",".jpg","234620","0.224","2024-04-04 20:30:23","INDEX_ONLY_RAW_SOURCE"
"01_INPUT(입력_원본)\04_SEOUL_NIGHT(서울_밤)\lookbook\final_retouched\1) 착장1(올블랙)\2) 여자모델\2) 자유\로고 제거\03157866 복사(로고제거).jpg","01_INPUT(입력_원본)",".jpg","248322","0.237","2024-04-04 20:29:44","INDEX_ONLY_RAW_SOURCE"
"01_INPUT(입력_원본)\04_SEOUL_NIGHT(서울_밤)\lookbook\final_retouched\1) 착장1(올블랙)\2) 여자모델\2) 자유\로고 제거\03157870 복사(로고제거).jpg","01_INPUT(입력_원본)",".jpg","276579","0.264","2024-04-04 20:28:35","INDEX_ONLY_RAW_SOURCE"
"01_INPUT(입력_원본)\04_SEOUL_NIGHT(서울_밤)\lookbook\final_retouched\1) 착장1(올블랙)\2) 여자모델\2) 자유\로고 제거\03157875 복사(로고제거).jpg","01_INPUT(입력_원본)",".jpg","262040","0.25","2024-04-04 20:28:04","INDEX_ONLY_RAW_SOURCE"
"01_INPUT(입력_원본)\04_SEOUL_NIGHT(서울_밤)\lookbook\final_retouched\1) 착장1(올블랙)\2) 여자모델\2) 자유\로고 제거\03157883 복사(로고제거).jpg","01_INPUT(입력_원본)",".jpg","439541","0.419","2024-04-04 20:26:41","INDEX_ONLY_RAW_SOURCE"
"01_INPUT(입력_원본)\04_SEOUL_NIGHT(서울_밤)\lookbook\final_retouched\1) 착장1(올블랙)\2) 여자모델\2) 자유\로고 제거\03157903 복사(로고제거).jpg","01_INPUT(입력_원본)",".jpg","443564","0.423","2024-04-04 20:25:05","INDEX_ONLY_RAW_SOURCE"
"01_INPUT(입력_원본)\04_SEOUL_NIGHT(서울_밤)\lookbook\final_retouched\1) 착장1(올블랙)\3) 트윈\03157791 복사.jpg","01_INPUT(입력_원본)",".jpg","897826","0.856","2024-03-31 00:47:14","INDEX_ONLY_RAW_SOURCE"
"01_INPUT(입력_원본)\04_SEOUL_NIGHT(서울_밤)\lookbook\final_retouched\1) 착장1(올블랙)\3) 트윈\03157793 복사.jpg","01_INPUT(입력_원본)",".jpg","1310887","1.25","2024-03-31 00:45:06","INDEX_ONLY_RAW_SOURCE"
"01_INPUT(입력_원본)\04_SEOUL_NIGHT(서울_밤)\lookbook\final_retouched\1) 착장1(올블랙)\3) 트윈\03157801 복사.jpg","01_INPUT(입력_원본)",".jpg","1359384","1.296","2024-03-31 00:43:06","INDEX_ONLY_RAW_SOURCE"
"01_INPUT(입력_원본)\04_SEOUL_NIGHT(서울_밤)\lookbook\final_retouched\1) 착장1(올블랙)\3) 트윈\03157806 복사.jpg","01_INPUT(입력_원본)",".jpg","1758151","1.677","2024-03-31 00:40:35","INDEX_ONLY_RAW_SOURCE"
"01_INPUT(입력_원본)\04_SEOUL_NIGHT(서울_밤)\lookbook\final_retouched\1) 착장1(올블랙)\3) 트윈\03157810 복사.jpg","01_INPUT(입력_원본)",".jpg","1774171","1.692","2024-03-31 00:39:29","INDEX_ONLY_RAW_SOURCE"
"01_INPUT(입력_원본)\04_SEOUL_NIGHT(서울_밤)\lookbook\final_retouched\1) 착장1(올블랙)\3) 트윈\03157828 복사.jpg","01_INPUT(입력_원본)",".jpg","1765872","1.684","2024-03-31 00:38:00","INDEX_ONLY_RAW_SOURCE"
"01_INPUT(입력_원본)\04_SEOUL_NIGHT(서울_밤)\lookbook\final_retouched\1) 착장1(올블랙)\3) 트윈\03157830 복사.jpg","01_INPUT(입력_원본)",".jpg","1619438","1.544","2024-03-31 00:37:30","INDEX_ONLY_RAW_SOURCE"
"01_INPUT(입력_원본)\04_SEOUL_NIGHT(서울_밤)\lookbook\final_retouched\1) 착장1(올블랙)\3) 트윈\로고 제거\03157791 복사(로고제거).jpg","01_INPUT(입력_원본)",".jpg","297238","0.283","2024-04-04 20:39:25","INDEX_ONLY_RAW_SOURCE"
"01_INPUT(입력_원본)\04_SEOUL_NIGHT(서울_밤)\lookbook\final_retouched\1) 착장1(올블랙)\3) 트윈\로고 제거\03157793 복사(로고제거).jpg","01_INPUT(입력_원본)",".jpg","316079","0.301","2024-04-04 20:38:33","INDEX_ONLY_RAW_SOURCE"
"01_INPUT(입력_원본)\04_SEOUL_NIGHT(서울_밤)\lookbook\final_retouched\1) 착장1(올블랙)\3) 트윈\로고 제거\03157801 복사(로고제거).jpg","01_INPUT(입력_원본)",".jpg","1363219","1.3","2024-04-08 16:12:24","INDEX_ONLY_RAW_SOURCE"
"01_INPUT(입력_원본)\04_SEOUL_NIGHT(서울_밤)\lookbook\final_retouched\1) 착장1(올블랙)\3) 트윈\로고 제거\03157806 복사(로고제거).jpg","01_INPUT(입력_원본)",".jpg","410047","0.391","2024-04-04 20:37:30","INDEX_ONLY_RAW_SOURCE"
"01_INPUT(입력_원본)\04_SEOUL_NIGHT(서울_밤)\lookbook\final_retouched\1) 착장1(올블랙)\3) 트윈\로고 제거\03157810 복사(로고제거).jpg","01_INPUT(입력_원본)",".jpg","413368","0.394","2024-04-04 20:35:22","INDEX_ONLY_RAW_SOURCE"
"01_INPUT(입력_원본)\04_SEOUL_NIGHT(서울_밤)\lookbook\final_retouched\1) 착장1(올블랙)\3) 트윈\로고 제거\03157828 복사(로고제거).jpg","01_INPUT(입력_원본)",".jpg","453496","0.432","2024-04-04 20:34:26","INDEX_ONLY_RAW_SOURCE"
"01_INPUT(입력_원본)\04_SEOUL_NIGHT(서울_밤)\lookbook\final_retouched\1) 착장1(올블랙)\3) 트윈\로고 제거\03157830 복사(로고제거).jpg","01_INPUT(입력_원본)",".jpg","404627","0.386","2024-04-04 20:33:42","INDEX_ONLY_RAW_SOURCE"
"01_INPUT(입력_원본)\04_SEOUL_NIGHT(서울_밤)\lookbook\final_retouched\1) 착장1(올블랙)\3) 트윈\정방향\03157791.jpg","01_INPUT(입력_원본)",".jpg","726197","0.693","2024-04-10 02:58:12","INDEX_ONLY_RAW_SOURCE"
"01_INPUT(입력_원본)\04_SEOUL_NIGHT(서울_밤)\lookbook\final_retouched\1) 착장1(올블랙)\3) 트윈\정방향\03157793.jpg","01_INPUT(입력_원본)",".jpg","744512","0.71","2024-04-10 02:57:29","INDEX_ONLY_RAW_SOURCE"
"01_INPUT(입력_원본)\04_SEOUL_NIGHT(서울_밤)\lookbook\final_retouched\1) 착장1(올블랙)\3) 트윈\정방향\03157801.jpg","01_INPUT(입력_원본)",".jpg","1457212","1.39","2024-04-10 02:51:58","INDEX_ONLY_RAW_SOURCE"
"01_INPUT(입력_원본)\04_SEOUL_NIGHT(서울_밤)\lookbook\final_retouched\1) 착장1(올블랙)\3) 트윈\정방향\03157806.jpg","01_INPUT(입력_원본)",".jpg","938757","0.895","2024-04-10 02:59:32","INDEX_ONLY_RAW_SOURCE"
"01_INPUT(입력_원본)\04_SEOUL_NIGHT(서울_밤)\lookbook\final_retouched\1) 착장1(올블랙)\3) 트윈\정방향\03157810.jpg","01_INPUT(입력_원본)",".jpg","1279089","1.22","2024-04-10 02:48:49","INDEX_ONLY_RAW_SOURCE"
"01_INPUT(입력_원본)\04_SEOUL_NIGHT(서울_밤)\lookbook\final_retouched\1) 착장1(올블랙)\3) 트윈\정방향\03157828-복사.jpg","01_INPUT(입력_원본)",".jpg","1298367","1.238","2024-04-10 03:00:34","INDEX_ONLY_RAW_SOURCE"
"01_INPUT(입력_원본)\04_SEOUL_NIGHT(서울_밤)\lookbook\final_retouched\1) 착장1(올블랙)\3) 트윈\정방향\03157830.jpg","01_INPUT(입력_원본)",".jpg","893876","0.852","2024-04-10 03:01:41","INDEX_ONLY_RAW_SOURCE"
"01_INPUT(입력_원본)\04_SEOUL_NIGHT(서울_밤)\lookbook\final_retouched\2) 착장2(믹스)\1) 남자모델\1) 기본컷\기본_대각선_오른쪽 복사.jpg","01_INPUT(입력_원본)",".jpg","1117919","1.066","2024-03-30 12:36:04","INDEX_ONLY_RAW_SOURCE"
"01_INPUT(입력_원본)\04_SEOUL_NIGHT(서울_밤)\lookbook\final_retouched\2) 착장2(믹스)\1) 남자모델\1) 기본컷\기본_대각선_왼쪽 복사.jpg","01_INPUT(입력_원본)",".jpg","1101128","1.05","2024-03-30 12:34:03","INDEX_ONLY_RAW_SOURCE"
"01_INPUT(입력_원본)\04_SEOUL_NIGHT(서울_밤)\lookbook\final_retouched\2) 착장2(믹스)\1) 남자모델\1) 기본컷\기본_뒤 복사.jpg","01_INPUT(입력_원본)",".jpg","1168913","1.115","2024-03-30 12:32:01","INDEX_ONLY_RAW_SOURCE"
"01_INPUT(입력_원본)\04_SEOUL_NIGHT(서울_밤)\lookbook\final_retouched\2) 착장2(믹스)\1) 남자모델\1) 기본컷\기본_정면 복사.jpg","01_INPUT(입력_원본)",".jpg","1166769","1.113","2024-03-30 12:30:38","INDEX_ONLY_RAW_SOURCE"
"01_INPUT(입력_원본)\04_SEOUL_NIGHT(서울_밤)\lookbook\final_retouched\2) 착장2(믹스)\1) 남자모델\1) 기본컷\기본_측면_오른쪽 복사.jpg","01_INPUT(입력_원본)",".jpg","1064605","1.015","2024-03-30 12:27:18","INDEX_ONLY_RAW_SOURCE"
"01_INPUT(입력_원본)\04_SEOUL_NIGHT(서울_밤)\lookbook\final_retouched\2) 착장2(믹스)\1) 남자모델\1) 기본컷\기본_측면_왼쪽 복사.jpg","01_INPUT(입력_원본)",".jpg","1041255","0.993","2024-03-30 12:24:52","INDEX_ONLY_RAW_SOURCE"
"01_INPUT(입력_원본)\04_SEOUL_NIGHT(서울_밤)\lookbook\final_retouched\2) 착장2(믹스)\1) 남자모델\1) 기본컷\정방향\기본_대각선_오른쪽.jpg","01_INPUT(입력_원본)",".jpg","1184750","1.13","2024-04-10 04:13:53","INDEX_ONLY_RAW_SOURCE"
"01_INPUT(입력_원본)\04_SEOUL_NIGHT(서울_밤)\lookbook\final_retouched\2) 착장2(믹스)\1) 남자모델\1) 기본컷\정방향\기본_대각선_왼쪽.jpg","01_INPUT(입력_원본)",".jpg","1157744","1.104","2024-04-10 04:11:13","INDEX_ONLY_RAW_SOURCE"
"01_INPUT(입력_원본)\04_SEOUL_NIGHT(서울_밤)\lookbook\final_retouched\2) 착장2(믹스)\1) 남자모델\1) 기본컷\정방향\기본_뒤.jpg","01_INPUT(입력_원본)",".jpg","1236578","1.179","2024-04-10 04:08:46","INDEX_ONLY_RAW_SOURCE"
"01_INPUT(입력_원본)\04_SEOUL_NIGHT(서울_밤)\lookbook\final_retouched\2) 착장2(믹스)\1) 남자모델\1) 기본컷\정방향\기본_정면.jpg","01_INPUT(입력_원본)",".jpg","1230717","1.174","2024-04-10 04:33:20","INDEX_ONLY_RAW_SOURCE"
"01_INPUT(입력_원본)\04_SEOUL_NIGHT(서울_밤)\lookbook\final_retouched\2) 착장2(믹스)\1) 남자모델\1) 기본컷\정방향\기본_측면_오른쪽.jpg","01_INPUT(입력_원본)",".jpg","1113918","1.062","2024-04-10 03:56:12","INDEX_ONLY_RAW_SOURCE"
"01_INPUT(입력_원본)\04_SEOUL_NIGHT(서울_밤)\lookbook\final_retouched\2) 착장2(믹스)\1) 남자모델\1) 기본컷\정방향\기본_측면_왼쪽.jpg","01_INPUT(입력_원본)",".jpg","1091752","1.041","2024-04-10 03:54:36","INDEX_ONLY_RAW_SOURCE"
"01_INPUT(입력_원본)\04_SEOUL_NIGHT(서울_밤)\lookbook\final_retouched\2) 착장2(믹스)\1) 남자모델\2) 자유\03150014 복사.jpg","01_INPUT(입력_원본)",".jpg","1163420","1.11","2024-03-31 20:46:46","INDEX_ONLY_RAW_SOURCE"
"01_INPUT(입력_원본)\04_SEOUL_NIGHT(서울_밤)\lookbook\final_retouched\2) 착장2(믹스)\1) 남자모델\2) 자유\03150016 복사.jpg","01_INPUT(입력_원본)",".jpg","1266833","1.208","2024-03-31 20:45:22","INDEX_ONLY_RAW_SOURCE"
"01_INPUT(입력_원본)\04_SEOUL_NIGHT(서울_밤)\lookbook\final_retouched\2) 착장2(믹스)\1) 남자모델\2) 자유\03150020 복사.jpg","01_INPUT(입력_원본)",".jpg","1222040","1.165","2024-03-31 20:44:49","INDEX_ONLY_RAW_SOURCE"
"01_INPUT(입력_원본)\04_SEOUL_NIGHT(서울_밤)\lookbook\final_retouched\2) 착장2(믹스)\1) 남자모델\2) 자유\03152077 1 복사.jpg","01_INPUT(입력_원본)",".jpg","1513389","1.443","2024-03-31 20:43:43","INDEX_ONLY_RAW_SOURCE"
"01_INPUT(입력_원본)\04_SEOUL_NIGHT(서울_밤)\lookbook\final_retouched\2) 착장2(믹스)\1) 남자모델\2) 자유\03152084 1 복사.jpg","01_INPUT(입력_원본)",".jpg","1707202","1.628","2024-03-31 20:42:59","INDEX_ONLY_RAW_SOURCE"
"01_INPUT(입력_원본)\04_SEOUL_NIGHT(서울_밤)\lookbook\final_retouched\2) 착장2(믹스)\1) 남자모델\2) 자유\03152084 1 복사(로고삭제).jpg","01_INPUT(입력_원본)",".jpg","431187","0.411","2024-04-04 20:01:49","INDEX_ONLY_RAW_SOURCE"
"01_INPUT(입력_원본)\04_SEOUL_NIGHT(서울_밤)\lookbook\final_retouched\2) 착장2(믹스)\1) 남자모델\2) 자유\03152088 1 복사.jpg","01_INPUT(입력_원본)",".jpg","1882403","1.795","2024-03-31 20:41:58","INDEX_ONLY_RAW_SOURCE"
"01_INPUT(입력_원본)\04_SEOUL_NIGHT(서울_밤)\lookbook\final_retouched\2) 착장2(믹스)\1) 남자모델\2) 자유\03152088 1 복사(로고 삭제).jpg","01_INPUT(입력_원본)",".jpg","470674","0.449","2024-04-04 20:01:07","INDEX_ONLY_RAW_SOURCE"
"01_INPUT(입력_원본)\04_SEOUL_NIGHT(서울_밤)\lookbook\final_retouched\2) 착장2(믹스)\1) 남자모델\2) 자유\03152102 1 복사.jpg","01_INPUT(입력_원본)",".jpg","1529839","1.459","2024-03-31 20:40:53","INDEX_ONLY_RAW_SOURCE"
"01_INPUT(입력_원본)\04_SEOUL_NIGHT(서울_밤)\lookbook\final_retouched\2) 착장2(믹스)\1) 남자모델\2) 자유\03152102 1 복사(로고삭제).jpg","01_INPUT(입력_원본)",".jpg","370192","0.353","2024-04-04 20:00:38","INDEX_ONLY_RAW_SOURCE"
"01_INPUT(입력_원본)\04_SEOUL_NIGHT(서울_밤)\lookbook\final_retouched\2) 착장2(믹스)\1) 남자모델\2) 자유\03159973 복사.jpg","01_INPUT(입력_원본)",".jpg","910597","0.868","2024-03-31 20:39:54","INDEX_ONLY_RAW_SOURCE"
"01_INPUT(입력_원본)\04_SEOUL_NIGHT(서울_밤)\lookbook\final_retouched\2) 착장2(믹스)\1) 남자모델\2) 자유\03159984 복사.jpg","01_INPUT(입력_원본)",".jpg","1021476","0.974","2024-03-31 20:38:12","INDEX_ONLY_RAW_SOURCE"
"01_INPUT(입력_원본)\04_SEOUL_NIGHT(서울_밤)\lookbook\final_retouched\2) 착장2(믹스)\1) 남자모델\2) 자유\03159995 복사.jpg","01_INPUT(입력_원본)",".jpg","1516728","1.446","2024-03-31 20:36:27","INDEX_ONLY_RAW_SOURCE"
"01_INPUT(입력_원본)\04_SEOUL_NIGHT(서울_밤)\lookbook\final_retouched\2) 착장2(믹스)\2) 여자모델\1) 기본컷\기본_대각선_오른쪽 복사.jpg","01_INPUT(입력_원본)",".jpg","1236371","1.179","2024-03-30 12:20:16","INDEX_ONLY_RAW_SOURCE"
"01_INPUT(입력_원본)\04_SEOUL_NIGHT(서울_밤)\lookbook\final_retouched\2) 착장2(믹스)\2) 여자모델\1) 기본컷\기본_대각선_왼쪽 복사.jpg","01_INPUT(입력_원본)",".jpg","1180767","1.126","2024-03-30 12:18:33","INDEX_ONLY_RAW_SOURCE"
"01_INPUT(입력_원본)\04_SEOUL_NIGHT(서울_밤)\lookbook\final_retouched\2) 착장2(믹스)\2) 여자모델\1) 기본컷\기본_뒤2 복사.jpg","01_INPUT(입력_원본)",".jpg","1207945","1.152","2024-03-30 12:15:50","INDEX_ONLY_RAW_SOURCE"
"01_INPUT(입력_원본)\04_SEOUL_NIGHT(서울_밤)\lookbook\final_retouched\2) 착장2(믹스)\2) 여자모델\1) 기본컷\기본_앞 복사.jpg","01_INPUT(입력_원본)",".jpg","1170568","1.116","2024-03-30 12:22:33","INDEX_ONLY_RAW_SOURCE"
"01_INPUT(입력_원본)\04_SEOUL_NIGHT(서울_밤)\lookbook\final_retouched\2) 착장2(믹스)\2) 여자모델\1) 기본컷\기본_측면_오른쪽 복사.jpg","01_INPUT(입력_원본)",".jpg","1161619","1.108","2024-03-30 12:10:37","INDEX_ONLY_RAW_SOURCE"
"01_INPUT(입력_원본)\04_SEOUL_NIGHT(서울_밤)\lookbook\final_retouched\2) 착장2(믹스)\2) 여자모델\1) 기본컷\기본_측면_왼쪽 복사.jpg","01_INPUT(입력_원본)",".jpg","1162439","1.109","2024-03-30 12:21:03","INDEX_ONLY_RAW_SOURCE"
"01_INPUT(입력_원본)\04_SEOUL_NIGHT(서울_밤)\lookbook\final_retouched\2) 착장2(믹스)\2) 여자모델\2) 자유\03155295 복사.jpg","01_INPUT(입력_원본)",".jpg","1200042","1.144","2024-03-31 21:05:05","INDEX_ONLY_RAW_SOURCE"
"01_INPUT(입력_원본)\04_SEOUL_NIGHT(서울_밤)\lookbook\final_retouched\2) 착장2(믹스)\2) 여자모델\2) 자유\03155298 복사.jpg","01_INPUT(입력_원본)",".jpg","1376948","1.313","2024-03-31 21:03:44","INDEX_ONLY_RAW_SOURCE"
"01_INPUT(입력_원본)\04_SEOUL_NIGHT(서울_밤)\lookbook\final_retouched\2) 착장2(믹스)\2) 여자모델\2) 자유\03155304 복사.jpg","01_INPUT(입력_원본)",".jpg","1159965","1.106","2024-03-31 21:03:07","INDEX_ONLY_RAW_SOURCE"
"01_INPUT(입력_원본)\04_SEOUL_NIGHT(서울_밤)\lookbook\final_retouched\2) 착장2(믹스)\2) 여자모델\2) 자유\03155305 복사.jpg","01_INPUT(입력_원본)",".jpg","1222361","1.166","2024-03-31 21:01:32","INDEX_ONLY_RAW_SOURCE"
"01_INPUT(입력_원본)\04_SEOUL_NIGHT(서울_밤)\lookbook\final_retouched\2) 착장2(믹스)\2) 여자모델\2) 자유\03155311 복사.jpg","01_INPUT(입력_원본)",".jpg","1258303","1.2","2024-03-31 21:00:20","INDEX_ONLY_RAW_SOURCE"
"01_INPUT(입력_원본)\04_SEOUL_NIGHT(서울_밤)\lookbook\final_retouched\2) 착장2(믹스)\2) 여자모델\2) 자유\03155315 복사.jpg","01_INPUT(입력_원본)",".jpg","1195103","1.14","2024-03-31 20:59:24","INDEX_ONLY_RAW_SOURCE"
"01_INPUT(입력_원본)\04_SEOUL_NIGHT(서울_밤)\lookbook\final_retouched\2) 착장2(믹스)\2) 여자모델\2) 자유\03155330 복사.jpg","01_INPUT(입력_원본)",".jpg","1440055","1.373","2024-03-31 20:57:38","INDEX_ONLY_RAW_SOURCE"
"01_INPUT(입력_원본)\04_SEOUL_NIGHT(서울_밤)\lookbook\final_retouched\2) 착장2(믹스)\2) 여자모델\2) 자유\03155333 복사.jpg","01_INPUT(입력_원본)",".jpg","1681002","1.603","2024-03-31 20:56:36","INDEX_ONLY_RAW_SOURCE"
"01_INPUT(입력_원본)\04_SEOUL_NIGHT(서울_밤)\lookbook\final_retouched\2) 착장2(믹스)\2) 여자모델\2) 자유\03155335 복사.jpg","01_INPUT(입력_원본)",".jpg","1611769","1.537","2024-03-31 20:55:34","INDEX_ONLY_RAW_SOURCE"
"01_INPUT(입력_원본)\04_SEOUL_NIGHT(서울_밤)\lookbook\final_retouched\2) 착장2(믹스)\2) 여자모델\2) 자유\03155352 복사.jpg","01_INPUT(입력_원본)",".jpg","1842526","1.757","2024-03-31 20:54:05","INDEX_ONLY_RAW_SOURCE"
"01_INPUT(입력_원본)\04_SEOUL_NIGHT(서울_밤)\lookbook\final_retouched\2) 착장2(믹스)\2) 여자모델\2) 자유\03155359 복사.jpg","01_INPUT(입력_원본)",".jpg","1677108","1.599","2024-03-31 20:53:10","INDEX_ONLY_RAW_SOURCE"
"01_INPUT(입력_원본)\04_SEOUL_NIGHT(서울_밤)\lookbook\final_retouched\2) 착장2(믹스)\2) 여자모델\2) 자유\03155379 복사.jpg","01_INPUT(입력_원본)",".jpg","1214519","1.158","2024-03-31 20:50:39","INDEX_ONLY_RAW_SOURCE"
"01_INPUT(입력_원본)\04_SEOUL_NIGHT(서울_밤)\lookbook\final_retouched\2) 착장2(믹스)\2) 여자모델\2) 자유\03156407 복사.jpg","01_INPUT(입력_원본)",".jpg","1510953","1.441","2024-03-31 20:49:49","INDEX_ONLY_RAW_SOURCE"
"01_INPUT(입력_원본)\04_SEOUL_NIGHT(서울_밤)\lookbook\final_retouched\2) 착장2(믹스)\2) 여자모델\2) 자유\03156408 복사.jpg","01_INPUT(입력_원본)",".jpg","1689336","1.611","2024-03-31 20:49:23","INDEX_ONLY_RAW_SOURCE"
"01_INPUT(입력_원본)\04_SEOUL_NIGHT(서울_밤)\lookbook\final_retouched\2) 착장2(믹스)\3) 트윈\03154150 복사.jpg","01_INPUT(입력_원본)",".jpg","1343007","1.281","2024-03-31 21:17:24","INDEX_ONLY_RAW_SOURCE"
"01_INPUT(입력_원본)\04_SEOUL_NIGHT(서울_밤)\lookbook\final_retouched\2) 착장2(믹스)\3) 트윈\03154153 복사.jpg","01_INPUT(입력_원본)",".jpg","1207341","1.151","2024-03-31 21:15:37","INDEX_ONLY_RAW_SOURCE"
"01_INPUT(입력_원본)\04_SEOUL_NIGHT(서울_밤)\lookbook\final_retouched\2) 착장2(믹스)\3) 트윈\03154157 복사.jpg","01_INPUT(입력_원본)",".jpg","1366867","1.304","2024-03-31 21:14:08","INDEX_ONLY_RAW_SOURCE"
"01_INPUT(입력_원본)\04_SEOUL_NIGHT(서울_밤)\lookbook\final_retouched\2) 착장2(믹스)\3) 트윈\03154171 복사.jpg","01_INPUT(입력_원본)",".jpg","1643253","1.567","2024-03-31 21:12:33","INDEX_ONLY_RAW_SOURCE"
"01_INPUT(입력_원본)\04_SEOUL_NIGHT(서울_밤)\lookbook\final_retouched\2) 착장2(믹스)\3) 트윈\03154178 복사.jpg","01_INPUT(입력_원본)",".jpg","1838475","1.753","2024-03-31 21:11:40","INDEX_ONLY_RAW_SOURCE"
"01_INPUT(입력_원본)\04_SEOUL_NIGHT(서울_밤)\lookbook\final_retouched\2) 착장2(믹스)\3) 트윈\03154189 복사.jpg","01_INPUT(입력_원본)",".jpg","1293159","1.233","2024-03-31 21:10:14","INDEX_ONLY_RAW_SOURCE"
"01_INPUT(입력_원본)\04_SEOUL_NIGHT(서울_밤)\lookbook\final_retouched\2) 착장2(믹스)\3) 트윈\03154195 복사.jpg","01_INPUT(입력_원본)",".jpg","2026138","1.932","2024-03-31 21:09:25","INDEX_ONLY_RAW_SOURCE"
"01_INPUT(입력_원본)\04_SEOUL_NIGHT(서울_밤)\lookbook\final_retouched\2) 착장2(믹스)\3) 트윈\03154204 복사.jpg","01_INPUT(입력_원본)",".jpg","1682509","1.605","2024-03-31 21:08:25","INDEX_ONLY_RAW_SOURCE"
"01_INPUT(입력_원본)\04_SEOUL_NIGHT(서울_밤)\lookbook\final_retouched\2) 착장2(믹스)\3) 트윈\03154241 복사.jpg","01_INPUT(입력_원본)",".jpg","1487282","1.418","2024-03-31 21:06:59","INDEX_ONLY_RAW_SOURCE"
"01_INPUT(입력_원본)\04_SEOUL_NIGHT(서울_밤)\reels\campaign_assets\THE DAY OF NIGHT.mp4","01_INPUT(입력_원본)",".mp4","6870880","6.553","2024-04-08 21:07:12","INDEX_ONLY_RAW_SOURCE"
"01_INPUT(입력_원본)\04_SEOUL_NIGHT(서울_밤)\reels\campaign_assets\THE DAY OF NIGHT(블랙).mp4","01_INPUT(입력_원본)",".mp4","6849751","6.532","2024-04-08 21:10:38","INDEX_ONLY_RAW_SOURCE"
"01_INPUT(입력_원본)\05_PRODUCTS(제품)\artwork_final\1x\대지 2.png","01_INPUT(입력_원본)",".png","1233384","1.176","2023-12-08 15:12:53","INDEX_ONLY_RAW_SOURCE"
"01_INPUT(입력_원본)\05_PRODUCTS(제품)\artwork_final\1x\뒷면.png","01_INPUT(입력_원본)",".png","1895815","1.808","2023-12-08 15:13:12","INDEX_ONLY_RAW_SOURCE"
"01_INPUT(입력_원본)\05_PRODUCTS(제품)\artwork_final\마무리\자간0.png","01_INPUT(입력_원본)",".png","1120357","1.068","2024-01-04 21:29:00","INDEX_ONLY_RAW_SOURCE"
"01_INPUT(입력_원본)\05_PRODUCTS(제품)\artwork_final\마무리\자간100.png","01_INPUT(입력_원본)",".png","1121485","1.07","2024-01-04 21:28:21","INDEX_ONLY_RAW_SOURCE"
"01_INPUT(입력_원본)\05_PRODUCTS(제품)\artwork_final\마무리\Apparel_Digital_Adult_ShortSleeveTshirtsB_Front_375x425(자간0).ai","01_INPUT(입력_원본)",".ai","2661931","2.539","2024-01-26 13:36:43","INDEX_ONLY_RAW_SOURCE"
"01_INPUT(입력_원본)\05_PRODUCTS(제품)\artwork_final\마무리\Apparel_Digital_Adult_ShortSleeveTshirtsB_Front_375x425(자간100).ai","01_INPUT(입력_원본)",".ai","2653770","2.531","2024-01-04 21:26:55","INDEX_ONLY_RAW_SOURCE"
"01_INPUT(입력_원본)\05_PRODUCTS(제품)\artwork_final\마무리\Apparel_Digital_Adult_ShortSleeveTshirtsB_Front_375x425(자간100).png","01_INPUT(입력_원본)",".png","1181260","1.127","2024-01-04 21:27:38","INDEX_ONLY_RAW_SOURCE"
"01_INPUT(입력_원본)\05_PRODUCTS(제품)\artwork_final\야경1.png","01_INPUT(입력_원본)",".png","1155197","1.102","2024-01-05 23:00:10","INDEX_ONLY_RAW_SOURCE"
"01_INPUT(입력_원본)\05_PRODUCTS(제품)\artwork_final\야경2.png","01_INPUT(입력_원본)",".png","874873","0.834","2024-01-05 23:00:11","INDEX_ONLY_RAW_SOURCE"
"01_INPUT(입력_원본)\05_PRODUCTS(제품)\artwork_final\야경3.png","01_INPUT(입력_원본)",".png","880009","0.839","2024-01-05 23:00:11","INDEX_ONLY_RAW_SOURCE"
"01_INPUT(입력_원본)\05_PRODUCTS(제품)\artwork_final\야경4.png","01_INPUT(입력_원본)",".png","650741","0.621","2024-01-05 23:00:11","INDEX_ONLY_RAW_SOURCE"
"01_INPUT(입력_원본)\05_PRODUCTS(제품)\artwork_final\야경5.png","01_INPUT(입력_원본)",".png","832199","0.794","2024-01-05 23:00:12","INDEX_ONLY_RAW_SOURCE"
"01_INPUT(입력_원본)\05_PRODUCTS(제품)\artwork_final\Apparel_Digital_Adult_ShortSleeveTshirtsB_Back_375x425(SEOUL_KOREA TOUR_small)_폰트 수정_서용.ai","01_INPUT(입력_원본)",".ai","7729848","7.372","2024-02-01 16:49:51","INDEX_ONLY_RAW_SOURCE"
"01_INPUT(입력_원본)\05_PRODUCTS(제품)\artwork_final\Apparel_Digital_Adult_ShortSleeveTshirtsB_Back_375x425(SEOUL_KOREA TOUR_small)_폰트 수정.ai","01_INPUT(입력_원본)",".ai","5308175","5.062","2023-11-14 15:44:08","INDEX_ONLY_RAW_SOURCE"
"01_INPUT(입력_원본)\05_PRODUCTS(제품)\artwork_final\Apparel_Digital_Adult_ShortSleeveTshirtsB_Back_375x425(SEOUL_KOREA TOUR_small).ai","01_INPUT(입력_원본)",".ai","5265110","5.021","2023-10-24 19:54:46","INDEX_ONLY_RAW_SOURCE"
"01_INPUT(입력_원본)\05_PRODUCTS(제품)\artwork_final\Apparel_Digital_Adult_ShortSleeveTshirtsB_Front_375x425(SEOUL_배경) 복사본.ai","01_INPUT(입력_원본)",".ai","2740372","2.613","2023-10-25 10:51:13","INDEX_ONLY_RAW_SOURCE"
"01_INPUT(입력_원본)\05_PRODUCTS(제품)\artwork_final\Apparel_Digital_Adult_ShortSleeveTshirtsB_Front_375x425(SEOUL_배경).ai","01_INPUT(입력_원본)",".ai","2711339","2.586","2023-12-29 20:53:32","INDEX_ONLY_RAW_SOURCE"
"01_INPUT(입력_원본)\05_PRODUCTS(제품)\artwork_final\Apparel_Digital_Adult_ShortSleeveTshirtsB_Front_375x425(SEOUL_CENTER_SMALL).ai","01_INPUT(입력_원본)",".ai","2639158","2.517","2023-10-23 18:26:10","INDEX_ONLY_RAW_SOURCE"
"01_INPUT(입력_원본)\05_PRODUCTS(제품)\artwork_final\LOGO_KOREA TOUR.ai","01_INPUT(입력_원본)",".ai","1169317","1.115","2023-10-24 16:12:32","INDEX_ONLY_RAW_SOURCE"
"01_INPUT(입력_원본)\05_PRODUCTS(제품)\artwork_final\XXX STUDIO_KOREA TOUR_SEOUL_DAY_BACK (52 x 52).ai","01_INPUT(입력_원본)",".ai","6120644","5.837","2023-12-29 13:13:20","INDEX_ONLY_RAW_SOURCE"
"01_INPUT(입력_원본)\05_PRODUCTS(제품)\artwork_final\XXX STUDIO_KOREA TOUR_SEOUL_DAY_BACK (52 x 52).pdf","01_INPUT(입력_원본)",".pdf","4555627","4.345","2023-12-27 13:52:58","INDEX_ONLY_RAW_SOURCE"
"01_INPUT(입력_원본)\05_PRODUCTS(제품)\artwork_final\XXX STUDIO_KOREA TOUR_SEOUL_NIGHT_BACK (52 x 52)_저녁.ai","01_INPUT(입력_원본)",".ai","14202968","13.545","2024-01-05 23:02:40","INDEX_ONLY_RAW_SOURCE"
"01_INPUT(입력_원본)\05_PRODUCTS(제품)\caps\artwork\자수) XXX STUDIO_KOREA TOUR_SEOUL_CAP(아트워크)_수정본.ai","01_INPUT(입력_원본)",".ai","1309275","1.249","2024-09-23 20:45:18","INDEX_ONLY_RAW_SOURCE"
"01_INPUT(입력_원본)\05_PRODUCTS(제품)\caps\artwork\자수)-XXX-STUDIO_KOREA-TOUR_SEOUL_CAP(아트워크)_수정본.png","01_INPUT(입력_원본)",".png","10853","0.01","2024-09-20 17:40:49","INDEX_ONLY_RAW_SOURCE"
"01_INPUT(입력_원본)\05_PRODUCTS(제품)\caps\day\1) 모자_DAY_앞(배경).png","01_INPUT(입력_원본)",".png","4851538","4.627","2024-10-26 13:54:22","INDEX_ONLY_RAW_SOURCE"
"01_INPUT(입력_원본)\05_PRODUCTS(제품)\caps\day\2) 모자_DAY_45.png","01_INPUT(입력_원본)",".png","5089100","4.853","2024-10-26 14:12:17","INDEX_ONLY_RAW_SOURCE"
"01_INPUT(입력_원본)\05_PRODUCTS(제품)\caps\day\3) 모자_DAY_기움.png","01_INPUT(입력_원본)",".png","5561543","5.304","2024-10-26 14:09:14","INDEX_ONLY_RAW_SOURCE"
"01_INPUT(입력_원본)\05_PRODUCTS(제품)\caps\day\4) 모자_DAY_뒤.png","01_INPUT(입력_원본)",".png","4832003","4.608","2024-10-26 14:02:47","INDEX_ONLY_RAW_SOURCE"
"01_INPUT(입력_원본)\05_PRODUCTS(제품)\caps\label\라벨) 서울_모자_메인라벨.ai","01_INPUT(입력_원본)",".ai","1264526","1.206","2024-10-01 23:48:41","INDEX_ONLY_RAW_SOURCE"
"01_INPUT(입력_원본)\05_PRODUCTS(제품)\caps\night\1) 모자_NIGHT_앞(배경).png","01_INPUT(입력_원본)",".png","6592963","6.288","2024-10-26 14:13:39","INDEX_ONLY_RAW_SOURCE"
"01_INPUT(입력_원본)\05_PRODUCTS(제품)\caps\night\2) 모자_NIGHT_45.png","01_INPUT(입력_원본)",".png","6307312","6.015","2024-10-26 14:14:09","INDEX_ONLY_RAW_SOURCE"
"01_INPUT(입력_원본)\05_PRODUCTS(제품)\caps\night\3) 모자_NIGHT.png","01_INPUT(입력_원본)",".png","6051735","5.771","2024-10-26 14:14:33","INDEX_ONLY_RAW_SOURCE"
"01_INPUT(입력_원본)\05_PRODUCTS(제품)\caps\night\4) 모자_NIGHT_뒤.png","01_INPUT(입력_원본)",".png","5760828","5.494","2024-10-26 14:16:41","INDEX_ONLY_RAW_SOURCE"
"01_INPUT(입력_원본)\05_PRODUCTS(제품)\caps\production_sources\작업지시서) XXX STUDIO_KOREA TOUR_SEOUL_CAP(DAY).xlsx","01_INPUT(입력_원본)",".xlsx","2096854","2","2024-09-18 19:57:42","INDEX_ONLY_RAW_SOURCE"
"01_INPUT(입력_원본)\05_PRODUCTS(제품)\caps\production_sources\작업지시서) XXX STUDIO_KOREA TOUR_SEOUL_CAP(NIGHT)_수정본.xlsx","01_INPUT(입력_원본)",".xlsx","1222949","1.166","2024-09-23 20:44:12","INDEX_ONLY_RAW_SOURCE"
"01_INPUT(입력_원본)\06_SOCIAL_PROOF(실제착용_소셜증거)\celebrity\source_library\0) 디그니티\[K직캠] 디그니티, 뮤직뱅크 출동 '본격 데뷔'.mp4","01_INPUT(입력_원본)",".mp4","14190197","13.533","2024-07-29 19:04:33","INDEX_ONLY_RAW_SOURCE"
"01_INPUT(입력_원본)\06_SOCIAL_PROOF(실제착용_소셜증거)\celebrity\source_library\0) 디그니티\[K직캠] 디그니티, 뮤직뱅크 출동 '본격 데뷔'(1080).mp4","01_INPUT(입력_원본)",".mp4","27208922","25.948","2024-07-29 19:05:40","INDEX_ONLY_RAW_SOURCE"
"01_INPUT(입력_원본)\06_SOCIAL_PROOF(실제착용_소셜증거)\celebrity\source_library\0) 디그니티\표지) 디그니티(블랙).ai","01_INPUT(입력_원본)",".ai","24242686","23.12","2024-11-19 01:08:26","INDEX_ONLY_RAW_SOURCE"
"01_INPUT(입력_원본)\06_SOCIAL_PROOF(실제착용_소셜증거)\celebrity\source_library\0) 디그니티\표지)-디그니티(블랙).png","01_INPUT(입력_원본)",".png","2268764","2.164","2024-11-19 01:08:43","INDEX_ONLY_RAW_SOURCE"
"01_INPUT(입력_원본)\06_SOCIAL_PROOF(실제착용_소셜증거)\celebrity\source_library\1) MA1\-8ljUQ1L2HTUsYts.mp4","01_INPUT(입력_원본)",".mp4","5961493","5.685","2024-08-06 21:14:00","INDEX_ONLY_RAW_SOURCE"
"01_INPUT(입력_원본)\06_SOCIAL_PROOF(실제착용_소셜증거)\celebrity\source_library\1) MA1\릴스_협찬-양식(MA1).png","01_INPUT(입력_원본)",".png","835087","0.796","2024-08-06 22:20:47","INDEX_ONLY_RAW_SOURCE"
"01_INPUT(입력_원본)\06_SOCIAL_PROOF(실제착용_소셜증거)\celebrity\source_library\1) MA1\표지)MA1_안유섭.ai","01_INPUT(입력_원본)",".ai","23502639","22.414","2024-11-19 00:41:32","INDEX_ONLY_RAW_SOURCE"
"01_INPUT(입력_원본)\06_SOCIAL_PROOF(실제착용_소셜증거)\celebrity\source_library\1) MA1\표지)MA1_안유섭.png","01_INPUT(입력_원본)",".png","1729577","1.649","2024-11-19 00:41:43","INDEX_ONLY_RAW_SOURCE"
"01_INPUT(입력_원본)\06_SOCIAL_PROOF(실제착용_소셜증거)\celebrity\source_library\1) MA1\A4SoXTAkh14xC7ia.mp4","01_INPUT(입력_원본)",".mp4","390093","0.372","2024-08-06 22:15:24","INDEX_ONLY_RAW_SOURCE"
"01_INPUT(입력_원본)\06_SOCIAL_PROOF(실제착용_소셜증거)\celebrity\source_library\1) MA1\DaAEDoJtMgvjC7FW.mp4","01_INPUT(입력_원본)",".mp4","508309","0.485","2024-08-06 22:14:58","INDEX_ONLY_RAW_SOURCE"
"01_INPUT(입력_원본)\06_SOCIAL_PROOF(실제착용_소셜증거)\celebrity\source_library\1) MA1\GT3jgPcaoAAr9J1.jpg","01_INPUT(입력_원본)",".jpg","112379","0.107","2024-08-06 21:14:27","INDEX_ONLY_RAW_SOURCE"
"01_INPUT(입력_원본)\06_SOCIAL_PROOF(실제착용_소셜증거)\celebrity\source_library\1) MA1\GTpibJqa8AAIqM9.jpg","01_INPUT(입력_원본)",".jpg","87921","0.084","2024-08-06 21:14:52","INDEX_ONLY_RAW_SOURCE"
"01_INPUT(입력_원본)\06_SOCIAL_PROOF(실제착용_소셜증거)\celebrity\source_library\1) MA1\GTpibJuacAAtVwf.jpg","01_INPUT(입력_원본)",".jpg","103583","0.099","2024-08-06 21:14:46","INDEX_ONLY_RAW_SOURCE"
"01_INPUT(입력_원본)\06_SOCIAL_PROOF(실제착용_소셜증거)\celebrity\source_library\1) MA1\GuHt4HuffEI2XuaG.mp4","01_INPUT(입력_원본)",".mp4","6556768","6.253","2024-08-06 21:16:56","INDEX_ONLY_RAW_SOURCE"
"01_INPUT(입력_원본)\06_SOCIAL_PROOF(실제착용_소셜증거)\celebrity\source_library\1) MA1\iwHhrY-8Cq35_Ydi.mp4","01_INPUT(입력_원본)",".mp4","1563500","1.491","2024-08-06 21:12:30","INDEX_ONLY_RAW_SOURCE"
"01_INPUT(입력_원본)\06_SOCIAL_PROOF(실제착용_소셜증거)\celebrity\source_library\1) MA1\MA1 로고.jpg","01_INPUT(입력_원본)",".jpg","11004","0.01","2024-08-06 22:29:22","INDEX_ONLY_RAW_SOURCE"
"01_INPUT(입력_원본)\06_SOCIAL_PROOF(실제착용_소셜증거)\celebrity\source_library\1) MA1\MA1_안유섭2.jpg","01_INPUT(입력_원본)",".jpg","198299","0.189","2024-08-05 19:56:56","INDEX_ONLY_RAW_SOURCE"
"01_INPUT(입력_원본)\06_SOCIAL_PROOF(실제착용_소셜증거)\celebrity\source_library\1) MA1\MA1.mp4","01_INPUT(입력_원본)",".mp4","61446482","58.6","2024-08-06 22:30:33","INDEX_ONLY_RAW_SOURCE"
"01_INPUT(입력_원본)\06_SOCIAL_PROOF(실제착용_소셜증거)\celebrity\source_library\1) MA1\MA1(음악수정).mp4","01_INPUT(입력_원본)",".mp4","61489578","58.641","2024-08-06 22:38:10","INDEX_ONLY_RAW_SOURCE"
"01_INPUT(입력_원본)\06_SOCIAL_PROOF(실제착용_소셜증거)\celebrity\source_library\2) 코쿤\릴스_협찬 양식(KOKOON).ai","01_INPUT(입력_원본)",".ai","11892611","11.342","2024-09-12 20:12:07","INDEX_ONLY_RAW_SOURCE"
"01_INPUT(입력_원본)\06_SOCIAL_PROOF(실제착용_소셜증거)\celebrity\source_library\2) 코쿤\릴스_협찬-양식(KOKOON).png","01_INPUT(입력_원본)",".png","835892","0.797","2024-09-12 20:12:18","INDEX_ONLY_RAW_SOURCE"
"01_INPUT(입력_원본)\06_SOCIAL_PROOF(실제착용_소셜증거)\celebrity\source_library\2) 코쿤\표지) 코쿤.ai","01_INPUT(입력_원본)",".ai","23220958","22.145","2024-11-19 01:01:26","INDEX_ONLY_RAW_SOURCE"
"01_INPUT(입력_원본)\06_SOCIAL_PROOF(실제착용_소셜증거)\celebrity\source_library\2) 코쿤\표지) 코쿤(블랙).ai","01_INPUT(입력_원본)",".ai","23221262","22.146","2024-11-19 01:02:52","INDEX_ONLY_RAW_SOURCE"
"01_INPUT(입력_원본)\06_SOCIAL_PROOF(실제착용_소셜증거)\celebrity\source_library\2) 코쿤\표지)-코쿤.png","01_INPUT(입력_원본)",".png","1411354","1.346","2024-11-19 01:02:06","INDEX_ONLY_RAW_SOURCE"
"01_INPUT(입력_원본)\06_SOCIAL_PROOF(실제착용_소셜증거)\celebrity\source_library\2) 코쿤\표지)-코쿤(블랙).png","01_INPUT(입력_원본)",".png","1413903","1.348","2024-11-19 01:03:01","INDEX_ONLY_RAW_SOURCE"
"01_INPUT(입력_원본)\06_SOCIAL_PROOF(실제착용_소셜증거)\celebrity\source_library\2) 코쿤\videoplayback.mp4","01_INPUT(입력_원본)",".mp4","107608799","102.624","2024-08-13 22:55:38","INDEX_ONLY_RAW_SOURCE"
"01_INPUT(입력_원본)\06_SOCIAL_PROOF(실제착용_소셜증거)\celebrity\source_library\3) NOUERA\240922 NouerA - 일본 팬미팅 GMP 첫 출국 (장현준 Focus Fancam).mp4","01_INPUT(입력_원본)",".mp4","50176266","47.852","2024-09-29 23:25:27","INDEX_ONLY_RAW_SOURCE"
"01_INPUT(입력_원본)\06_SOCIAL_PROOF(실제착용_소셜증거)\celebrity\source_library\3) NOUERA\기사사진_텐아시아.jpg","01_INPUT(입력_원본)",".jpg","212365","0.203","2024-09-29 22:14:39","INDEX_ONLY_RAW_SOURCE"
"01_INPUT(입력_원본)\06_SOCIAL_PROOF(실제착용_소셜증거)\celebrity\source_library\3) NOUERA\기사사진_ETNEWS.jpg","01_INPUT(입력_원본)",".jpg","333784","0.318","2024-09-29 22:15:26","INDEX_ONLY_RAW_SOURCE"
"01_INPUT(입력_원본)\06_SOCIAL_PROOF(실제착용_소셜증거)\celebrity\source_library\3) NOUERA\기사사진_ETNEWS2.jpg","01_INPUT(입력_원본)",".jpg","328675","0.313","2024-09-29 22:15:42","INDEX_ONLY_RAW_SOURCE"
"01_INPUT(입력_원본)\06_SOCIAL_PROOF(실제착용_소셜증거)\celebrity\source_library\3) NOUERA\기사사진_ETNEWS3.jpg","01_INPUT(입력_원본)",".jpg","331207","0.316","2024-09-29 22:15:53","INDEX_ONLY_RAW_SOURCE"
"01_INPUT(입력_원본)\06_SOCIAL_PROOF(실제착용_소셜증거)\celebrity\source_library\3) NOUERA\누에라-장현준.mp4","01_INPUT(입력_원본)",".mp4","73963233","70.537","2024-10-08 00:53:30","INDEX_ONLY_RAW_SOURCE"
"01_INPUT(입력_원본)\06_SOCIAL_PROOF(실제착용_소셜증거)\celebrity\source_library\3) NOUERA\릴스_협찬 양식(NOUERA)_장현준.ai","01_INPUT(입력_원본)",".ai","11894598","11.344","2024-09-29 18:27:12","INDEX_ONLY_RAW_SOURCE"
"01_INPUT(입력_원본)\06_SOCIAL_PROOF(실제착용_소셜증거)\celebrity\source_library\3) NOUERA\릴스_협찬-양식(NOUERA)_장현준.png","01_INPUT(입력_원본)",".png","835962","0.797","2024-09-29 18:27:30","INDEX_ONLY_RAW_SOURCE"
"01_INPUT(입력_원본)\06_SOCIAL_PROOF(실제착용_소셜증거)\celebrity\source_library\3) NOUERA\장현준_영상(@junmisae).mp4","01_INPUT(입력_원본)",".mp4","451369","0.43","2024-09-29 22:34:07","INDEX_ONLY_RAW_SOURCE"
"01_INPUT(입력_원본)\06_SOCIAL_PROOF(실제착용_소셜증거)\celebrity\source_library\3) NOUERA\장현준_영상2(@junmisae).mp4","01_INPUT(입력_원본)",".mp4","629680","0.601","2024-09-29 22:35:02","INDEX_ONLY_RAW_SOURCE"
"01_INPUT(입력_원본)\06_SOCIAL_PROOF(실제착용_소셜증거)\celebrity\source_library\3) NOUERA\장현준1(@junmisae).jpg","01_INPUT(입력_원본)",".jpg","525423","0.501","2024-09-29 22:32:32","INDEX_ONLY_RAW_SOURCE"
"01_INPUT(입력_원본)\06_SOCIAL_PROOF(실제착용_소셜증거)\celebrity\source_library\3) NOUERA\장현준1(@jyuniee2).jpg","01_INPUT(입력_원본)",".jpg","78948","0.075","2024-09-29 22:19:07","INDEX_ONLY_RAW_SOURCE"
"01_INPUT(입력_원본)\06_SOCIAL_PROOF(실제착용_소셜증거)\celebrity\source_library\3) NOUERA\장현준2(@junmisae).jpg","01_INPUT(입력_원본)",".jpg","632498","0.603","2024-09-29 22:32:43","INDEX_ONLY_RAW_SOURCE"
"01_INPUT(입력_원본)\06_SOCIAL_PROOF(실제착용_소셜증거)\celebrity\source_library\3) NOUERA\장현준2(@jyuniee2).jpg","01_INPUT(입력_원본)",".jpg","310896","0.296","2024-09-29 22:44:36","INDEX_ONLY_RAW_SOURCE"
"01_INPUT(입력_원본)\06_SOCIAL_PROOF(실제착용_소셜증거)\celebrity\source_library\3) NOUERA\장현준3(@jyuniee2).jpg","01_INPUT(입력_원본)",".jpg","326023","0.311","2024-09-29 22:44:47","INDEX_ONLY_RAW_SOURCE"
"01_INPUT(입력_원본)\06_SOCIAL_PROOF(실제착용_소셜증거)\celebrity\source_library\3) NOUERA\장현준4(@jyuniee2).jpg","01_INPUT(입력_원본)",".jpg","308927","0.295","2024-09-29 22:46:11","INDEX_ONLY_RAW_SOURCE"
"01_INPUT(입력_원본)\06_SOCIAL_PROOF(실제착용_소셜증거)\celebrity\source_library\3) NOUERA\표지) 누에라 장현준.ai","01_INPUT(입력_원본)",".ai","27938975","26.645","2024-11-19 00:49:13","INDEX_ONLY_RAW_SOURCE"
"01_INPUT(입력_원본)\06_SOCIAL_PROOF(실제착용_소셜증거)\celebrity\source_library\3) NOUERA\표지)-누에라-장현준.png","01_INPUT(입력_원본)",".png","2525263","2.408","2024-11-19 00:50:08","INDEX_ONLY_RAW_SOURCE"
"01_INPUT(입력_원본)\06_SOCIAL_PROOF(실제착용_소셜증거)\celebrity\source_library\4) 맹꽁아\1727141698675_542777.jpg","01_INPUT(입력_원본)",".jpg","291223","0.278","2024-11-18 23:10:48","INDEX_ONLY_RAW_SOURCE"
"01_INPUT(입력_원본)\06_SOCIAL_PROOF(실제착용_소셜증거)\celebrity\source_library\4) 맹꽁아\2) 맨투맨\릴스_협찬 양식(맹꽁아)_박상남_ 맨투맨.ai","01_INPUT(입력_원본)",".ai","84646213","80.725","2024-11-20 21:56:55","INDEX_ONLY_RAW_SOURCE"
"01_INPUT(입력_원본)\06_SOCIAL_PROOF(실제착용_소셜증거)\celebrity\source_library\4) 맹꽁아\2) 맨투맨\릴스_협찬-양식(맹꽁아)_박상남_-맨투맨.png","01_INPUT(입력_원본)",".png","1487309","1.418","2024-11-19 21:25:40","INDEX_ONLY_RAW_SOURCE"
"01_INPUT(입력_원본)\06_SOCIAL_PROOF(실제착용_소셜증거)\celebrity\source_library\4) 맹꽁아\2) 맨투맨\릴스_협찬(표지)_맹꽁이_맨투맨(블랙).ai","01_INPUT(입력_원본)",".ai","22488541","21.447","2024-11-19 22:06:27","INDEX_ONLY_RAW_SOURCE"
"01_INPUT(입력_원본)\06_SOCIAL_PROOF(실제착용_소셜증거)\celebrity\source_library\4) 맹꽁아\2) 맨투맨\릴스_협찬(표지)_맹꽁이_맨투맨(블랙).png","01_INPUT(입력_원본)",".png","738943","0.705","2024-11-19 22:06:38","INDEX_ONLY_RAW_SOURCE"
"01_INPUT(입력_원본)\06_SOCIAL_PROOF(실제착용_소셜증거)\celebrity\source_library\4) 맹꽁아\2) 맨투맨\릴스_협찬(표지)_맹꽁이_맨투맨(화이트).ai","01_INPUT(입력_원본)",".ai","22488829","21.447","2024-11-20 21:56:45","INDEX_ONLY_RAW_SOURCE"
"01_INPUT(입력_원본)\06_SOCIAL_PROOF(실제착용_소셜증거)\celebrity\source_library\4) 맹꽁아\2) 맨투맨\릴스_협찬(표지)_맹꽁이_맨투맨(화이트).png","01_INPUT(입력_원본)",".png","732035","0.698","2024-11-19 22:07:24","INDEX_ONLY_RAW_SOURCE"
"01_INPUT(입력_원본)\06_SOCIAL_PROOF(실제착용_소셜증거)\celebrity\source_library\4) 맹꽁아\2) 맨투맨\맹꽁이2.mp4","01_INPUT(입력_원본)",".mp4","66340868","63.268","2024-11-19 21:44:26","INDEX_ONLY_RAW_SOURCE"
"01_INPUT(입력_원본)\06_SOCIAL_PROOF(실제착용_소셜증거)\celebrity\source_library\4) 맹꽁아\2) 맨투맨\KakaoTalk_20241106_155855095_01.png","01_INPUT(입력_원본)",".png","3450732","3.291","2024-11-18 20:16:13","INDEX_ONLY_RAW_SOURCE"
"01_INPUT(입력_원본)\06_SOCIAL_PROOF(실제착용_소셜증거)\celebrity\source_library\4) 맹꽁아\2) 맨투맨\KakaoTalk_20241106_155855095_02.png","01_INPUT(입력_원본)",".png","2763338","2.635","2024-11-18 20:16:13","INDEX_ONLY_RAW_SOURCE"
"01_INPUT(입력_원본)\06_SOCIAL_PROOF(실제착용_소셜증거)\celebrity\source_library\4) 맹꽁아\2) 맨투맨\KakaoTalk_20241106_155855095_03.png","01_INPUT(입력_원본)",".png","2635114","2.513","2024-11-18 20:16:13","INDEX_ONLY_RAW_SOURCE"
"01_INPUT(입력_원본)\06_SOCIAL_PROOF(실제착용_소셜증거)\celebrity\source_library\4) 맹꽁아\2) 맨투맨\KakaoTalk_20241106_155855095_04.png","01_INPUT(입력_원본)",".png","3480153","3.319","2024-11-18 20:16:13","INDEX_ONLY_RAW_SOURCE"
"01_INPUT(입력_원본)\06_SOCIAL_PROOF(실제착용_소셜증거)\celebrity\source_library\4) 맹꽁아\2) 맨투맨\KakaoTalk_20241106_155855095_05.png","01_INPUT(입력_원본)",".png","2752567","2.625","2024-11-18 20:16:13","INDEX_ONLY_RAW_SOURCE"
"01_INPUT(입력_원본)\06_SOCIAL_PROOF(실제착용_소셜증거)\celebrity\source_library\4) 맹꽁아\2) 맨투맨\KakaoTalk_20241106_155855095.jpg","01_INPUT(입력_원본)",".jpg","353318","0.337","2024-11-18 20:16:13","INDEX_ONLY_RAW_SOURCE"
"01_INPUT(입력_원본)\06_SOCIAL_PROOF(실제착용_소셜증거)\celebrity\source_library\4) 맹꽁아\2) 맨투맨\media (1).mp4","01_INPUT(입력_원본)",".mp4","1121687019","1069.724","2024-11-19 19:50:17","INDEX_ONLY_RAW_SOURCE"
"01_INPUT(입력_원본)\06_SOCIAL_PROOF(실제착용_소셜증거)\celebrity\source_library\4) 맹꽁아\릴스_협찬 양식(맹꽁아)_박상준_반팔.ai","01_INPUT(입력_원본)",".ai","41678311","39.748","2024-11-18 21:59:12","INDEX_ONLY_RAW_SOURCE"
"01_INPUT(입력_원본)\06_SOCIAL_PROOF(실제착용_소셜증거)\celebrity\source_library\4) 맹꽁아\릴스_협찬-양식(맹꽁아)_박상준_반팔.png","01_INPUT(입력_원본)",".png","1187449","1.132","2024-11-18 21:59:17","INDEX_ONLY_RAW_SOURCE"
"01_INPUT(입력_원본)\06_SOCIAL_PROOF(실제착용_소셜증거)\celebrity\source_library\4) 맹꽁아\릴스_협찬(표지)_맹꽁이.ai","01_INPUT(입력_원본)",".ai","23763084","22.662","2024-11-18 23:17:56","INDEX_ONLY_RAW_SOURCE"
"01_INPUT(입력_원본)\06_SOCIAL_PROOF(실제착용_소셜증거)\celebrity\source_library\4) 맹꽁아\릴스_협찬(표지)_맹꽁이.png","01_INPUT(입력_원본)",".png","1134212","1.082","2024-11-18 23:21:26","INDEX_ONLY_RAW_SOURCE"
"01_INPUT(입력_원본)\06_SOCIAL_PROOF(실제착용_소셜증거)\celebrity\source_library\4) 맹꽁아\박상준_서울반팔.mp4","01_INPUT(입력_원본)",".mp4","70711332","67.436","2024-11-18 22:47:17","INDEX_ONLY_RAW_SOURCE"
"01_INPUT(입력_원본)\06_SOCIAL_PROOF(실제착용_소셜증거)\celebrity\source_library\7월 5주_stitch-it Weekly Report(드래그함).pdf","01_INPUT(입력_원본)",".pdf","944630","0.901","2024-08-05 18:35:52","INDEX_ONLY_RAW_SOURCE"
"01_INPUT(입력_원본)\06_SOCIAL_PROOF(실제착용_소셜증거)\celebrity\source_library\지엔오 룩북.pdf","01_INPUT(입력_원본)",".pdf","13559794","12.932","2024-07-29 14:14:07","INDEX_ONLY_RAW_SOURCE"
"01_INPUT(입력_원본)\06_SOCIAL_PROOF(실제착용_소셜증거)\celebrity\source_library\zno\zno\KakaoTalk_20240809_114031769.png","01_INPUT(입력_원본)",".png","1394448","1.33","2024-08-09 17:50:52","INDEX_ONLY_RAW_SOURCE"
"01_INPUT(입력_원본)\06_SOCIAL_PROOF(실제착용_소셜증거)\celebrity\source_library\zno\zno\KakaoTalk_20240809_114035032.png","01_INPUT(입력_원본)",".png","1548608","1.477","2024-08-09 17:51:06","INDEX_ONLY_RAW_SOURCE"
"01_INPUT(입력_원본)\06_SOCIAL_PROOF(실제착용_소셜증거)\celebrity\source_library\zno\zno\KakaoTalk_20240812_105412552.png","01_INPUT(입력_원본)",".png","692130","0.66","2024-08-12 10:51:44","INDEX_ONLY_RAW_SOURCE"
"01_INPUT(입력_원본)\06_SOCIAL_PROOF(실제착용_소셜증거)\celebrity\source_library\zno\zno\Screenshot 2024-08-12 at 10.39.39.JPG","01_INPUT(입력_원본)",".jpg","68532","0.065","2024-08-12 10:39:50","INDEX_ONLY_RAW_SOURCE"
"01_INPUT(입력_원본)\06_SOCIAL_PROOF(실제착용_소셜증거)\celebrity\source_library\zno\zno\Screenshot 2024-08-12 at 10.42.44.JPG","01_INPUT(입력_원본)",".jpg","67426","0.064","2024-08-12 10:42:50","INDEX_ONLY_RAW_SOURCE"
"01_INPUT(입력_원본)\06_SOCIAL_PROOF(실제착용_소셜증거)\creators\instagram_mariana\사진여러개.mp4","01_INPUT(입력_원본)",".mp4","146970","0.14","2024-04-09 15:28:43","INDEX_ONLY_RAW_SOURCE"
"01_INPUT(입력_원본)\06_SOCIAL_PROOF(실제착용_소셜증거)\creators\instagram_mariana\잠실(로고_풍경_블랙).png","01_INPUT(입력_원본)",".png","213101","0.203","2024-04-08 23:41:58","INDEX_ONLY_RAW_SOURCE"
"01_INPUT(입력_원본)\06_SOCIAL_PROOF(실제착용_소셜증거)\creators\instagram_mariana\잠실(옷_블랙-배경).png","01_INPUT(입력_원본)",".png","224792","0.214","2024-04-09 18:44:01","INDEX_ONLY_RAW_SOURCE"
"01_INPUT(입력_원본)\06_SOCIAL_PROOF(실제착용_소셜증거)\creators\instagram_mariana\잠실(옷_FRONT_블랙-배경).png","01_INPUT(입력_원본)",".png","272339","0.26","2024-04-09 19:06:55","INDEX_ONLY_RAW_SOURCE"
"01_INPUT(입력_원본)\06_SOCIAL_PROOF(실제착용_소셜증거)\creators\instagram_mariana\한글)-KOREA-TOUR_DAY-&-NIGHT.png","01_INPUT(입력_원본)",".png","29044","0.028","2024-04-05 14:19:53","INDEX_ONLY_RAW_SOURCE"
"01_INPUT(입력_원본)\06_SOCIAL_PROOF(실제착용_소셜증거)\creators\instagram_mariana\한글)-KOREA-TOUR_DAY(심플_지역번호_세로_화이트).png","01_INPUT(입력_원본)",".png","7551","0.007","2024-04-09 18:02:39","INDEX_ONLY_RAW_SOURCE"
"01_INPUT(입력_원본)\06_SOCIAL_PROOF(실제착용_소셜증거)\creators\instagram_mariana\한글)-KOREA-TOUR_DAY(심플_지역번호_세로).png","01_INPUT(입력_원본)",".png","8773","0.008","2024-04-09 00:56:03","INDEX_ONLY_RAW_SOURCE"
"01_INPUT(입력_원본)\06_SOCIAL_PROOF(실제착용_소셜증거)\creators\instagram_mariana\한글)-KOREA-TOUR_DAY&NIGT-(심플_지역번호_세로).png","01_INPUT(입력_원본)",".png","26347","0.025","2024-04-09 18:20:03","INDEX_ONLY_RAW_SOURCE"
"01_INPUT(입력_원본)\06_SOCIAL_PROOF(실제착용_소셜증거)\creators\instagram_mariana\한글)-KOREA-TOUR_NIGHT(심플_지역번호_세로_블랙).png","01_INPUT(입력_원본)",".png","7538","0.007","2024-04-09 18:00:59","INDEX_ONLY_RAW_SOURCE"
"01_INPUT(입력_원본)\06_SOCIAL_PROOF(실제착용_소셜증거)\creators\instagram_mariana\한글)-KOREA-TOUR_NIGHT(심플_지역번호_세로_화이트).png","01_INPUT(입력_원본)",".png","7538","0.007","2024-04-09 18:02:04","INDEX_ONLY_RAW_SOURCE"
"01_INPUT(입력_원본)\06_SOCIAL_PROOF(실제착용_소셜증거)\creators\instagram_mariana\한글)-KOREA-TOUR_NIGHT(심플_지역번호_세로).png","01_INPUT(입력_원본)",".png","8991","0.009","2024-04-09 00:54:25","INDEX_ONLY_RAW_SOURCE"
"01_INPUT(입력_원본)\06_SOCIAL_PROOF(실제착용_소셜증거)\creators\instagram_mariana\KOREA-TOUR-로고(세로_블랙).png","01_INPUT(입력_원본)",".png","22792","0.022","2024-04-09 18:29:37","INDEX_ONLY_RAW_SOURCE"
"01_INPUT(입력_원본)\06_SOCIAL_PROOF(실제착용_소셜증거)\creators\instagram_mariana\KOREA-TOUR-로고(세로_화이트).png","01_INPUT(입력_원본)",".png","22792","0.022","2024-04-09 18:29:05","INDEX_ONLY_RAW_SOURCE"
"01_INPUT(입력_원본)\06_SOCIAL_PROOF(실제착용_소셜증거)\creators\instagram_mariana\LOGO)-XXX-STUDIO_도형(세로_블랙_600).png","01_INPUT(입력_원본)",".png","10622","0.01","2024-04-09 18:30:48","INDEX_ONLY_RAW_SOURCE"
"01_INPUT(입력_원본)\06_SOCIAL_PROOF(실제착용_소셜증거)\creators\instagram_mariana\LOGO)-XXX-STUDIO_도형(세로_블랙).png","01_INPUT(입력_원본)",".png","12664","0.012","2024-04-08 23:56:56","INDEX_ONLY_RAW_SOURCE"
"01_INPUT(입력_원본)\06_SOCIAL_PROOF(실제착용_소셜증거)\creators\instagram_mariana\LOGO)-XXX-STUDIO_도형(세로_화이트_600).png","01_INPUT(입력_원본)",".png","10622","0.01","2024-04-09 17:45:38","INDEX_ONLY_RAW_SOURCE"
"01_INPUT(입력_원본)\06_SOCIAL_PROOF(실제착용_소셜증거)\creators\instagram_mariana\LOGO)-XXX-STUDIO_도형(세로_화이트).png","01_INPUT(입력_원본)",".png","12664","0.012","2024-04-08 23:57:10","INDEX_ONLY_RAW_SOURCE"
"01_INPUT(입력_원본)\06_SOCIAL_PROOF(실제착용_소셜증거)\creators\instagram_mariana\LOGO)-XXX-STUDIO(세로_블랙).png","01_INPUT(입력_원본)",".png","12877","0.012","2024-04-08 23:52:44","INDEX_ONLY_RAW_SOURCE"
"01_INPUT(입력_원본)\06_SOCIAL_PROOF(실제착용_소셜증거)\creators\instagram_mariana\LOGO)-XXX-STUDIO(세로_화이트_500).png","01_INPUT(입력_원본)",".png","11825","0.011","2024-04-09 17:44:54","INDEX_ONLY_RAW_SOURCE"
"01_INPUT(입력_원본)\06_SOCIAL_PROOF(실제착용_소셜증거)\creators\instagram_mariana\LOGO)-XXX-STUDIO(세로_화이트).png","01_INPUT(입력_원본)",".png","12877","0.012","2024-04-08 23:54:58","INDEX_ONLY_RAW_SOURCE"
"01_INPUT(입력_원본)\06_SOCIAL_PROOF(실제착용_소셜증거)\creators\instagram_mariana\PROJECT)-KOREA-TOUR_DAY&NIGHT(기본_세로).png","01_INPUT(입력_원본)",".png","21808","0.021","2024-04-09 18:18:45","INDEX_ONLY_RAW_SOURCE"
"01_INPUT(입력_원본)\06_SOCIAL_PROOF(실제착용_소셜증거)\creators\source_library\1) 아이돌 촬영지\껍데기.png","01_INPUT(입력_원본)",".png","55137","0.053","2024-08-15 18:34:13","INDEX_ONLY_RAW_SOURCE"
"01_INPUT(입력_원본)\06_SOCIAL_PROOF(실제착용_소셜증거)\creators\source_library\1) 아이돌 촬영지\뉴진스_ASAP.mp4","01_INPUT(입력_원본)",".mp4","194429840","185.423","2024-08-14 20:39:52","INDEX_ONLY_RAW_SOURCE"
"01_INPUT(입력_원본)\06_SOCIAL_PROOF(실제착용_소셜증거)\creators\source_library\1) 아이돌 촬영지\단체.jpg","01_INPUT(입력_원본)",".jpg","130006","0.124","2024-08-14 20:41:19","INDEX_ONLY_RAW_SOURCE"
"01_INPUT(입력_원본)\06_SOCIAL_PROOF(실제착용_소셜증거)\creators\source_library\1) 아이돌 촬영지\단체(1).png","01_INPUT(입력_원본)",".png","201745","0.192","2024-08-15 11:32:41","INDEX_ONLY_RAW_SOURCE"
"01_INPUT(입력_원본)\06_SOCIAL_PROOF(실제착용_소셜증거)\creators\source_library\1) 아이돌 촬영지\코뿔소.png","01_INPUT(입력_원본)",".png","14069","0.013","2024-09-10 17:47:38","INDEX_ONLY_RAW_SOURCE"
"01_INPUT(입력_원본)\06_SOCIAL_PROOF(실제착용_소셜증거)\creators\source_library\1) 아이돌 촬영지\NewJeans (뉴진스) 'ASAP' Official MV.mp4","01_INPUT(입력_원본)",".mp4","8536887","8.141","2024-08-15 14:00:20","INDEX_ONLY_RAW_SOURCE"
"01_INPUT(입력_원본)\06_SOCIAL_PROOF(실제착용_소셜증거)\creators\source_library\1) 아이돌 촬영지\Slot_Tutorial\(Footage)\갤럭시_00000.jpg","01_INPUT(입력_원본)",".jpg","594071","0.567","2020-05-10 13:45:56","INDEX_ONLY_RAW_SOURCE"
"01_INPUT(입력_원본)\06_SOCIAL_PROOF(실제착용_소셜증거)\creators\source_library\1) 아이돌 촬영지\SPOT(사각형).png","01_INPUT(입력_원본)",".png","1525142","1.454","2024-08-15 16:18:16","INDEX_ONLY_RAW_SOURCE"
"01_INPUT(입력_원본)\06_SOCIAL_PROOF(실제착용_소셜증거)\creators\source_library\1) 아이돌 촬영지\SPOT)-뉴진스.png","01_INPUT(입력_원본)",".png","1528069","1.457","2024-08-15 13:33:20","INDEX_ONLY_RAW_SOURCE"
"01_INPUT(입력_원본)\06_SOCIAL_PROOF(실제착용_소셜증거)\creators\source_library\SPOT.ai","01_INPUT(입력_원본)",".ai","154889201","147.714","2024-08-14 18:44:15","INDEX_ONLY_RAW_SOURCE"
"01_INPUT(입력_원본)\06_SOCIAL_PROOF(실제착용_소셜증거)\paid_marketing_todaylook\강유라A_yoolbellababy_165cm_55kg_2026-08-15 00-41 (1)\8sljCTx2CXPYHXtaVXktHUwzXXWTcTMcZBqpYLrFP2tTi4bMDsLTjqPCkv8LiBB6.jpg","01_INPUT(입력_원본)",".jpg","1711292","1.632","2026-08-15 02:25:38","INDEX_ONLY_RAW_SOURCE"
"01_INPUT(입력_원본)\06_SOCIAL_PROOF(실제착용_소셜증거)\paid_marketing_todaylook\강유라A_yoolbellababy_165cm_55kg_2026-08-15 00-41 (1)\8txiwjNR4nNRfHZxQZQ7tCFEZN9ot7D3O8jf7SkGuVVackSF2mqpEmRPRperTco0.jpg","01_INPUT(입력_원본)",".jpg","1806765","1.723","2026-08-15 02:25:38","INDEX_ONLY_RAW_SOURCE"
"01_INPUT(입력_원본)\06_SOCIAL_PROOF(실제착용_소셜증거)\paid_marketing_todaylook\강유라A_yoolbellababy_165cm_55kg_2026-08-15 00-41 (1)\m1h0afGWkFtdhOEiGQBgH6Nfq0Guy8cCEPOcP38S7lCXbEWwpntHJD8ALEoCFjRE.jpg","01_INPUT(입력_원본)",".jpg","1767846","1.686","2026-08-15 02:25:39","INDEX_ONLY_RAW_SOURCE"
"01_INPUT(입력_원본)\06_SOCIAL_PROOF(실제착용_소셜증거)\paid_marketing_todaylook\강유라A_yoolbellababy_165cm_55kg_2026-08-15 00-41 (1)\w2nOP3kCMeyG7ycJevbvINzGBqmjqE7OQzbkyrPNj1guVuDRjVvq0T4DCM03Ovme.jpg","01_INPUT(입력_원본)",".jpg","2082544","1.986","2026-08-15 02:25:37","INDEX_ONLY_RAW_SOURCE"
"01_INPUT(입력_원본)\06_SOCIAL_PROOF(실제착용_소셜증거)\paid_marketing_todaylook\강유라A_yoolbellababy_165cm_55kg_2026-08-15 00-41 (1)\wIiB5bFOT8CDjbqWUXlMKEm1v9rBVoK4Mamz1GYPGWJ5xR1iVFWgWOFAIMM6QTmr.jpg","01_INPUT(입력_원본)",".jpg","1892089","1.804","2026-08-15 02:25:37","INDEX_ONLY_RAW_SOURCE"
"01_INPUT(입력_원본)\06_SOCIAL_PROOF(실제착용_소셜증거)\paid_marketing_todaylook\강유라A_yoolbellababy_165cm_55kg_2026-08-15 00-41\2MBksc7PK3rmEm3oAxDV1BURGA8KsJXtM3QJqbenHRR0xKdTENdYy46vnJohuyZr.jpg","01_INPUT(입력_원본)",".jpg","2907929","2.773","2026-08-15 02:25:40","INDEX_ONLY_RAW_SOURCE"
"01_INPUT(입력_원본)\06_SOCIAL_PROOF(실제착용_소셜증거)\paid_marketing_todaylook\강유라A_yoolbellababy_165cm_55kg_2026-08-15 00-41\JolU02a1twCxcAy8B1vJHo3QNmpoG5c0ExIzrBsiIydrIZRoVIyua24YiMDHMssG.jpg","01_INPUT(입력_원본)",".jpg","2024046","1.93","2026-08-15 02:25:41","INDEX_ONLY_RAW_SOURCE"
"01_INPUT(입력_원본)\06_SOCIAL_PROOF(실제착용_소셜증거)\paid_marketing_todaylook\강유라A_yoolbellababy_165cm_55kg_2026-08-15 00-41\QgOSWpM4IW556pKKjx0ScuxAuNFgJRkcnT3V5piDxwTjrnxP9jEBNY0OzSy4U8Fd.jpg","01_INPUT(입력_원본)",".jpg","2691012","2.566","2026-08-15 02:25:41","INDEX_ONLY_RAW_SOURCE"
"01_INPUT(입력_원본)\06_SOCIAL_PROOF(실제착용_소셜증거)\paid_marketing_todaylook\강유라A_yoolbellababy_165cm_55kg_2026-08-15 00-41\qmeQxsUuUasx580rp8L5KnJiwdzZV4IQ8fROjaceIFpqDiBd9wieVjDfUiKuKfgV.jpg","01_INPUT(입력_원본)",".jpg","3295814","3.143","2026-08-15 02:25:39","INDEX_ONLY_RAW_SOURCE"
"01_INPUT(입력_원본)\06_SOCIAL_PROOF(실제착용_소셜증거)\paid_marketing_todaylook\강유라A_yoolbellababy_165cm_55kg_2026-08-15 00-41\Tg9Wupa7KqJ5B1GAfAnv2HpuN3ehPYoXIpWVEXv5Sp18JSzZcursdFDcCMzBg0wr.jpg","01_INPUT(입력_원본)",".jpg","3028648","2.888","2026-08-15 02:25:42","INDEX_ONLY_RAW_SOURCE"
"01_INPUT(입력_원본)\06_SOCIAL_PROOF(실제착용_소셜증거)\paid_marketing_todaylook\고나나_kk0rr_162cm_52kg_2024-09-08 18_41\0TGorW8Z3AIltz5UWCrTqV20WhmJ46VlyYBwG28KI6qJPmb9Z0nWDjSrlaH7v3cq.jpg","01_INPUT(입력_원본)",".jpg","1502643","1.433","2026-08-10 08:27:19","INDEX_ONLY_RAW_SOURCE"
"01_INPUT(입력_원본)\06_SOCIAL_PROOF(실제착용_소셜증거)\paid_marketing_todaylook\고나나_kk0rr_162cm_52kg_2024-09-08 18_41\6w92nnz6FVcaius98lWnvhBOVeom5BZvLXQW0ftMriKj85GjqJq74amGQMIzcEnt.jpg","01_INPUT(입력_원본)",".jpg","1824086","1.74","2026-08-10 08:27:19","INDEX_ONLY_RAW_SOURCE"
"01_INPUT(입력_원본)\06_SOCIAL_PROOF(실제착용_소셜증거)\paid_marketing_todaylook\고나나_kk0rr_162cm_52kg_2024-09-08 18_41\9OwVaXLAKqsJfOhJKbe7hMoMKoEHnCXUonXcCTdkMt4DkT7xKgmtntAE70xdlB6B.jpg","01_INPUT(입력_원본)",".jpg","1429821","1.364","2026-08-10 08:27:19","INDEX_ONLY_RAW_SOURCE"
"01_INPUT(입력_원본)\06_SOCIAL_PROOF(실제착용_소셜증거)\paid_marketing_todaylook\고나나_kk0rr_162cm_52kg_2024-09-08 18_41\gXWeCm30xo4hEjCgHwBHkodx1L89JSMGpVdWA7DUH0YwncMBRiA34BwyGSAxLJ9y.jpg","01_INPUT(입력_원본)",".jpg","1686521","1.608","2026-08-10 08:27:20","INDEX_ONLY_RAW_SOURCE"
"01_INPUT(입력_원본)\06_SOCIAL_PROOF(실제착용_소셜증거)\paid_marketing_todaylook\고나나_kk0rr_162cm_52kg_2024-09-08 18_41\LOT6mglxtprr5weYcMa7cZq3xfy63DIepEKkAz8ijQgxSGvbgw7bOSAg8V8WNVcn.jpg","01_INPUT(입력_원본)",".jpg","1999754","1.907","2026-08-10 08:27:19","INDEX_ONLY_RAW_SOURCE"
"01_INPUT(입력_원본)\06_SOCIAL_PROOF(실제착용_소셜증거)\paid_marketing_todaylook\고나나_kk0rr_162cm_52kg_2024-09-08 18_41\nUkpP3BmpuuOXrVfP2E0FVYWPBxxZDhvEeekvtxOos9hoc5nWQknLCC1xOAUiXtX.jpg","01_INPUT(입력_원본)",".jpg","1665810","1.589","2026-08-10 08:27:20","INDEX_ONLY_RAW_SOURCE"
"01_INPUT(입력_원본)\06_SOCIAL_PROOF(실제착용_소셜증거)\paid_marketing_todaylook\고나나_kk0rr_162cm_52kg_2024-09-08 18_41\TvhlFW5BnP9fXW4wzis6Mp4rEgYsqwn813SzOO8N6LKN0gCAuj6zZJunlX5pGM5y.jpg","01_INPUT(입력_원본)",".jpg","1832234","1.747","2026-08-10 08:27:19","INDEX_ONLY_RAW_SOURCE"
"01_INPUT(입력_원본)\06_SOCIAL_PROOF(실제착용_소셜증거)\paid_marketing_todaylook\고나나_kk0rr_162cm_52kg_2024-09-08 18_41\uCp6Q28Lyppu2pgxgFGkr43sjqujs34WqKcvWnwC1TrHOfzRW2VjZdXL9bn0weEn.jpg","01_INPUT(입력_원본)",".jpg","1873521","1.787","2026-08-10 08:27:20","INDEX_ONLY_RAW_SOURCE"
"01_INPUT(입력_원본)\06_SOCIAL_PROOF(실제착용_소셜증거)\paid_marketing_todaylook\고나나_kk0rr_162cm_52kg_2024-09-08 18_41\vEuy7XR0mD1ck1FismqEkwpKZeU2IvXyVATbZktGtFTeTlZO9i2HXdsGCdexw1G0.jpg","01_INPUT(입력_원본)",".jpg","1821283","1.737","2026-08-10 08:27:20","INDEX_ONLY_RAW_SOURCE"
"01_INPUT(입력_원본)\06_SOCIAL_PROOF(실제착용_소셜증거)\paid_marketing_todaylook\고나나_kk0rr_162cm_52kg_2026-08-15 00-41 (1)\0An6qvgZkyQTvZDa4GKo2s7zgtFqFK6mpyu0pKYajb9EIlxsjUbYmj1TY1hi3zyS.jpg","01_INPUT(입력_원본)",".jpg","1199127","1.144","2026-08-15 02:25:43","INDEX_ONLY_RAW_SOURCE"
"01_INPUT(입력_원본)\06_SOCIAL_PROOF(실제착용_소셜증거)\paid_marketing_todaylook\고나나_kk0rr_162cm_52kg_2026-08-15 00-41 (1)\KRRUSDTuqm0gQW9gFc1aIyN2V4i2P6L9q9rqUBmN72thuXHMzYqsv1WUeyqqSONv.jpg","01_INPUT(입력_원본)",".jpg","1286749","1.227","2026-08-15 02:25:44","INDEX_ONLY_RAW_SOURCE"
"01_INPUT(입력_원본)\06_SOCIAL_PROOF(실제착용_소셜증거)\paid_marketing_todaylook\고나나_kk0rr_162cm_52kg_2026-08-15 00-41 (1)\r0xH63W6tXL6KiZgEwmgb9BZcYhmu2AxVK6hpRRcV3qAumKEqrvYQuZkDmt5oQVP.jpg","01_INPUT(입력_원본)",".jpg","1664055","1.587","2026-08-15 02:25:43","INDEX_ONLY_RAW_SOURCE"
"01_INPUT(입력_원본)\06_SOCIAL_PROOF(실제착용_소셜증거)\paid_marketing_todaylook\고나나_kk0rr_162cm_52kg_2026-08-15 00-41 (1)\r9wAKBVjt0mKY6s0FW78epBcLriscsD6xzbmlxfS.jpg","01_INPUT(입력_원본)",".jpg","208415","0.199","2026-08-15 02:25:45","INDEX_ONLY_RAW_SOURCE"
"01_INPUT(입력_원본)\06_SOCIAL_PROOF(실제착용_소셜증거)\paid_marketing_todaylook\고나나_kk0rr_162cm_52kg_2026-08-15 00-41 (1)\y2UdZGExxpm2igQ7PIYM8ILrYwz4RLxV2q1qZ3EZ.jpg","01_INPUT(입력_원본)",".jpg","179637","0.171","2026-08-15 02:25:45","INDEX_ONLY_RAW_SOURCE"
"01_INPUT(입력_원본)\06_SOCIAL_PROOF(실제착용_소셜증거)\paid_marketing_todaylook\고나나_kk0rr_162cm_52kg_2026-08-15 00-41 (1)\Ys4h8OqPWLOlEdXMrhBE2oqL6Fbby6nVWIZdFk6z7RGVYTpoRpHDvrAQIaUVLkIo.jpg","01_INPUT(입력_원본)",".jpg","1753025","1.672","2026-08-15 02:25:44","INDEX_ONLY_RAW_SOURCE"
"01_INPUT(입력_원본)\06_SOCIAL_PROOF(실제착용_소셜증거)\paid_marketing_todaylook\고나나_kk0rr_162cm_52kg_2026-08-15 00-41\3A2vvYOYeCKtePQy0vrcol6oJlbcLRq4Ujm9mWeQc2cX6vnTJUmeRMAl6JU8OYlm.jpg","01_INPUT(입력_원본)",".jpg","2331654","2.224","2026-08-15 02:25:46","INDEX_ONLY_RAW_SOURCE"
"01_INPUT(입력_원본)\06_SOCIAL_PROOF(실제착용_소셜증거)\paid_marketing_todaylook\고나나_kk0rr_162cm_52kg_2026-08-15 00-41\eFjeJHGuRC9NSIhdJZyd0DKtLZfv2CYl22RI79gk1bpwB5owHycGxKAFlU2Ui38x.jpg","01_INPUT(입력_원본)",".jpg","1390589","1.326","2026-08-15 02:25:47","INDEX_ONLY_RAW_SOURCE"
"01_INPUT(입력_원본)\06_SOCIAL_PROOF(실제착용_소셜증거)\paid_marketing_todaylook\고나나_kk0rr_162cm_52kg_2026-08-15 00-41\ODepX8dbk0kPdBLvBxRcXJHsJZT3DUXGVkviTasYP9yNyvE0KOVmc0ydMXaERiEt.jpg","01_INPUT(입력_원본)",".jpg","2303868","2.197","2026-08-15 02:25:46","INDEX_ONLY_RAW_SOURCE"
"01_INPUT(입력_원본)\06_SOCIAL_PROOF(실제착용_소셜증거)\paid_marketing_todaylook\고나나_kk0rr_162cm_52kg_2026-08-15 00-41\zd7xqV4Tk9ASbhaehNfbIa1FQl7kBhsrple5IcFA04ZVQefltCe2pWKWzYyTxfDj.jpg","01_INPUT(입력_원본)",".jpg","1667086","1.59","2026-08-15 02:25:47","INDEX_ONLY_RAW_SOURCE"
"01_INPUT(입력_원본)\06_SOCIAL_PROOF(실제착용_소셜증거)\paid_marketing_todaylook\고나나_kk0rr_162cm_52kg_2026-08-15 00-42 (1)\01SMs54m6WZXVO4L9BcHwojwPfa1JahiIco6BteHbk9WrASaoy4IIpVPWceSCKPS.jpg","01_INPUT(입력_원본)",".jpg","1910334","1.822","2026-08-15 02:25:50","INDEX_ONLY_RAW_SOURCE"
"01_INPUT(입력_원본)\06_SOCIAL_PROOF(실제착용_소셜증거)\paid_marketing_todaylook\고나나_kk0rr_162cm_52kg_2026-08-15 00-42 (1)\0sA2IN0xSaftbtg456JKnDCRIGuMULD05zcmaRzl2CL5z8TW211glpIWbkjcoq12.jpg","01_INPUT(입력_원본)",".jpg","1852296","1.766","2026-08-15 02:25:48","INDEX_ONLY_RAW_SOURCE"
"01_INPUT(입력_원본)\06_SOCIAL_PROOF(실제착용_소셜증거)\paid_marketing_todaylook\고나나_kk0rr_162cm_52kg_2026-08-15 00-42 (1)\DR3DWI49TaLWgzttOZiwPYnts0arV5q4TI6c4SjxmRf7mpZ4SjjTWSbc4ps5Ct21.jpg","01_INPUT(입력_원본)",".jpg","1427357","1.361","2026-08-15 02:25:50","INDEX_ONLY_RAW_SOURCE"
"01_INPUT(입력_원본)\06_SOCIAL_PROOF(실제착용_소셜증거)\paid_marketing_todaylook\고나나_kk0rr_162cm_52kg_2026-08-15 00-42 (1)\JL3poxpupKGzkA4ZBgIuHsy8QNJyRMWqbOCJtHGCVi2b4hWYR9csIQY6OyXQOFO4.jpg","01_INPUT(입력_원본)",".jpg","1780157","1.698","2026-08-15 02:25:49","INDEX_ONLY_RAW_SOURCE"
"01_INPUT(입력_원본)\06_SOCIAL_PROOF(실제착용_소셜증거)\paid_marketing_todaylook\고나나_kk0rr_162cm_52kg_2026-08-15 00-42 (1)\o8EmeaBQQMb8fwGFnJxqolduPxBM4EXehmLS4L08a7Iatlcpq62uzPuHE8kyoGmq.jpg","01_INPUT(입력_원본)",".jpg","1280039","1.221","2026-08-15 02:25:49","INDEX_ONLY_RAW_SOURCE"
"01_INPUT(입력_원본)\06_SOCIAL_PROOF(실제착용_소셜증거)\paid_marketing_todaylook\고나나_kk0rr_162cm_52kg_2026-08-15 00-42 (1)\Tv0AlnlCyrK4vg9Nntt088eRU5DgcrKcR8RSdqcIcHDMqm41MUEfDxJDY18Sz41c.jpg","01_INPUT(입력_원본)",".jpg","1216788","1.16","2026-08-15 02:25:51","INDEX_ONLY_RAW_SOURCE"
"01_INPUT(입력_원본)\06_SOCIAL_PROOF(실제착용_소셜증거)\paid_marketing_todaylook\고나나_kk0rr_162cm_52kg_2026-08-15 00-42 (2)\4Ikapw3ZxrSAHBhjSIfE5xhcK1oBNrhtQ4gL6tvf0Zr2wqL70gS2kMIhUgoRkZMl.jpg","01_INPUT(입력_원본)",".jpg","2038288","1.944","2026-08-15 02:25:51","INDEX_ONLY_RAW_SOURCE"
"01_INPUT(입력_원본)\06_SOCIAL_PROOF(실제착용_소셜증거)\paid_marketing_todaylook\고나나_kk0rr_162cm_52kg_2026-08-15 00-42 (2)\4lKcq9HzL2vetYDv6ATZZtE7SuhDwMf7YCa85bhMHLK9S0JKGdeGLhI4qnBkwcna.jpg","01_INPUT(입력_원본)",".jpg","2656298","2.533","2026-08-15 02:25:54","INDEX_ONLY_RAW_SOURCE"
"01_INPUT(입력_원본)\06_SOCIAL_PROOF(실제착용_소셜증거)\paid_marketing_todaylook\고나나_kk0rr_162cm_52kg_2026-08-15 00-42 (2)\cnrJO4BrAgIOPb0n7lV6jRV0TKTwA20ydaCmnrQq1HgJBLr7ZhQmtEw5998AXHJw.jpg","01_INPUT(입력_원본)",".jpg","1978418","1.887","2026-08-15 02:25:53","INDEX_ONLY_RAW_SOURCE"
"01_INPUT(입력_원본)\06_SOCIAL_PROOF(실제착용_소셜증거)\paid_marketing_todaylook\고나나_kk0rr_162cm_52kg_2026-08-15 00-42 (2)\LDriETsuMHrap5X8FDNwRcLv1MQxKAzPzqlodIqMQVB7npouNH1R8Xi81JSjQXYG.jpg","01_INPUT(입력_원본)",".jpg","3460273","3.3","2026-08-15 02:25:55","INDEX_ONLY_RAW_SOURCE"
"01_INPUT(입력_원본)\06_SOCIAL_PROOF(실제착용_소셜증거)\paid_marketing_todaylook\고나나_kk0rr_162cm_52kg_2026-08-15 00-42 (2)\u5QwDeRlcZZTWGmBFNs5Fq4BaIo4oQtsoBSKaxuT8xqXSDfDUcoO8u2IN6QB5LVe.jpg","01_INPUT(입력_원본)",".jpg","2473593","2.359","2026-08-15 02:25:52","INDEX_ONLY_RAW_SOURCE"
"01_INPUT(입력_원본)\06_SOCIAL_PROOF(실제착용_소셜증거)\paid_marketing_todaylook\고나나_kk0rr_162cm_52kg_2026-08-15 00-42 (2)\UlTYUij8P3Lv3azfeRN89LYwWuWBzkPXY5dUJ3GIq85ChY8uSf6JdHMRkItEZ79D.jpg","01_INPUT(입력_원본)",".jpg","1807812","1.724","2026-08-15 02:25:54","INDEX_ONLY_RAW_SOURCE"
"01_INPUT(입력_원본)\06_SOCIAL_PROOF(실제착용_소셜증거)\paid_marketing_todaylook\고나나_kk0rr_162cm_52kg_2026-08-15 00-42 (2)\wxnOlUb7lTkbxhCfaAuxyLoHMpzZ2NdfnGuzILD8OlJwGPJ5BqTvKultm8SYtFYG.jpg","01_INPUT(입력_원본)",".jpg","2395808","2.285","2026-08-15 02:25:52","INDEX_ONLY_RAW_SOURCE"
"01_INPUT(입력_원본)\06_SOCIAL_PROOF(실제착용_소셜증거)\paid_marketing_todaylook\고나나_kk0rr_162cm_52kg_2026-08-15 00-42\IXvoc2zvpHImtMB6O7LjlWQV7rcFGSxokvDudatmiKOBMSpj3M2Ng6jC980hRrpH.jpg","01_INPUT(입력_원본)",".jpg","1562419","1.49","2026-08-15 02:25:55","INDEX_ONLY_RAW_SOURCE"
"01_INPUT(입력_원본)\06_SOCIAL_PROOF(실제착용_소셜증거)\paid_marketing_todaylook\고나나_kk0rr_162cm_52kg_2026-08-15 00-42\qmA1BK36h4ViXhPe5zPOled1B5H1Tcs37oCtzLd3llx43rMAUj6mVrirX0BQpcLE.jpg","01_INPUT(입력_원본)",".jpg","1829540","1.745","2026-08-15 02:25:56","INDEX_ONLY_RAW_SOURCE"
"01_INPUT(입력_원본)\06_SOCIAL_PROOF(실제착용_소셜증거)\paid_marketing_todaylook\고나나_kk0rr_162cm_52kg_2026-08-15 00-42\rUNl4kW4I2URhlGhI77fclrs0ZXL80TzCJU9cVn0825Qq8kU2G8mG8M0VZM95uRW.jpg","01_INPUT(입력_원본)",".jpg","1238883","1.181","2026-08-15 02:25:57","INDEX_ONLY_RAW_SOURCE"
"01_INPUT(입력_원본)\06_SOCIAL_PROOF(실제착용_소셜증거)\paid_marketing_todaylook\고나나_kk0rr_162cm_52kg_2026-08-15 00-42\vqO7ZnROBuXhXjOH6V0GWJVaWHMS2J2MdUoiEld90VfqZKf79Epm7fSCO1uK3jIR.jpg","01_INPUT(입력_원본)",".jpg","1589683","1.516","2026-08-15 02:25:56","INDEX_ONLY_RAW_SOURCE"
"01_INPUT(입력_원본)\06_SOCIAL_PROOF(실제착용_소셜증거)\paid_marketing_todaylook\고명진_mj.slim.j_189cm_89kg_2026-08-15 00-42\BRZx3wR9Yuq8keuBEQEBtFbI1uRwZtzGBghrWqUHW3Iqu1zpSwhlPg3OUX181a2s.jpg","01_INPUT(입력_원본)",".jpg","2018406","1.925","2026-08-15 02:25:59","INDEX_ONLY_RAW_SOURCE"
"01_INPUT(입력_원본)\06_SOCIAL_PROOF(실제착용_소셜증거)\paid_marketing_todaylook\고명진_mj.slim.j_189cm_89kg_2026-08-15 00-42\ERFIMaVFQhGKhHWqvApR0aKtBiw9Cy0mT8x1hzhOky4JFuTae6v2Ss2ApQ2RsUDj.jpg","01_INPUT(입력_원본)",".jpg","2339826","2.231","2026-08-15 02:25:59","INDEX_ONLY_RAW_SOURCE"
"01_INPUT(입력_원본)\06_SOCIAL_PROOF(실제착용_소셜증거)\paid_marketing_todaylook\고명진_mj.slim.j_189cm_89kg_2026-08-15 00-42\iCbsRYbuLSyT5TOYoi6ttD6WsV0I9rb8Vp4L6WqDB8IJ2QvN3iphtHawT9cn27j2.jpg","01_INPUT(입력_원본)",".jpg","2295810","2.189","2026-08-15 02:25:58","INDEX_ONLY_RAW_SOURCE"
"01_INPUT(입력_원본)\06_SOCIAL_PROOF(실제착용_소셜증거)\paid_marketing_todaylook\고명진_mj.slim.j_189cm_89kg_2026-08-15 00-42\n8e3tSRpAYsBTkGyD4M55V1StyY8m9jrLlr6PlyaggfvkZHBbUzTmsXfc4NmMLOO.jpg","01_INPUT(입력_원본)",".jpg","2159472","2.059","2026-08-15 02:26:00","INDEX_ONLY_RAW_SOURCE"
"01_INPUT(입력_원본)\06_SOCIAL_PROOF(실제착용_소셜증거)\paid_marketing_todaylook\고명진_mj.slim.j_189cm_89kg_2026-08-15 00-42\WIXbkP0RwtBSnJ28MWJHGmbSv2fBzraV6ZTIywLTnVSIsHx9p29Bafab494GzKDj.jpg","01_INPUT(입력_원본)",".jpg","2340946","2.233","2026-08-15 02:25:58","INDEX_ONLY_RAW_SOURCE"
"01_INPUT(입력_원본)\06_SOCIAL_PROOF(실제착용_소셜증거)\paid_marketing_todaylook\김경민_aprycotkr_175cm_75kg_2024-09-08 18_40\99185iPg3IhwpkKAOykNWiHL6XxEthM63grK8KSTKqAeBFAivtdBTrJ4BAAsXulB.jpg","01_INPUT(입력_원본)",".jpg","647060","0.617","2026-08-10 08:27:20","INDEX_ONLY_RAW_SOURCE"
"01_INPUT(입력_원본)\06_SOCIAL_PROOF(실제착용_소셜증거)\paid_marketing_todaylook\김경민_aprycotkr_175cm_75kg_2024-09-08 18_40\jhnAMPpYxCplWFN3G2f3Pi3NcUcXHdkwP6vpDX89IE1NencRKBCeqnUjs3GN456i.jpg","01_INPUT(입력_원본)",".jpg","1168913","1.115","2026-08-10 08:27:21","INDEX_ONLY_RAW_SOURCE"
"01_INPUT(입력_원본)\06_SOCIAL_PROOF(실제착용_소셜증거)\paid_marketing_todaylook\김경민_aprycotkr_175cm_75kg_2024-09-08 18_40\LDrWKDn4X7pYKALuSr81MDWrotRpCUcUO9GuffFAEJtPhmK0rHyU3SP0qUmFNJnI.jpg","01_INPUT(입력_원본)",".jpg","671441","0.64","2026-08-10 08:27:21","INDEX_ONLY_RAW_SOURCE"
"01_INPUT(입력_원본)\06_SOCIAL_PROOF(실제착용_소셜증거)\paid_marketing_todaylook\김경민_aprycotkr_175cm_75kg_2024-09-08 18_40\mnU4O034Ncz63RbVEQAN67YDTe9eiJmzlWOEOAhAb659DmMYqcQ4Ukvv4lRk5GXJ.jpg","01_INPUT(입력_원본)",".jpg","1316027","1.255","2026-08-10 08:27:21","INDEX_ONLY_RAW_SOURCE"
"01_INPUT(입력_원본)\06_SOCIAL_PROOF(실제착용_소셜증거)\paid_marketing_todaylook\김경민_aprycotkr_175cm_75kg_2024-09-08 18_40\QVQNP6jItwgY9SOM9TvLfh1CeWjnHlNc45jGjB52UGIvVDIPY2bHtVuEVPfIl9P9.jpg","01_INPUT(입력_원본)",".jpg","742777","0.708","2026-08-10 08:27:21","INDEX_ONLY_RAW_SOURCE"
"01_INPUT(입력_원본)\06_SOCIAL_PROOF(실제착용_소셜증거)\paid_marketing_todaylook\김경민_aprycotkr_175cm_75kg_2024-09-08 18_40\tHGt57fJxDpANyyQdlX3rwmxk104anKt9SYGLgOyxKeMxTKevdI7UFYxlB9hBBkp.jpg","01_INPUT(입력_원본)",".jpg","1240883","1.183","2026-08-10 08:27:21","INDEX_ONLY_RAW_SOURCE"
"01_INPUT(입력_원본)\06_SOCIAL_PROOF(실제착용_소셜증거)\paid_marketing_todaylook\김경민_aprycotkr_175cm_75kg_2024-09-08 18_40\VUMCV1JuUuDoEp49XvU27xNxEmMiN1u9YOCdM0AqGYUJb19fiGhUhbKWGlHhX4hf.jpg","01_INPUT(입력_원본)",".jpg","1343006","1.281","2026-08-10 08:27:21","INDEX_ONLY_RAW_SOURCE"
"01_INPUT(입력_원본)\06_SOCIAL_PROOF(실제착용_소셜증거)\paid_marketing_todaylook\김경민_aprycotkr_175cm_75kg_2024-09-08 18_40\YpMcztSGT4fKnBFof2eKUeTP9TNBZ3Gv8hjQBMENfSeS1sRKk3FBhjSYuY27Jns3.jpg","01_INPUT(입력_원본)",".jpg","641427","0.612","2026-08-10 08:27:21","INDEX_ONLY_RAW_SOURCE"
"01_INPUT(입력_원본)\06_SOCIAL_PROOF(실제착용_소셜증거)\paid_marketing_todaylook\김채운_ch__woon2_180cm_80kg_2026-08-15 00-42 (1)\61wQHW1Rirge42GwJH2HEuPXRGsq5tIvmIsAuIR2hdU02uADxoXj2bYPteXE92G0.jpg","01_INPUT(입력_원본)",".jpg","604219","0.576","2026-08-15 02:26:04","INDEX_ONLY_RAW_SOURCE"
"01_INPUT(입력_원본)\06_SOCIAL_PROOF(실제착용_소셜증거)\paid_marketing_todaylook\김채운_ch__woon2_180cm_80kg_2026-08-15 00-42 (1)\7uLGyaAz3CsobNknbMQcFqdhfaGtbmi3aC3iPhGiKgE1Y6Th04t4LJ6RljQxNdcp.jpg","01_INPUT(입력_원본)",".jpg","650944","0.621","2026-08-15 02:26:01","INDEX_ONLY_RAW_SOURCE"
"01_INPUT(입력_원본)\06_SOCIAL_PROOF(실제착용_소셜증거)\paid_marketing_todaylook\김채운_ch__woon2_180cm_80kg_2026-08-15 00-42 (1)\fINuOc3qGzBEk1cDCIEwNLKUb4InjongTCsvsPK0e27BYA4FGLADlVm0nelR78w2.jpg","01_INPUT(입력_원본)",".jpg","330912","0.316","2026-08-15 02:26:04","INDEX_ONLY_RAW_SOURCE"
"01_INPUT(입력_원본)\06_SOCIAL_PROOF(실제착용_소셜증거)\paid_marketing_todaylook\김채운_ch__woon2_180cm_80kg_2026-08-15 00-42 (1)\h1tHHl8dPEyIMhXCVDTYSPmv0M2UsuUnzSGko0TBe8tqejus8XWj05lUKe7q9L6Z.jpg","01_INPUT(입력_원본)",".jpg","718433","0.685","2026-08-15 02:26:01","INDEX_ONLY_RAW_SOURCE"
"01_INPUT(입력_원본)\06_SOCIAL_PROOF(실제착용_소셜증거)\paid_marketing_todaylook\김채운_ch__woon2_180cm_80kg_2026-08-15 00-42 (1)\n7Z60QiX8ogp83RhamubKb8yO9831yWmqBsNu4l5rGerKVxJ8m85KSzi15e9A5e2.jpg","01_INPUT(입력_원본)",".jpg","457461","0.436","2026-08-15 02:26:04","INDEX_ONLY_RAW_SOURCE"
"01_INPUT(입력_원본)\06_SOCIAL_PROOF(실제착용_소셜증거)\paid_marketing_todaylook\김채운_ch__woon2_180cm_80kg_2026-08-15 00-42 (1)\uYslfHa1Xjhb40uRGJvWkrYTiGhwIOCa6trbZKepGpC81IAg5iZyugd5Nmj31fPj.jpg","01_INPUT(입력_원본)",".jpg","621092","0.592","2026-08-15 02:26:03","INDEX_ONLY_RAW_SOURCE"
"01_INPUT(입력_원본)\06_SOCIAL_PROOF(실제착용_소셜증거)\paid_marketing_todaylook\김채운_ch__woon2_180cm_80kg_2026-08-15 00-42 (1)\vCivdBxJTCAwSr5drm2qXaQWFsyBfhCpRv4PbCMnmqVokPNgldKm87qoa6Ky5NCG.jpg","01_INPUT(입력_원본)",".jpg","590858","0.563","2026-08-15 02:26:02","INDEX_ONLY_RAW_SOURCE"
"01_INPUT(입력_원본)\06_SOCIAL_PROOF(실제착용_소셜증거)\paid_marketing_todaylook\김채운_ch__woon2_180cm_80kg_2026-08-15 00-42 (1)\xCJ8IDa1quf0tCaRZKaliLoKv5ShOlHRu8CfA3SbeOglrl0iNNaEUHvtlGaMcxol.jpg","01_INPUT(입력_원본)",".jpg","685875","0.654","2026-08-15 02:26:02","INDEX_ONLY_RAW_SOURCE"
"01_INPUT(입력_원본)\06_SOCIAL_PROOF(실제착용_소셜증거)\paid_marketing_todaylook\김채운_ch__woon2_180cm_80kg_2026-08-15 00-42 (1)\yDWDtXEXI1TpFQM2F5xZxIY3af5lfA33boT1lrYSn8OpcKsswnQrmfwkexkbZoWp.jpg","01_INPUT(입력_원본)",".jpg","572537","0.546","2026-08-15 02:26:03","INDEX_ONLY_RAW_SOURCE"
"01_INPUT(입력_원본)\06_SOCIAL_PROOF(실제착용_소셜증거)\paid_marketing_todaylook\김채운_ch__woon2_180cm_80kg_2026-08-15 00-42 (1)\Yu0uFPTRv5V1ibYCgtadnYk2fRnrvSeEGr1AOiWSuH69OcRSUEPAkob9gaLMRUqD.jpg","01_INPUT(입력_원본)",".jpg","609484","0.581","2026-08-15 02:26:01","INDEX_ONLY_RAW_SOURCE"
"01_INPUT(입력_원본)\06_SOCIAL_PROOF(실제착용_소셜증거)\paid_marketing_todaylook\김채운_ch__woon2_180cm_80kg_2026-08-15 00-42\3jkTXxzrfYEAlZFpSNYDlDLTosKTQty5LXLkSsvchFBXGsOQFsIwvCr3nnh7vxB9.jpg","01_INPUT(입력_원본)",".jpg","893150","0.852","2026-08-15 02:26:05","INDEX_ONLY_RAW_SOURCE"
"01_INPUT(입력_원본)\06_SOCIAL_PROOF(실제착용_소셜증거)\paid_marketing_todaylook\김채운_ch__woon2_180cm_80kg_2026-08-15 00-42\50Y4e02X7hMxwdUkvHsz89ai7WaYS3ApLW0N7c3BBWTCUmdI9LMaYiBBmozLlz84.jpg","01_INPUT(입력_원본)",".jpg","969477","0.925","2026-08-15 02:26:07","INDEX_ONLY_RAW_SOURCE"
"01_INPUT(입력_원본)\06_SOCIAL_PROOF(실제착용_소셜증거)\paid_marketing_todaylook\김채운_ch__woon2_180cm_80kg_2026-08-15 00-42\d0dvAPCqbMUNbwjZvfyBWtJ2PYc7r2ElaMZeBCG1lCKu0mTPiYyCeEaszEhUylRv.jpg","01_INPUT(입력_원본)",".jpg","650425","0.62","2026-08-15 02:26:07","INDEX_ONLY_RAW_SOURCE"
"01_INPUT(입력_원본)\06_SOCIAL_PROOF(실제착용_소셜증거)\paid_marketing_todaylook\김채운_ch__woon2_180cm_80kg_2026-08-15 00-42\dtNYZescM0qUxj7nuwpcAJQhoNSg4jbemdzSA0eq4jHoTLZQ8KU0HwfoVd8Lp4qX.jpg","01_INPUT(입력_원본)",".jpg","635389","0.606","2026-08-15 02:26:08","INDEX_ONLY_RAW_SOURCE"
"01_INPUT(입력_원본)\06_SOCIAL_PROOF(실제착용_소셜증거)\paid_marketing_todaylook\김채운_ch__woon2_180cm_80kg_2026-08-15 00-42\EoUKeFEP0TYPiEgk6prpNnej9mxv60iJB2STvJ7oe413K6vIeWX9CFzxTtXunWk7.jpg","01_INPUT(입력_원본)",".jpg","944377","0.901","2026-08-15 02:26:06","INDEX_ONLY_RAW_SOURCE"
"01_INPUT(입력_원본)\06_SOCIAL_PROOF(실제착용_소셜증거)\paid_marketing_todaylook\김채운_ch__woon2_180cm_80kg_2026-08-15 00-42\iFzOhVzYsNwQxBYOxNuNcTjB8jI3ydSoS4qHurxhHfcRVQ10DViu5KJ8hdqIGcfx.jpg","01_INPUT(입력_원본)",".jpg","949466","0.905","2026-08-15 02:26:06","INDEX_ONLY_RAW_SOURCE"
"01_INPUT(입력_원본)\06_SOCIAL_PROOF(실제착용_소셜증거)\paid_marketing_todaylook\김채운_ch__woon2_180cm_80kg_2026-08-15 00-42\laxdMiq3vOHpnHIeXGwUvGYRs89CeGtgj9jnDKbpYpeRMrcjSYSmL4f7JlH2y6jv.jpg","01_INPUT(입력_원본)",".jpg","950955","0.907","2026-08-15 02:26:05","INDEX_ONLY_RAW_SOURCE"
"01_INPUT(입력_원본)\06_SOCIAL_PROOF(실제착용_소셜증거)\paid_marketing_todaylook\김채운_ch__woon2_180cm_80kg_2026-08-15 00-42\zSWqfWLNqxPRUERfhmpjRIwi1nlQT8NtYTvgsWsLMUpyWae5fkP6aqHt0ldeiDNq.jpg","01_INPUT(입력_원본)",".jpg","697840","0.666","2026-08-15 02:26:08","INDEX_ONLY_RAW_SOURCE"
"01_INPUT(입력_원본)\06_SOCIAL_PROOF(실제착용_소셜증거)\paid_marketing_todaylook\나정인___nj.in___168cm_58kg_2026-08-15 00-41\0DAvGchp8Y7aPpHwMwWH5yj0fPDrnaDEn0dEdGGUcfCq7TmcvRVs4t4ET5qopsec.jpg","01_INPUT(입력_원본)",".jpg","1898984","1.811","2026-08-15 02:26:10","INDEX_ONLY_RAW_SOURCE"
"01_INPUT(입력_원본)\06_SOCIAL_PROOF(실제착용_소셜증거)\paid_marketing_todaylook\나정인___nj.in___168cm_58kg_2026-08-15 00-41\4q24CckIzHO4FDNzOUX1SFdZPWV47f6nqf24JkxCMYTli4lCRGhv9J5fI2cDWBWK.jpg","01_INPUT(입력_원본)",".jpg","1154869","1.101","2026-08-15 02:26:11","INDEX_ONLY_RAW_SOURCE"
"01_INPUT(입력_원본)\06_SOCIAL_PROOF(실제착용_소셜증거)\paid_marketing_todaylook\나정인___nj.in___168cm_58kg_2026-08-15 00-41\95H2RzrkIAlbVPLLxMHMQOeQKEYNDuLWAI5ogJBpGSYlMV6xY5tHBsiQ7D20iIFT.jpg","01_INPUT(입력_원본)",".jpg","1338588","1.277","2026-08-15 02:26:09","INDEX_ONLY_RAW_SOURCE"
"01_INPUT(입력_원본)\06_SOCIAL_PROOF(실제착용_소셜증거)\paid_marketing_todaylook\나정인___nj.in___168cm_58kg_2026-08-15 00-41\bJN1wlSRrgN67lrhIXwo4RpGmrFXVEQwXZumGZ8so15dKi6wzDfHUse601CLLDMZ.jpg","01_INPUT(입력_원본)",".jpg","1414496","1.349","2026-08-15 02:26:12","INDEX_ONLY_RAW_SOURCE"
"01_INPUT(입력_원본)\06_SOCIAL_PROOF(실제착용_소셜증거)\paid_marketing_todaylook\나정인___nj.in___168cm_58kg_2026-08-15 00-41\dlX51BCPgiPlRiWl7z3oi6A0ecQO7fR27bzNRfw2XIx4IOqUzMfkJyw1RWsdwOcw.jpg","01_INPUT(입력_원본)",".jpg","1420827","1.355","2026-08-15 02:26:09","INDEX_ONLY_RAW_SOURCE"
"01_INPUT(입력_원본)\06_SOCIAL_PROOF(실제착용_소셜증거)\paid_marketing_todaylook\나정인___nj.in___168cm_58kg_2026-08-15 00-41\H66FOOIBmNKoznVtBd1qM9Q8ReQEGtMsNVszdpde5arR1zjauW2N1J5pqlIVnG12.jpg","01_INPUT(입력_원본)",".jpg","1427939","1.362","2026-08-15 02:26:12","INDEX_ONLY_RAW_SOURCE"
"01_INPUT(입력_원본)\06_SOCIAL_PROOF(실제착용_소셜증거)\paid_marketing_todaylook\나정인___nj.in___168cm_58kg_2026-08-15 00-41\oPNVeDnOq3WuZKW03P3SvNTppkexU26YRXSLjrJGIQV2zcYpU1HYtiZ7RcWESSVT.jpg","01_INPUT(입력_원본)",".jpg","1891421","1.804","2026-08-15 02:26:13","INDEX_ONLY_RAW_SOURCE"
"01_INPUT(입력_원본)\06_SOCIAL_PROOF(실제착용_소셜증거)\paid_marketing_todaylook\나정인___nj.in___168cm_58kg_2026-08-15 00-41\whWi1vr82syIlP7QwUPMVtKssKWI4g6zGUIETbQA0VY1aqxbk0LlgUd9Bwx4z5iT.jpg","01_INPUT(입력_원본)",".jpg","1404599","1.34","2026-08-15 02:26:11","INDEX_ONLY_RAW_SOURCE"
"01_INPUT(입력_원본)\06_SOCIAL_PROOF(실제착용_소셜증거)\paid_marketing_todaylook\남병민_bangbang._.2_171cm_71kg_2024-10-11 08_55\9zh1R3afYP4pwM8D9YOvygcEVcg19aUH4MRuKo7f9LKYB4VYMuwjIgrrGorTdgir.jpg","01_INPUT(입력_원본)",".jpg","865686","0.826","2026-08-10 08:27:22","INDEX_ONLY_RAW_SOURCE"
"01_INPUT(입력_원본)\06_SOCIAL_PROOF(실제착용_소셜증거)\paid_marketing_todaylook\남병민_bangbang._.2_171cm_71kg_2024-10-11 08_55\crARD87KRmRd7ZR7Ru6tsFjA27gbtZM2Lv2gIVChY7bpVcEQFxKYKA400ckJiTnV.jpg","01_INPUT(입력_원본)",".jpg","873955","0.833","2026-08-10 08:27:23","INDEX_ONLY_RAW_SOURCE"
"01_INPUT(입력_원본)\06_SOCIAL_PROOF(실제착용_소셜증거)\paid_marketing_todaylook\남병민_bangbang._.2_171cm_71kg_2024-10-11 08_55\dBxnCbTBAPAwycDZWpx3mUPBo88nhMnL3033LyZeBqeC6TdNShcsq3vQlI0gIpOW.jpg","01_INPUT(입력_원본)",".jpg","820657","0.783","2026-08-10 08:27:23","INDEX_ONLY_RAW_SOURCE"
"01_INPUT(입력_원본)\06_SOCIAL_PROOF(실제착용_소셜증거)\paid_marketing_todaylook\남병민_bangbang._.2_171cm_71kg_2024-10-11 08_55\dHgDd1tRrmOkbxxx6LNTLkI0NocKJtJ9L743vMRhW94dZwPXHp51gqSeWn8odV1X.jpg","01_INPUT(입력_원본)",".jpg","1271459","1.213","2026-08-10 08:27:23","INDEX_ONLY_RAW_SOURCE"
"01_INPUT(입력_원본)\06_SOCIAL_PROOF(실제착용_소셜증거)\paid_marketing_todaylook\남병민_bangbang._.2_171cm_71kg_2024-10-11 08_55\DJoQiMIAy3dGGLt1O2wkue5cQO0Gxbu8knz7FXFTSvzDpaPJrqQI57it0g3qHKHv.jpg","01_INPUT(입력_원본)",".jpg","1258383","1.2","2026-08-10 08:27:22","INDEX_ONLY_RAW_SOURCE"
"01_INPUT(입력_원본)\06_SOCIAL_PROOF(실제착용_소셜증거)\paid_marketing_todaylook\남병민_bangbang._.2_171cm_71kg_2024-10-11 08_55\FFk3bc7thMimBdRYMXKva6qEDNwG6l2d1jABsfbplLBiPW0PhGobGG1iu4noPjjU.jpg","01_INPUT(입력_원본)",".jpg","839280","0.8","2026-08-10 08:27:22","INDEX_ONLY_RAW_SOURCE"
"01_INPUT(입력_원본)\06_SOCIAL_PROOF(실제착용_소셜증거)\paid_marketing_todaylook\남병민_bangbang._.2_171cm_71kg_2024-10-11 08_55\gnJ3Bg4m49FZDeC7JpIlIJMdhAIgFD2TFWdgjVuRAZ4ZZLz8xKaNWfG12PpSPvSt.jpg","01_INPUT(입력_원본)",".jpg","1320077","1.259","2026-08-10 08:27:23","INDEX_ONLY_RAW_SOURCE"
"01_INPUT(입력_원본)\06_SOCIAL_PROOF(실제착용_소셜증거)\paid_marketing_todaylook\남병민_bangbang._.2_171cm_71kg_2024-10-11 08_55\Gwk1rtoOVizE0Mgi2P82mHZ2th2fuYS4EJbyfWaWiv1DlMQasUGH1BKknPVj466x.jpg","01_INPUT(입력_원본)",".jpg","1636940","1.561","2026-08-10 08:27:22","INDEX_ONLY_RAW_SOURCE"
"01_INPUT(입력_원본)\06_SOCIAL_PROOF(실제착용_소셜증거)\paid_marketing_todaylook\남병민_bangbang._.2_171cm_71kg_2024-10-11 08_55\krkIlyw1xwMvJFl8Clgmdz71WJtl2WBNHchjfnaBR2ucy4QR3auQjGHZKn3pNU7p.jpg","01_INPUT(입력_원본)",".jpg","1080830","1.031","2026-08-10 08:27:23","INDEX_ONLY_RAW_SOURCE"
"01_INPUT(입력_원본)\06_SOCIAL_PROOF(실제착용_소셜증거)\paid_marketing_todaylook\남병민_bangbang._.2_171cm_71kg_2024-10-11 08_55\KrqV8wCBSxBSDasdtkg6PHcfhscVE7bErqquYg5JZSQ3S9gYAIMhJX9V6PWfhfrP.jpg","01_INPUT(입력_원본)",".jpg","1473277","1.405","2026-08-10 08:27:22","INDEX_ONLY_RAW_SOURCE"
"01_INPUT(입력_원본)\06_SOCIAL_PROOF(실제착용_소셜증거)\paid_marketing_todaylook\남병민_bangbang._.2_171cm_71kg_2024-10-11 08_55\lAxJyvLHP2pkFSMs6baDROOzX9Ni6zLSeNbR65wvxz8V9wqsrWOZfgMk8s1lbYzN.jpg","01_INPUT(입력_원본)",".jpg","1324368","1.263","2026-08-10 08:27:24","INDEX_ONLY_RAW_SOURCE"
"01_INPUT(입력_원본)\06_SOCIAL_PROOF(실제착용_소셜증거)\paid_marketing_todaylook\남병민_bangbang._.2_171cm_71kg_2024-10-11 08_55\LW1sPo5j0iX7UzFnhwIgc39pGVMi2AqHf5hvQqEZ6M9aAjCYMSMR8cECGYKGjERs.jpg","01_INPUT(입력_원본)",".jpg","1917950","1.829","2026-08-10 08:27:22","INDEX_ONLY_RAW_SOURCE"
"01_INPUT(입력_원본)\06_SOCIAL_PROOF(실제착용_소셜증거)\paid_marketing_todaylook\남병민_bangbang._.2_171cm_71kg_2024-10-11 08_55\YDlfjIcbmnuFj8G4KFwVAPAGJ7RDInBIoPp94gSpOQMe81pz5IjCI16Sx1DZqDCZ.jpg","01_INPUT(입력_원본)",".jpg","1319954","1.259","2026-08-10 08:27:23","INDEX_ONLY_RAW_SOURCE"
"01_INPUT(입력_원본)\06_SOCIAL_PROOF(실제착용_소셜증거)\paid_marketing_todaylook\남병민_bangbang._.2_171cm_71kg_2024-10-11 08_55\zgJYBqxUCiQr7T7qFejmyc84RxH7JY6HXvw7PI8U6wr4z3mpBYji2fOgZYwpSihB.jpg","01_INPUT(입력_원본)",".jpg","1180250","1.126","2026-08-10 08:27:24","INDEX_ONLY_RAW_SOURCE"
"01_INPUT(입력_원본)\06_SOCIAL_PROOF(실제착용_소셜증거)\paid_marketing_todaylook\류혜연_hye5mii_171cm_61kg_2024-09-08 18_40 (1)\2nHzmI61v5RrrIoJorF1PstIett2JMyCkbdfLPDc9kGd1R1WD965uZE1Cm76ujBB.jpg","01_INPUT(입력_원본)",".jpg","1100393","1.049","2026-08-10 08:27:26","INDEX_ONLY_RAW_SOURCE"
"01_INPUT(입력_원본)\06_SOCIAL_PROOF(실제착용_소셜증거)\paid_marketing_todaylook\류혜연_hye5mii_171cm_61kg_2024-09-08 18_40 (1)\3TphFVpFozXo7oKecRXhmBPe6R5c1BtMAm5DUCLiDpQqEuCFfi019Px9Bug0mlUA.jpg","01_INPUT(입력_원본)",".jpg","1584706","1.511","2026-08-10 08:27:26","INDEX_ONLY_RAW_SOURCE"
"01_INPUT(입력_원본)\06_SOCIAL_PROOF(실제착용_소셜증거)\paid_marketing_todaylook\류혜연_hye5mii_171cm_61kg_2024-09-08 18_40 (1)\9IabSoF8eXwNAklMWAjCCoH3UOrPMcDJi967lUV3IGOnA5fo2VdL20AUPFdNy8Pz.jpg","01_INPUT(입력_원본)",".jpg","1584937","1.512","2026-08-10 08:27:26","INDEX_ONLY_RAW_SOURCE"
"01_INPUT(입력_원본)\06_SOCIAL_PROOF(실제착용_소셜증거)\paid_marketing_todaylook\류혜연_hye5mii_171cm_61kg_2024-09-08 18_40 (1)\kkhuBWtOSmGU93Xh5bTKlNjI6EaoVzFM3Q9X9ArA1A8w1hoj30yOPZfiEjSyF4iY.jpg","01_INPUT(입력_원본)",".jpg","1953561","1.863","2026-08-10 08:27:27","INDEX_ONLY_RAW_SOURCE"
"01_INPUT(입력_원본)\06_SOCIAL_PROOF(실제착용_소셜증거)\paid_marketing_todaylook\류혜연_hye5mii_171cm_61kg_2024-09-08 18_40 (1)\lF2pkxkvXPMDvLy8bsDW46sY30xoNm8MJqQ1VuHzaeOybFJDZIT6KAPQW5Oxge6H.jpg","01_INPUT(입력_원본)",".jpg","1242489","1.185","2026-08-10 08:27:27","INDEX_ONLY_RAW_SOURCE"
"01_INPUT(입력_원본)\06_SOCIAL_PROOF(실제착용_소셜증거)\paid_marketing_todaylook\류혜연_hye5mii_171cm_61kg_2024-09-08 18_40 (1)\LmVP2sizjT5QrOwcMh0EtZxBIDlzsqLT8SeDkDlapbzfjegubWhLAg32QsNZsVU8.jpg","01_INPUT(입력_원본)",".jpg","2604684","2.484","2026-08-10 08:27:26","INDEX_ONLY_RAW_SOURCE"
"01_INPUT(입력_원본)\06_SOCIAL_PROOF(실제착용_소셜증거)\paid_marketing_todaylook\류혜연_hye5mii_171cm_61kg_2024-09-08 18_40 (1)\ocPerWy6mfEGeLI6BfSzm5cZI7CpqMkDM34J05PTT9h76m5YlN6W6wGIt7mrBMG1.jpg","01_INPUT(입력_원본)",".jpg","2356473","2.247","2026-08-10 08:27:28","INDEX_ONLY_RAW_SOURCE"
"01_INPUT(입력_원본)\06_SOCIAL_PROOF(실제착용_소셜증거)\paid_marketing_todaylook\류혜연_hye5mii_171cm_61kg_2024-09-08 18_40 (1)\RomaCUtKKKhCl5KFdXu3umJYlnwJMlKWG5PccA1KkcYOdIr6vkvjVF8OZRFMWE4D.jpg","01_INPUT(입력_원본)",".jpg","1587183","1.514","2026-08-10 08:27:26","INDEX_ONLY_RAW_SOURCE"
"01_INPUT(입력_원본)\06_SOCIAL_PROOF(실제착용_소셜증거)\paid_marketing_todaylook\류혜연_hye5mii_171cm_61kg_2024-09-08 18_40 (1)\W4xuEJyD7YdqG2FhN6QcyCajxaXuRPkXlw9jhdazHVO0EzxVhM1W6GSqkuba0Jbr.jpg","01_INPUT(입력_원본)",".jpg","2511136","2.395","2026-08-10 08:27:27","INDEX_ONLY_RAW_SOURCE"
"01_INPUT(입력_원본)\06_SOCIAL_PROOF(실제착용_소셜증거)\paid_marketing_todaylook\류혜연_hye5mii_171cm_61kg_2024-09-08 18_40\8JQXa5iYDlo6UfE9NGGSqRs7QdXY4oPbtWenHG4loHsgLHiD7TwFFSFJruwWpvWq.jpg","01_INPUT(입력_원본)",".jpg","1604538","1.53","2026-08-10 08:27:24","INDEX_ONLY_RAW_SOURCE"
"01_INPUT(입력_원본)\06_SOCIAL_PROOF(실제착용_소셜증거)\paid_marketing_todaylook\류혜연_hye5mii_171cm_61kg_2024-09-08 18_40\buXsLC4tnj352tqTiW18ifGDB3GjqQxAUwADIxMghdEMMQXB6C0vd3CCChoL0JGe.jpg","01_INPUT(입력_원본)",".jpg","1676425","1.599","2026-08-10 08:27:24","INDEX_ONLY_RAW_SOURCE"
"01_INPUT(입력_원본)\06_SOCIAL_PROOF(실제착용_소셜증거)\paid_marketing_todaylook\류혜연_hye5mii_171cm_61kg_2024-09-08 18_40\e8URZac0iSSnp9amo1jhnI33wnWC2r4E9F28suIGlNbxf4u1Kw2qc23tS2cDDmxz.jpg","01_INPUT(입력_원본)",".jpg","2624420","2.503","2026-08-10 08:27:25","INDEX_ONLY_RAW_SOURCE"
"01_INPUT(입력_원본)\06_SOCIAL_PROOF(실제착용_소셜증거)\paid_marketing_todaylook\류혜연_hye5mii_171cm_61kg_2024-09-08 18_40\kuyxktooP7pnLuMGKngZYaf9aTSmJh0eQUUPsCaveexHkNQk4JpF3ywdV4HC28Ba.jpg","01_INPUT(입력_원본)",".jpg","2543541","2.426","2026-08-10 08:27:25","INDEX_ONLY_RAW_SOURCE"
"01_INPUT(입력_원본)\06_SOCIAL_PROOF(실제착용_소셜증거)\paid_marketing_todaylook\류혜연_hye5mii_171cm_61kg_2024-09-08 18_40\oHH8K5klsJlfRioUoFuqAy1flwTNLQFOjO7nbmljb36c6iEv3EtJ8RmyzoZUb7ox.jpg","01_INPUT(입력_원본)",".jpg","2692231","2.568","2026-08-10 08:27:25","INDEX_ONLY_RAW_SOURCE"
"01_INPUT(입력_원본)\06_SOCIAL_PROOF(실제착용_소셜증거)\paid_marketing_todaylook\류혜연_hye5mii_171cm_61kg_2024-09-08 18_40\OxnfqSIHfNd8nx8T3ffMNaUlX6NjcH3suXOTSsipkWJT9NNfOFkb4kqgOKjNKMTx.jpg","01_INPUT(입력_원본)",".jpg","1804241","1.721","2026-08-10 08:27:24","INDEX_ONLY_RAW_SOURCE"
"01_INPUT(입력_원본)\06_SOCIAL_PROOF(실제착용_소셜증거)\paid_marketing_todaylook\류혜연_hye5mii_171cm_61kg_2024-09-08 18_40\PSFcMRRtMUb0TQ9eXHrugDgJDG3r83620SW5AKR5E1R0yieNmvfdL02WsTLDUiyn.jpg","01_INPUT(입력_원본)",".jpg","1497969","1.429","2026-08-10 08:27:24","INDEX_ONLY_RAW_SOURCE"
"01_INPUT(입력_원본)\06_SOCIAL_PROOF(실제착용_소셜증거)\paid_marketing_todaylook\류혜연_hye5mii_171cm_61kg_2024-09-08 18_40\silCKbbBYqhJ71kW220TnNMSOXAAfJbFzLwRKxb3klldZft33atMxBQVJxLSjkOn.jpg","01_INPUT(입력_원본)",".jpg","3879628","3.7","2026-08-10 08:27:25","INDEX_ONLY_RAW_SOURCE"
"01_INPUT(입력_원본)\06_SOCIAL_PROOF(실제착용_소셜증거)\paid_marketing_todaylook\류희훈_hoonxxy_167cm_67kg_2024-09-08 18_40 (1)\2969f5Al1e8arCRVfTPnibIAAfZm8WFacgcmLDhG.jpg","01_INPUT(입력_원본)",".jpg","394196","0.376","2026-08-10 08:27:30","INDEX_ONLY_RAW_SOURCE"
"01_INPUT(입력_원본)\06_SOCIAL_PROOF(실제착용_소셜증거)\paid_marketing_todaylook\류희훈_hoonxxy_167cm_67kg_2024-09-08 18_40 (1)\gtsLG31PFeEAeKwvm1HAkbO5Swarj9XOafy19Shh.jpg","01_INPUT(입력_원본)",".jpg","143279","0.137","2026-08-10 08:27:31","INDEX_ONLY_RAW_SOURCE"
"01_INPUT(입력_원본)\06_SOCIAL_PROOF(실제착용_소셜증거)\paid_marketing_todaylook\류희훈_hoonxxy_167cm_67kg_2024-09-08 18_40 (1)\MogjsQKltGqxileEJHkO9wHl0XP44wSegnWyzxzRNYqWiU78CcoTEQGwlmHCpd9u.jpg","01_INPUT(입력_원본)",".jpg","2544834","2.427","2026-08-10 08:27:30","INDEX_ONLY_RAW_SOURCE"
"01_INPUT(입력_원본)\06_SOCIAL_PROOF(실제착용_소셜증거)\paid_marketing_todaylook\류희훈_hoonxxy_167cm_67kg_2024-09-08 18_40 (1)\Nlh7H6vtXW7Wsq0f9WGYwuiNo3lFr3l1QYyRizFtwcTwfZNUTQoDkpUmmK3cac5T.jpg","01_INPUT(입력_원본)",".jpg","2041365","1.947","2026-08-10 08:27:30","INDEX_ONLY_RAW_SOURCE"
"01_INPUT(입력_원본)\06_SOCIAL_PROOF(실제착용_소셜증거)\paid_marketing_todaylook\류희훈_hoonxxy_167cm_67kg_2024-09-08 18_40 (1)\TnwqaHj7Oy3gxNCsu8SxzhkpnP7j5oyE0lNJ84IOciK1BObR4weDSsivCFo9lQ6m.jpg","01_INPUT(입력_원본)",".jpg","513021","0.489","2026-08-10 08:27:30","INDEX_ONLY_RAW_SOURCE"
"01_INPUT(입력_원본)\06_SOCIAL_PROOF(실제착용_소셜증거)\paid_marketing_todaylook\류희훈_hoonxxy_167cm_67kg_2024-09-08 18_40 (1)\yenMaNo6Ta4PLkl9uB1mIXpslpZzv9WuaTBDSg147UndEgK0ZydVsGmIiKgHBlS8.jpg","01_INPUT(입력_원본)",".jpg","1916928","1.828","2026-08-10 08:27:31","INDEX_ONLY_RAW_SOURCE"
"01_INPUT(입력_원본)\06_SOCIAL_PROOF(실제착용_소셜증거)\paid_marketing_todaylook\류희훈_hoonxxy_167cm_67kg_2024-09-08 18_40 (1)\zV9b8rUgtFphkkjVIZcWDQxAa2BdxlhococcTYirE003uf5D2TVsJHjfcRCMKMOr.jpg","01_INPUT(입력_원본)",".jpg","2594865","2.475","2026-08-10 08:27:31","INDEX_ONLY_RAW_SOURCE"
"01_INPUT(입력_원본)\06_SOCIAL_PROOF(실제착용_소셜증거)\paid_marketing_todaylook\류희훈_hoonxxy_167cm_67kg_2024-09-08 18_40 (1)\ZVxP9RSr6fNU01E1AUZZhVMD8gYPzZSo6ef8i56syNdAstWbd3RRhNRu9foxGHEs.jpg","01_INPUT(입력_원본)",".jpg","681434","0.65","2026-08-10 08:27:30","INDEX_ONLY_RAW_SOURCE"
"01_INPUT(입력_원본)\06_SOCIAL_PROOF(실제착용_소셜증거)\paid_marketing_todaylook\류희훈_hoonxxy_167cm_67kg_2024-09-08 18_40\5r4wt3c5kA8YDmlTgMg2lvgx4tFfqmE5ZiMoZ9g12aaKIigiqqk2yuN27ZMIJkRJ.jpg","01_INPUT(입력_원본)",".jpg","2224918","2.122","2026-08-10 08:27:28","INDEX_ONLY_RAW_SOURCE"
"01_INPUT(입력_원본)\06_SOCIAL_PROOF(실제착용_소셜증거)\paid_marketing_todaylook\류희훈_hoonxxy_167cm_67kg_2024-09-08 18_40\iJr2XQ8i0yV9r9H1PAUo5ra4td9txnoe3bUsQWL2d6ASCXak49MJys4FQyWcwwcM.jpg","01_INPUT(입력_원본)",".jpg","750767","0.716","2026-08-10 08:27:28","INDEX_ONLY_RAW_SOURCE"
"01_INPUT(입력_원본)\06_SOCIAL_PROOF(실제착용_소셜증거)\paid_marketing_todaylook\류희훈_hoonxxy_167cm_67kg_2024-09-08 18_40\JJkXFFsWmFhxfT0ZMYc2m6TjsnBzJGhViUjnrH3qqdq9jqgWqHc2PC2smdYlZiYh.jpg","01_INPUT(입력_원본)",".jpg","1172683","1.118","2026-08-10 08:27:28","INDEX_ONLY_RAW_SOURCE"
"01_INPUT(입력_원본)\06_SOCIAL_PROOF(실제착용_소셜증거)\paid_marketing_todaylook\류희훈_hoonxxy_167cm_67kg_2024-09-08 18_40\kTF9SFxo52oUNCN1wgLABvECp2i2wzuKiaHC9JAa.jpg","01_INPUT(입력_원본)",".jpg","474113","0.452","2026-08-10 08:27:28","INDEX_ONLY_RAW_SOURCE"
"01_INPUT(입력_원본)\06_SOCIAL_PROOF(실제착용_소셜증거)\paid_marketing_todaylook\류희훈_hoonxxy_167cm_67kg_2024-09-08 18_40\SUTa1tBjORrLmg0d2WV1ZR5CJBumtnTHbUzUggcF.jpg","01_INPUT(입력_원본)",".jpg","199370","0.19","2026-08-10 08:27:28","INDEX_ONLY_RAW_SOURCE"
"01_INPUT(입력_원본)\06_SOCIAL_PROOF(실제착용_소셜증거)\paid_marketing_todaylook\류희훈_hoonxxy_167cm_67kg_2024-09-08 18_40\uFm4H3Ki6FWiHPPfwEbw8kpc5WbWNkhJA7wED8cO7Wn4Us7XtMoS7ZkmcjqUfms1.jpg","01_INPUT(입력_원본)",".jpg","2705010","2.58","2026-08-10 08:27:29","INDEX_ONLY_RAW_SOURCE"
"01_INPUT(입력_원본)\06_SOCIAL_PROOF(실제착용_소셜증거)\paid_marketing_todaylook\류희훈_hoonxxy_167cm_67kg_2024-09-08 18_40\vikjTZWjMdJSjTcV3G0NQPXJs9yV0BzZY0vu3amoXLXkjVEAF0kf1xHd8sfLyyht.jpg","01_INPUT(입력_원본)",".jpg","2195864","2.094","2026-08-10 08:27:29","INDEX_ONLY_RAW_SOURCE"
"01_INPUT(입력_원본)\06_SOCIAL_PROOF(실제착용_소셜증거)\paid_marketing_todaylook\류희훈_hoonxxy_167cm_67kg_2024-09-08 18_40\vSDu6OpI0EUJnz989odMMvH1j385vx9B1GPvnuEiTmFtQsZhfotRlZ8oVpH79jTK.jpg","01_INPUT(입력_원본)",".jpg","2713718","2.588","2026-08-10 08:27:29","INDEX_ONLY_RAW_SOURCE"
"01_INPUT(입력_원본)\06_SOCIAL_PROOF(실제착용_소셜증거)\paid_marketing_todaylook\류희훈_hoonxxy_167cm_67kg_2024-09-08 18_40\z8WZmeeZp2EedkXBg1lhetHVJ2WVM5Z7pwcQIRJWYSU6GvFdWaaIiTrJpDx4QwzV.jpg","01_INPUT(입력_원본)",".jpg","1142479","1.09","2026-08-10 08:27:29","INDEX_ONLY_RAW_SOURCE"
"01_INPUT(입력_원본)\06_SOCIAL_PROOF(실제착용_소셜증거)\paid_marketing_todaylook\박세아_th2__a_170cm_60kg_2026-08-15 00-40\2uRuBAkturj3jM4wxhgZzRV4c6nFp83YxvGglyKqeO6wdrmjv80ydpCBbEwRo4AL.jpg","01_INPUT(입력_원본)",".jpg","1808208","1.724","2026-08-15 02:26:14","INDEX_ONLY_RAW_SOURCE"
"01_INPUT(입력_원본)\06_SOCIAL_PROOF(실제착용_소셜증거)\paid_marketing_todaylook\박세아_th2__a_170cm_60kg_2026-08-15 00-40\2V6cOitWHHVlcpFVAwshehtoopLa76pulBnMfVYOoh0euaDSaf71KgNEh6MLtsxO.jpg","01_INPUT(입력_원본)",".jpg","1432940","1.367","2026-08-15 02:26:13","INDEX_ONLY_RAW_SOURCE"
"01_INPUT(입력_원본)\06_SOCIAL_PROOF(실제착용_소셜증거)\paid_marketing_todaylook\박세아_th2__a_170cm_60kg_2026-08-15 00-40\cZN9BwrO3XgatfKAn7epGGpBFCkiGroaMFteuCOYxtTm7cJobbM1vVrdXCHSVayv.jpg","01_INPUT(입력_원본)",".jpg","1196150","1.141","2026-08-15 02:26:15","INDEX_ONLY_RAW_SOURCE"
"01_INPUT(입력_원본)\06_SOCIAL_PROOF(실제착용_소셜증거)\paid_marketing_todaylook\박세아_th2__a_170cm_60kg_2026-08-15 00-40\QZspk3yM0HT8y1BxJooDDelW3aUVmrll8rHBrmzC91UCT0odEY6XWGJ4NhnbjS6c.jpg","01_INPUT(입력_원본)",".jpg","1088471","1.038","2026-08-15 02:26:14","INDEX_ONLY_RAW_SOURCE"
"01_INPUT(입력_원본)\06_SOCIAL_PROOF(실제착용_소셜증거)\paid_marketing_todaylook\박세아_th2__a_170cm_60kg_2026-08-15 00-40\SNN907r6HBP80vMg9kXdAdy062sRidDWTshRzrdAAfM4KWYU9ixzg3Wqp24jiy8C.jpg","01_INPUT(입력_원본)",".jpg","1057042","1.008","2026-08-15 02:26:15","INDEX_ONLY_RAW_SOURCE"
"01_INPUT(입력_원본)\06_SOCIAL_PROOF(실제착용_소셜증거)\paid_marketing_todaylook\박세아_th2__a_170cm_60kg_2026-08-15 00-40\THUULdt6vEnAT8NRD2VmGYRdVomulMK3NunoAZ7JcFbRA4qh6oxKTfKccxuJNUHe.jpg","01_INPUT(입력_원본)",".jpg","719726","0.686","2026-08-15 02:26:16","INDEX_ONLY_RAW_SOURCE"
"01_INPUT(입력_원본)\06_SOCIAL_PROOF(실제착용_소셜증거)\paid_marketing_todaylook\박세아_th2__a_170cm_60kg_2026-08-15 00-41\6vyayaWv0PbNGrfDyxwZClmZh8Kb3b6oyaRElqr3jsSkwdMAPpVpTYzmqZUsf5tN.jpg","01_INPUT(입력_원본)",".jpg","1025405","0.978","2026-08-15 02:26:17","INDEX_ONLY_RAW_SOURCE"
"01_INPUT(입력_원본)\06_SOCIAL_PROOF(실제착용_소셜증거)\paid_marketing_todaylook\박세아_th2__a_170cm_60kg_2026-08-15 00-41\guUku9OXGjLTmmzE0yRfJ0LgAR00VUBcTxqARNWroKPKBa0g5GcczumACMjB5sy3.jpg","01_INPUT(입력_원본)",".jpg","1117191","1.065","2026-08-15 02:26:19","INDEX_ONLY_RAW_SOURCE"
"01_INPUT(입력_원본)\06_SOCIAL_PROOF(실제착용_소셜증거)\paid_marketing_todaylook\박세아_th2__a_170cm_60kg_2026-08-15 00-41\JL5zGtmUwx8NMPiwsb15pBqZpPPfXKc49cIf7HEpnipYFtoi2LGEqPSb6uOcgLaC.jpg","01_INPUT(입력_원본)",".jpg","1182756","1.128","2026-08-15 02:26:20","INDEX_ONLY_RAW_SOURCE"
"01_INPUT(입력_원본)\06_SOCIAL_PROOF(실제착용_소셜증거)\paid_marketing_todaylook\박세아_th2__a_170cm_60kg_2026-08-15 00-41\MXTmxmCuBZq8ZJoHrRCxi5LqLmhMegjUieb0yR3mf1COTAc9JjlHjCidRxyhIsuL.jpg","01_INPUT(입력_원본)",".jpg","1250122","1.192","2026-08-15 02:26:18","INDEX_ONLY_RAW_SOURCE"
"01_INPUT(입력_원본)\06_SOCIAL_PROOF(실제착용_소셜증거)\paid_marketing_todaylook\박세아_th2__a_170cm_60kg_2026-08-15 00-41\o8956QWvrmNK2J6rMgFx0VivLWGUbMEcyNwOfcdsMyoziTStx3kGlPfKPDV2Y94H.jpg","01_INPUT(입력_원본)",".jpg","821570","0.784","2026-08-15 02:26:18","INDEX_ONLY_RAW_SOURCE"
"01_INPUT(입력_원본)\06_SOCIAL_PROOF(실제착용_소셜증거)\paid_marketing_todaylook\박세아_th2__a_170cm_60kg_2026-08-15 00-41\PMHZ4PkelSbQnYTvgfxWMrlIN8rR33U2JX7Z6f4RY6OT7sgXBuSsYSf8rlIpkqTl.jpg","01_INPUT(입력_원본)",".jpg","1416079","1.35","2026-08-15 02:26:19","INDEX_ONLY_RAW_SOURCE"
"01_INPUT(입력_원본)\06_SOCIAL_PROOF(실제착용_소셜증거)\paid_marketing_todaylook\박세아_th2__a_170cm_60kg_2026-08-15 00-41\u43XQHyFmZ6knMKNdg3nj3xw8GQVTBCdSatSobvyoN3mkMEQNfwLdASPajCXGhoY.jpg","01_INPUT(입력_원본)",".jpg","1072937","1.023","2026-08-15 02:26:16","INDEX_ONLY_RAW_SOURCE"
"01_INPUT(입력_원본)\06_SOCIAL_PROOF(실제착용_소셜증거)\paid_marketing_todaylook\변현수_bs_oo_s_179cm_79kg_2024-09-08 18_40\HDGy1htBkHKwqIj0adUIRLnWB2EACmXcNy3fD3ihAwYPOxQWVqJlbx7IVU0AJqdT.jpg","01_INPUT(입력_원본)",".jpg","2384924","2.274","2026-08-10 08:27:31","INDEX_ONLY_RAW_SOURCE"
"01_INPUT(입력_원본)\06_SOCIAL_PROOF(실제착용_소셜증거)\paid_marketing_todaylook\변현수_bs_oo_s_179cm_79kg_2024-09-08 18_40\IxiwbnTrIEb6txzE0l4fAyTSrS8ob88KdWM2q1QFfkdLVfSnGpykJ1gFGp0oV1hi.jpg","01_INPUT(입력_원본)",".jpg","2746340","2.619","2026-08-10 08:27:31","INDEX_ONLY_RAW_SOURCE"
"01_INPUT(입력_원본)\06_SOCIAL_PROOF(실제착용_소셜증거)\paid_marketing_todaylook\변현수_bs_oo_s_179cm_79kg_2024-09-08 18_40\NHZcrA1pemdT56LNs7DHgU83OPQLdx14ZlWurd8chVAdQ4N9fjq8eUNjNiWwd67U.jpg","01_INPUT(입력_원본)",".jpg","2747163","2.62","2026-08-10 08:27:32","INDEX_ONLY_RAW_SOURCE"
"01_INPUT(입력_원본)\06_SOCIAL_PROOF(실제착용_소셜증거)\paid_marketing_todaylook\변현수_bs_oo_s_179cm_79kg_2024-09-08 18_40\rXeffAnHobLtIfo9faMLuYoevLHIeZHHjmL2k3tXfxNMhD3Pq8VZVbPhbEaWZbMQ.jpg","01_INPUT(입력_원본)",".jpg","669254","0.638","2026-08-10 08:27:32","INDEX_ONLY_RAW_SOURCE"
"01_INPUT(입력_원본)\06_SOCIAL_PROOF(실제착용_소셜증거)\paid_marketing_todaylook\변현수_bs_oo_s_179cm_79kg_2024-09-08 18_40\THO8guvWQPglMueM1JlduPdKeIL0qOnTeijwQZTjLuUfHas0dUMsDTwS4088bONs.jpg","01_INPUT(입력_원본)",".jpg","1731289","1.651","2026-08-10 08:27:32","INDEX_ONLY_RAW_SOURCE"
"01_INPUT(입력_원본)\06_SOCIAL_PROOF(실제착용_소셜증거)\paid_marketing_todaylook\변현수_bs_oo_s_179cm_79kg_2024-09-08 18_40\WLJXIC5yIE6sf1waqMmKuopUgSLPGIPWTKn1jzoe9Qr1LX1sGWXZNQMmzauNQ6r7.jpg","01_INPUT(입력_원본)",".jpg","1173524","1.119","2026-08-10 08:27:32","INDEX_ONLY_RAW_SOURCE"
"01_INPUT(입력_원본)\06_SOCIAL_PROOF(실제착용_소셜증거)\paid_marketing_todaylook\변현수_bs_oo_s_179cm_79kg_2026-08-15 00-41\GLGorKrbgudGTcK8ZRCCtht9uMRE6PamSz0hhb6wGs1zuAzenSJqtrctlB5r0RYl.jpg","01_INPUT(입력_원본)",".jpg","2411264","2.3","2026-08-15 02:26:22","INDEX_ONLY_RAW_SOURCE"
"01_INPUT(입력_원본)\06_SOCIAL_PROOF(실제착용_소셜증거)\paid_marketing_todaylook\변현수_bs_oo_s_179cm_79kg_2026-08-15 00-41\QTXPVVoO6kcLLZj4bVY9yMSzKQcftKeS0pW6jNVaKkf9Vi7uQHgXU0GlYhQSoy2P.jpg","01_INPUT(입력_원본)",".jpg","2257431","2.153","2026-08-15 02:26:22","INDEX_ONLY_RAW_SOURCE"
"01_INPUT(입력_원본)\06_SOCIAL_PROOF(실제착용_소셜증거)\paid_marketing_todaylook\변현수_bs_oo_s_179cm_79kg_2026-08-15 00-41\sOeXdPMziUjT9TRY92cfxY3Tce6TIgliLPOW7Z08Wr9rkbufEzTb6wlbNHPWm5ux.jpg","01_INPUT(입력_원본)",".jpg","2052331","1.957","2026-08-15 02:26:20","INDEX_ONLY_RAW_SOURCE"
"01_INPUT(입력_원본)\06_SOCIAL_PROOF(실제착용_소셜증거)\paid_marketing_todaylook\변현수_bs_oo_s_179cm_79kg_2026-08-15 00-41\WEYgXZBdfUPlUIXnSMsfc0fd7INFTUFjGBem9x3ERZJT825QzUdC7IQQpkhFFlm8.jpg","01_INPUT(입력_원본)",".jpg","2406355","2.295","2026-08-15 02:26:21","INDEX_ONLY_RAW_SOURCE"
"01_INPUT(입력_원본)\06_SOCIAL_PROOF(실제착용_소셜증거)\paid_marketing_todaylook\신지은_jieun_sj_158cm_48kg_2024-09-08 18_41\DGT7K1zRSwzWkno4xCr2K2x1NVH84I4oHeL985I3ItAa1OYO8qZEq73ur9zHHB6p.jpg","01_INPUT(입력_원본)",".jpg","484979","0.463","2026-08-10 08:27:32","INDEX_ONLY_RAW_SOURCE"
"01_INPUT(입력_원본)\06_SOCIAL_PROOF(실제착용_소셜증거)\paid_marketing_todaylook\신지은_jieun_sj_158cm_48kg_2024-09-08 18_41\iYkjVEJOwBydo1VrQ9aeJnvjC1NfR8kIGAKl31baWnKX6QA1BXdpmlPDnLZv1XE5.jpg","01_INPUT(입력_원본)",".jpg","2076992","1.981","2026-08-10 08:27:33","INDEX_ONLY_RAW_SOURCE"
"01_INPUT(입력_원본)\06_SOCIAL_PROOF(실제착용_소셜증거)\paid_marketing_todaylook\신지은_jieun_sj_158cm_48kg_2024-09-08 18_41\lABcwONdOozyCHgRnk8E7HeBEJdWBQDZpO5TjqaVMiP9iK2nIucOyhPHbwEdaWua.jpg","01_INPUT(입력_원본)",".jpg","3546612","3.382","2026-08-10 08:27:33","INDEX_ONLY_RAW_SOURCE"
"01_INPUT(입력_원본)\06_SOCIAL_PROOF(실제착용_소셜증거)\paid_marketing_todaylook\신지은_jieun_sj_158cm_48kg_2024-09-08 18_41\LzhUILs8sg5OkU013GlkzUFCl74lG0rdcIFcfD62PcTkYhLK6wDUoZVTVO6CjpjW.jpg","01_INPUT(입력_원본)",".jpg","3659340","3.49","2026-08-10 08:27:33","INDEX_ONLY_RAW_SOURCE"
"01_INPUT(입력_원본)\06_SOCIAL_PROOF(실제착용_소셜증거)\paid_marketing_todaylook\신지은_jieun_sj_158cm_48kg_2024-09-08 18_41\orfBHXohPNNSRb4AYjbqDFjG1v02nAvgbnoyYp5WQoNOfSqHZCBbWiz3EJ3Nv4PE.jpg","01_INPUT(입력_원본)",".jpg","3528898","3.365","2026-08-10 08:27:34","INDEX_ONLY_RAW_SOURCE"
"01_INPUT(입력_원본)\06_SOCIAL_PROOF(실제착용_소셜증거)\paid_marketing_todaylook\신지은_jieun_sj_158cm_48kg_2024-09-08 18_41\PvkVnjZklnnQPJtkciwrQH5yyclowSmLlyS2nHFG5bl3P1xuMxup2uWZ7NU94ugE.jpg","01_INPUT(입력_원본)",".jpg","1120549","1.069","2026-08-10 08:27:33","INDEX_ONLY_RAW_SOURCE"
"01_INPUT(입력_원본)\06_SOCIAL_PROOF(실제착용_소셜증거)\paid_marketing_todaylook\신지은_jieun_sj_158cm_48kg_2024-09-08 18_41\sbWSvtdUUvoFVkUN4L6ZSdc3u2i5tcgif5nfb1Czw3UYyrhndN1BLqCMJEEdJIWN.jpg","01_INPUT(입력_원본)",".jpg","3924633","3.743","2026-08-10 08:27:34","INDEX_ONLY_RAW_SOURCE"
"01_INPUT(입력_원본)\06_SOCIAL_PROOF(실제착용_소셜증거)\paid_marketing_todaylook\안성배_namoo_daddy_172cm_72kg_2024-09-08 18_41\9vf7KcqsTCoCDzyfXrgZ53PhbIc07kNKOMNdXVr1dpyCGGhoHhF9m4Walp9aeyra.jpg","01_INPUT(입력_원본)",".jpg","3914326","3.733","2026-08-10 08:27:34","INDEX_ONLY_RAW_SOURCE"
"01_INPUT(입력_원본)\06_SOCIAL_PROOF(실제착용_소셜증거)\paid_marketing_todaylook\안성배_namoo_daddy_172cm_72kg_2024-09-08 18_41\CnomyWPMDbIKrLSz10ggsVCZm5OS3xlLpOWvkgSlTxm4EnsYxO9r58Kar4lIVmZI.jpg","01_INPUT(입력_원본)",".jpg","2386405","2.276","2026-08-10 08:27:35","INDEX_ONLY_RAW_SOURCE"
"01_INPUT(입력_원본)\06_SOCIAL_PROOF(실제착용_소셜증거)\paid_marketing_todaylook\안성배_namoo_daddy_172cm_72kg_2024-09-08 18_41\Je3I4ntAl7Xu7RaHOldval1YKvvLLMwekQMgYsmyPVMxsLzTXvjaT9u6izQYz8IP.jpg","01_INPUT(입력_원본)",".jpg","3728128","3.555","2026-08-10 08:27:35","INDEX_ONLY_RAW_SOURCE"
"01_INPUT(입력_원본)\06_SOCIAL_PROOF(실제착용_소셜증거)\paid_marketing_todaylook\안성배_namoo_daddy_172cm_72kg_2024-09-08 18_41\JVN80cMsbWY60i2kOhZpauZ4h2btWqB81ZiV48BnWTw13JxWJZDi8AgiU3b8FXZo.jpg","01_INPUT(입력_원본)",".jpg","2625672","2.504","2026-08-10 08:27:35","INDEX_ONLY_RAW_SOURCE"
"01_INPUT(입력_원본)\06_SOCIAL_PROOF(실제착용_소셜증거)\paid_marketing_todaylook\안성배_namoo_daddy_172cm_72kg_2024-09-08 18_41\oixwR5JhE1Kl4yFmnNeVg9e093UbeqqaBp141xJW4JyjOgOcH8Gm8AKcIsgeC38d.jpg","01_INPUT(입력_원본)",".jpg","2747498","2.62","2026-08-10 08:27:36","INDEX_ONLY_RAW_SOURCE"
"01_INPUT(입력_원본)\06_SOCIAL_PROOF(실제착용_소셜증거)\paid_marketing_todaylook\안성배_namoo_daddy_172cm_72kg_2024-09-08 18_41\XD7iLmLD4vqVU4Hr1MLLQ75fsq5NB5T1qxSM5jRYbgGvgcN18W7C32goMMsuhvek.jpg","01_INPUT(입력_원본)",".jpg","3272360","3.121","2026-08-10 08:27:36","INDEX_ONLY_RAW_SOURCE"
"01_INPUT(입력_원본)\06_SOCIAL_PROOF(실제착용_소셜증거)\paid_marketing_todaylook\안성배_namoo_daddy_172cm_72kg_2026-08-15 00-41\1j4XbmIWXb3oIyvpmsuul6Kp9BgLz8MdeZuc8PtdoDrHufHPDzlTTEn1ojcWApGe.jpg","01_INPUT(입력_원본)",".jpg","1828292","1.744","2026-08-15 02:26:25","INDEX_ONLY_RAW_SOURCE"
"01_INPUT(입력_원본)\06_SOCIAL_PROOF(실제착용_소셜증거)\paid_marketing_todaylook\안성배_namoo_daddy_172cm_72kg_2026-08-15 00-41\dBiSyZPG3AnFLFNftt8SOT3AwyJLn61NOubVJjmjHwGKHvX0FA4sOQF6pTJyqsW6.jpg","01_INPUT(입력_원본)",".jpg","2301223","2.195","2026-08-15 02:26:24","INDEX_ONLY_RAW_SOURCE"
"01_INPUT(입력_원본)\06_SOCIAL_PROOF(실제착용_소셜증거)\paid_marketing_todaylook\안성배_namoo_daddy_172cm_72kg_2026-08-15 00-41\nRuMPxiKOQmqyh7SUMY7y6n3onwVsyWJUWK5d1jlyfIJI8J3WR6fpPZZ1mQca5iq.jpg","01_INPUT(입력_원본)",".jpg","3849230","3.671","2026-08-15 02:26:23","INDEX_ONLY_RAW_SOURCE"
"01_INPUT(입력_원본)\06_SOCIAL_PROOF(실제착용_소셜증거)\paid_marketing_todaylook\안성배_namoo_daddy_172cm_72kg_2026-08-15 00-41\RqCyIX1GqY36omGFb2NycfxmZl1SysLPATrFsCdYmsnJACokXoCwZNWGB9VN6c6u.jpg","01_INPUT(입력_원본)",".jpg","3605067","3.438","2026-08-15 02:26:24","INDEX_ONLY_RAW_SOURCE"
"01_INPUT(입력_원본)\06_SOCIAL_PROOF(실제착용_소셜증거)\paid_marketing_todaylook\안지미_jm_7218_166cm_56kg_2024-09-08 18_41\ibCarQ3nTdzxTL2cTDNGthNdM2BAtxWrFatO2X84wipEHkk1lj8dJJh5lXMpMIif.jpg","01_INPUT(입력_원본)",".jpg","2827411","2.696","2026-08-10 08:27:37","INDEX_ONLY_RAW_SOURCE"
"01_INPUT(입력_원본)\06_SOCIAL_PROOF(실제착용_소셜증거)\paid_marketing_todaylook\안지미_jm_7218_166cm_56kg_2024-09-08 18_41\qJujk5aEDw9Fg05IfVU23WWHoVJwO55JntIMNjuYngA2eGGkGHoWv9iZrlvJVznf.jpg","01_INPUT(입력_원본)",".jpg","2849660","2.718","2026-08-10 08:27:38","INDEX_ONLY_RAW_SOURCE"
"01_INPUT(입력_원본)\06_SOCIAL_PROOF(실제착용_소셜증거)\paid_marketing_todaylook\안지미_jm_7218_166cm_56kg_2024-09-08 18_41\QuZ3WgMgHtRdCxU4rqqM2NasZagAJmBYV7o4e5llzsxdoLoCyeoT1S7JbC5M6iyI.jpg","01_INPUT(입력_원본)",".jpg","2822458","2.692","2026-08-10 08:27:37","INDEX_ONLY_RAW_SOURCE"
"01_INPUT(입력_원본)\06_SOCIAL_PROOF(실제착용_소셜증거)\paid_marketing_todaylook\안지미_jm_7218_166cm_56kg_2024-09-08 18_41\rejxG70r56XMCeUGXaJkxfqCIOtxxOYD7lil29tFCypF34YusiU40ozybRqTZrnW.jpg","01_INPUT(입력_원본)",".jpg","1525661","1.455","2026-08-10 08:27:38","INDEX_ONLY_RAW_SOURCE"
"01_INPUT(입력_원본)\06_SOCIAL_PROOF(실제착용_소셜증거)\paid_marketing_todaylook\안지미_jm_7218_166cm_56kg_2024-09-08 18_41\SP7D6o1olZx0i5DYvWiRBw1KMZ97tsf8Rym0U5DW1mgATMFfl0l85N93VieAZ3G5.jpg","01_INPUT(입력_원본)",".jpg","1834161","1.749","2026-08-10 08:27:37","INDEX_ONLY_RAW_SOURCE"
"01_INPUT(입력_원본)\06_SOCIAL_PROOF(실제착용_소셜증거)\paid_marketing_todaylook\안지미_jm_7218_166cm_56kg_2024-09-08 18_41\WcAqxH5YvbxMWAWaDf71BzZ0ZtCRTKRt5V7MCTXr4B6DvdngJHh9wIaLqBO5yKww.jpg","01_INPUT(입력_원본)",".jpg","575809","0.549","2026-08-10 08:27:37","INDEX_ONLY_RAW_SOURCE"
"01_INPUT(입력_원본)\06_SOCIAL_PROOF(실제착용_소셜증거)\paid_marketing_todaylook\안지미_jm_7218_166cm_56kg_2026-08-15 00-41\7Shtm4IVRHbQsVfCWHfrRMVjccWZA1kcclcqRXkNcWIpJ94GwmvvBVFq526P5IUu.jpg","01_INPUT(입력_원본)",".jpg","1643167","1.567","2026-08-15 02:26:28","INDEX_ONLY_RAW_SOURCE"
"01_INPUT(입력_원본)\06_SOCIAL_PROOF(실제착용_소셜증거)\paid_marketing_todaylook\안지미_jm_7218_166cm_56kg_2026-08-15 00-41\clrjf1e8SiwbmXPB2wZSmEwpgFu77JTZzzK5xwelWSW39p5wthzOCcVnFp2T7yYk.jpg","01_INPUT(입력_원본)",".jpg","1040697","0.992","2026-08-15 02:26:27","INDEX_ONLY_RAW_SOURCE"
"01_INPUT(입력_원본)\06_SOCIAL_PROOF(실제착용_소셜증거)\paid_marketing_todaylook\안지미_jm_7218_166cm_56kg_2026-08-15 00-41\KXUWueAriENVFiBOY1KvJ2KMmJU30yneRDPTeJkkyEjDjuJmpFIa1HDiAHYWtVYw.jpg","01_INPUT(입력_원본)",".jpg","1129871","1.078","2026-08-15 02:26:26","INDEX_ONLY_RAW_SOURCE"
"01_INPUT(입력_원본)\06_SOCIAL_PROOF(실제착용_소셜증거)\paid_marketing_todaylook\안지미_jm_7218_166cm_56kg_2026-08-15 00-41\QxROQH25QIbCRMF5AyqedeLhLANpnifs8DNLzvyGb7xWpKcZax4vAjtscC2tbMMg.jpg","01_INPUT(입력_원본)",".jpg","1713810","1.634","2026-08-15 02:26:27","INDEX_ONLY_RAW_SOURCE"
"01_INPUT(입력_원본)\06_SOCIAL_PROOF(실제착용_소셜증거)\paid_marketing_todaylook\안지미_jm_7218_166cm_56kg_2026-08-15 00-41\sQeMPu0SyDtfLX413pZteUP2594BZYPuel4rz9469R6yH3runoz8bX9seUxC9KLz.jpg","01_INPUT(입력_원본)",".jpg","1168299","1.114","2026-08-15 02:26:25","INDEX_ONLY_RAW_SOURCE"
"01_INPUT(입력_원본)\06_SOCIAL_PROOF(실제착용_소셜증거)\paid_marketing_todaylook\안지미_jm_7218_166cm_56kg_2026-08-15 00-42\aJwuyb5lEGXIXM4DzI82E28Yg7NsBI7btnEtoHWceRS96EgvHXO2po7pyJAffKsD.jpg","01_INPUT(입력_원본)",".jpg","1764297","1.683","2026-08-15 02:26:29","INDEX_ONLY_RAW_SOURCE"
"01_INPUT(입력_원본)\06_SOCIAL_PROOF(실제착용_소셜증거)\paid_marketing_todaylook\안지미_jm_7218_166cm_56kg_2026-08-15 00-42\BzyJC9qhq4AqjKHmMpIBT6IyOfd4XetI42ubTYlqvFZJkYyTVd5CNdVwpmNNoU1A.jpg","01_INPUT(입력_원본)",".jpg","1472706","1.404","2026-08-15 02:26:31","INDEX_ONLY_RAW_SOURCE"
"01_INPUT(입력_원본)\06_SOCIAL_PROOF(실제착용_소셜증거)\paid_marketing_todaylook\안지미_jm_7218_166cm_56kg_2026-08-15 00-42\C6uyxR2ULsB9xTjYwy14clNYEc9T7NS4fxsj3iGm9BbO7GIWBlbOemhW8Edz3h1g.jpg","01_INPUT(입력_원본)",".jpg","1255110","1.197","2026-08-15 02:26:30","INDEX_ONLY_RAW_SOURCE"
"01_INPUT(입력_원본)\06_SOCIAL_PROOF(실제착용_소셜증거)\paid_marketing_todaylook\안지미_jm_7218_166cm_56kg_2026-08-15 00-42\FqRtZzFy2oE0FhatsVcMXWLkGf4N5wBZ09Jhxd6g9sxdb0qmIXDNeDiUOTfckGeI.jpg","01_INPUT(입력_원본)",".jpg","1970446","1.879","2026-08-15 02:26:31","INDEX_ONLY_RAW_SOURCE"
"01_INPUT(입력_원본)\06_SOCIAL_PROOF(실제착용_소셜증거)\paid_marketing_todaylook\안지미_jm_7218_166cm_56kg_2026-08-15 00-42\WdvwjUHpr4N2UJurD5uWlWK9W2n3ZKMdERY8tszMCv9vLuyZQFZE4InJJa2TbvIY.jpg","01_INPUT(입력_원본)",".jpg","1710758","1.632","2026-08-15 02:26:28","INDEX_ONLY_RAW_SOURCE"
"01_INPUT(입력_원본)\06_SOCIAL_PROOF(실제착용_소셜증거)\paid_marketing_todaylook\안지미_jm_7218_166cm_56kg_2026-08-15 00-42\wmlsqvr71JXH6Z9s5ZUHfN2SRDy8hfgSwO1dOvoBB38B0bTCtlVsoMmod7o6Hoeu.jpg","01_INPUT(입력_원본)",".jpg","2020437","1.927","2026-08-15 02:26:29","INDEX_ONLY_RAW_SOURCE"
"01_INPUT(입력_원본)\06_SOCIAL_PROOF(실제착용_소셜증거)\paid_marketing_todaylook\우수이_sooee_21_168cm_58kg_2026-08-15 00-41 (1)\385KBXytukwCJOptUjE8fAAslQrefhN9rX0D5ejPHIGlbnLZZxJk073glSzHJCaX.jpg","01_INPUT(입력_원본)",".jpg","2039348","1.945","2026-08-15 02:26:32","INDEX_ONLY_RAW_SOURCE"
"01_INPUT(입력_원본)\06_SOCIAL_PROOF(실제착용_소셜증거)\paid_marketing_todaylook\우수이_sooee_21_168cm_58kg_2026-08-15 00-41 (1)\OYWiKxHdlVTCLyaK9nFwKbZnFleB1bvdlU0fskiTiIBUmb1fPUOKmMQ66mHit8SP.jpg","01_INPUT(입력_원본)",".jpg","918102","0.876","2026-08-15 02:26:33","INDEX_ONLY_RAW_SOURCE"
"01_INPUT(입력_원본)\06_SOCIAL_PROOF(실제착용_소셜증거)\paid_marketing_todaylook\우수이_sooee_21_168cm_58kg_2026-08-15 00-41 (1)\wnsJriEEQkSwA2FdLqWz5yUR2DwEOfqU0VL9svihshXxrwxXcZswFzK3QftHYxRh.jpg","01_INPUT(입력_원본)",".jpg","2078195","1.982","2026-08-15 02:26:32","INDEX_ONLY_RAW_SOURCE"
"01_INPUT(입력_원본)\06_SOCIAL_PROOF(실제착용_소셜증거)\paid_marketing_todaylook\우수이_sooee_21_168cm_58kg_2026-08-15 00-41 (1)\z62HgnbuOQWaVtdZZ5mLaaEjca13NqfK6Km7p3RlFDhBTjOrDZId0Imx6ndZ2s3m.jpg","01_INPUT(입력_원본)",".jpg","1154171","1.101","2026-08-15 02:26:33","INDEX_ONLY_RAW_SOURCE"
"01_INPUT(입력_원본)\06_SOCIAL_PROOF(실제착용_소셜증거)\paid_marketing_todaylook\우수이_sooee_21_168cm_58kg_2026-08-15 00-41\8ZcF88s6WzFftwcOOnYULpbFbPw1ahwgDQTU17uvHpW8sB0JYvQi5HMVSWmBaKn0.jpg","01_INPUT(입력_원본)",".jpg","844881","0.806","2026-08-15 02:26:35","INDEX_ONLY_RAW_SOURCE"
"01_INPUT(입력_원본)\06_SOCIAL_PROOF(실제착용_소셜증거)\paid_marketing_todaylook\우수이_sooee_21_168cm_58kg_2026-08-15 00-41\DtGlrRwl7qRxfcKQVtLMg1GVLz3jgMetZJCWexcemT0zW2UjCKNte9beTE82QGCV.jpg","01_INPUT(입력_원본)",".jpg","896379","0.855","2026-08-15 02:26:36","INDEX_ONLY_RAW_SOURCE"
"01_INPUT(입력_원본)\06_SOCIAL_PROOF(실제착용_소셜증거)\paid_marketing_todaylook\우수이_sooee_21_168cm_58kg_2026-08-15 00-41\o12968ddACVGMBElUYpOUwZrBniOE42lGv6TivwYi6uxnP0U3jQIhpG8XOenSy8V.jpg","01_INPUT(입력_원본)",".jpg","832333","0.794","2026-08-15 02:26:35","INDEX_ONLY_RAW_SOURCE"
"01_INPUT(입력_원본)\06_SOCIAL_PROOF(실제착용_소셜증거)\paid_marketing_todaylook\우수이_sooee_21_168cm_58kg_2026-08-15 00-41\xOCplBCwlH8EVFiOrEcKLKGHGAh5gPLuYHIxuwe4PAdxy3oEdMEUGTsDkaFCFmQj.jpg","01_INPUT(입력_원본)",".jpg","854538","0.815","2026-08-15 02:26:34","INDEX_ONLY_RAW_SOURCE"
"01_INPUT(입력_원본)\06_SOCIAL_PROOF(실제착용_소셜증거)\paid_marketing_todaylook\이유라_yuura_ii_165cm_55kg_2026-08-15 00-41\9qsJLiy6LUv9kz0sbfpMBsAp0Q7E60jMsixltvg47lrOwaltdUaz0s4ZdkHbbX9y.jpg","01_INPUT(입력_원본)",".jpg","1694570","1.616","2026-08-15 02:26:41","INDEX_ONLY_RAW_SOURCE"
"01_INPUT(입력_원본)\06_SOCIAL_PROOF(실제착용_소셜증거)\paid_marketing_todaylook\이유라_yuura_ii_165cm_55kg_2026-08-15 00-41\Bi5OdPL1XTXQ34YLFMQTHCerzpxIkGWkZNGKGDRRgzqvJoGW0ceD8mhh3UU43Ofw.jpg","01_INPUT(입력_원본)",".jpg","1170833","1.117","2026-08-15 02:26:38","INDEX_ONLY_RAW_SOURCE"
"01_INPUT(입력_원본)\06_SOCIAL_PROOF(실제착용_소셜증거)\paid_marketing_todaylook\이유라_yuura_ii_165cm_55kg_2026-08-15 00-41\CYCELuV6gHAwKqlYeMRjKJG195vXUQLtwsdsq2N9ex824SbtJZYnomAw2t5CSGbA.jpg","01_INPUT(입력_원본)",".jpg","1500192","1.431","2026-08-15 02:26:37","INDEX_ONLY_RAW_SOURCE"
"01_INPUT(입력_원본)\06_SOCIAL_PROOF(실제착용_소셜증거)\paid_marketing_todaylook\이유라_yuura_ii_165cm_55kg_2026-08-15 00-41\DrPA4e6Z11tUZYlOJdhdPZDdMwAZQJO5ogvRbxNwjBQJQn8gKoZeuUnJ2yybrqTr.jpg","01_INPUT(입력_원본)",".jpg","1370254","1.307","2026-08-15 02:26:42","INDEX_ONLY_RAW_SOURCE"
"01_INPUT(입력_원본)\06_SOCIAL_PROOF(실제착용_소셜증거)\paid_marketing_todaylook\이유라_yuura_ii_165cm_55kg_2026-08-15 00-41\k5wRRgFEcyGfTZAdqkp9EmyraYBxyQWHsCAAkf5zATL750Kmef3wyEbrvgFPdu1T.jpg","01_INPUT(입력_원본)",".jpg","1654639","1.578","2026-08-15 02:26:39","INDEX_ONLY_RAW_SOURCE"
"01_INPUT(입력_원본)\06_SOCIAL_PROOF(실제착용_소셜증거)\paid_marketing_todaylook\이유라_yuura_ii_165cm_55kg_2026-08-15 00-41\LKTSS7UeRAg5h4AFokuYA2LolM57c9VcNfY77dlCS4rJGqw0h6PVoRW9aV1ICVS2.jpg","01_INPUT(입력_원본)",".jpg","1255082","1.197","2026-08-15 02:26:40","INDEX_ONLY_RAW_SOURCE"
"01_INPUT(입력_원본)\06_SOCIAL_PROOF(실제착용_소셜증거)\paid_marketing_todaylook\이유라_yuura_ii_165cm_55kg_2026-08-15 00-41\ot1ESRu7nD71PLteERlxQvPoy2pZOkQO0K6blIsAcsDlaizytH1SQkCuRuObOPjg.jpg","01_INPUT(입력_원본)",".jpg","1256700","1.198","2026-08-15 02:26:39","INDEX_ONLY_RAW_SOURCE"
"01_INPUT(입력_원본)\06_SOCIAL_PROOF(실제착용_소셜증거)\paid_marketing_todaylook\이유라_yuura_ii_165cm_55kg_2026-08-15 00-41\RjqycN8yGwNiOxIOeS5GYHBF2vofnlgdpAx7mQ0KlM6WmspRfJMVkXnFKykPuVzw.jpg","01_INPUT(입력_원본)",".jpg","1174275","1.12","2026-08-15 02:26:41","INDEX_ONLY_RAW_SOURCE"
"01_INPUT(입력_원본)\06_SOCIAL_PROOF(실제착용_소셜증거)\paid_marketing_todaylook\이유라_yuura_ii_165cm_55kg_2026-08-15 00-41\tPSb1uOBCmbkGCcA8Ptl3kkJKa82sLByXkhOouzFS0hHhmZe39oxDqwfw0iEqjQ0.jpg","01_INPUT(입력_원본)",".jpg","1235007","1.178","2026-08-15 02:26:40","INDEX_ONLY_RAW_SOURCE"
"01_INPUT(입력_원본)\06_SOCIAL_PROOF(실제착용_소셜증거)\paid_marketing_todaylook\이유라_yuura_ii_165cm_55kg_2026-08-15 00-41\uooVVU0gHOsMFI3SWTa0Qodt0YvSDSb2sxhhyzfapMmuxUxIwRMcv7p3ZYA7hrkP.jpg","01_INPUT(입력_원본)",".jpg","1511484","1.441","2026-08-15 02:26:36","INDEX_ONLY_RAW_SOURCE"
"01_INPUT(입력_원본)\06_SOCIAL_PROOF(실제착용_소셜증거)\paid_marketing_todaylook\이유라_yuura_ii_165cm_55kg_2026-08-15 00-41\UzSIQwt35f4j6t0LWafzh1mBr0EBxde1f0i0yl4ltDIo62knLsneb7xZcGrVE2Mi.jpg","01_INPUT(입력_원본)",".jpg","1330450","1.269","2026-08-15 02:26:38","INDEX_ONLY_RAW_SOURCE"
"01_INPUT(입력_원본)\06_SOCIAL_PROOF(실제착용_소셜증거)\paid_marketing_todaylook\이진근_jin_g_y_172cm_72kg_2024-09-08 18_41 (1)\0cFbzGEsa7sQBUB8PAf8swq1fbxwIAAyoqIKH4UAxSIZy3hobxlBnViADvJHInT9.jpg","01_INPUT(입력_원본)",".jpg","2269284","2.164","2026-08-10 08:27:39","INDEX_ONLY_RAW_SOURCE"
"01_INPUT(입력_원본)\06_SOCIAL_PROOF(실제착용_소셜증거)\paid_marketing_todaylook\이진근_jin_g_y_172cm_72kg_2024-09-08 18_41 (1)\daWT552ODVM1cYDxmpy8igKiob63HzrMNXOyYx3hgYrLYHkhrSdknlAHpv5h21f3.jpg","01_INPUT(입력_원본)",".jpg","2139198","2.04","2026-08-10 08:27:40","INDEX_ONLY_RAW_SOURCE"
"01_INPUT(입력_원본)\06_SOCIAL_PROOF(실제착용_소셜증거)\paid_marketing_todaylook\이진근_jin_g_y_172cm_72kg_2024-09-08 18_41 (1)\HjrYQnJuaVxPmsVnkIO983utvqyXkQ5rb3gUjQjWHMmabNqQMhKQKhShMmRJzoTA.jpg","01_INPUT(입력_원본)",".jpg","1581473","1.508","2026-08-10 08:27:39","INDEX_ONLY_RAW_SOURCE"
"01_INPUT(입력_원본)\06_SOCIAL_PROOF(실제착용_소셜증거)\paid_marketing_todaylook\이진근_jin_g_y_172cm_72kg_2024-09-08 18_41 (1)\KIMBRYxTH6OLnLFE080yR5g8PoftPut9E8MOZLHWz5VL3zU3glWQ6JA74ViHZ6h7.jpg","01_INPUT(입력_원본)",".jpg","1916824","1.828","2026-08-10 08:27:40","INDEX_ONLY_RAW_SOURCE"
"01_INPUT(입력_원본)\06_SOCIAL_PROOF(실제착용_소셜증거)\paid_marketing_todaylook\이진근_jin_g_y_172cm_72kg_2024-09-08 18_41 (1)\mbS4MwFehjd2bPlwyyzDEEHWKnuqSHmnRg6ukdSDd8YPrXKM5af0lz2T8c52oA3R.jpg","01_INPUT(입력_원본)",".jpg","1792429","1.709","2026-08-10 08:27:40","INDEX_ONLY_RAW_SOURCE"
"01_INPUT(입력_원본)\06_SOCIAL_PROOF(실제착용_소셜증거)\paid_marketing_todaylook\이진근_jin_g_y_172cm_72kg_2024-09-08 18_41 (1)\NbmJQzZBLJ8v0NU1puE29gE1ROZFwWMn0HNXaWtvmsGYQkPehBmjhlylnjRg4MXZ.jpg","01_INPUT(입력_원본)",".jpg","2124409","2.026","2026-08-10 08:27:40","INDEX_ONLY_RAW_SOURCE"
"01_INPUT(입력_원본)\06_SOCIAL_PROOF(실제착용_소셜증거)\paid_marketing_todaylook\이진근_jin_g_y_172cm_72kg_2024-09-08 18_41 (1)\nqkbczcESJJcCTQSHFE0YhTr5Pt48mCCmynnxags7SjBH9T3NnJAD4xHl52vv6RS.jpg","01_INPUT(입력_원본)",".jpg","1890017","1.802","2026-08-10 08:27:40","INDEX_ONLY_RAW_SOURCE"
"01_INPUT(입력_원본)\06_SOCIAL_PROOF(실제착용_소셜증거)\paid_marketing_todaylook\이진근_jin_g_y_172cm_72kg_2024-09-08 18_41 (1)\yw8hTTQmHKj1UzX5SwF5nVU2GdswmTUl8AfLXNSrsmvog7YxFlxrfmPextrM3R6u.jpg","01_INPUT(입력_원본)",".jpg","2332300","2.224","2026-08-10 08:27:41","INDEX_ONLY_RAW_SOURCE"
"01_INPUT(입력_원본)\06_SOCIAL_PROOF(실제착용_소셜증거)\paid_marketing_todaylook\이진근_jin_g_y_172cm_72kg_2024-09-08 18_41\6FTlXuk9pf2I55fxyHon7u5OSOwv0OgmOmillh9713bIIoK8WdE8NMqH9BzoC2fc.jpg","01_INPUT(입력_원본)",".jpg","2095752","1.999","2026-08-10 08:27:38","INDEX_ONLY_RAW_SOURCE"
"01_INPUT(입력_원본)\06_SOCIAL_PROOF(실제착용_소셜증거)\paid_marketing_todaylook\이진근_jin_g_y_172cm_72kg_2024-09-08 18_41\fYno42TThXgF2CUeFo4QWZM6YZelKyRtjKogIuLiwsXMsexNWunqVOmzgRKkskDF.jpg","01_INPUT(입력_원본)",".jpg","2119357","2.021","2026-08-10 08:27:38","INDEX_ONLY_RAW_SOURCE"
"01_INPUT(입력_원본)\06_SOCIAL_PROOF(실제착용_소셜증거)\paid_marketing_todaylook\이진근_jin_g_y_172cm_72kg_2024-09-08 18_41\g9HCJdLml2Vmlj0l5aMLh3tWgv6CJWX0GaTOLGt7ixUNS5RNK3d42fRzhvGtHcp4.jpg","01_INPUT(입력_원본)",".jpg","2157250","2.057","2026-08-10 08:27:39","INDEX_ONLY_RAW_SOURCE"
"01_INPUT(입력_원본)\06_SOCIAL_PROOF(실제착용_소셜증거)\paid_marketing_todaylook\이진근_jin_g_y_172cm_72kg_2024-09-08 18_41\O3VkQPuWKhPtd7reQED8FD7oMeOTm5GPv8RectkuauNqn2VaUXFVaQfr5I2PqDwZ.jpg","01_INPUT(입력_원본)",".jpg","2005925","1.913","2026-08-10 08:27:38","INDEX_ONLY_RAW_SOURCE"
"01_INPUT(입력_원본)\06_SOCIAL_PROOF(실제착용_소셜증거)\paid_marketing_todaylook\이진근_jin_g_y_172cm_72kg_2024-09-08 18_41\tByiLv9dJpWIcxhhKEzwQkn1dWYZ4aIeHdmboQnwus5rzLaoKPmjxTCjGWfU93mB.jpg","01_INPUT(입력_원본)",".jpg","2237425","2.134","2026-08-10 08:27:39","INDEX_ONLY_RAW_SOURCE"
"01_INPUT(입력_원본)\06_SOCIAL_PROOF(실제착용_소셜증거)\paid_marketing_todaylook\이진근_jin_g_y_172cm_72kg_2024-10-11 08_53\5ZFdBhoaQSdkiFijfBW92eDP0TQaOfXPTaKzWWzFwMduDCknfugKcoN7ugnDByLq.jpg","01_INPUT(입력_원본)",".jpg","2329955","2.222","2026-08-10 08:27:41","INDEX_ONLY_RAW_SOURCE"
"01_INPUT(입력_원본)\06_SOCIAL_PROOF(실제착용_소셜증거)\paid_marketing_todaylook\이진근_jin_g_y_172cm_72kg_2024-10-11 08_53\DT8RBY8aeWd9vRvOtaiuSpFlrQFSwGMOlwCHXmHJIQTtrsZsLOWg0jBPTFVXSOwx.jpg","01_INPUT(입력_원본)",".jpg","2009136","1.916","2026-08-10 08:27:41","INDEX_ONLY_RAW_SOURCE"
"01_INPUT(입력_원본)\06_SOCIAL_PROOF(실제착용_소셜증거)\paid_marketing_todaylook\이진근_jin_g_y_172cm_72kg_2024-10-11 08_53\HD4Wa25hFRrTHN7Gp1k4dERIZ34y0daWXOat1Rdmbv1NlqEqKXYgO2e3zVsrf2Tq.jpg","01_INPUT(입력_원본)",".jpg","2077788","1.982","2026-08-10 08:27:41","INDEX_ONLY_RAW_SOURCE"
"01_INPUT(입력_원본)\06_SOCIAL_PROOF(실제착용_소셜증거)\paid_marketing_todaylook\이진근_jin_g_y_172cm_72kg_2024-10-11 08_53\IprS3baFTqvLmUcYBAakmfsc8FKqgiU2hRRvgMWnmtZedYj1HV7jb47Cj0DzHC3U.jpg","01_INPUT(입력_원본)",".jpg","1240401","1.183","2026-08-10 08:27:42","INDEX_ONLY_RAW_SOURCE"
"01_INPUT(입력_원본)\06_SOCIAL_PROOF(실제착용_소셜증거)\paid_marketing_todaylook\이진근_jin_g_y_172cm_72kg_2024-10-11 08_53\J703ScUoLJkA9p5NqABveDNaGrhwDSX5PSNjqm7O8bCJKUKEueEHks9X4Ya0LFnl.jpg","01_INPUT(입력_원본)",".jpg","2214243","2.112","2026-08-10 08:27:42","INDEX_ONLY_RAW_SOURCE"
"01_INPUT(입력_원본)\06_SOCIAL_PROOF(실제착용_소셜증거)\paid_marketing_todaylook\이진근_jin_g_y_172cm_72kg_2024-10-11 08_53\kRQgNNaTKPSTFgdOYQSVXWCktANG6W3FeUZ7oAZqCoBkrD1iUyqlLcQ8feQt4flt.jpg","01_INPUT(입력_원본)",".jpg","2162605","2.062","2026-08-10 08:27:43","INDEX_ONLY_RAW_SOURCE"
"01_INPUT(입력_원본)\06_SOCIAL_PROOF(실제착용_소셜증거)\paid_marketing_todaylook\이진근_jin_g_y_172cm_72kg_2024-10-11 08_53\LbRAhxr5QdzhwsHvyXDWt6I2mtvf4l2V3Kvddn9oAIYNNpnTd1fyqezEkjwBZnAQ.jpg","01_INPUT(입력_원본)",".jpg","2220734","2.118","2026-08-10 08:27:42","INDEX_ONLY_RAW_SOURCE"
"01_INPUT(입력_원본)\06_SOCIAL_PROOF(실제착용_소셜증거)\paid_marketing_todaylook\이진근_jin_g_y_172cm_72kg_2024-10-11 08_53\nR5Cemns2ieSzvC0CTpGUbRDOfBRn4jGAkVH9nqZthJWALlUopIrC6rzG2LH5gg2.jpg","01_INPUT(입력_원본)",".jpg","2054152","1.959","2026-08-10 08:27:43","INDEX_ONLY_RAW_SOURCE"
"01_INPUT(입력_원본)\06_SOCIAL_PROOF(실제착용_소셜증거)\paid_marketing_todaylook\이진근_jin_g_y_172cm_72kg_2024-10-11 08_53\wJT5UwDOYW6tJSugD6WMyPZX1KSInht5WouNqLYOAOFtreQcPAVb0HhTZuReDUGF.jpg","01_INPUT(입력_원본)",".jpg","2422075","2.31","2026-08-10 08:27:43","INDEX_ONLY_RAW_SOURCE"
"01_INPUT(입력_원본)\06_SOCIAL_PROOF(실제착용_소셜증거)\paid_marketing_todaylook\이진근_jin_g_y_172cm_72kg_2026-08-15 00-42\a95dazot2tIAn1UYDAOf2AbzUa0TQzWbqYJoToafmoBnx5JvxiBOrHc05lsfEETH.jpg","01_INPUT(입력_원본)",".jpg","2217628","2.115","2026-08-15 02:26:46","INDEX_ONLY_RAW_SOURCE"
"01_INPUT(입력_원본)\06_SOCIAL_PROOF(실제착용_소셜증거)\paid_marketing_todaylook\이진근_jin_g_y_172cm_72kg_2026-08-15 00-42\EbD9IG1sszRvXu6HLqBQPknmkEP2DxNjCihgnsXIhnfSFlUEl58lTjJAwzGgovC5.jpg","01_INPUT(입력_원본)",".jpg","2336050","2.228","2026-08-15 02:26:45","INDEX_ONLY_RAW_SOURCE"
"01_INPUT(입력_원본)\06_SOCIAL_PROOF(실제착용_소셜증거)\paid_marketing_todaylook\이진근_jin_g_y_172cm_72kg_2026-08-15 00-42\EPADEeRrvwBS3GDeSzqbMibfGx8TSjnAn2dZGDTxhYayvnG47SylUn7AT1Eu6hsL.jpg","01_INPUT(입력_원본)",".jpg","2252785","2.148","2026-08-15 02:26:44","INDEX_ONLY_RAW_SOURCE"
"01_INPUT(입력_원본)\06_SOCIAL_PROOF(실제착용_소셜증거)\paid_marketing_todaylook\이진근_jin_g_y_172cm_72kg_2026-08-15 00-42\MHJ6RSbeCc1XrdYef7EVPl3yUD8SfzJyAXvIKYAKS5xRoQakdueDSpvo0lz18udj.jpg","01_INPUT(입력_원본)",".jpg","2455855","2.342","2026-08-15 02:26:47","INDEX_ONLY_RAW_SOURCE"
"01_INPUT(입력_원본)\06_SOCIAL_PROOF(실제착용_소셜증거)\paid_marketing_todaylook\이진근_jin_g_y_172cm_72kg_2026-08-15 00-42\nKtuOhGs14gzzvlPcWSAWwdtbM47HodKWgps695HCoXD0t8yXJVlJsLA948YIQ5p.jpg","01_INPUT(입력_원본)",".jpg","1429691","1.363","2026-08-15 02:26:44","INDEX_ONLY_RAW_SOURCE"
"01_INPUT(입력_원본)\06_SOCIAL_PROOF(실제착용_소셜증거)\paid_marketing_todaylook\이진근_jin_g_y_172cm_72kg_2026-08-15 00-42\pBtyn07ZXJjUrA6yrc7HgUkyb9Da6t5hhhgbFKcJkCBZDMcscPgVcSq9kYE3ViYj.jpg","01_INPUT(입력_원본)",".jpg","2392375","2.282","2026-08-15 02:26:43","INDEX_ONLY_RAW_SOURCE"
"01_INPUT(입력_원본)\06_SOCIAL_PROOF(실제착용_소셜증거)\paid_marketing_todaylook\이진근_jin_g_y_172cm_72kg_2026-08-15 00-42\t2l7rNnjREkoWgO20bakNseFAcx6t0PFnKE5wzpnk5MV1Sn4sLSZg6Utso1y6Kys.jpg","01_INPUT(입력_원본)",".jpg","1889516","1.802","2026-08-15 02:26:46","INDEX_ONLY_RAW_SOURCE"
"01_INPUT(입력_원본)\06_SOCIAL_PROOF(실제착용_소셜증거)\paid_marketing_todaylook\이진근_jin_g_y_172cm_72kg_2026-08-15 00-42\te1P2CscJPqJpFizOIlKXElDf0C1DFsI8xYKNRCgQamDAGdAv9S7I8m1nbYOwdnH.jpg","01_INPUT(입력_원본)",".jpg","2644701","2.522","2026-08-15 02:26:43","INDEX_ONLY_RAW_SOURCE"
"01_INPUT(입력_원본)\06_SOCIAL_PROOF(실제착용_소셜증거)\paid_marketing_todaylook\이현구_183.h.g_183cm_83kg_2024-10-11 08_55\dXJENC1ZvuMrzadrKyZZv4q32s1gjSmbaRXoxVtBEZE3CPDuMZF4zU1koP20Szzy.jpg","01_INPUT(입력_원본)",".jpg","2116650","2.019","2026-08-10 08:27:44","INDEX_ONLY_RAW_SOURCE"
"01_INPUT(입력_원본)\06_SOCIAL_PROOF(실제착용_소셜증거)\paid_marketing_todaylook\이현구_183.h.g_183cm_83kg_2024-10-11 08_55\Fp6XP2z9OcGXCM0OzxFI5jM7ZFEavN1S9xrSCCQIQSPrDJXovkdRqjiSYqQwTkfw.jpg","01_INPUT(입력_원본)",".jpg","3372268","3.216","2026-08-10 08:27:43","INDEX_ONLY_RAW_SOURCE"
"01_INPUT(입력_원본)\06_SOCIAL_PROOF(실제착용_소셜증거)\paid_marketing_todaylook\이현구_183.h.g_183cm_83kg_2024-10-11 08_55\fUDQkUaEa5gMPk2AGj7StJFecwYsdQisfnh1uSbQkCWaag0A0hm4JOvlQcc7Krq0.jpg","01_INPUT(입력_원본)",".jpg","2842048","2.71","2026-08-10 08:27:44","INDEX_ONLY_RAW_SOURCE"
"01_INPUT(입력_원본)\06_SOCIAL_PROOF(실제착용_소셜증거)\paid_marketing_todaylook\이현구_183.h.g_183cm_83kg_2024-10-11 08_55\gD2ccuUhHu8fKhPmpwPOjmgvPuZuWgJHZqnJ6o78ZSvofOjRFRlsdfIr6qDiBPOt.jpg","01_INPUT(입력_원본)",".jpg","2042651","1.948","2026-08-10 08:27:45","INDEX_ONLY_RAW_SOURCE"
"01_INPUT(입력_원본)\06_SOCIAL_PROOF(실제착용_소셜증거)\paid_marketing_todaylook\이현구_183.h.g_183cm_83kg_2024-10-11 08_55\ip61AfZqVUHRTAUkAihpcSFqRrGFK8jBbaBCtDY3877QRwPxt0q0hXrE143CWJJG.jpg","01_INPUT(입력_원본)",".jpg","3264237","3.113","2026-08-10 08:27:45","INDEX_ONLY_RAW_SOURCE"
"01_INPUT(입력_원본)\06_SOCIAL_PROOF(실제착용_소셜증거)\paid_marketing_todaylook\이현구_183.h.g_183cm_83kg_2024-10-11 08_55\pD6fIp443ARCaUKC341ve13hWs9M6u8MehxiMW4AgYj9h3O3xN7XZ6S9tQ7LjgnE.jpg","01_INPUT(입력_원본)",".jpg","2429102","2.317","2026-08-10 08:27:45","INDEX_ONLY_RAW_SOURCE"
"01_INPUT(입력_원본)\06_SOCIAL_PROOF(실제착용_소셜증거)\paid_marketing_todaylook\이현구_183.h.g_183cm_83kg_2024-10-11 08_55\pnWBhIPMlBxln6CCvQWWebeDuMMXn1ljGPe8G3Gb0elufPw31DjcDQHjqLYBRWEl.jpg","01_INPUT(입력_원본)",".jpg","2930516","2.795","2026-08-10 08:27:46","INDEX_ONLY_RAW_SOURCE"
"01_INPUT(입력_원본)\06_SOCIAL_PROOF(실제착용_소셜증거)\paid_marketing_todaylook\이현구_183.h.g_183cm_83kg_2024-10-11 08_55\RAvwdzkns4ySTYAqGmTvNeC4Syc26zIJIRpVIEwxlTUpWYRA83alX12cWjPTL6lF.jpg","01_INPUT(입력_원본)",".jpg","3449493","3.29","2026-08-10 08:27:44","INDEX_ONLY_RAW_SOURCE"
"01_INPUT(입력_원본)\06_SOCIAL_PROOF(실제착용_소셜증거)\paid_marketing_todaylook\이현구_183.h.g_183cm_83kg_2024-10-11 08_55\VeBdyKk5TH2qXfNIyiFjyLYToEPa1ll9vJ5KRGZSyIoM6IxejimgbP75Sg2h6xZr.jpg","01_INPUT(입력_원본)",".jpg","2104811","2.007","2026-08-10 08:27:44","INDEX_ONLY_RAW_SOURCE"
"01_INPUT(입력_원본)\06_SOCIAL_PROOF(실제착용_소셜증거)\paid_marketing_todaylook\이현구_183.h.g_183cm_83kg_2024-10-11 08_55\wqV858BT55rO5lfeejQMH2Hz1TgXedl5uk51P871MRs0iz6rCgJ0U7AoxUut9NGL.jpg","01_INPUT(입력_원본)",".jpg","2005485","1.913","2026-08-10 08:27:46","INDEX_ONLY_RAW_SOURCE"
"01_INPUT(입력_원본)\06_SOCIAL_PROOF(실제착용_소셜증거)\paid_marketing_todaylook\이혜린_berry_berryin_158cm_48kg_2026-08-15 00-41\cenrnhIX5RQeFcUZc9JlWCEmb4X8y3L3RiZHJ9Gvp72mSxZr407DpMc7MtLMMJqD.jpg","01_INPUT(입력_원본)",".jpg","2206421","2.104","2026-08-15 02:26:53","INDEX_ONLY_RAW_SOURCE"
"01_INPUT(입력_원본)\06_SOCIAL_PROOF(실제착용_소셜증거)\paid_marketing_todaylook\이혜린_berry_berryin_158cm_48kg_2026-08-15 00-41\eNSzH6T7sMtsMcQA4QuutCt3XI88uvdGCUdefnQTdV5YDpzgVEpmK4G8WsMPjXNc.jpg","01_INPUT(입력_원본)",".jpg","2115107","2.017","2026-08-15 02:26:53","INDEX_ONLY_RAW_SOURCE"
"01_INPUT(입력_원본)\06_SOCIAL_PROOF(실제착용_소셜증거)\paid_marketing_todaylook\이혜린_berry_berryin_158cm_48kg_2026-08-15 00-41\ePswg46bx4zGQQXCQslDYidP4O8CQjdJTEo7PNY7Q3bJn4lOhpy4n2oPK4YcCHvY.jpg","01_INPUT(입력_원본)",".jpg","2205610","2.103","2026-08-15 02:26:49","INDEX_ONLY_RAW_SOURCE"
"01_INPUT(입력_원본)\06_SOCIAL_PROOF(실제착용_소셜증거)\paid_marketing_todaylook\이혜린_berry_berryin_158cm_48kg_2026-08-15 00-41\Ex63bLbAuGMHG34faXfJMkkwabqZXBOXFAEZZXcEDcY3iNcLXvnupWqUP3ZSaOGR.jpg","01_INPUT(입력_원본)",".jpg","3056128","2.915","2026-08-15 02:26:48","INDEX_ONLY_RAW_SOURCE"
"01_INPUT(입력_원본)\06_SOCIAL_PROOF(실제착용_소셜증거)\paid_marketing_todaylook\이혜린_berry_berryin_158cm_48kg_2026-08-15 00-41\HkHjjgyfWx2QkUCgGVOgSZCah0y8dP8PtP3OOq8e8gOLkWDlfG2Vp2ArWMqYLWIy.jpg","01_INPUT(입력_원본)",".jpg","1073379","1.024","2026-08-15 02:26:50","INDEX_ONLY_RAW_SOURCE"
"01_INPUT(입력_원본)\06_SOCIAL_PROOF(실제착용_소셜증거)\paid_marketing_todaylook\이혜린_berry_berryin_158cm_48kg_2026-08-15 00-41\IMjPNzyVvpSZrfHCJgd6kMXxNpvYSiddopaYiiM3VknwDODbxVL3tg3pBMWzAF8M.jpg","01_INPUT(입력_원본)",".jpg","2163535","2.063","2026-08-15 02:26:51","INDEX_ONLY_RAW_SOURCE"
"01_INPUT(입력_원본)\06_SOCIAL_PROOF(실제착용_소셜증거)\paid_marketing_todaylook\이혜린_berry_berryin_158cm_48kg_2026-08-15 00-41\l2SHBUcaeMQK7j4tFSlC6ummkhCzCYNKfAOvSI9ICAZt5Y4Vp3bgwDmxHoCQbcKJ.jpg","01_INPUT(입력_원본)",".jpg","1810268","1.726","2026-08-15 02:26:51","INDEX_ONLY_RAW_SOURCE"
"01_INPUT(입력_원본)\06_SOCIAL_PROOF(실제착용_소셜증거)\paid_marketing_todaylook\이혜린_berry_berryin_158cm_48kg_2026-08-15 00-41\tC9CPgv1vkYM7lLp6xkgo0ip8djRPC6L8b1kobAoq2ByIfUweF3laQZSqrcek4mB.jpg","01_INPUT(입력_원본)",".jpg","1455484","1.388","2026-08-15 02:26:50","INDEX_ONLY_RAW_SOURCE"
"01_INPUT(입력_원본)\06_SOCIAL_PROOF(실제착용_소셜증거)\paid_marketing_todaylook\이혜린_berry_berryin_158cm_48kg_2026-08-15 00-41\XUiwoeuppOtT13E0ZdeX0tWE5bkqilCNTdKxP7GAQDkXZYAervJXeo4xriv7JdRB.jpg","01_INPUT(입력_원본)",".jpg","2843870","2.712","2026-08-15 02:26:52","INDEX_ONLY_RAW_SOURCE"
"01_INPUT(입력_원본)\06_SOCIAL_PROOF(실제착용_소셜증거)\paid_marketing_todaylook\이혜린_berry_berryin_158cm_48kg_2026-08-15 00-41\yHttNtZEFv3FBgKyX8rd6UvnBi5d3XhOkeCQXXZsuvygix2hAlpNSuB3PHeJT8Yv.jpg","01_INPUT(입력_원본)",".jpg","2787835","2.659","2026-08-15 02:26:48","INDEX_ONLY_RAW_SOURCE"
"01_INPUT(입력_원본)\06_SOCIAL_PROOF(실제착용_소셜증거)\paid_marketing_todaylook\이혜린_berry_berryin_158cm_48kg_2026-08-15 00-42\3smsAUtFzhCAMY1H5OXWRpd1YtHLk0oveazAmRYUrpUhSzmclcGFNZu5qr5cEFXA.jpg","01_INPUT(입력_원본)",".jpg","1158864","1.105","2026-08-15 02:26:55","INDEX_ONLY_RAW_SOURCE"
"01_INPUT(입력_원본)\06_SOCIAL_PROOF(실제착용_소셜증거)\paid_marketing_todaylook\이혜린_berry_berryin_158cm_48kg_2026-08-15 00-42\41ue3SY6bu7UjJJVS8K5f67gEAxiDUlMZQPVYgpm2HXCy25ZK9EtUVTOQAcVA2R5.jpg","01_INPUT(입력_원본)",".jpg","1174951","1.121","2026-08-15 02:26:57","INDEX_ONLY_RAW_SOURCE"
"01_INPUT(입력_원본)\06_SOCIAL_PROOF(실제착용_소셜증거)\paid_marketing_todaylook\이혜린_berry_berryin_158cm_48kg_2026-08-15 00-42\81K7UeqnbkfUPd6hoyeH3P15tQHOka6dX7v10eiurxEw8uvXdKVIbOvIhUkDyPzY.jpg","01_INPUT(입력_원본)",".jpg","2043752","1.949","2026-08-15 02:26:59","INDEX_ONLY_RAW_SOURCE"
"01_INPUT(입력_원본)\06_SOCIAL_PROOF(실제착용_소셜증거)\paid_marketing_todaylook\이혜린_berry_berryin_158cm_48kg_2026-08-15 00-42\B27gZExEFpHDDsHlp1XBuwOa8s2VisjuDA5KUhV9hAVm47F6qOtS033cJNMO5uAm.jpg","01_INPUT(입력_원본)",".jpg","775319","0.739","2026-08-15 02:26:56","INDEX_ONLY_RAW_SOURCE"
"01_INPUT(입력_원본)\06_SOCIAL_PROOF(실제착용_소셜증거)\paid_marketing_todaylook\이혜린_berry_berryin_158cm_48kg_2026-08-15 00-42\G0t9BXamK4V3HJwyYavtS35PrIoKpeGks5wNDNksMG7sjNzYeAAIybbkkryZtT9T.jpg","01_INPUT(입력_원본)",".jpg","1827590","1.743","2026-08-15 02:26:54","INDEX_ONLY_RAW_SOURCE"
"01_INPUT(입력_원본)\06_SOCIAL_PROOF(실제착용_소셜증거)\paid_marketing_todaylook\이혜린_berry_berryin_158cm_48kg_2026-08-15 00-42\HokPY7IFOtomvkJ7d6ET5ETdnEp6Fn34gvzOxBP7bizBumbz9h9sExL58xhxzF4C.jpg","01_INPUT(입력_원본)",".jpg","1821548","1.737","2026-08-15 02:26:54","INDEX_ONLY_RAW_SOURCE"
"01_INPUT(입력_원본)\06_SOCIAL_PROOF(실제착용_소셜증거)\paid_marketing_todaylook\이혜린_berry_berryin_158cm_48kg_2026-08-15 00-42\O84kXvJprb4dBbfGU8aSiC6xvH1bRKJkrje6M7AiZsvmekik1m3rcr5maPDDfNes.jpg","01_INPUT(입력_원본)",".jpg","1497130","1.428","2026-08-15 02:26:57","INDEX_ONLY_RAW_SOURCE"
"01_INPUT(입력_원본)\06_SOCIAL_PROOF(실제착용_소셜증거)\paid_marketing_todaylook\이혜린_berry_berryin_158cm_48kg_2026-08-15 00-42\Pe8hnOrZDg1ycFmDJxB0aU27wIWJ3o7JR1Jw0Cz6cdJ7liF4BjqdEpcCeDIf9L4v.jpg","01_INPUT(입력_원본)",".jpg","1550590","1.479","2026-08-15 02:26:58","INDEX_ONLY_RAW_SOURCE"
"01_INPUT(입력_원본)\06_SOCIAL_PROOF(실제착용_소셜증거)\paid_marketing_todaylook\이혜린_berry_berryin_158cm_48kg_2026-08-15 00-42\uKis3cBi9lbTbcV0ZrJkbsCLajiqmtDjs6XIMO4gxxY7kz7X7vTKcOzsLpHtqYqK.jpg","01_INPUT(입력_원본)",".jpg","1340277","1.278","2026-08-15 02:26:58","INDEX_ONLY_RAW_SOURCE"
"01_INPUT(입력_원본)\06_SOCIAL_PROOF(실제착용_소셜증거)\paid_marketing_todaylook\이혜린_berry_berryin_158cm_48kg_2026-08-15 00-42\Yg45fsP3y3cG7ddVtgCRXmvcPkTt06ihpmACv8ucK0THgAdIeByYcHwTd4i8TT5Z.jpg","01_INPUT(입력_원본)",".jpg","2100921","2.004","2026-08-15 02:26:56","INDEX_ONLY_RAW_SOURCE"
"01_INPUT(입력_원본)\06_SOCIAL_PROOF(실제착용_소셜증거)\paid_marketing_todaylook\이희수_hh_soo12_178cm_78kg_2026-08-15 00-41\N47ndpBw1iq2QMrdhp6RrSpBSuMxZeJ4N2Peze03s65cwQ2StnoKg2dhTK5mE2aG.jpg","01_INPUT(입력_원본)",".jpg","1393370","1.329","2026-08-15 02:27:00","INDEX_ONLY_RAW_SOURCE"
"01_INPUT(입력_원본)\06_SOCIAL_PROOF(실제착용_소셜증거)\paid_marketing_todaylook\이희수_hh_soo12_178cm_78kg_2026-08-15 00-41\USE28GKJx2Y9aWx8FWnQret012YjEt2WW5iMncSpb6LUoTf7cHeM2bkWXImxAKUn.jpg","01_INPUT(입력_원본)",".jpg","1356985","1.294","2026-08-15 02:27:00","INDEX_ONLY_RAW_SOURCE"
"01_INPUT(입력_원본)\06_SOCIAL_PROOF(실제착용_소셜증거)\paid_marketing_todaylook\이희수_hh_soo12_178cm_78kg_2026-08-15 00-41\Xn8TQ97D9oqiwCcvoSdtNY2OAzoEvJaxxFsfHX6HHKwfNoDM3h6KwFY8Nf72yD31.jpg","01_INPUT(입력_원본)",".jpg","1298827","1.239","2026-08-15 02:27:01","INDEX_ONLY_RAW_SOURCE"
"01_INPUT(입력_원본)\06_SOCIAL_PROOF(실제착용_소셜증거)\paid_marketing_todaylook\이희수_hh_soo12_178cm_78kg_2026-08-15 00-41\ZesVnt2HVCFoeHp7U54CFWVow9p5aIeYn1uowbNkgF9G1YP8Et1icgbw7K94LPtt.jpg","01_INPUT(입력_원본)",".jpg","1002490","0.956","2026-08-15 02:27:01","INDEX_ONLY_RAW_SOURCE"
"01_INPUT(입력_원본)\06_SOCIAL_PROOF(실제착용_소셜증거)\paid_marketing_todaylook\장형빈_memento_hb_89_175cm_75kg_2026-08-15 00-41\6fLkxLZwgQMdoWrInVZOWOFJGZ37EXTgHlzXZ1mVlEhlLJRDRtHbBC8uUouCgs9K.jpg","01_INPUT(입력_원본)",".jpg","933474","0.89","2026-08-15 02:27:06","INDEX_ONLY_RAW_SOURCE"
"01_INPUT(입력_원본)\06_SOCIAL_PROOF(실제착용_소셜증거)\paid_marketing_todaylook\장형빈_memento_hb_89_175cm_75kg_2026-08-15 00-41\Ace0JRz74ZfgoDqcvbSjgUT9CxLUqy8h6U1yKe2BCjh7xNbVrJTqU2GXFtzHVn16.jpg","01_INPUT(입력_원본)",".jpg","1598996","1.525","2026-08-15 02:27:04","INDEX_ONLY_RAW_SOURCE"
"01_INPUT(입력_원본)\06_SOCIAL_PROOF(실제착용_소셜증거)\paid_marketing_todaylook\장형빈_memento_hb_89_175cm_75kg_2026-08-15 00-41\BDyTvm8BByxva8SspGziQrlrVKClGSw77iZY4mn9x6nwEfb4IoM47fPzTkpObtRk.jpg","01_INPUT(입력_원본)",".jpg","969838","0.925","2026-08-15 02:27:05","INDEX_ONLY_RAW_SOURCE"
"01_INPUT(입력_원본)\06_SOCIAL_PROOF(실제착용_소셜증거)\paid_marketing_todaylook\장형빈_memento_hb_89_175cm_75kg_2026-08-15 00-41\eLvX9kRjEBaKshkLUZGeY5tX5nkj0jP9cpRgDzG471FdEFYFMi1aNUm7DXih6Qg8.jpg","01_INPUT(입력_원본)",".jpg","1332956","1.271","2026-08-15 02:27:03","INDEX_ONLY_RAW_SOURCE"
"01_INPUT(입력_원본)\06_SOCIAL_PROOF(실제착용_소셜증거)\paid_marketing_todaylook\장형빈_memento_hb_89_175cm_75kg_2026-08-15 00-41\gCAPdFrhYydy6lvd9Et2t4QAFygtXzI4asqeYYfBdOx2KOldbow9hl4Dzp5JqjpB.jpg","01_INPUT(입력_원본)",".jpg","1192634","1.137","2026-08-15 02:27:04","INDEX_ONLY_RAW_SOURCE"
"01_INPUT(입력_원본)\06_SOCIAL_PROOF(실제착용_소셜증거)\paid_marketing_todaylook\장형빈_memento_hb_89_175cm_75kg_2026-08-15 00-41\juo316Nfh44kBR9mfBrKrMFxg9Wio34LeMgoS6JUa0xj2uHwFLxrooQ1bR0Ugj0g.jpg","01_INPUT(입력_원본)",".jpg","1016015","0.969","2026-08-15 02:27:05","INDEX_ONLY_RAW_SOURCE"
"01_INPUT(입력_원본)\06_SOCIAL_PROOF(실제착용_소셜증거)\paid_marketing_todaylook\장형빈_memento_hb_89_175cm_75kg_2026-08-15 00-41\OEzH6nejFbFNqx81chf4oQpM9sCSNIrv6IhcKmhsLh98w4PuYUvERVMk0FCoJZuh.jpg","01_INPUT(입력_원본)",".jpg","588738","0.561","2026-08-15 02:27:02","INDEX_ONLY_RAW_SOURCE"
"01_INPUT(입력_원본)\06_SOCIAL_PROOF(실제착용_소셜증거)\paid_marketing_todaylook\장형빈_memento_hb_89_175cm_75kg_2026-08-15 00-41\z3OvnvtQpV5ubFS8WtEEf7lBNoPIdMGI60HyiPrw3CtdWKX3zAohqvoNZvuDCQtj.jpg","01_INPUT(입력_원본)",".jpg","1514640","1.444","2026-08-15 02:27:02","INDEX_ONLY_RAW_SOURCE"
"01_INPUT(입력_원본)\06_SOCIAL_PROOF(실제착용_소셜증거)\paid_marketing_todaylook\티마페이_timafolio_186cm_86kg_2024-10-11 08_35\2ZIc4mCVZyaMMODbOw3dS2nbGHjS08OTnhFiZQcRCD8MdDlWJAUKHOUMk1NVKSQq.jpg","01_INPUT(입력_원본)",".jpg","1022081","0.975","2026-08-10 08:27:46","INDEX_ONLY_RAW_SOURCE"
"01_INPUT(입력_원본)\06_SOCIAL_PROOF(실제착용_소셜증거)\paid_marketing_todaylook\티마페이_timafolio_186cm_86kg_2024-10-11 08_35\6a2Uk4F0DNrFBdg0uZQoNrMrzAncrJQvm6N6FyaDMsCcJcK5Y794kuPN090LzuDj.jpg","01_INPUT(입력_원본)",".jpg","1650533","1.574","2026-08-10 08:27:47","INDEX_ONLY_RAW_SOURCE"
"01_INPUT(입력_원본)\06_SOCIAL_PROOF(실제착용_소셜증거)\paid_marketing_todaylook\티마페이_timafolio_186cm_86kg_2024-10-11 08_35\9TU6SQj3fmwCt3TycUjlu1IpVo4GVbj8RUH0b5PblATUpFrL732bJLi9T1vL27G3.jpg","01_INPUT(입력_원본)",".jpg","2016949","1.924","2026-08-10 08:27:47","INDEX_ONLY_RAW_SOURCE"
"01_INPUT(입력_원본)\06_SOCIAL_PROOF(실제착용_소셜증거)\paid_marketing_todaylook\티마페이_timafolio_186cm_86kg_2024-10-11 08_35\LJqBunkA7xyPu918dVLfOl22Gh3KpVy7u9MrCiuEDm20lpIG9aqKtQL6qOJNN0Dv.jpg","01_INPUT(입력_원본)",".jpg","3048793","2.908","2026-08-10 08:27:47","INDEX_ONLY_RAW_SOURCE"
"01_INPUT(입력_원본)\06_SOCIAL_PROOF(실제착용_소셜증거)\paid_marketing_todaylook\티마페이_timafolio_186cm_86kg_2024-10-11 08_35\oza4VUgOZ5RnYPS1daw1YPbJ2oZ7AnJMDhTqTlpEoft420GSwNNGTwQcPZzGcbjY.jpg","01_INPUT(입력_원본)",".jpg","2087986","1.991","2026-08-10 08:27:48","INDEX_ONLY_RAW_SOURCE"
"01_INPUT(입력_원본)\06_SOCIAL_PROOF(실제착용_소셜증거)\paid_marketing_todaylook\티마페이_timafolio_186cm_86kg_2024-10-11 08_35\QlGoHGsqiAZ2DZPW5cnFfCYAdvOA6apyOwf1GulYnjCuGiiUfktQpNNTv4IJzS0Z.jpg","01_INPUT(입력_원본)",".jpg","2128674","2.03","2026-08-10 08:27:47","INDEX_ONLY_RAW_SOURCE"
"01_INPUT(입력_원본)\06_SOCIAL_PROOF(실제착용_소셜증거)\paid_marketing_todaylook\티마페이_timafolio_186cm_86kg_2026-08-15 00-40\4SHpM8WGDKzfI78U19oRXAsuaQw5fLcGM6SpG6S7.jpg","01_INPUT(입력_원본)",".jpg","97250","0.093","2026-08-15 02:27:09","INDEX_ONLY_RAW_SOURCE"
"01_INPUT(입력_원본)\06_SOCIAL_PROOF(실제착용_소셜증거)\paid_marketing_todaylook\티마페이_timafolio_186cm_86kg_2026-08-15 00-40\7UaGrq2jHinJ9X1809IKqDD5DBM3el19p7S6cE68NETMimMI9ZbStqcCswJNVuFp.jpg","01_INPUT(입력_원본)",".jpg","1154753","1.101","2026-08-15 02:27:06","INDEX_ONLY_RAW_SOURCE"
"01_INPUT(입력_원본)\06_SOCIAL_PROOF(실제착용_소셜증거)\paid_marketing_todaylook\티마페이_timafolio_186cm_86kg_2026-08-15 00-40\9AZNX1fiY16TMKIcyIcOeSUInqyvNi4jvL4ShBQlZwzAUoMC1esuIIrXuTd1SmkD.jpg","01_INPUT(입력_원본)",".jpg","1177764","1.123","2026-08-15 02:27:09","INDEX_ONLY_RAW_SOURCE"
"01_INPUT(입력_원본)\06_SOCIAL_PROOF(실제착용_소셜증거)\paid_marketing_todaylook\티마페이_timafolio_186cm_86kg_2026-08-15 00-40\EAYoCLC4FypyRlLcjeMNEpYfx75JgCxX2ou4RMW4xuDdWRp9NdzHQvL1C6u7rPTd.jpg","01_INPUT(입력_원본)",".jpg","929908","0.887","2026-08-15 02:27:07","INDEX_ONLY_RAW_SOURCE"
"01_INPUT(입력_원본)\06_SOCIAL_PROOF(실제착용_소셜증거)\paid_marketing_todaylook\티마페이_timafolio_186cm_86kg_2026-08-15 00-40\luRB7hmmMtZ6BQxPEQqPseikW9nqKlxbPnZnV1pjcZCvRFe1jk1tOnCJziUZGYJW.jpg","01_INPUT(입력_원본)",".jpg","1441190","1.374","2026-08-15 02:27:08","INDEX_ONLY_RAW_SOURCE"
"01_INPUT(입력_원본)\06_SOCIAL_PROOF(실제착용_소셜증거)\paid_marketing_todaylook\티마페이_timafolio_186cm_86kg_2026-08-15 00-40\sHuaVFx5Rewx3ZRqseAvT6TkuaTHQPlfx0I9vOGC.jpg","01_INPUT(입력_원본)",".jpg","115839","0.11","2026-08-15 02:27:09","INDEX_ONLY_RAW_SOURCE"
"01_INPUT(입력_원본)\06_SOCIAL_PROOF(실제착용_소셜증거)\paid_marketing_todaylook\티마페이_timafolio_186cm_86kg_2026-08-15 00-40\xx5x2Vsb9WFJNpJvGMwVcsyTAQDjghWekcga9hKL3YNCRP68mAFRX37zvR5sU8b4.jpg","01_INPUT(입력_원본)",".jpg","1212053","1.156","2026-08-15 02:27:07","INDEX_ONLY_RAW_SOURCE"
"01_INPUT(입력_원본)\07_GLOBAL(글로벌_자료)\ishowspeed\HOLD\두번째 만남.mp4","01_INPUT(입력_원본)",".mp4","53274943","50.807","2024-05-21 10:51:43","INDEX_ONLY_RAW_SOURCE"
"01_INPUT(입력_원본)\07_GLOBAL(글로벌_자료)\ishowspeed\HOLD\제목) 선물1.ai","01_INPUT(입력_원본)",".ai","79429829","75.75","2024-05-21 17:27:14","INDEX_ONLY_RAW_SOURCE"
"01_INPUT(입력_원본)\07_GLOBAL(글로벌_자료)\ishowspeed\HOLD\제목) 선물2.ai","01_INPUT(입력_원본)",".ai","79429683","75.75","2024-05-21 17:29:28","INDEX_ONLY_RAW_SOURCE"
"01_INPUT(입력_원본)\07_GLOBAL(글로벌_자료)\ishowspeed\HOLD\제목) 선물3.ai","01_INPUT(입력_원본)",".ai","79430002","75.75","2024-05-21 17:30:28","INDEX_ONLY_RAW_SOURCE"
"01_INPUT(입력_원본)\07_GLOBAL(글로벌_자료)\ishowspeed\HOLD\제목) 이름이 뭐니.ai","01_INPUT(입력_원본)",".ai","79428437","75.749","2024-05-21 18:23:52","INDEX_ONLY_RAW_SOURCE"
"01_INPUT(입력_원본)\07_GLOBAL(글로벌_자료)\ishowspeed\HOLD\제목) 즐거운 시간 보내.ai","01_INPUT(입력_원본)",".ai","79424340","75.745","2024-05-21 17:54:41","INDEX_ONLY_RAW_SOURCE"
"01_INPUT(입력_원본)\07_GLOBAL(글로벌_자료)\ishowspeed\HOLD\제목) Reunion.ai","01_INPUT(입력_원본)",".ai","79421836","75.743","2024-05-21 16:11:49","INDEX_ONLY_RAW_SOURCE"
"01_INPUT(입력_원본)\07_GLOBAL(글로벌_자료)\ishowspeed\HOLD\제목) welcome to korea.ai","01_INPUT(입력_원본)",".ai","79423885","75.745","2024-05-21 17:51:56","INDEX_ONLY_RAW_SOURCE"
"01_INPUT(입력_원본)\07_GLOBAL(글로벌_자료)\ishowspeed\HOLD\제목) welcome.ai","01_INPUT(입력_원본)",".ai","79427262","75.748","2024-05-21 17:32:10","INDEX_ONLY_RAW_SOURCE"
"01_INPUT(입력_원본)\07_GLOBAL(글로벌_자료)\ishowspeed\HOLD\제목)-선물1.png","01_INPUT(입력_원본)",".png","13768","0.013","2024-05-21 17:27:38","INDEX_ONLY_RAW_SOURCE"
"01_INPUT(입력_원본)\07_GLOBAL(글로벌_자료)\ishowspeed\HOLD\제목)-선물2.png","01_INPUT(입력_원본)",".png","13975","0.013","2024-05-21 17:29:41","INDEX_ONLY_RAW_SOURCE"
"01_INPUT(입력_원본)\07_GLOBAL(글로벌_자료)\ishowspeed\HOLD\제목)-선물3.png","01_INPUT(입력_원본)",".png","13972","0.013","2024-05-21 17:30:43","INDEX_ONLY_RAW_SOURCE"
"01_INPUT(입력_원본)\07_GLOBAL(글로벌_자료)\ishowspeed\HOLD\제목)-이름이-뭐니.png","01_INPUT(입력_원본)",".png","12882","0.012","2024-05-21 17:56:07","INDEX_ONLY_RAW_SOURCE"
"01_INPUT(입력_원본)\07_GLOBAL(글로벌_자료)\ishowspeed\HOLD\제목)-즐거운-시간-보내.png","01_INPUT(입력_원본)",".png","12620","0.012","2024-05-21 17:55:00","INDEX_ONLY_RAW_SOURCE"
"01_INPUT(입력_원본)\07_GLOBAL(글로벌_자료)\ishowspeed\HOLD\제목)-Reunion.png","01_INPUT(입력_원본)",".png","13182","0.013","2024-05-21 16:12:04","INDEX_ONLY_RAW_SOURCE"
"01_INPUT(입력_원본)\07_GLOBAL(글로벌_자료)\ishowspeed\HOLD\제목)-THE-DAY.png","01_INPUT(입력_원본)",".png","12149","0.012","2024-05-21 17:19:01","INDEX_ONLY_RAW_SOURCE"
"01_INPUT(입력_원본)\07_GLOBAL(글로벌_자료)\ishowspeed\HOLD\제목)-THE-NIGHT.png","01_INPUT(입력_원본)",".png","12196","0.012","2024-05-21 17:18:31","INDEX_ONLY_RAW_SOURCE"
"01_INPUT(입력_원본)\07_GLOBAL(글로벌_자료)\ishowspeed\HOLD\제목)-welcome-to-korea.png","01_INPUT(입력_원본)",".png","11099","0.011","2024-05-21 17:52:16","INDEX_ONLY_RAW_SOURCE"
"01_INPUT(입력_원본)\07_GLOBAL(글로벌_자료)\ishowspeed\HOLD\irl nightlife in South Korea 🇰🇷.mp4","01_INPUT(입력_원본)",".mp4","5040841078","4807.321","2024-05-21 12:36:33","INDEX_ONLY_RAW_SOURCE"
"01_INPUT(입력_원본)\07_GLOBAL(글로벌_자료)\ishowspeed\HOLD\vecteezy_gift-box-icons-collection-isolated-on-white-vector-image_4473900\vecteezy_gift-box-icons-collection-isolated-on-white-vector-image_.jpg","01_INPUT(입력_원본)",".jpg","193033","0.184","2021-11-19 13:14:58","INDEX_ONLY_RAW_SOURCE"
"01_INPUT(입력_원본)\07_GLOBAL(글로벌_자료)\ishowspeed\HOLD\vecteezy_gift-box-icons-collection-isolated-on-white-vector-image_4473900\Vecteezy-License-Information.pdf","01_INPUT(입력_원본)",".pdf","83983","0.08","2021-11-19 14:57:16","INDEX_ONLY_RAW_SOURCE"
"01_INPUT(입력_원본)\09_VIDEO(영상)\reels\bukchon_jamsil_final\광고) THE DAY OF NIGHT_ON-SITE.mp4","01_INPUT(입력_원본)",".mp4","24903259","23.75","2024-04-11 04:21:51","INDEX_ONLY_RAW_SOURCE"
"01_INPUT(입력_원본)\09_VIDEO(영상)\reels\bukchon_jamsil_final\광고) THE NIGHT OF SEOUL_ON-SITE.mp4","01_INPUT(입력_원본)",".mp4","23492108","22.404","2024-04-18 19:04:15","INDEX_ONLY_RAW_SOURCE"
"01_INPUT(입력_원본)\09_VIDEO(영상)\reels\bukchon_jamsil_final\색상 매트 (Color Matte).mp4","01_INPUT(입력_원본)",".mp4","9777735","9.325","2024-04-30 09:09:18","INDEX_ONLY_RAW_SOURCE"
"01_INPUT(입력_원본)\09_VIDEO(영상)\reels\bukchon_jamsil_final\COVER) BUKCHON.ai","01_INPUT(입력_원본)",".ai","388745519","370.737","2024-04-10 16:12:23","INDEX_ONLY_RAW_SOURCE"
"01_INPUT(입력_원본)\09_VIDEO(영상)\reels\bukchon_jamsil_final\COVER) BUKCHON(1024_500).ai","01_INPUT(입력_원본)",".ai","154949742","147.772","2024-04-21 21:53:54","INDEX_ONLY_RAW_SOURCE"
"01_INPUT(입력_원본)\09_VIDEO(영상)\reels\bukchon_jamsil_final\COVER) BUKCHON(1024_SMALL).ai","01_INPUT(입력_원본)",".ai","154958584","147.78","2024-04-21 23:07:44","INDEX_ONLY_RAW_SOURCE"
"01_INPUT(입력_원본)\09_VIDEO(영상)\reels\bukchon_jamsil_final\COVER) BUKCHON(세로).ai","01_INPUT(입력_원본)",".ai","154984818","147.805","2024-04-21 17:47:27","INDEX_ONLY_RAW_SOURCE"
"01_INPUT(입력_원본)\09_VIDEO(영상)\reels\bukchon_jamsil_final\COVER) JAMSIL(1024_SMALL).ai","01_INPUT(입력_원본)",".ai","176995762","168.796","2024-04-21 23:06:02","INDEX_ONLY_RAW_SOURCE"
"01_INPUT(입력_원본)\09_VIDEO(영상)\reels\bukchon_jamsil_final\COVER) JAMSIL(1024).ai","01_INPUT(입력_원본)",".ai","176970514","168.772","2024-04-21 21:44:45","INDEX_ONLY_RAW_SOURCE"
"01_INPUT(입력_원본)\09_VIDEO(영상)\reels\bukchon_jamsil_final\COVER)-BUKCHON.png","01_INPUT(입력_원본)",".png","984648","0.939","2024-04-10 16:12:42","INDEX_ONLY_RAW_SOURCE"
"01_INPUT(입력_원본)\09_VIDEO(영상)\reels\bukchon_jamsil_final\COVER)-BUKCHON(1024_500).png","01_INPUT(입력_원본)",".png","585485","0.558","2024-04-21 21:30:43","INDEX_ONLY_RAW_SOURCE"
"01_INPUT(입력_원본)\09_VIDEO(영상)\reels\bukchon_jamsil_final\COVER)-BUKCHON(1024_수정).png","01_INPUT(입력_원본)",".png","598015","0.57","2024-04-21 21:55:09","INDEX_ONLY_RAW_SOURCE"
"01_INPUT(입력_원본)\09_VIDEO(영상)\reels\bukchon_jamsil_final\COVER)-BUKCHON(1024_테두리).png","01_INPUT(입력_원본)",".png","593029","0.566","2024-04-21 21:46:54","INDEX_ONLY_RAW_SOURCE"
"01_INPUT(입력_원본)\09_VIDEO(영상)\reels\bukchon_jamsil_final\COVER)-BUKCHON(1024_SMALL).png","01_INPUT(입력_원본)",".png","600006","0.572","2024-04-21 23:07:53","INDEX_ONLY_RAW_SOURCE"
"01_INPUT(입력_원본)\09_VIDEO(영상)\reels\bukchon_jamsil_final\COVER)-BUKCHON(1024).png","01_INPUT(입력_원본)",".png","585372","0.558","2024-04-21 17:52:34","INDEX_ONLY_RAW_SOURCE"
"01_INPUT(입력_원본)\09_VIDEO(영상)\reels\bukchon_jamsil_final\COVER)-JAMSIL(1024_수정).png","01_INPUT(입력_원본)",".png","414927","0.396","2024-04-21 21:56:55","INDEX_ONLY_RAW_SOURCE"
"01_INPUT(입력_원본)\09_VIDEO(영상)\reels\bukchon_jamsil_final\COVER)-JAMSIL(1024).png","01_INPUT(입력_원본)",".png","406947","0.388","2024-04-21 21:53:35","INDEX_ONLY_RAW_SOURCE"
"01_INPUT(입력_원본)\09_VIDEO(영상)\reels\bukchon_jamsil_final\DJI_20240401143718_0100_D.MP4","01_INPUT(입력_원본)",".mp4","218238318","208.128","2024-04-01 14:37:46","INDEX_ONLY_RAW_SOURCE"
"01_INPUT(입력_원본)\09_VIDEO(영상)\reels\bukchon_jamsil_final\OFFICIAL) 북촌 & 잠실 COUPLE.mp4","01_INPUT(입력_원본)",".mp4","4545641","4.335","2024-04-29 20:25:42","INDEX_ONLY_RAW_SOURCE"
"01_INPUT(입력_원본)\09_VIDEO(영상)\reels\package_final\KOREA TOUR_PACAKGE_릴스.mp4","01_INPUT(입력_원본)",".mp4","160986333","153.529","2024-05-11 02:15:50","INDEX_ONLY_RAW_SOURCE"
"01_INPUT(입력_원본)\09_VIDEO(영상)\reels\package_final\KOREA_TOUR_PACKAGE(1080)mp4.mp4","01_INPUT(입력_원본)",".mp4","41634354","39.706","2024-05-11 02:17:40","INDEX_ONLY_RAW_SOURCE"
"01_INPUT(입력_원본)\10_LEGACY_WADIZ(기존_와디즈_자료)\1) 상세페이지\안내형-봉투)-XXX-STUDIO_KOREA-TOUR(165x165).gif","01_INPUT(입력_원본)",".gif","12915","0.012","2025-09-09 22:59:47","INDEX_ONLY_RAW_SOURCE"
"01_INPUT(입력_원본)\10_LEGACY_WADIZ(기존_와디즈_자료)\1) 상세페이지\PRODUCT)-SOEUL.gif","01_INPUT(입력_원본)",".gif","199071","0.19","2025-09-08 17:27:48","INDEX_ONLY_RAW_SOURCE"
"01_INPUT(입력_원본)\10_LEGACY_WADIZ(기존_와디즈_자료)\1) 상세페이지\PRODUCT)-THE-DAY-OF-SOEUL.ai","01_INPUT(입력_원본)",".ai","227337384","216.806","2025-09-09 20:38:42","INDEX_ONLY_RAW_SOURCE"
"01_INPUT(입력_원본)\10_LEGACY_WADIZ(기존_와디즈_자료)\1) 상세페이지\PRODUCT)-THE-DAY-OF-SOEUL.gif","01_INPUT(입력_원본)",".gif","819701","0.782","2025-09-07 23:26:27","INDEX_ONLY_RAW_SOURCE"
"01_INPUT(입력_원본)\10_LEGACY_WADIZ(기존_와디즈_자료)\1) 상세페이지\TITLE) PRODUCT.ai","01_INPUT(입력_원본)",".ai","1231796","1.175","2025-09-09 22:54:27","INDEX_ONLY_RAW_SOURCE"
"01_INPUT(입력_원본)\10_LEGACY_WADIZ(기존_와디즈_자료)\1) 상세페이지\TITLE) PRODUCT(WHITE).ai","01_INPUT(입력_원본)",".ai","1599267","1.525","2025-09-12 19:24:11","INDEX_ONLY_RAW_SOURCE"
"01_INPUT(입력_원본)\10_LEGACY_WADIZ(기존_와디즈_자료)\1) 상세페이지\TITLE) THE DAY OF SEOUL.ai","01_INPUT(입력_원본)",".ai","1234529","1.177","2025-09-07 16:36:26","INDEX_ONLY_RAW_SOURCE"
"01_INPUT(입력_원본)\10_LEGACY_WADIZ(기존_와디즈_자료)\1) 상세페이지\TITLE) THE NIGHT OF SEOUL.ai","01_INPUT(입력_원본)",".ai","1231666","1.175","2025-09-07 16:39:24","INDEX_ONLY_RAW_SOURCE"
"01_INPUT(입력_원본)\10_LEGACY_WADIZ(기존_와디즈_자료)\1) 상세페이지\TITLE)-PRODUCT.gif","01_INPUT(입력_원본)",".gif","15632","0.015","2025-09-09 22:54:44","INDEX_ONLY_RAW_SOURCE"
"01_INPUT(입력_원본)\10_LEGACY_WADIZ(기존_와디즈_자료)\1) 상세페이지\TITLE)-PRODUCT(WHITE).gif","01_INPUT(입력_원본)",".gif","15866","0.015","2025-09-12 19:24:20","INDEX_ONLY_RAW_SOURCE"
"01_INPUT(입력_원본)\10_LEGACY_WADIZ(기존_와디즈_자료)\1) 상세페이지\TITLE)-THE-DAY-OF-SEOUL.gif","01_INPUT(입력_원본)",".gif","19955","0.019","2025-09-07 16:37:54","INDEX_ONLY_RAW_SOURCE"
"01_INPUT(입력_원본)\10_LEGACY_WADIZ(기존_와디즈_자료)\1) 상세페이지\TITLE)-THE-NIGHT-OF-SEOUL.gif","01_INPUT(입력_원본)",".gif","19253","0.018","2025-09-07 16:39:32","INDEX_ONLY_RAW_SOURCE"
"01_INPUT(입력_원본)\10_LEGACY_WADIZ(기존_와디즈_자료)\와디즈) 메인이미지.ai","01_INPUT(입력_원본)",".ai","674983828","643.715","2025-08-29 21:29:33","INDEX_ONLY_RAW_SOURCE"
"01_INPUT(입력_원본)\10_LEGACY_WADIZ(기존_와디즈_자료)\와디즈) 메인이미지2.ai","01_INPUT(입력_원본)",".ai","671042241","639.956","2025-09-06 23:39:00","INDEX_ONLY_RAW_SOURCE"
"01_INPUT(입력_원본)\10_LEGACY_WADIZ(기존_와디즈_자료)\와디즈)-메인이미지.png","01_INPUT(입력_원본)",".png","816128","0.778","2025-08-29 21:29:54","INDEX_ONLY_RAW_SOURCE"
"01_INPUT(입력_원본)\10_LEGACY_WADIZ(기존_와디즈_자료)\와디즈)-메인이미지2.png","01_INPUT(입력_원본)",".png","707701","0.675","2025-09-06 23:39:32","INDEX_ONLY_RAW_SOURCE"
"01_INPUT(입력_원본)\10_LEGACY_WADIZ(기존_와디즈_자료)\캡쳐_표지.jpg","01_INPUT(입력_원본)",".jpg","452498","0.432","2024-04-29 17:54:38","INDEX_ONLY_RAW_SOURCE"
"01_INPUT(입력_원본)\10_LEGACY_WADIZ(기존_와디즈_자료)\iStock-2032466208.gif","01_INPUT(입력_원본)",".gif","14183156","13.526","2025-08-29 02:33:39","INDEX_ONLY_RAW_SOURCE"
"01_INPUT(입력_원본)\10_LEGACY_WADIZ(기존_와디즈_자료)\iStock-2032466208.psd","01_INPUT(입력_원본)",".psd","134342056","128.119","2025-08-29 02:33:22","INDEX_ONLY_RAW_SOURCE"
"01_INPUT(입력_원본)\10_LEGACY_WADIZ(기존_와디즈_자료)\iStock-2032466208(1200x675).psd","01_INPUT(입력_원본)",".psd","120800267","115.204","2025-08-29 19:19:19","INDEX_ONLY_RAW_SOURCE"
"01_INPUT(입력_원본)\10_LEGACY_WADIZ(기존_와디즈_자료)\KakaoTalk_20250907_235105601.jpg","01_INPUT(입력_원본)",".jpg","267149","0.255","2025-09-07 23:51:21","INDEX_ONLY_RAW_SOURCE"
"01_INPUT(입력_원본)\10_LEGACY_WADIZ(기존_와디즈_자료)\KakaoTalk_20250909_234708041.png","01_INPUT(입력_원본)",".png","10762877","10.264","2025-09-09 23:47:13","INDEX_ONLY_RAW_SOURCE"
"01_INPUT(입력_원본)\10_LEGACY_WADIZ(기존_와디즈_자료)\KakaoTalk_20250911_230303337.jpg","01_INPUT(입력_원본)",".jpg","775933","0.74","2025-09-11 23:05:17","INDEX_ONLY_RAW_SOURCE"
"01_INPUT(입력_원본)\10_LEGACY_WADIZ(기존_와디즈_자료)\KakaoTalk_20250911_230429126.png","01_INPUT(입력_원본)",".png","2434210","2.321","2025-09-11 23:05:22","INDEX_ONLY_RAW_SOURCE"
"01_INPUT(입력_원본)\10_LEGACY_WADIZ(기존_와디즈_자료)\KakaoTalk_20250911_230632160.jpg","01_INPUT(입력_원본)",".jpg","807116","0.77","2025-09-11 23:07:09","INDEX_ONLY_RAW_SOURCE"
"01_INPUT(입력_원본)\10_LEGACY_WADIZ(기존_와디즈_자료)\maeyossss_a_billboard_design_for_a_glass_cleaner_half_side_dirt_5d1c823a-681f-4cb7-9c82-77e5c6b3b02c.png","01_INPUT(입력_원본)",".png","1685515","1.607","2025-09-10 00:04:53","INDEX_ONLY_RAW_SOURCE"
"01_INPUT(입력_원본)\10_LEGACY_WADIZ(기존_와디즈_자료)\NOTICE) 성수 팝업 스토어(사진).ai","01_INPUT(입력_원본)",".ai","378813905","361.265","2025-08-29 01:13:04","INDEX_ONLY_RAW_SOURCE"
"01_INPUT(입력_원본)\10_LEGACY_WADIZ(기존_와디즈_자료)\POSTER) THE DAY OF SEOUL.ai","01_INPUT(입력_원본)",".ai","185375746","176.788","2025-09-06 22:19:32","INDEX_ONLY_RAW_SOURCE"
"01_INPUT(입력_원본)\10_LEGACY_WADIZ(기존_와디즈_자료)\POSTER)-THE-DAY-OF-SEOUL.png","01_INPUT(입력_원본)",".png","113058","0.108","2025-09-06 22:19:37","INDEX_ONLY_RAW_SOURCE"
"01_INPUT(입력_원본)\10_LEGACY_WADIZ(기존_와디즈_자료)\sach23._front_view_empty_white_horizontal_advertising_16x9_digi_9f0bc0ec-645a-446d-8b3f-06eba738f50c.png","01_INPUT(입력_원본)",".png","7530171","7.181","2025-09-10 00:23:13","INDEX_ONLY_RAW_SOURCE"
"01_INPUT(입력_원본)\10_LEGACY_WADIZ(기존_와디즈_자료)\u8471141352_Minimalist_high-end_exhibition_studio_luxury_fashio_4d00bb01-f65d-4cd2-be12-e2de60a1ebf2.png","01_INPUT(입력_원본)",".png","5384001","5.135","2025-09-06 22:07:24","INDEX_ONLY_RAW_SOURCE"
"01_INPUT(입력_원본)\11_BUSINESS_SOURCE(사업_원자료)\01_SOURCE_INPUT(원본_입력)\모자_스펙.rtf","01_INPUT(입력_원본)",".rtf","1202","0.001","2026-08-10 22:15:59","INDEX_ONLY_RAW_SOURCE"
"01_INPUT(입력_원본)\11_BUSINESS_SOURCE(사업_원자료)\01_SOURCE_INPUT(원본_입력)\IMG_7473 2.PNG","01_INPUT(입력_원본)",".png","93429","0.089","2026-08-10 22:06:52","INDEX_ONLY_RAW_SOURCE"
"01_INPUT(입력_원본)\11_BUSINESS_SOURCE(사업_원자료)\01_SOURCE_INPUT(원본_입력)\IMG_7474 2.JPG","01_INPUT(입력_원본)",".jpg","61387","0.059","2026-08-10 22:07:01","INDEX_ONLY_RAW_SOURCE"
"01_INPUT(입력_원본)\11_BUSINESS_SOURCE(사업_원자료)\01_SOURCE_INPUT(원본_입력)\IMG_7580.JPG","01_INPUT(입력_원본)",".jpg","236558","0.226","2026-08-10 22:08:55","INDEX_ONLY_RAW_SOURCE"
"01_INPUT(입력_원본)\11_BUSINESS_SOURCE(사업_원자료)\01_SOURCE_INPUT(원본_입력)\packaging\성원애드피아.PNG","01_INPUT(입력_원본)",".png","21290","0.02","2026-08-09 10:21:48","INDEX_ONLY_RAW_SOURCE"
"01_INPUT(입력_원본)\11_BUSINESS_SOURCE(사업_원자료)\01_SOURCE_INPUT(원본_입력)\packaging\세금계산서) 부직포 파우치_20240304.pdf","01_INPUT(입력_원본)",".pdf","131371","0.125","2024-03-11 20:38:15","INDEX_ONLY_RAW_SOURCE"
"01_INPUT(입력_원본)\11_BUSINESS_SOURCE(사업_원자료)\01_SOURCE_INPUT(원본_입력)\packaging\영수증페이지.pdf","01_INPUT(입력_원본)",".pdf","158189","0.151","2026-08-09 10:33:04","INDEX_ONLY_RAW_SOURCE"
"01_INPUT(입력_원본)\11_BUSINESS_SOURCE(사업_원자료)\01_SOURCE_INPUT(원본_입력)\packaging\영수증페이지2.pdf","01_INPUT(입력_원본)",".pdf","174396","0.166","2026-08-09 10:33:21","INDEX_ONLY_RAW_SOURCE"
"01_INPUT(입력_원본)\11_BUSINESS_SOURCE(사업_원자료)\01_SOURCE_INPUT(원본_입력)\packaging\영수증페이지3.pdf","01_INPUT(입력_원본)",".pdf","168312","0.161","2026-08-09 10:33:29","INDEX_ONLY_RAW_SOURCE"
"01_INPUT(입력_원본)\11_BUSINESS_SOURCE(사업_원자료)\01_SOURCE_INPUT(원본_입력)\packaging\영수증페이지4.pdf","01_INPUT(입력_원본)",".pdf","157594","0.15","2026-08-09 10:34:11","INDEX_ONLY_RAW_SOURCE"
"01_INPUT(입력_원본)\11_BUSINESS_SOURCE(사업_원자료)\01_SOURCE_INPUT(원본_입력)\packaging\영수증페이지5.pdf","01_INPUT(입력_원본)",".pdf","167530","0.16","2026-08-09 10:34:36","INDEX_ONLY_RAW_SOURCE"
"01_INPUT(입력_원본)\11_BUSINESS_SOURCE(사업_원자료)\01_SOURCE_INPUT(원본_입력)\packaging\영수증페이지6.pdf","01_INPUT(입력_원본)",".pdf","156777","0.15","2026-08-09 10:34:44","INDEX_ONLY_RAW_SOURCE"
"01_INPUT(입력_원본)\11_BUSINESS_SOURCE(사업_원자료)\01_SOURCE_INPUT(원본_입력)\packaging\image 2.PNG","01_INPUT(입력_원본)",".png","21290","0.02","2026-08-09 10:21:48","INDEX_ONLY_RAW_SOURCE"
"01_INPUT(입력_원본)\11_BUSINESS_SOURCE(사업_원자료)\01_SOURCE_INPUT(원본_입력)\packaging\IMG_7480.PNG","01_INPUT(입력_원본)",".png","417374","0.398","2026-08-09 10:20:15","INDEX_ONLY_RAW_SOURCE"
"01_INPUT(입력_원본)\11_BUSINESS_SOURCE(사업_원자료)\01_SOURCE_INPUT(원본_입력)\packaging\IMG_7481.PNG","01_INPUT(입력_원본)",".png","445706","0.425","2026-08-09 10:20:17","INDEX_ONLY_RAW_SOURCE"
"01_INPUT(입력_원본)\11_BUSINESS_SOURCE(사업_원자료)\01_SOURCE_INPUT(원본_입력)\packaging\IMG_7482.PNG","01_INPUT(입력_원본)",".png","411819","0.393","2026-08-09 10:20:20","INDEX_ONLY_RAW_SOURCE"
"01_INPUT(입력_원본)\11_BUSINESS_SOURCE(사업_원자료)\01_SOURCE_INPUT(원본_입력)\packaging\IMG_7483.PNG","01_INPUT(입력_원본)",".png","666748","0.636","2026-08-09 10:20:23","INDEX_ONLY_RAW_SOURCE"
"01_INPUT(입력_원본)\11_BUSINESS_SOURCE(사업_원자료)\01_SOURCE_INPUT(원본_입력)\packaging\XXX STUDIO_부직포 조리개_실크인쇄 견적서240304.pdf","01_INPUT(입력_원본)",".pdf","119540","0.114","2024-03-04 21:46:05","INDEX_ONLY_RAW_SOURCE"
"01_INPUT(입력_원본)\11_BUSINESS_SOURCE(사업_원자료)\01_SOURCE_INPUT(원본_입력)\production\202404124200002118277347 (1).html","01_INPUT(입력_원본)",".html","338169","0.323","2026-08-09 11:02:21","INDEX_ONLY_RAW_SOURCE"
"01_INPUT(입력_원본)\11_BUSINESS_SOURCE(사업_원자료)\01_SOURCE_INPUT(원본_입력)\production\202404124200002118277347.html","01_INPUT(입력_원본)",".html","338405","0.323","2026-08-09 11:02:16","INDEX_ONLY_RAW_SOURCE"
"01_INPUT(입력_원본)\11_BUSINESS_SOURCE(사업_원자료)\01_SOURCE_INPUT(원본_입력)\production\240213_물품공급계약서_팩토리유니콘.pdf","01_INPUT(입력_원본)",".pdf","490430","0.468","2026-08-09 11:01:19","INDEX_ONLY_RAW_SOURCE"
"01_INPUT(입력_원본)\11_BUSINESS_SOURCE(사업_원자료)\01_SOURCE_INPUT(원본_입력)\production\감사 추적 인증서.pdf","01_INPUT(입력_원본)",".pdf","465993","0.444","2026-08-09 11:01:21","INDEX_ONLY_RAW_SOURCE"
"01_INPUT(입력_원본)\11_BUSINESS_SOURCE(사업_원자료)\01_SOURCE_INPUT(원본_입력)\production\실력 있는 전문가 찾기, 크몽(사진촬영).pdf","01_INPUT(입력_원본)",".pdf","220464","0.21","2026-08-09 11:15:55","INDEX_ONLY_RAW_SOURCE"
"01_INPUT(입력_원본)\11_BUSINESS_SOURCE(사업_원자료)\01_SOURCE_INPUT(원본_입력)\production\아임웹_결제내역.rtf","01_INPUT(입력_원본)",".rtf","54371","0.052","2026-08-09 11:05:35","INDEX_ONLY_RAW_SOURCE"
"01_INPUT(입력_원본)\11_BUSINESS_SOURCE(사업_원자료)\01_SOURCE_INPUT(원본_입력)\production\주문 정보 _ #4932236(쇼핑몰_SEO).pdf","01_INPUT(입력_원본)",".pdf","217749","0.208","2026-08-09 11:14:06","INDEX_ONLY_RAW_SOURCE"
"01_INPUT(입력_원본)\11_BUSINESS_SOURCE(사업_원자료)\01_SOURCE_INPUT(원본_입력)\production\주문 정보 _ #4944655(메타,인스타 세팅).pdf","01_INPUT(입력_원본)",".pdf","217834","0.208","2026-08-09 11:14:32","INDEX_ONLY_RAW_SOURCE"
"01_INPUT(입력_원본)\11_BUSINESS_SOURCE(사업_원자료)\01_SOURCE_INPUT(원본_입력)\production\주문 정보 _ #5063357(유튜브 홍보).pdf","01_INPUT(입력_원본)",".pdf","218334","0.208","2026-08-09 11:15:03","INDEX_ONLY_RAW_SOURCE"
"01_INPUT(입력_원본)\11_BUSINESS_SOURCE(사업_원자료)\01_SOURCE_INPUT(원본_입력)\production\주문 정보 _ #5244803(제품사진_반팔).pdf","01_INPUT(입력_원본)",".pdf","218883","0.209","2026-08-09 11:13:17","INDEX_ONLY_RAW_SOURCE"
"01_INPUT(입력_원본)\11_BUSINESS_SOURCE(사업_원자료)\01_SOURCE_INPUT(원본_입력)\production\주문 정보 _ #5587817(제품사진_모자).pdf","01_INPUT(입력_원본)",".pdf","218576","0.208","2026-08-09 11:13:40","INDEX_ONLY_RAW_SOURCE"
"01_INPUT(입력_원본)\11_BUSINESS_SOURCE(사업_원자료)\01_SOURCE_INPUT(원본_입력)\production\카카오뱅크_거래내역_N1666136877_2026080910301726.xlsx","01_INPUT(입력_원본)",".xlsx","23040","0.022","2026-08-09 10:30:37","INDEX_ONLY_RAW_SOURCE"
"01_INPUT(입력_원본)\11_BUSINESS_SOURCE(사업_원자료)\01_SOURCE_INPUT(원본_입력)\production\폰트사용권 증서_XXX스튜디오.jpg","01_INPUT(입력_원본)",".jpg","450697","0.43","2026-08-09 11:02:02","INDEX_ONLY_RAW_SOURCE"
"01_INPUT(입력_원본)\11_BUSINESS_SOURCE(사업_원자료)\01_SOURCE_INPUT(원본_입력)\production\IMG_7472.JPG","01_INPUT(입력_원본)",".jpg","77909","0.074","2026-08-09 10:03:30","INDEX_ONLY_RAW_SOURCE"
"01_INPUT(입력_원본)\11_BUSINESS_SOURCE(사업_원자료)\01_SOURCE_INPUT(원본_입력)\production\IMG_7473.PNG","01_INPUT(입력_원본)",".png","93429","0.089","2026-08-09 10:03:47","INDEX_ONLY_RAW_SOURCE"
"01_INPUT(입력_원본)\11_BUSINESS_SOURCE(사업_원자료)\01_SOURCE_INPUT(원본_입력)\production\IMG_7474.JPG","01_INPUT(입력_원본)",".jpg","61387","0.059","2026-08-09 10:03:50","INDEX_ONLY_RAW_SOURCE"
"01_INPUT(입력_원본)\11_BUSINESS_SOURCE(사업_원자료)\01_SOURCE_INPUT(원본_입력)\production\IMG_7475.JPG","01_INPUT(입력_원본)",".jpg","65647","0.063","2026-08-09 10:03:54","INDEX_ONLY_RAW_SOURCE"
"01_INPUT(입력_원본)\11_BUSINESS_SOURCE(사업_원자료)\01_SOURCE_INPUT(원본_입력)\production\Kakaotalk_Chat_권도재대표님(스티치잇_빌).zip","01_INPUT(입력_원본)",".zip","47524","0.045","2026-08-09 09:36:26","INDEX_ONLY_RAW_SOURCE"
"01_INPUT(입력_원본)\11_BUSINESS_SOURCE(사업_원자료)\01_SOURCE_INPUT(원본_입력)\production\Kakaotalk_Chat_길서희(모델).zip","01_INPUT(입력_원본)",".zip","9673","0.009","2026-08-09 10:53:02","INDEX_ONLY_RAW_SOURCE"
"01_INPUT(입력_원본)\11_BUSINESS_SOURCE(사업_원자료)\01_SOURCE_INPUT(원본_입력)\production\Kakaotalk_Chat_박선규(모자).zip","01_INPUT(입력_원본)",".zip","3863","0.004","2026-08-09 10:16:46","INDEX_ONLY_RAW_SOURCE"
"01_INPUT(입력_원본)\11_BUSINESS_SOURCE(사업_원자료)\01_SOURCE_INPUT(원본_입력)\production\Kakaotalk_Chat_정진욱(모델).zip","01_INPUT(입력_원본)",".zip","10427","0.01","2026-08-09 10:52:15","INDEX_ONLY_RAW_SOURCE"
"01_INPUT(입력_원본)\11_BUSINESS_SOURCE(사업_원자료)\01_SOURCE_INPUT(원본_입력)\README.md","01_INPUT(입력_원본)",".md","1366","0.001","2026-08-09 02:16:05","INDEX_ONLY_RAW_SOURCE"
"01_INPUT(입력_원본)\11_BUSINESS_SOURCE(사업_원자료)\01_SOURCE_INPUT(원본_입력)\sales\결제_내역_20260809103655.xlsx","01_INPUT(입력_원본)",".xlsx","6644","0.006","2026-08-09 10:36:59","INDEX_ONLY_RAW_SOURCE"
"01_INPUT(입력_원본)\11_BUSINESS_SOURCE(사업_원자료)\01_SOURCE_INPUT(원본_입력)\sales\구매평_기본 양식_2026_08_09_KR.xlsx","01_INPUT(입력_원본)",".xlsx","10490","0.01","2026-08-09 10:39:28","INDEX_ONLY_RAW_SOURCE"
"01_INPUT(입력_원본)\11_BUSINESS_SOURCE(사업_원자료)\01_SOURCE_INPUT(원본_입력)\sales\모든 상태 주문_KR.xls","01_INPUT(입력_원본)",".xls","116224","0.111","2026-08-09 10:38:00","INDEX_ONLY_RAW_SOURCE"
"01_INPUT(입력_원본)\11_BUSINESS_SOURCE(사업_원자료)\02_NORMALIZED_EVIDENCE(정규화_근거)\01_직접제조\2024-02-13_팩토리유니콘_직접제조_물품공급계약서.pdf","01_INPUT(입력_원본)",".pdf","490430","0.468","2026-08-09 12:21:26","INDEX_ONLY_RAW_SOURCE"
"01_INPUT(입력_원본)\11_BUSINESS_SOURCE(사업_원자료)\02_NORMALIZED_EVIDENCE(정규화_근거)\01_직접제조\2024-04-09_스티치잇_직접제조_SWEATSHIRT_생산견적_E032.JPG","01_INPUT(입력_원본)",".jpg","65647","0.063","2026-08-09 12:21:26","INDEX_ONLY_RAW_SOURCE"
"01_INPUT(입력_원본)\11_BUSINESS_SOURCE(사업_원자료)\02_NORMALIZED_EVIDENCE(정규화_근거)\01_직접제조\2024-04~07_스티치잇_의류제작_카카오톡대화_E001-E004.zip","01_INPUT(입력_원본)",".zip","47524","0.045","2026-08-09 12:21:25","INDEX_ONLY_RAW_SOURCE"
"01_INPUT(입력_원본)\11_BUSINESS_SOURCE(사업_원자료)\02_NORMALIZED_EVIDENCE(정규화_근거)\01_직접제조\2024-06-07_스티치잇_직접제조_T-SHIRT_생산견적_E031.JPG","01_INPUT(입력_원본)",".jpg","77909","0.074","2026-08-09 12:21:26","INDEX_ONLY_RAW_SOURCE"
"01_INPUT(입력_원본)\11_BUSINESS_SOURCE(사업_원자료)\02_NORMALIZED_EVIDENCE(정규화_근거)\01_직접제조\2024-09~10_전설의모자왕_CAP_카카오톡대화_E005-E006-E033.zip","01_INPUT(입력_원본)",".zip","3863","0.004","2026-08-09 12:21:26","INDEX_ONLY_RAW_SOURCE"
"01_INPUT(입력_원본)\11_BUSINESS_SOURCE(사업_원자료)\02_NORMALIZED_EVIDENCE(정규화_근거)\03_콘텐츠제작\2024-02-05_크몽히피즈_콘텐츠제작_사진촬영_5300원_E025.pdf","01_INPUT(입력_원본)",".pdf","220464","0.21","2026-08-09 12:21:27","INDEX_ONLY_RAW_SOURCE"
"01_INPUT(입력_원본)\11_BUSINESS_SOURCE(사업_원자료)\02_NORMALIZED_EVIDENCE(정규화_근거)\03_콘텐츠제작\2024-03_길서희_콘텐츠제작_모델대화_E020.zip","01_INPUT(입력_원본)",".zip","9673","0.009","2026-08-09 12:21:26","INDEX_ONLY_RAW_SOURCE"
"01_INPUT(입력_원본)\11_BUSINESS_SOURCE(사업_원자료)\02_NORMALIZED_EVIDENCE(정규화_근거)\03_콘텐츠제작\2024-03_정진욱_콘텐츠제작_모델대화_E019.zip","01_INPUT(입력_원본)",".zip","10427","0.01","2026-08-09 12:21:26","INDEX_ONLY_RAW_SOURCE"
"01_INPUT(입력_원본)\11_BUSINESS_SOURCE(사업_원자료)\02_NORMALIZED_EVIDENCE(정규화_근거)\03_콘텐츠제작\2024-07-16_크몽클로스튜디오_콘텐츠제작_T-SHIRT촬영_57960원_E029.pdf","01_INPUT(입력_원본)",".pdf","218883","0.209","2026-08-09 12:21:27","INDEX_ONLY_RAW_SOURCE"
"01_INPUT(입력_원본)\11_BUSINESS_SOURCE(사업_원자료)\02_NORMALIZED_EVIDENCE(정규화_근거)\03_콘텐츠제작\2024-11-01_크몽클로스튜디오_콘텐츠제작_CAP촬영_47610원_E030.pdf","01_INPUT(입력_원본)",".pdf","218576","0.208","2026-08-09 12:21:27","INDEX_ONLY_RAW_SOURCE"
"01_INPUT(입력_원본)\11_BUSINESS_SOURCE(사업_원자료)\02_NORMALIZED_EVIDENCE(정규화_근거)\04_패키징\2024-03_성원애드피아_패키징_결제근거_E009-E013-E017.PNG","01_INPUT(입력_원본)",".png","21290","0.02","2026-08-09 12:21:28","INDEX_ONLY_RAW_SOURCE"
"01_INPUT(입력_원본)\11_BUSINESS_SOURCE(사업_원자료)\02_NORMALIZED_EVIDENCE(정규화_근거)\04_패키징\2024-03-04_명성패키지_패키징_부직포파우치_102300원_E007.pdf","01_INPUT(입력_원본)",".pdf","131371","0.125","2026-08-09 12:21:27","INDEX_ONLY_RAW_SOURCE"
"01_INPUT(입력_원본)\11_BUSINESS_SOURCE(사업_원자료)\02_NORMALIZED_EVIDENCE(정규화_근거)\04_패키징\2024-03-04_명성패키지_패키징_부직포파우치_견적_E007.pdf","01_INPUT(입력_원본)",".pdf","119540","0.114","2026-08-09 12:21:28","INDEX_ONLY_RAW_SOURCE"
"01_INPUT(입력_원본)\11_BUSINESS_SOURCE(사업_원자료)\02_NORMALIZED_EVIDENCE(정규화_근거)\05_커머스_고정비\2024-03_아임웹_COMODO_커머스고정비_결제내역_374000원_E022-E024.rtf","01_INPUT(입력_원본)",".rtf","54371","0.052","2026-08-09 12:21:28","INDEX_ONLY_RAW_SOURCE"
"01_INPUT(입력_원본)\11_BUSINESS_SOURCE(사업_원자료)\02_NORMALIZED_EVIDENCE(정규화_근거)\05_커머스_고정비\2024-04-09_크몽에이미디자인_커머스고정비_SEO_82800원_E026.pdf","01_INPUT(입력_원본)",".pdf","217749","0.208","2026-08-09 12:21:28","INDEX_ONLY_RAW_SOURCE"
"01_INPUT(입력_원본)\11_BUSINESS_SOURCE(사업_원자료)\02_NORMALIZED_EVIDENCE(정규화_근거)\06_마케팅\2024-04-16_크몽그로스비_마케팅_메타인스타설정_25870원_E027.pdf","01_INPUT(입력_원본)",".pdf","217834","0.208","2026-08-09 12:21:28","INDEX_ONLY_RAW_SOURCE"
"01_INPUT(입력_원본)\11_BUSINESS_SOURCE(사업_원자료)\02_NORMALIZED_EVIDENCE(정규화_근거)\06_마케팅\2024-05-29_크몽지프라마케팅_마케팅_YouTube홍보_25870원_E028.pdf","01_INPUT(입력_원본)",".pdf","218334","0.208","2026-08-09 12:21:29","INDEX_ONLY_RAW_SOURCE"
"01_INPUT(입력_원본)\11_BUSINESS_SOURCE(사업_원자료)\02_NORMALIZED_EVIDENCE(정규화_근거)\08_확인필요\2024-03-25_XXXSTUDIO_SEOUL_현행비용대장_E008-E021.xlsx","01_INPUT(입력_원본)",".xlsx","23122","0.022","2026-08-09 12:21:26","INDEX_ONLY_RAW_SOURCE"
"01_INPUT(입력_원본)\11_BUSINESS_SOURCE(사업_원자료)\02_NORMALIZED_EVIDENCE(정규화_근거)\08_확인필요\2026-08-09_카카오뱅크_확인필요_암호화거래내역.xlsx","01_INPUT(입력_원본)",".xlsx","23040","0.022","2026-08-09 12:21:29","INDEX_ONLY_RAW_SOURCE"
"01_INPUT(입력_원본)\11_BUSINESS_SOURCE(사업_원자료)\02_NORMALIZED_EVIDENCE(정규화_근거)\08_확인필요\다날_아임웹_PG계약서_확인필요.pdf","01_INPUT(입력_원본)",".pdf","372283","0.355","2026-08-09 12:21:29","INDEX_ONLY_RAW_SOURCE"
"01_INPUT(입력_원본)\11_BUSINESS_SOURCE(사업_원자료)\02_NORMALIZED_EVIDENCE(정규화_근거)\08_확인필요\폰트사용권_XXXSTUDIO_확인필요.jpg","01_INPUT(입력_원본)",".jpg","450697","0.43","2026-08-09 12:21:29","INDEX_ONLY_RAW_SOURCE"
"01_INPUT(입력_원본)\11_BUSINESS_SOURCE(사업_원자료)\02_NORMALIZED_EVIDENCE(정규화_근거)\09_프로젝트외_제외\2024-06-13_스티치잇_NON-SEOUL_금형비_605000원_E003_공동증거.zip","01_INPUT(입력_원본)",".zip","47524","0.045","2026-08-09 22:46:25","INDEX_ONLY_RAW_SOURCE"
"01_INPUT(입력_원본)\11_BUSINESS_SOURCE(사업_원자료)\02_NORMALIZED_EVIDENCE(정규화_근거)\근거자료_인덱스.csv","01_INPUT(입력_원본)",".csv","10973","0.01","2026-08-09 22:46:26","INDEX_ONLY_RAW_SOURCE"
"01_INPUT(입력_원본)\12_REFERENCE(외부_참고자료)\BUSINESS_PLAN_V2_REFERENCE_20260809.txt","01_INPUT(입력_원본)",".txt","22187","0.021","2026-08-09 01:19:09","INDEX_ONLY_RAW_SOURCE"
"01_INPUT(입력_원본)\12_REFERENCE(외부_참고자료)\OFFICIAL_WEB_SOURCES.md","01_INPUT(입력_원본)",".md","1716","0.002","2026-08-09 00:03:22","INDEX_ONLY_RAW_SOURCE"
"02_WORKING(작업중)\01_STORY(스토리_작업)\MASTER_STORYBOARD_LOCK_V1__마스터_스토리보드_잠금_1차.md","02_WORKING(작업중)",".md","20775","0.02","2026-08-31 20:47:38","GITHUB_INCLUDED"
"02_WORKING(작업중)\01_STORY(스토리_작업)\MASTER_STORYBOARD_LOCK_V1.1__마스터_스토리보드_잠금_1.1.md","02_WORKING(작업중)",".md","25074","0.024","2026-09-01 00:17:58","GITHUB_INCLUDED"
"02_WORKING(작업중)\01_STORY(스토리_작업)\MASTER_STORYBOARD_NATIVE_COPY_WORKING__마스터_스토리보드_와디즈_문구.md","02_WORKING(작업중)",".md","49006","0.047","2026-08-31 10:41:23","GITHUB_INCLUDED"
"02_WORKING(작업중)\01_STORY(스토리_작업)\MASTER_STORYBOARD_RECOVERY_WORKING__마스터_스토리보드_복구_작업.md","02_WORKING(작업중)",".md","53172","0.051","2026-08-24 14:51:17","GITHUB_INCLUDED"
"02_WORKING(작업중)\01_STORY(스토리_작업)\REFERENCE_BENCHMARK_CONTENT_GAP_MATRIX_V1__레퍼런스_벤치마크_콘텐츠_갭_매트릭스_1차.md","02_WORKING(작업중)",".md","8030","0.008","2026-09-01 00:12:27","GITHUB_INCLUDED"
"02_WORKING(작업중)\01_STORY(스토리_작업)\xxxstudio_wadiz_storyboard.png","02_WORKING(작업중)",".png","1631551","1.556","2026-08-08 22:54:05","GITHUB_INCLUDED"
"02_WORKING(작업중)\03_HERO(대표이미지_작업)\AI_CONTENT_BLUEPRINT__AI_콘텐츠_제작_설계.md","02_WORKING(작업중)",".md","23983","0.023","2026-08-16 12:07:48","GITHUB_INCLUDED"
"02_WORKING(작업중)\06_PROTOTYPE(상세페이지_시안)\assets\creative_cut_1\AST-0003.png","02_WORKING(작업중)",".png","17230","0.016","2026-08-31 16:13:51","GITHUB_INCLUDED"
"02_WORKING(작업중)\06_PROTOTYPE(상세페이지_시안)\assets\creative_cut_1\AST-0004.png","02_WORKING(작업중)",".png","23392","0.022","2026-08-31 16:13:51","GITHUB_INCLUDED"
"02_WORKING(작업중)\06_PROTOTYPE(상세페이지_시안)\assets\creative_cut_1\AST-0016.png","02_WORKING(작업중)",".png","17559","0.017","2026-08-31 16:13:51","GITHUB_INCLUDED"
"02_WORKING(작업중)\06_PROTOTYPE(상세페이지_시안)\assets\creative_cut_1\AST-0023.png","02_WORKING(작업중)",".png","17455","0.017","2026-08-31 16:13:51","GITHUB_INCLUDED"
"02_WORKING(작업중)\06_PROTOTYPE(상세페이지_시안)\assets\creative_cut_1\AST-0052_SAFE_CROP.jpg","02_WORKING(작업중)",".jpg","108419","0.103","2026-08-31 16:13:51","GITHUB_INCLUDED"
"02_WORKING(작업중)\06_PROTOTYPE(상세페이지_시안)\assets\creative_cut_1\AST-0137.png","02_WORKING(작업중)",".png","25347","0.024","2026-08-31 16:13:51","GITHUB_INCLUDED"
"02_WORKING(작업중)\06_PROTOTYPE(상세페이지_시안)\assets\creative_cut_1\AST-0193.jpg","02_WORKING(작업중)",".jpg","172419","0.164","2026-08-31 16:13:51","GITHUB_INCLUDED"
"02_WORKING(작업중)\06_PROTOTYPE(상세페이지_시안)\assets\creative_cut_1\AST-0202.jpg","02_WORKING(작업중)",".jpg","344268","0.328","2026-08-31 16:13:51","GITHUB_INCLUDED"
"02_WORKING(작업중)\06_PROTOTYPE(상세페이지_시안)\assets\creative_cut_1\AST-0235.jpg","02_WORKING(작업중)",".jpg","180172","0.172","2026-08-31 16:13:51","GITHUB_INCLUDED"
"02_WORKING(작업중)\06_PROTOTYPE(상세페이지_시안)\assets\creative_cut_1\AST-0254.jpg","02_WORKING(작업중)",".jpg","171673","0.164","2026-08-31 16:13:51","GITHUB_INCLUDED"
"02_WORKING(작업중)\06_PROTOTYPE(상세페이지_시안)\assets\creative_cut_1\AST-0297.jpg","02_WORKING(작업중)",".jpg","206179","0.197","2026-08-31 16:13:51","GITHUB_INCLUDED"
"02_WORKING(작업중)\06_PROTOTYPE(상세페이지_시안)\assets\creative_cut_1\AST-0357.jpg","02_WORKING(작업중)",".jpg","1006036","0.959","2026-08-31 16:13:52","GITHUB_INCLUDED"
"02_WORKING(작업중)\06_PROTOTYPE(상세페이지_시안)\assets\creative_cut_1\AST-0439.png","02_WORKING(작업중)",".png","1608361","1.534","2026-08-31 16:13:53","GITHUB_INCLUDED"
"02_WORKING(작업중)\06_PROTOTYPE(상세페이지_시안)\assets\creative_cut_1\AST-0460.jpg","02_WORKING(작업중)",".jpg","352530","0.336","2026-08-31 16:13:54","GITHUB_INCLUDED"
"02_WORKING(작업중)\06_PROTOTYPE(상세페이지_시안)\assets\creative_cut_1\AST-0919.jpg","02_WORKING(작업중)",".jpg","721745","0.688","2026-08-31 16:13:53","GITHUB_INCLUDED"
"02_WORKING(작업중)\06_PROTOTYPE(상세페이지_시안)\assets\creative_cut_1\AST-0961.jpg","02_WORKING(작업중)",".jpg","136528","0.13","2026-08-31 16:13:53","GITHUB_INCLUDED"
"02_WORKING(작업중)\06_PROTOTYPE(상세페이지_시안)\assets\creative_cut_1\LAYOUT_TRANSITION_DAY_TO_NIGHT.jpg","02_WORKING(작업중)",".jpg","41833","0.04","2026-08-31 16:13:54","GITHUB_INCLUDED"
"02_WORKING(작업중)\06_PROTOTYPE(상세페이지_시안)\assets\creative_cut_1\manifest.json","02_WORKING(작업중)",".json","673","0.001","2026-08-31 16:13:54","GITHUB_INCLUDED"
"02_WORKING(작업중)\06_PROTOTYPE(상세페이지_시안)\assets\creative_cut_1\PAIR_COLLECTION_LOOKBOOK.jpg","02_WORKING(작업중)",".jpg","170400","0.163","2026-08-31 16:13:54","GITHUB_INCLUDED"
"02_WORKING(작업중)\06_PROTOTYPE(상세페이지_시안)\assets\creative_cut_1\PAIR_ONE_SEOUL_BACK.jpg","02_WORKING(작업중)",".jpg","361857","0.345","2026-08-31 16:13:54","GITHUB_INCLUDED"
"02_WORKING(작업중)\06_PROTOTYPE(상세페이지_시안)\CAMPAIGN_ASSET_CUT__캠페인_자산_선별본.md","02_WORKING(작업중)",".md","5879","0.006","2026-09-01 01:31:19","GITHUB_INCLUDED"
"02_WORKING(작업중)\06_PROTOTYPE(상세페이지_시안)\CREATIVE_CUT_REBUILD_SPEC__크리에이티브_선별_재구축_명세.md","02_WORKING(작업중)",".md","5029","0.005","2026-08-31 16:13:30","GITHUB_INCLUDED"
"02_WORKING(작업중)\06_PROTOTYPE(상세페이지_시안)\WADIZ_CREATIVE_CUT_1__와디즈_크리에이티브_컷_1.html","02_WORKING(작업중)",".html","13817","0.013","2026-08-31 16:13:30","GITHUB_INCLUDED"
"02_WORKING(작업중)\06_PROTOTYPE(상세페이지_시안)\WADIZ_MVP_BUILD_MAP__와디즈_MVP_제작_맵.md","02_WORKING(작업중)",".md","7152","0.007","2026-08-31 13:28:01","GITHUB_INCLUDED"
"02_WORKING(작업중)\06_PROTOTYPE(상세페이지_시안)\WADIZ_MVP_SIMULATOR__와디즈_MVP_시뮬레이터.html","02_WORKING(작업중)",".html","2369031","2.259","2026-08-31 13:36:05","GITHUB_INCLUDED"
"02_WORKING(작업중)\06_PROTOTYPE(상세페이지_시안)\WADIZ_MVP_SIMULATOR__TECHNICAL_REFERENCE_ONLY.md","02_WORKING(작업중)",".md","922","0.001","2026-08-31 16:06:36","GITHUB_INCLUDED"
"02_WORKING(작업중)\06_PROTOTYPE(상세페이지_시안)\WADIZ_REAL_DRAFT_DESKTOP_LONG.png","02_WORKING(작업중)",".png","8404323","8.015","2026-09-01 01:45:35","GITHUB_INCLUDED"
"02_WORKING(작업중)\06_PROTOTYPE(상세페이지_시안)\WADIZ_REAL_DRAFT_MOBILE_LONG.png","02_WORKING(작업중)",".png","3499626","3.338","2026-09-01 01:45:31","GITHUB_INCLUDED"
"02_WORKING(작업중)\06_PROTOTYPE(상세페이지_시안)\WADIZ_REAL_DRAFT_MVP__와디즈_실제_초안.html","02_WORKING(작업중)",".html","303523","0.289","2026-09-01 01:29:51","GITHUB_INCLUDED"
"02_WORKING(작업중)\06_PROTOTYPE(상세페이지_시안)\WADIZ_WORKING_PROTOTYPE__와디즈_작업용_시안.html","02_WORKING(작업중)",".html","42232","0.04","2026-08-21 20:42:02","GITHUB_INCLUDED"
"02_WORKING(작업중)\06_PROTOTYPE(상세페이지_시안)\xxxstudio_wadiz_story_mockup.html","02_WORKING(작업중)",".html","17298","0.016","2026-08-08 22:54:07","GITHUB_INCLUDED"
"02_WORKING(작업중)\08_CHANNELS(채널별_작업)\XXX_STUDIO_WADIZ_OFFLINE_PRESENTATION_v1.pdf","02_WORKING(작업중)",".pdf","3061759","2.92","2026-08-31 11:18:54","INDEX_ONLY_BINARY"
"02_WORKING(작업중)\08_CHANNELS(채널별_작업)\XXX_STUDIO_WADIZ_OFFLINE_PRESENTATION_v1.pptx","02_WORKING(작업중)",".pptx","13749570","13.113","2026-08-31 11:09:57","INDEX_ONLY_BINARY"
"90_REPORTS(검토_보고)\01_REVIEW(검토자료)\01_REPOSITORY_MIGRATION(저장소_이전)\01_MIGRATION_EXECUTION_REPORT__저장소_이전_실행보고.md","90_REPORTS(검토_보고)",".md","1741","0.002","2026-08-20 20:46:58","GITHUB_INCLUDED"
"90_REPORTS(검토_보고)\01_REVIEW(검토자료)\01_REPOSITORY_MIGRATION(저장소_이전)\02_FINAL_FOLDER_TREE__최종_폴더_구조.md","90_REPORTS(검토_보고)",".md","2246","0.002","2026-08-20 22:36:31","GITHUB_INCLUDED"
"90_REPORTS(검토_보고)\01_REVIEW(검토자료)\01_REPOSITORY_MIGRATION(저장소_이전)\03_ACTIVE_FILE_MAP__활성_파일_맵.md","90_REPORTS(검토_보고)",".md","1727","0.002","2026-08-20 20:46:58","GITHUB_INCLUDED"
"90_REPORTS(검토_보고)\01_REVIEW(검토자료)\01_REPOSITORY_MIGRATION(저장소_이전)\04_PATH_REWRITE_QA__경로_갱신_검증.md","90_REPORTS(검토_보고)",".md","845","0.001","2026-08-20 20:46:58","GITHUB_INCLUDED"
"90_REPORTS(검토_보고)\01_REVIEW(검토자료)\01_REPOSITORY_MIGRATION(저장소_이전)\05_ASSET_INDEX_QA__자산_인덱스_검증.md","90_REPORTS(검토_보고)",".md","359","0","2026-08-20 20:46:58","GITHUB_INCLUDED"
"90_REPORTS(검토_보고)\01_REVIEW(검토자료)\01_REPOSITORY_MIGRATION(저장소_이전)\06_HTML_QA__작업용_시안_검증.md","90_REPORTS(검토_보고)",".md","506","0","2026-08-20 20:46:58","GITHUB_INCLUDED"
"90_REPORTS(검토_보고)\01_REVIEW(검토자료)\01_REPOSITORY_MIGRATION(저장소_이전)\07_WORKBOOK_QA__워크북_검증.md","90_REPORTS(검토_보고)",".md","758","0.001","2026-08-20 20:46:58","GITHUB_INCLUDED"
"90_REPORTS(검토_보고)\01_REVIEW(검토자료)\01_REPOSITORY_MIGRATION(저장소_이전)\08_ROLLBACK_MANIFEST__롤백_기준.md","90_REPORTS(검토_보고)",".md","893","0.001","2026-08-20 20:46:58","GITHUB_INCLUDED"
"90_REPORTS(검토_보고)\01_REVIEW(검토자료)\01_REPOSITORY_MIGRATION(저장소_이전)\09_INDEPENDENT_VERIFICATION__독립검증.md","90_REPORTS(검토_보고)",".md","1137","0.001","2026-08-20 20:46:58","GITHUB_INCLUDED"
"90_REPORTS(검토_보고)\01_REVIEW(검토자료)\02_REPOSITORY_AUDIT(저장소_감사)\ACTIVE_FILE_MAP__활성_파일_맵.md","90_REPORTS(검토_보고)",".md","5858","0.006","2026-08-19 21:18:54","GITHUB_INCLUDED"
"90_REPORTS(검토_보고)\01_REVIEW(검토자료)\02_REPOSITORY_AUDIT(저장소_감사)\MIGRATION_PLAN__폴더_파일_정리_계획.csv","90_REPORTS(검토_보고)",".csv","11320","0.011","2026-08-19 21:18:54","GITHUB_INCLUDED"
"90_REPORTS(검토_보고)\01_REVIEW(검토자료)\02_REPOSITORY_AUDIT(저장소_감사)\PROJECT_DATA_FLOW__프로젝트_입출력_흐름.pdf","90_REPORTS(검토_보고)",".pdf","49683","0.047","2026-08-19 21:18:54","INDEX_ONLY_BINARY"
"90_REPORTS(검토_보고)\01_REVIEW(검토자료)\02_REPOSITORY_AUDIT(저장소_감사)\REPOSITORY_AUDIT__프로젝트_저장소_감사.pdf","90_REPORTS(검토_보고)",".pdf","108162","0.103","2026-08-19 21:18:54","INDEX_ONLY_BINARY"
"90_REPORTS(검토_보고)\01_REVIEW(검토자료)\03_CONSUMER_STORY_EDITORIAL(소비자_스토리_편집)\MOTION_SLOT_RIGHTS__모션_사용권_확인.csv","90_REPORTS(검토_보고)",".csv","1309","0.001","2026-08-21 20:30:52","GITHUB_INCLUDED"
"90_REPORTS(검토_보고)\01_REVIEW(검토자료)\03_CONSUMER_STORY_EDITORIAL(소비자_스토리_편집)\NATIVE_COPY_WORKING__와디즈_소비자_문구.md","90_REPORTS(검토_보고)",".md","7053","0.007","2026-08-21 20:32:33","GITHUB_INCLUDED"
"90_REPORTS(검토_보고)\01_REVIEW(검토자료)\03_CONSUMER_STORY_EDITORIAL(소비자_스토리_편집)\WADIZ_STORY_REVIEW_DESKTOP.pdf","90_REPORTS(검토_보고)",".pdf","14216463","13.558","2026-08-21 20:58:19","INDEX_ONLY_BINARY"
"90_REPORTS(검토_보고)\01_REVIEW(검토자료)\03_CONSUMER_STORY_EDITORIAL(소비자_스토리_편집)\WADIZ_STORY_REVIEW_MOBILE.pdf","90_REPORTS(검토_보고)",".pdf","4198964","4.004","2026-08-21 20:58:16","INDEX_ONLY_BINARY"
"90_REPORTS(검토_보고)\01_REVIEW(검토자료)\FULL_PAGE_CREATIVE_DRAFT\CREATIVE_DETAIL_LOCK_DESKTOP_REVIEW.pdf","90_REPORTS(검토_보고)",".pdf","2506038","2.39","2026-08-17 20:23:24","INDEX_ONLY_BINARY"
"90_REPORTS(검토_보고)\01_REVIEW(검토자료)\FULL_PAGE_CREATIVE_DRAFT\CREATIVE_DETAIL_LOCK_MOBILE_REVIEW.pdf","90_REPORTS(검토_보고)",".pdf","1112857","1.061","2026-08-17 20:23:23","INDEX_ONLY_BINARY"
"90_REPORTS(검토_보고)\01_REVIEW(검토자료)\FULL_PAGE_CREATIVE_DRAFT\WADIZ_FULL_PAGE_CREATIVE_DRAFT_DESKTOP.pdf","90_REPORTS(검토_보고)",".pdf","15945905","15.207","2026-08-17 15:43:01","INDEX_ONLY_BINARY"
"90_REPORTS(검토_보고)\01_REVIEW(검토자료)\FULL_PAGE_CREATIVE_DRAFT\WADIZ_FULL_PAGE_CREATIVE_DRAFT_MOBILE.pdf","90_REPORTS(검토_보고)",".pdf","6304950","6.013","2026-08-17 15:42:57","INDEX_ONLY_BINARY"
"90_REPORTS(검토_보고)\01_REVIEW(검토자료)\HERO_NARRATIVE_GATE\01_KEYWORD_BOOKEND_MAP__키워드_수미상관_맵.pdf","90_REPORTS(검토_보고)",".pdf","2679537","2.555","2026-08-17 22:22:45","INDEX_ONLY_BINARY"
"90_REPORTS(검토_보고)\01_REVIEW(검토자료)\HERO_NARRATIVE_GATE\02_PEOPLE_SECTION_ROLE__착용_섹션_역할.pdf","90_REPORTS(검토_보고)",".pdf","2080382","1.984","2026-08-17 22:22:46","INDEX_ONLY_BINARY"
"90_REPORTS(검토_보고)\01_REVIEW(검토자료)\HERO_NARRATIVE_GATE\03_HERO_CANDIDATE_MATRIX__히어로_후보_평가.pdf","90_REPORTS(검토_보고)",".pdf","7561723","7.211","2026-08-17 22:22:47","INDEX_ONLY_BINARY"
"90_REPORTS(검토_보고)\01_REVIEW(검토자료)\HERO_NARRATIVE_GATE\04_HERO_TOP3_LOWFI__히어로_상위3안.pdf","90_REPORTS(검토_보고)",".pdf","6789727","6.475","2026-08-17 22:22:50","INDEX_ONLY_BINARY"
"90_REPORTS(검토_보고)\01_REVIEW(검토자료)\HERO_NARRATIVE_GATE\05_DAY_NIGHT_STORYBOARD__DAY_NIGHT_상세_스토리보드.pdf","90_REPORTS(검토_보고)",".pdf","6812298","6.497","2026-08-17 22:22:51","INDEX_ONLY_BINARY"
"90_REPORTS(검토_보고)\01_REVIEW(검토자료)\HERO_SYSTEM_CONSOLIDATION\HERO_SYSTEM_CONSOLIDATION__히어로_시스템_통합.pdf","90_REPORTS(검토_보고)",".pdf","10639735","10.147","2026-08-18 00:47:04","INDEX_ONLY_BINARY"
"90_REPORTS(검토_보고)\01_REVIEW(검토자료)\HERO_SYSTEM_IMPLEMENTATION_PREP\HERO_SYSTEM_IMPLEMENTATION_PREP__히어로_시스템_구현_준비.pdf","90_REPORTS(검토_보고)",".pdf","7267847","6.931","2026-08-18 02:12:02","INDEX_ONLY_BINARY"
"90_REPORTS(검토_보고)\01_REVIEW(검토자료)\HERO_SYSTEM_REFINEMENT\01_HERO_SYSTEM_REFINEMENT__히어로_시스템_보완.pdf","90_REPORTS(검토_보고)",".pdf","5792943","5.525","2026-08-17 23:56:25","INDEX_ONLY_BINARY"
"90_REPORTS(검토_보고)\01_REVIEW(검토자료)\HERO_SYSTEM_REFINEMENT\02_DAY_NIGHT_MOTION_SYSTEM__DAY_NIGHT_전환_체계.pdf","90_REPORTS(검토_보고)",".pdf","2633187","2.511","2026-08-17 23:56:26","INDEX_ONLY_BINARY"
"90_REPORTS(검토_보고)\02_HANDOFF(전달_ZIP)\XXXWADIZ_EDITORIAL_POLISH_20260821_2059.zip","90_REPORTS(검토_보고)",".zip","14907282","14.217","2026-08-21 21:03:03","INDEX_ONLY_BINARY"
"99_ARCHIVE(보관_폐기)\01_SUPERSEDED(대체_보관)\00_FOLDER_GUIDE__폴더_안내_20260811.md","99_ARCHIVE(보관_폐기)",".md","2377","0.002","2026-08-11 23:39:09","INDEX_ONLY_ARCHIVE"
"99_ARCHIVE(보관_폐기)\01_SUPERSEDED(대체_보관)\01_PROJECT_BRIEF.md","99_ARCHIVE(보관_폐기)",".md","2909","0.003","2026-08-17 15:00:15","INDEX_ONLY_ARCHIVE"
"99_ARCHIVE(보관_폐기)\01_SUPERSEDED(대체_보관)\09_TASKS.md","99_ARCHIVE(보관_폐기)",".md","13463","0.013","2026-08-18 23:36:10","INDEX_ONLY_ARCHIVE"
"99_ARCHIVE(보관_폐기)\01_SUPERSEDED(대체_보관)\99_LEGACY_SHELL(이전_폴더_잔여)\00_PROJECT\03_BUSINESS\.afpDeleted3790491","99_ARCHIVE(보관_폐기)",".afpdeleted3790491","44911","0.043","2026-08-09 23:40:01","INDEX_ONLY_ARCHIVE"
"99_ARCHIVE(보관_폐기)\02_REJECTED(제외_보관)\partial_copy_excluded\02_KOREA_TOUR\collection_identity\logo_1080\한글\PROJECT) KOREA TOUR_DAY_한글(워터마크_중간).ai","99_ARCHIVE(보관_폐기)",".ai","266379","0.254","2024-04-02 19:12:32","INDEX_ONLY_ARCHIVE"
"99_ARCHIVE(보관_폐기)\02_REJECTED(제외_보관)\partial_copy_excluded\02_KOREA_TOUR\collection_identity\logo_1080\PROJECT) KOREA TOUR_DAY(워터마크_중간).ai","99_ARCHIVE(보관_폐기)",".ai","273624","0.261","2024-04-02 19:13:50","INDEX_ONLY_ARCHIVE"
"99_ARCHIVE(보관_폐기)\02_REJECTED(제외_보관)\partial_copy_excluded\02_KOREA_TOUR\collection_identity\logo_1080\PROJECT) KOREA TOUR_DAY(워터마크).ai","99_ARCHIVE(보관_폐기)",".ai","273110","0.26","2024-04-02 19:14:22","INDEX_ONLY_ARCHIVE"
"99_ARCHIVE(보관_폐기)\02_REJECTED(제외_보관)\partial_copy_excluded\02_KOREA_TOUR\collection_identity\logo_1080\PROJECT) KOREA TOUR_DAY&NIGHT(워터마크_중간).ai","99_ARCHIVE(보관_폐기)",".ai","283084","0.27","2024-04-03 00:26:04","INDEX_ONLY_ARCHIVE"
"99_ARCHIVE(보관_폐기)\02_REJECTED(제외_보관)\partial_copy_excluded\02_KOREA_TOUR\collection_identity\logo_1080\PROJECT) KOREA TOUR_NIGHT(워터마크_중간).ai","99_ARCHIVE(보관_폐기)",".ai","273226","0.261","2024-04-03 00:26:20","INDEX_ONLY_ARCHIVE"
"99_ARCHIVE(보관_폐기)\02_REJECTED(제외_보관)\partial_copy_excluded\02_KOREA_TOUR\collection_identity\logo_1080\PROJECT) KOREA TOUR_NIGHT(워터마크).ai","99_ARCHIVE(보관_폐기)",".ai","273727","0.261","2024-04-03 00:26:12","INDEX_ONLY_ARCHIVE"
"99_ARCHIVE(보관_폐기)\02_REJECTED(제외_보관)\partial_copy_excluded\02_KOREA_TOUR\collection_identity\logo_1080\PROJECT)-KOREA-TOUR_DAY(워터마크_중간).png","99_ARCHIVE(보관_폐기)",".png","27030","0.026","2024-04-02 19:14:01","INDEX_ONLY_ARCHIVE"
"99_ARCHIVE(보관_폐기)\02_REJECTED(제외_보관)\partial_copy_excluded\02_KOREA_TOUR\collection_identity\logo_1080\PROJECT)-KOREA-TOUR_DAY(워터마크).png","99_ARCHIVE(보관_폐기)",".png","27016","0.026","2024-04-02 19:14:32","INDEX_ONLY_ARCHIVE"
"99_ARCHIVE(보관_폐기)\02_REJECTED(제외_보관)\partial_copy_excluded\02_KOREA_TOUR\collection_identity\logo_1080\PROJECT)-KOREA-TOUR_DAY&NIGHT(워터마크_중간).png","99_ARCHIVE(보관_폐기)",".png","23990","0.023","2024-04-02 20:30:05","INDEX_ONLY_ARCHIVE"
"99_ARCHIVE(보관_폐기)\02_REJECTED(제외_보관)\partial_copy_excluded\02_KOREA_TOUR\collection_identity\logo_1080\PROJECT)-KOREA-TOUR_NIGHT(워터마크_중간).png","99_ARCHIVE(보관_폐기)",".png","24063","0.023","2024-04-02 19:00:23","INDEX_ONLY_ARCHIVE"
"99_ARCHIVE(보관_폐기)\02_REJECTED(제외_보관)\partial_copy_excluded\02_KOREA_TOUR\collection_identity\logo_1080\PROJECT)-KOREA-TOUR_NIGHT(워터마크).png","99_ARCHIVE(보관_폐기)",".png","23895","0.023","2024-04-02 11:28:28","INDEX_ONLY_ARCHIVE"
"99_ARCHIVE(보관_폐기)\02_REJECTED(제외_보관)\partial_copy_excluded\03_SEOUL_DAY\lookbook\final_retouched\1) 남자 모델\1) 기본컷\사이즈 조절(1348)\기본_대각선_오른쪽 복사.jpg","99_ARCHIVE(보관_폐기)",".jpg","1193524","1.138","2024-03-29 22:40:06","INDEX_ONLY_ARCHIVE"
"99_ARCHIVE(보관_폐기)\02_REJECTED(제외_보관)\partial_copy_excluded\03_SEOUL_DAY\lookbook\final_retouched\1) 남자 모델\1) 기본컷\사이즈 조절(1348)\기본_대각선_왼쪽 복사.jpg","99_ARCHIVE(보관_폐기)",".jpg","1249960","1.192","2024-03-29 22:33:54","INDEX_ONLY_ARCHIVE"
"99_ARCHIVE(보관_폐기)\02_REJECTED(제외_보관)\partial_copy_excluded\03_SEOUL_DAY\lookbook\final_retouched\1) 남자 모델\1) 기본컷\사이즈 조절(1348)\기본_뒤.jpg","99_ARCHIVE(보관_폐기)",".jpg","1160959","1.107","2024-04-07 13:31:53","INDEX_ONLY_ARCHIVE"
"99_ARCHIVE(보관_폐기)\02_REJECTED(제외_보관)\partial_copy_excluded\03_SEOUL_DAY\lookbook\final_retouched\1) 남자 모델\1) 기본컷\사이즈 조절(1348)\기본_앞 복사.jpg","99_ARCHIVE(보관_폐기)",".jpg","1149075","1.096","2024-04-07 13:32:09","INDEX_ONLY_ARCHIVE"
"99_ARCHIVE(보관_폐기)\02_REJECTED(제외_보관)\partial_copy_excluded\03_SEOUL_DAY\lookbook\final_retouched\1) 남자 모델\1) 기본컷\사이즈 조절(1348)\기본_측면_오른쪽 복사.jpg","99_ARCHIVE(보관_폐기)",".jpg","1191612","1.136","2024-04-07 13:32:23","INDEX_ONLY_ARCHIVE"
"99_ARCHIVE(보관_폐기)\02_REJECTED(제외_보관)\partial_copy_excluded\03_SEOUL_DAY\lookbook\final_retouched\1) 남자 모델\1) 기본컷\사이즈 조절(1348)\기본_측면_왼쪽 복사.jpg","99_ARCHIVE(보관_폐기)",".jpg","1112778","1.061","2024-04-07 13:32:35","INDEX_ONLY_ARCHIVE"
"99_ARCHIVE(보관_폐기)\02_REJECTED(제외_보관)\partial_copy_excluded\03_SEOUL_DAY\lookbook\final_retouched\1) 남자 모델\1) 기본컷\워터마크\DAY_대각선_오른쪽.jpg","99_ARCHIVE(보관_폐기)",".jpg","375656","0.358","2024-04-10 01:24:35","INDEX_ONLY_ARCHIVE"
"99_ARCHIVE(보관_폐기)\02_REJECTED(제외_보관)\partial_copy_excluded\03_SEOUL_DAY\lookbook\final_retouched\1) 남자 모델\1) 기본컷\워터마크\DAY_대각선_왼쪽.jpg","99_ARCHIVE(보관_폐기)",".jpg","306918","0.293","2024-04-10 01:26:45","INDEX_ONLY_ARCHIVE"
"99_ARCHIVE(보관_폐기)\02_REJECTED(제외_보관)\partial_copy_excluded\03_SEOUL_DAY\lookbook\final_retouched\1) 남자 모델\1) 기본컷\워터마크\DAY_뒤.jpg","99_ARCHIVE(보관_폐기)",".jpg","338250","0.323","2024-04-10 01:26:17","INDEX_ONLY_ARCHIVE"
"99_ARCHIVE(보관_폐기)\02_REJECTED(제외_보관)\partial_copy_excluded\03_SEOUL_DAY\lookbook\final_retouched\1) 남자 모델\1) 기본컷\워터마크\DAY_앞.jpg","99_ARCHIVE(보관_폐기)",".jpg","314865","0.3","2024-04-10 01:25:54","INDEX_ONLY_ARCHIVE"
"99_ARCHIVE(보관_폐기)\02_REJECTED(제외_보관)\partial_copy_excluded\03_SEOUL_DAY\lookbook\final_retouched\1) 남자 모델\1) 기본컷\워터마크\DAY_측면_오른쪽.jpg","99_ARCHIVE(보관_폐기)",".jpg","300106","0.286","2024-04-10 01:25:24","INDEX_ONLY_ARCHIVE"
"99_ARCHIVE(보관_폐기)\02_REJECTED(제외_보관)\partial_copy_excluded\03_SEOUL_DAY\lookbook\final_retouched\1) 남자 모델\1) 기본컷\워터마크\DAY_측면_왼쪽.jpg","99_ARCHIVE(보관_폐기)",".jpg","364635","0.348","2024-04-10 01:27:43","INDEX_ONLY_ARCHIVE"
"99_ARCHIVE(보관_폐기)\02_REJECTED(제외_보관)\partial_copy_excluded\03_SEOUL_DAY\lookbook\final_retouched\2) 여자모델\1) 기본컷\워터마크\DAY_대각선_오른쪽.jpg","99_ARCHIVE(보관_폐기)",".jpg","262008","0.25","2024-04-10 01:42:12","INDEX_ONLY_ARCHIVE"
"99_ARCHIVE(보관_폐기)\02_REJECTED(제외_보관)\partial_copy_excluded\03_SEOUL_DAY\lookbook\final_retouched\2) 여자모델\1) 기본컷\워터마크\DAY_대각선_왼쪽.jpg","99_ARCHIVE(보관_폐기)",".jpg","271443","0.259","2024-04-10 01:41:43","INDEX_ONLY_ARCHIVE"
"99_ARCHIVE(보관_폐기)\02_REJECTED(제외_보관)\partial_copy_excluded\03_SEOUL_DAY\lookbook\final_retouched\2) 여자모델\1) 기본컷\워터마크\DAY_뒷면.jpg","99_ARCHIVE(보관_폐기)",".jpg","296427","0.283","2024-04-10 01:41:09","INDEX_ONLY_ARCHIVE"
"99_ARCHIVE(보관_폐기)\02_REJECTED(제외_보관)\partial_copy_excluded\03_SEOUL_DAY\lookbook\final_retouched\2) 여자모델\1) 기본컷\워터마크\DAY_정면.jpg","99_ARCHIVE(보관_폐기)",".jpg","287478","0.274","2024-04-10 01:40:12","INDEX_ONLY_ARCHIVE"
"99_ARCHIVE(보관_폐기)\02_REJECTED(제외_보관)\partial_copy_excluded\03_SEOUL_DAY\lookbook\final_retouched\2) 여자모델\1) 기본컷\워터마크\DAY_측면_오른쪽.jpg","99_ARCHIVE(보관_폐기)",".jpg","249277","0.238","2024-04-10 01:39:18","INDEX_ONLY_ARCHIVE"
"99_ARCHIVE(보관_폐기)\02_REJECTED(제외_보관)\partial_copy_excluded\03_SEOUL_DAY\lookbook\final_retouched\2) 여자모델\1) 기본컷\워터마크\DAY_측면_왼쪽.jpg","99_ARCHIVE(보관_폐기)",".jpg","260475","0.248","2024-04-10 01:38:42","INDEX_ONLY_ARCHIVE"
"99_ARCHIVE(보관_폐기)\02_REJECTED(제외_보관)\partial_copy_excluded\03_SEOUL_DAY\lookbook\final_retouched\3) 트윈\워터마크\DAY_TWIN1.jpg","99_ARCHIVE(보관_폐기)",".jpg","394420","0.376","2024-04-10 01:51:30","INDEX_ONLY_ARCHIVE"
"99_ARCHIVE(보관_폐기)\02_REJECTED(제외_보관)\partial_copy_excluded\03_SEOUL_DAY\lookbook\final_retouched\3) 트윈\워터마크\DAY_TWIN2.jpg","99_ARCHIVE(보관_폐기)",".jpg","383720","0.366","2024-04-10 01:52:14","INDEX_ONLY_ARCHIVE"
"99_ARCHIVE(보관_폐기)\02_REJECTED(제외_보관)\partial_copy_excluded\03_SEOUL_DAY\lookbook\final_retouched\3) 트윈\워터마크\DAY_TWIN3.jpg","99_ARCHIVE(보관_폐기)",".jpg","355798","0.339","2024-04-10 01:52:58","INDEX_ONLY_ARCHIVE"
"99_ARCHIVE(보관_폐기)\02_REJECTED(제외_보관)\partial_copy_excluded\03_SEOUL_DAY\lookbook\final_retouched\3) 트윈\워터마크\DAY_TWIN4.jpg","99_ARCHIVE(보관_폐기)",".jpg","368687","0.352","2024-04-10 01:53:31","INDEX_ONLY_ARCHIVE"
"99_ARCHIVE(보관_폐기)\02_REJECTED(제외_보관)\partial_copy_excluded\03_SEOUL_DAY\lookbook\final_retouched\3) 트윈\워터마크\DAY_TWIN5.jpg","99_ARCHIVE(보관_폐기)",".jpg","353366","0.337","2024-04-10 01:54:30","INDEX_ONLY_ARCHIVE"
"99_ARCHIVE(보관_폐기)\02_REJECTED(제외_보관)\partial_copy_excluded\03_SEOUL_DAY\lookbook\final_retouched\3) 트윈\워터마크\DAY_TWIN6.jpg","99_ARCHIVE(보관_폐기)",".jpg","384967","0.367","2024-04-10 01:55:03","INDEX_ONLY_ARCHIVE"
"99_ARCHIVE(보관_폐기)\02_REJECTED(제외_보관)\partial_copy_excluded\03_SEOUL_DAY\lookbook\final_retouched\3) 트윈\워터마크\DAY_TWIN7.jpg","99_ARCHIVE(보관_폐기)",".jpg","437348","0.417","2024-04-10 01:55:40","INDEX_ONLY_ARCHIVE"
"99_ARCHIVE(보관_폐기)\02_REJECTED(제외_보관)\partial_copy_excluded\03_SEOUL_DAY\lookbook\final_retouched\3) 트윈\워터마크\DAY_TWIN8.jpg","99_ARCHIVE(보관_폐기)",".jpg","360836","0.344","2024-04-10 01:56:31","INDEX_ONLY_ARCHIVE"
"99_ARCHIVE(보관_폐기)\02_REJECTED(제외_보관)\partial_copy_excluded\04_SEOUL_NIGHT\lookbook\final_retouched\1) 착장1(올블랙)\1) 남자모델\1) 기본컷\워터마크\기본_대각선_왼쪽.jpg","99_ARCHIVE(보관_폐기)",".jpg","284916","0.272","2024-04-10 03:27:13","INDEX_ONLY_ARCHIVE"
"99_ARCHIVE(보관_폐기)\02_REJECTED(제외_보관)\partial_copy_excluded\04_SEOUL_NIGHT\lookbook\final_retouched\1) 착장1(올블랙)\1) 남자모델\1) 기본컷\워터마크\NIGHT_기본_대각선_왼쪽.jpg","99_ARCHIVE(보관_폐기)",".jpg","284836","0.272","2024-04-10 03:31:46","INDEX_ONLY_ARCHIVE"
"99_ARCHIVE(보관_폐기)\02_REJECTED(제외_보관)\partial_copy_excluded\04_SEOUL_NIGHT\lookbook\final_retouched\1) 착장1(올블랙)\1) 남자모델\1) 기본컷\워터마크\NIGHT_기본_뒤.jpg","99_ARCHIVE(보관_폐기)",".jpg","308089","0.294","2024-04-10 03:32:16","INDEX_ONLY_ARCHIVE"
"99_ARCHIVE(보관_폐기)\02_REJECTED(제외_보관)\partial_copy_excluded\04_SEOUL_NIGHT\lookbook\final_retouched\1) 착장1(올블랙)\1) 남자모델\1) 기본컷\워터마크\NIGHT_기본_앞_정면.jpg","99_ARCHIVE(보관_폐기)",".jpg","297660","0.284","2024-04-10 03:32:35","INDEX_ONLY_ARCHIVE"
"99_ARCHIVE(보관_폐기)\02_REJECTED(제외_보관)\partial_copy_excluded\04_SEOUL_NIGHT\lookbook\final_retouched\1) 착장1(올블랙)\1) 남자모델\1) 기본컷\워터마크\NIGHT_기본_측면_오른쪽.jpg","99_ARCHIVE(보관_폐기)",".jpg","274501","0.262","2024-04-10 03:28:45","INDEX_ONLY_ARCHIVE"
"99_ARCHIVE(보관_폐기)\02_REJECTED(제외_보관)\partial_copy_excluded\04_SEOUL_NIGHT\lookbook\final_retouched\1) 착장1(올블랙)\1) 남자모델\1) 기본컷\워터마크\NIGHT_기본_측면_왼쪽.jpg","99_ARCHIVE(보관_폐기)",".jpg","272295","0.26","2024-04-10 03:32:55","INDEX_ONLY_ARCHIVE"
"99_ARCHIVE(보관_폐기)\02_REJECTED(제외_보관)\partial_copy_excluded\04_SEOUL_NIGHT\lookbook\final_retouched\1) 착장1(올블랙)\1) 남자모델\1) 기본컷\워터마크\NIGHT_대각선_오른쪽.jpg","99_ARCHIVE(보관_폐기)",".jpg","291568","0.278","2024-04-10 03:26:47","INDEX_ONLY_ARCHIVE"
"99_ARCHIVE(보관_폐기)\02_REJECTED(제외_보관)\partial_copy_excluded\04_SEOUL_NIGHT\lookbook\final_retouched\1) 착장1(올블랙)\2) 여자모델\1) 기본컷\로고 삽입\기본_뒤 복사(로고삽입).jpg","99_ARCHIVE(보관_폐기)",".jpg","1051712","1.003","2024-04-05 12:19:37","INDEX_ONLY_ARCHIVE"
"99_ARCHIVE(보관_폐기)\02_REJECTED(제외_보관)\partial_copy_excluded\04_SEOUL_NIGHT\lookbook\final_retouched\1) 착장1(올블랙)\2) 여자모델\1) 기본컷\로고 삽입\기본_앞_정면(로고삽입).jpg","99_ARCHIVE(보관_폐기)",".jpg","1020283","0.973","2024-04-05 12:15:03","INDEX_ONLY_ARCHIVE"
"99_ARCHIVE(보관_폐기)\02_REJECTED(제외_보관)\partial_copy_excluded\04_SEOUL_NIGHT\lookbook\final_retouched\1) 착장1(올블랙)\2) 여자모델\1) 기본컷\워터마크\NIGHT_기본_측면_왼쪽.jpg","99_ARCHIVE(보관_폐기)",".jpg","233241","0.222","2024-04-10 03:36:11","INDEX_ONLY_ARCHIVE"
"99_ARCHIVE(보관_폐기)\02_REJECTED(제외_보관)\partial_copy_excluded\04_SEOUL_NIGHT\lookbook\final_retouched\1) 착장1(올블랙)\2) 여자모델\1) 기본컷\워터마크\NIGHT_대각선_오른쪽.jpg","99_ARCHIVE(보관_폐기)",".jpg","314461","0.3","2024-04-10 03:40:25","INDEX_ONLY_ARCHIVE"
"99_ARCHIVE(보관_폐기)\02_REJECTED(제외_보관)\partial_copy_excluded\04_SEOUL_NIGHT\lookbook\final_retouched\1) 착장1(올블랙)\2) 여자모델\1) 기본컷\워터마크\NIGHT_대각선_왼쪽.jpg","99_ARCHIVE(보관_폐기)",".jpg","246989","0.236","2024-04-10 03:39:48","INDEX_ONLY_ARCHIVE"
"99_ARCHIVE(보관_폐기)\02_REJECTED(제외_보관)\partial_copy_excluded\04_SEOUL_NIGHT\lookbook\final_retouched\1) 착장1(올블랙)\2) 여자모델\1) 기본컷\워터마크\NIGHT_뒷면.jpg","99_ARCHIVE(보관_폐기)",".jpg","297641","0.284","2024-04-10 03:39:11","INDEX_ONLY_ARCHIVE"
"99_ARCHIVE(보관_폐기)\02_REJECTED(제외_보관)\partial_copy_excluded\04_SEOUL_NIGHT\lookbook\final_retouched\1) 착장1(올블랙)\2) 여자모델\1) 기본컷\워터마크\NIGHT_측면_오른쪽.jpg","99_ARCHIVE(보관_폐기)",".jpg","260920","0.249","2024-04-10 03:37:12","INDEX_ONLY_ARCHIVE"
"99_ARCHIVE(보관_폐기)\02_REJECTED(제외_보관)\partial_copy_excluded\04_SEOUL_NIGHT\lookbook\final_retouched\1) 착장1(올블랙)\2) 여자모델\1) 기본컷\워터마크\NIGHT_측면_정면.jpg","99_ARCHIVE(보관_폐기)",".jpg","261112","0.249","2024-04-10 03:37:49","INDEX_ONLY_ARCHIVE"
"99_ARCHIVE(보관_폐기)\02_REJECTED(제외_보관)\partial_copy_excluded\04_SEOUL_NIGHT\lookbook\final_retouched\1) 착장1(올블랙)\3) 트윈\워터마크\NIGHT_TWIN1.jpg","99_ARCHIVE(보관_폐기)",".jpg","362111","0.345","2024-04-10 03:44:32","INDEX_ONLY_ARCHIVE"
"99_ARCHIVE(보관_폐기)\02_REJECTED(제외_보관)\partial_copy_excluded\04_SEOUL_NIGHT\lookbook\final_retouched\1) 착장1(올블랙)\3) 트윈\워터마크\NIGHT_TWIN2.jpg","99_ARCHIVE(보관_폐기)",".jpg","445657","0.425","2024-04-10 03:44:55","INDEX_ONLY_ARCHIVE"
"99_ARCHIVE(보관_폐기)\02_REJECTED(제외_보관)\partial_copy_excluded\04_SEOUL_NIGHT\lookbook\final_retouched\1) 착장1(올블랙)\3) 트윈\워터마크\NIGHT_TWIN3.jpg","99_ARCHIVE(보관_폐기)",".jpg","411156","0.392","2024-04-10 03:45:15","INDEX_ONLY_ARCHIVE"
"99_ARCHIVE(보관_폐기)\02_REJECTED(제외_보관)\partial_copy_excluded\04_SEOUL_NIGHT\lookbook\final_retouched\1) 착장1(올블랙)\3) 트윈\워터마크\NIGHT_TWIN4.jpg","99_ARCHIVE(보관_폐기)",".jpg","402606","0.384","2024-04-10 03:45:33","INDEX_ONLY_ARCHIVE"
"99_ARCHIVE(보관_폐기)\02_REJECTED(제외_보관)\partial_copy_excluded\04_SEOUL_NIGHT\lookbook\final_retouched\1) 착장1(올블랙)\3) 트윈\워터마크\NIGHT_TWIN5.jpg","99_ARCHIVE(보관_폐기)",".jpg","428945","0.409","2024-04-10 03:46:10","INDEX_ONLY_ARCHIVE"
"99_ARCHIVE(보관_폐기)\02_REJECTED(제외_보관)\partial_copy_excluded\04_SEOUL_NIGHT\lookbook\final_retouched\1) 착장1(올블랙)\3) 트윈\워터마크\NIGHT_TWIN6.jpg","99_ARCHIVE(보관_폐기)",".jpg","398937","0.38","2024-04-10 03:46:36","INDEX_ONLY_ARCHIVE"
"99_ARCHIVE(보관_폐기)\02_REJECTED(제외_보관)\partial_copy_excluded\04_SEOUL_NIGHT\lookbook\final_retouched\1) 착장1(올블랙)\3) 트윈\워터마크\NIGHT_TWIN7.jpg","99_ARCHIVE(보관_폐기)",".jpg","470507","0.449","2024-04-10 03:47:17","INDEX_ONLY_ARCHIVE"
"99_ARCHIVE(보관_폐기)\02_REJECTED(제외_보관)\partial_copy_excluded\04_SEOUL_NIGHT\lookbook\final_retouched\2) 착장2(믹스)\1) 남자모델\1) 기본컷\워터마크\기본_대각선_오른쪽.jpg","99_ARCHIVE(보관_폐기)",".jpg","355758","0.339","2024-04-10 04:34:11","INDEX_ONLY_ARCHIVE"
"99_ARCHIVE(보관_폐기)\02_REJECTED(제외_보관)\partial_copy_excluded\04_SEOUL_NIGHT\lookbook\final_retouched\2) 착장2(믹스)\1) 남자모델\1) 기본컷\워터마크\기본_대각선_왼쪽.jpg","99_ARCHIVE(보관_폐기)",".jpg","354718","0.338","2024-04-10 04:34:43","INDEX_ONLY_ARCHIVE"
"99_ARCHIVE(보관_폐기)\02_REJECTED(제외_보관)\partial_copy_excluded\04_SEOUL_NIGHT\lookbook\final_retouched\2) 착장2(믹스)\1) 남자모델\1) 기본컷\워터마크\기본_뒤.jpg","99_ARCHIVE(보관_폐기)",".jpg","376677","0.359","2024-04-10 04:35:14","INDEX_ONLY_ARCHIVE"
"99_ARCHIVE(보관_폐기)\02_REJECTED(제외_보관)\partial_copy_excluded\04_SEOUL_NIGHT\lookbook\final_retouched\2) 착장2(믹스)\1) 남자모델\1) 기본컷\워터마크\기본_정면.jpg","99_ARCHIVE(보관_폐기)",".jpg","368879","0.352","2024-04-10 04:37:04","INDEX_ONLY_ARCHIVE"
"99_ARCHIVE(보관_폐기)\02_REJECTED(제외_보관)\partial_copy_excluded\04_SEOUL_NIGHT\lookbook\final_retouched\2) 착장2(믹스)\1) 남자모델\1) 기본컷\워터마크\기본_측면_오른쪽.jpg","99_ARCHIVE(보관_폐기)",".jpg","339491","0.324","2024-04-10 04:35:47","INDEX_ONLY_ARCHIVE"
"99_ARCHIVE(보관_폐기)\02_REJECTED(제외_보관)\partial_copy_excluded\04_SEOUL_NIGHT\lookbook\final_retouched\2) 착장2(믹스)\1) 남자모델\1) 기본컷\워터마크\기본_측면_왼쪽.jpg","99_ARCHIVE(보관_폐기)",".jpg","348348","0.332","2024-04-10 04:36:34","INDEX_ONLY_ARCHIVE"
"99_ARCHIVE(보관_폐기)\03_HISTORICAL_REVIEW(과거_검토)\AI_CONCEPT_TEST_REVIEW.pdf","99_ARCHIVE(보관_폐기)",".pdf","210874","0.201","2026-08-15 02:18:17","INDEX_ONLY_ARCHIVE"
"99_ARCHIVE(보관_폐기)\03_HISTORICAL_REVIEW(과거_검토)\C005_OFFER_V4_FINAL_QA.md","99_ARCHIVE(보관_폐기)",".md","5627","0.005","2026-08-12 10:09:06","INDEX_ONLY_ARCHIVE"
"99_ARCHIVE(보관_폐기)\03_HISTORICAL_REVIEW(과거_검토)\COMMERCIAL_GATE_TIMING_QA.md","99_ARCHIVE(보관_폐기)",".md","3495","0.003","2026-08-11 23:50:54","INDEX_ONLY_ARCHIVE"
"99_ARCHIVE(보관_폐기)\03_HISTORICAL_REVIEW(과거_검토)\COMMERCIAL_GATE_TIMING_REVISION.md","99_ARCHIVE(보관_폐기)",".md","9081","0.009","2026-08-11 23:29:10","INDEX_ONLY_ARCHIVE"
"99_ARCHIVE(보관_폐기)\03_HISTORICAL_REVIEW(과거_검토)\CONTROL_CENTER_SYNC_AUDIT_20260809.md","99_ARCHIVE(보관_폐기)",".md","5143","0.005","2026-08-09 23:53:02","INDEX_ONLY_ARCHIVE"
"99_ARCHIVE(보관_폐기)\03_HISTORICAL_REVIEW(과거_검토)\COPY_AUDIT_REVIEW.pdf","99_ARCHIVE(보관_폐기)",".pdf","126832","0.121","2026-08-15 12:55:53","INDEX_ONLY_ARCHIVE"
"99_ARCHIVE(보관_폐기)\03_HISTORICAL_REVIEW(과거_검토)\COPY_EXECUTION_REPORT.md","99_ARCHIVE(보관_폐기)",".md","1330","0.001","2026-08-09 01:34:34","INDEX_ONLY_ARCHIVE"
"99_ARCHIVE(보관_폐기)\03_HISTORICAL_REVIEW(과거_검토)\COPY_PLAN.md","99_ARCHIVE(보관_폐기)",".md","7886","0.008","2026-08-09 01:34:33","INDEX_ONLY_ARCHIVE"
"99_ARCHIVE(보관_폐기)\03_HISTORICAL_REVIEW(과거_검토)\CREATIVE_SECTION_MAP_REVIEW.pdf","99_ARCHIVE(보관_폐기)",".pdf","381420","0.364","2026-08-15 12:55:53","INDEX_ONLY_ARCHIVE"
"99_ARCHIVE(보관_폐기)\03_HISTORICAL_REVIEW(과거_검토)\FILE_FOLDER_NAMING_PLAN.md","99_ARCHIVE(보관_폐기)",".md","3198","0.003","2026-08-11 21:44:08","INDEX_ONLY_ARCHIVE"
"99_ARCHIVE(보관_폐기)\03_HISTORICAL_REVIEW(과거_검토)\PATH_DEPENDENCY_REPORT.md","99_ARCHIVE(보관_폐기)",".md","2288","0.002","2026-08-11 21:57:43","INDEX_ONLY_ARCHIVE"
"99_ARCHIVE(보관_폐기)\03_HISTORICAL_REVIEW(과거_검토)\PHASE_01B_CLOSURE_GATE_REPORT.md","99_ARCHIVE(보관_폐기)",".md","11153","0.011","2026-08-11 23:32:37","INDEX_ONLY_ARCHIVE"
"99_ARCHIVE(보관_폐기)\03_HISTORICAL_REVIEW(과거_검토)\PHASE_01B_CLOSURE_QA.md","99_ARCHIVE(보관_폐기)",".md","4439","0.004","2026-08-11 23:38:54","INDEX_ONLY_ARCHIVE"
"99_ARCHIVE(보관_폐기)\03_HISTORICAL_REVIEW(과거_검토)\PHASE_03A_COMMERCIAL_HYPOTHESIS_QA.md","99_ARCHIVE(보관_폐기)",".md","5558","0.005","2026-08-12 00:47:16","INDEX_ONLY_ARCHIVE"
"99_ARCHIVE(보관_폐기)\03_HISTORICAL_REVIEW(과거_검토)\PRODUCT_EVIDENCE_FORENSIC_AUDIT.md","99_ARCHIVE(보관_폐기)",".md","10786","0.01","2026-08-11 21:57:43","INDEX_ONLY_ARCHIVE"
"99_ARCHIVE(보관_폐기)\03_HISTORICAL_REVIEW(과거_검토)\PROJECT_INFORMATION_ARCHITECTURE_AUDIT.md","99_ARCHIVE(보관_폐기)",".md","5850","0.006","2026-08-11 21:40:48","INDEX_ONLY_ARCHIVE"
"99_ARCHIVE(보관_폐기)\03_HISTORICAL_REVIEW(과거_검토)\RENAME_MIGRATION_MAP.csv","99_ARCHIVE(보관_폐기)",".csv","8398","0.008","2026-08-11 21:57:43","INDEX_ONLY_ARCHIVE"
"99_ARCHIVE(보관_폐기)\03_HISTORICAL_REVIEW(과거_검토)\STORY_NATIVE_COPY_IMPLEMENTATION_V1_20260821\01_NATIVE_COPY_V1__와디즈_실제문구_1차.md","99_ARCHIVE(보관_폐기)",".md","7744","0.007","2026-08-21 19:31:07","INDEX_ONLY_ARCHIVE"
"99_ARCHIVE(보관_폐기)\03_HISTORICAL_REVIEW(과거_검토)\STORY_NATIVE_COPY_IMPLEMENTATION_V1_20260821\02_MOTION_SLOT_RIGHTS__모션_사용권_확인.csv","99_ARCHIVE(보관_폐기)",".csv","1309","0.001","2026-08-18 23:34:18","INDEX_ONLY_ARCHIVE"
"99_ARCHIVE(보관_폐기)\03_HISTORICAL_REVIEW(과거_검토)\STORY_NATIVE_COPY_IMPLEMENTATION_V1_20260821\WADIZ_STORY_NATIVE_COPY_V1_1_DESKTOP.pdf","99_ARCHIVE(보관_폐기)",".pdf","16953772","16.168","2026-08-21 19:47:41","INDEX_ONLY_ARCHIVE"
"99_ARCHIVE(보관_폐기)\03_HISTORICAL_REVIEW(과거_검토)\STORY_NATIVE_COPY_IMPLEMENTATION_V1_20260821\WADIZ_STORY_NATIVE_COPY_V1_1_MOBILE.pdf","99_ARCHIVE(보관_폐기)",".pdf","4929658","4.701","2026-08-21 19:47:38","INDEX_ONLY_ARCHIVE"
"99_ARCHIVE(보관_폐기)\03_HISTORICAL_REVIEW(과거_검토)\STORY_NATIVE_COPY_IMPLEMENTATION_V1_20260821\WADIZ_STORY_NATIVE_COPY_V1_DESKTOP.pdf","99_ARCHIVE(보관_폐기)",".pdf","7697326","7.341","2026-08-19 00:15:29","INDEX_ONLY_ARCHIVE"
"99_ARCHIVE(보관_폐기)\03_HISTORICAL_REVIEW(과거_검토)\STORY_NATIVE_COPY_IMPLEMENTATION_V1_20260821\WADIZ_STORY_NATIVE_COPY_V1_MOBILE.pdf","99_ARCHIVE(보관_폐기)",".pdf","3284879","3.133","2026-08-19 00:15:26","INDEX_ONLY_ARCHIVE"
"99_ARCHIVE(보관_폐기)\03_HISTORICAL_REVIEW(과거_검토)\TODAYLOOK_ALL_SHOTS_DIRECTOR_REVIEW.pdf","99_ARCHIVE(보관_폐기)",".pdf","30910474","29.479","2026-08-16 11:53:38","INDEX_ONLY_ARCHIVE"
"99_ARCHIVE(보관_폐기)\03_HISTORICAL_REVIEW(과거_검토)\TODAYLOOK_FINAL_SHORTLIST_REVIEW.pdf","99_ARCHIVE(보관_폐기)",".pdf","1359132","1.296","2026-08-15 12:55:52","INDEX_ONLY_ARCHIVE"
"99_ARCHIVE(보관_폐기)\03_HISTORICAL_REVIEW(과거_검토)\TODAYLOOK_FULL_REVIEW_CONTACT_SHEET.pdf","99_ARCHIVE(보관_폐기)",".pdf","18634619","17.771","2026-08-15 02:34:50","INDEX_ONLY_ARCHIVE"
"99_ARCHIVE(보관_폐기)\03_HISTORICAL_REVIEW(과거_검토)\TODAYLOOK_PRODUCT_PROOF_RECOMMENDATION.pdf","99_ARCHIVE(보관_폐기)",".pdf","2348256","2.239","2026-08-16 11:53:44","INDEX_ONLY_ARCHIVE"
"99_ARCHIVE(보관_폐기)\03_HISTORICAL_REVIEW(과거_검토)\TODAYLOOK_WORN_EDITORIAL_RECOMMENDATION.pdf","99_ARCHIVE(보관_폐기)",".pdf","3133023","2.988","2026-08-16 11:53:40","INDEX_ONLY_ARCHIVE"
"99_ARCHIVE(보관_폐기)\03_HISTORICAL_REVIEW(과거_검토)\VISUAL_REVIEW_CONTACT_SHEET.pdf","99_ARCHIVE(보관_폐기)",".pdf","2219065","2.116","2026-08-13 22:58:38","INDEX_ONLY_ARCHIVE"
"99_ARCHIVE(보관_폐기)\03_HISTORICAL_REVIEW(과거_검토)\WADIZ_CREATIVE_DIRECTION_V2_DESKTOP_REVIEW.pdf","99_ARCHIVE(보관_폐기)",".pdf","2317835","2.21","2026-08-16 12:11:22","INDEX_ONLY_ARCHIVE"
"99_ARCHIVE(보관_폐기)\03_HISTORICAL_REVIEW(과거_검토)\WADIZ_CREATIVE_DIRECTION_V2_MOBILE_REVIEW.pdf","99_ARCHIVE(보관_폐기)",".pdf","1519614","1.449","2026-08-16 12:11:22","INDEX_ONLY_ARCHIVE"
"99_ARCHIVE(보관_폐기)\03_HISTORICAL_REVIEW(과거_검토)\WADIZ_PROTOTYPE_DESKTOP_REVIEW.pdf","99_ARCHIVE(보관_폐기)",".pdf","2583483","2.464","2026-08-15 02:48:08","INDEX_ONLY_ARCHIVE"
"99_ARCHIVE(보관_폐기)\03_HISTORICAL_REVIEW(과거_검토)\WADIZ_PROTOTYPE_MOBILE_REVIEW.pdf","99_ARCHIVE(보관_폐기)",".pdf","907509","0.865","2026-08-15 02:48:07","INDEX_ONLY_ARCHIVE"
"99_ARCHIVE(보관_폐기)\03_HISTORICAL_REVIEW(과거_검토)\WADIZ_WORKING_PROTOTYPE_REVIEW.pdf","99_ARCHIVE(보관_폐기)",".pdf","899897","0.858","2026-08-15 01:23:28","INDEX_ONLY_ARCHIVE"
"99_ARCHIVE(보관_폐기)\04_HISTORICAL_HANDOFF(과거_전달)\XXXWADIZ_01B_CLOSURE_20260811_2239.zip","99_ARCHIVE(보관_폐기)",".zip","85218","0.081","2026-08-11 22:50:29","INDEX_ONLY_ARCHIVE"
"99_ARCHIVE(보관_폐기)\04_HISTORICAL_HANDOFF(과거_전달)\XXXWADIZ_03A_COMMERCIAL_20260812_0041.zip","99_ARCHIVE(보관_폐기)",".zip","140552","0.134","2026-08-12 00:47:32","INDEX_ONLY_ARCHIVE"
"99_ARCHIVE(보관_폐기)\04_HISTORICAL_HANDOFF(과거_전달)\XXXWADIZ_C005_OFFER_V4_20260812_1009.zip","99_ARCHIVE(보관_폐기)",".zip","134150","0.128","2026-08-12 10:10:36","INDEX_ONLY_ARCHIVE"
"99_ARCHIVE(보관_폐기)\04_HISTORICAL_HANDOFF(과거_전달)\XXXWADIZ_C005_PACKAGE_20260812_1056.zip","99_ARCHIVE(보관_폐기)",".zip","126032","0.12","2026-08-12 11:07:31","INDEX_ONLY_ARCHIVE"
"99_ARCHIVE(보관_폐기)\04_HISTORICAL_HANDOFF(과거_전달)\XXXWADIZ_COMMERCIAL_GATE_20260811_2351.zip","99_ARCHIVE(보관_폐기)",".zip","109597","0.105","2026-08-11 23:53:16","INDEX_ONLY_ARCHIVE"
"99_ARCHIVE(보관_폐기)\04_HISTORICAL_HANDOFF(과거_전달)\XXXWADIZ_CONSUMER_STORY_SPINE_V1_2_20260821_1953.zip","99_ARCHIVE(보관_폐기)",".zip","17809399","16.984","2026-08-21 19:56:31","INDEX_ONLY_ARCHIVE"
"99_ARCHIVE(보관_폐기)\04_HISTORICAL_HANDOFF(과거_전달)\XXXWADIZ_CREATIVE_DETAIL_LOCK_20260817_2032.zip","99_ARCHIVE(보관_폐기)",".zip","2881325","2.748","2026-08-17 20:33:40","INDEX_ONLY_ARCHIVE"
"99_ARCHIVE(보관_폐기)\04_HISTORICAL_HANDOFF(과거_전달)\XXXWADIZ_CREATIVE_DETAIL_LOCK_20260817_2038.zip","99_ARCHIVE(보관_폐기)",".zip","2882042","2.749","2026-08-17 20:38:45","INDEX_ONLY_ARCHIVE"
"99_ARCHIVE(보관_폐기)\04_HISTORICAL_HANDOFF(과거_전달)\XXXWADIZ_CREATIVE_DIRECTION_V2_20260816_1213.zip","99_ARCHIVE(보관_폐기)",".zip","32484928","30.98","2026-08-16 12:27:38","INDEX_ONLY_ARCHIVE"
"99_ARCHIVE(보관_폐기)\04_HISTORICAL_HANDOFF(과거_전달)\XXXWADIZ_CREATIVE_EDITORIAL_PREP_20260815_1252.zip","99_ARCHIVE(보관_폐기)",".zip","1660200","1.583","2026-08-15 13:10:21","INDEX_ONLY_ARCHIVE"
"99_ARCHIVE(보관_폐기)\04_HISTORICAL_HANDOFF(과거_전달)\XXXWADIZ_FULL_CREATIVE_REVISE_REVIEW_20260820_2335.zip","99_ARCHIVE(보관_폐기)",".zip","17733911","16.912","2026-08-20 23:37:56","INDEX_ONLY_ARCHIVE"
"99_ARCHIVE(보관_폐기)\04_HISTORICAL_HANDOFF(과거_전달)\XXXWADIZ_FULL_PAGE_CREATIVE_20260817_1517.zip","99_ARCHIVE(보관_폐기)",".zip","18159683","17.318","2026-08-17 15:59:59","INDEX_ONLY_ARCHIVE"
"99_ARCHIVE(보관_폐기)\04_HISTORICAL_HANDOFF(과거_전달)\XXXWADIZ_HERO_COORDINATE_FIRST_20260818_0000.zip","99_ARCHIVE(보관_폐기)",".zip","6726481","6.415","2026-08-18 00:01:06","INDEX_ONLY_ARCHIVE"
"99_ARCHIVE(보관_폐기)\04_HISTORICAL_HANDOFF(과거_전달)\XXXWADIZ_HERO_NARRATIVE_GATE_20260817_2212.zip","99_ARCHIVE(보관_폐기)",".zip","20992734","20.02","2026-08-17 22:29:07","INDEX_ONLY_ARCHIVE"
"99_ARCHIVE(보관_폐기)\04_HISTORICAL_HANDOFF(과거_전달)\XXXWADIZ_HERO_SYSTEM_CONSOLIDATION_20260818_0049.zip","99_ARCHIVE(보관_폐기)",".zip","8638212","8.238","2026-08-18 00:50:04","INDEX_ONLY_ARCHIVE"
"99_ARCHIVE(보관_폐기)\04_HISTORICAL_HANDOFF(과거_전달)\XXXWADIZ_HERO_SYSTEM_IMPLEMENTATION_PREP_20260818_0213.zip","99_ARCHIVE(보관_폐기)",".zip","5886527","5.614","2026-08-18 02:19:23","INDEX_ONLY_ARCHIVE"
"99_ARCHIVE(보관_폐기)\04_HISTORICAL_HANDOFF(과거_전달)\XXXWADIZ_HERO_SYSTEM_REFINEMENT_20260817_2336.zip","99_ARCHIVE(보관_폐기)",".zip","6907902","6.588","2026-08-17 23:38:09","INDEX_ONLY_ARCHIVE"
"99_ARCHIVE(보관_폐기)\04_HISTORICAL_HANDOFF(과거_전달)\XXXWADIZ_IC008_INTEGRATED_VISUAL_20260813_2333.zip","99_ARCHIVE(보관_폐기)",".zip","85153","0.081","2026-08-13 23:34:58","INDEX_ONLY_ARCHIVE"
"99_ARCHIVE(보관_폐기)\04_HISTORICAL_HANDOFF(과거_전달)\XXXWADIZ_LANGUAGE_STANDARD_20260814_0015.zip","99_ARCHIVE(보관_폐기)",".zip","184157","0.176","2026-08-14 00:26:52","INDEX_ONLY_ARCHIVE"
"99_ARCHIVE(보관_폐기)\04_HISTORICAL_HANDOFF(과거_전달)\XXXWADIZ_REPOSITORY_AUDIT_20260819_2120.zip","99_ARCHIVE(보관_폐기)",".zip","144498","0.138","2026-08-19 21:20:40","INDEX_ONLY_ARCHIVE"
"99_ARCHIVE(보관_폐기)\04_HISTORICAL_HANDOFF(과거_전달)\XXXWADIZ_REPOSITORY_MIGRATION_20260820_2052.zip","99_ARCHIVE(보관_폐기)",".zip","650356","0.62","2026-08-20 20:52:07","INDEX_ONLY_ARCHIVE"
"99_ARCHIVE(보관_폐기)\04_HISTORICAL_HANDOFF(과거_전달)\XXXWADIZ_ST002_FINALREV_20260813_2056.zip","99_ARCHIVE(보관_폐기)",".zip","75039","0.072","2026-08-13 20:56:15","INDEX_ONLY_ARCHIVE"
"99_ARCHIVE(보관_폐기)\04_HISTORICAL_HANDOFF(과거_전달)\XXXWADIZ_STORY_DRAFT_20260813_0815.zip","99_ARCHIVE(보관_폐기)",".zip","157283","0.15","2026-08-13 08:17:22","INDEX_ONLY_ARCHIVE"
"99_ARCHIVE(보관_폐기)\04_HISTORICAL_HANDOFF(과거_전달)\XXXWADIZ_STORY_DRAFT_20260813_1944.zip","99_ARCHIVE(보관_폐기)",".zip","157331","0.15","2026-08-13 19:45:26","INDEX_ONLY_ARCHIVE"
"99_ARCHIVE(보관_폐기)\04_HISTORICAL_HANDOFF(과거_전달)\XXXWADIZ_STORY_NATIVE_COPY_V1_20260818_2351.zip","99_ARCHIVE(보관_폐기)",".zip","8644885","8.244","2026-08-19 00:22:12","INDEX_ONLY_ARCHIVE"
"99_ARCHIVE(보관_폐기)\04_HISTORICAL_HANDOFF(과거_전달)\XXXWADIZ_TODAYLOOK_CREATIVE_RESET_20260815_0317.zip","99_ARCHIVE(보관_폐기)",".zip","18269628","17.423","2026-08-15 03:19:39","INDEX_ONLY_ARCHIVE"
"99_ARCHIVE(보관_폐기)\04_HISTORICAL_HANDOFF(과거_전달)\XXXWADIZ_V001_VISUAL_VALIDATION_20260813_2304.zip","99_ARCHIVE(보관_폐기)",".zip","1877610","1.791","2026-08-13 23:04:49","INDEX_ONLY_ARCHIVE"
"99_ARCHIVE(보관_폐기)\04_HISTORICAL_HANDOFF(과거_전달)\XXXWADIZ_VISUAL_DIRECTION_20260813_2139.zip","99_ARCHIVE(보관_폐기)",".zip","116761","0.111","2026-08-13 21:41:09","INDEX_ONLY_ARCHIVE"
"99_ARCHIVE(보관_폐기)\04_HISTORICAL_HANDOFF(과거_전달)\XXXWADIZ_WADIZ_PROTOTYPE_20260815_0133.zip","99_ARCHIVE(보관_폐기)",".zip","844197","0.805","2026-08-15 01:35:36","INDEX_ONLY_ARCHIVE"
"AI_CONTEXT\00_START_HERE.md","AI_CONTEXT",".md","2467","0.002","2026-09-02 22:55:24","GITHUB_INCLUDED"
"AI_CONTEXT\01_REPOSITORY_SCOPE.md","AI_CONTEXT",".md","1456","0.001","2026-09-02 22:55:24","GITHUB_INCLUDED"
"AI_CONTEXT\02_PPT_STORYBOARD.md","AI_CONTEXT",".md","9836","0.009","2026-09-02 22:55:24","GITHUB_INCLUDED"
"AI_CONTEXT\03_MEETING_QUESTION_BANK.md","AI_CONTEXT",".md","4706","0.004","2026-09-02 22:55:24","GITHUB_INCLUDED"
"AI_CONTEXT\04_GEMINI_HANDOFF_PROMPT.md","AI_CONTEXT",".md","2535","0.002","2026-09-02 22:55:24","GITHUB_INCLUDED"
"AI_CONTEXT\05_IMAGE_PLACEMENT_PLAN.md","AI_CONTEXT",".md","2620","0.002","2026-09-02 22:55:24","GITHUB_INCLUDED"
"AI_CONTEXT\06_WADIZ_GLOBAL_NOTES.md","AI_CONTEXT",".md","2039","0.002","2026-09-02 22:55:24","GITHUB_INCLUDED"
"AI_CONTEXT\ASSET_MANIFEST.csv","AI_CONTEXT",".csv","321776","0.307","2026-09-02 22:55:38","GITHUB_INCLUDED"
"AI_CONTEXT\scripts\build_asset_manifest.ps1","AI_CONTEXT",".ps1","1718","0.002","2026-09-02 22:55:24","GITHUB_INCLUDED"
"AI_CONTEXT\visuals\01_xxxstudio_experience.png","AI_CONTEXT",".png","17645","0.017","2026-08-10 08:27:48","GITHUB_INCLUDED"
"AI_CONTEXT\visuals\02_korea_tour.png","AI_CONTEXT",".png","22536","0.021","2024-04-02 19:29:32","GITHUB_INCLUDED"
"AI_CONTEXT\visuals\03_seoul_day_mark.png","AI_CONTEXT",".png","8773","0.008","2024-04-09 00:56:03","GITHUB_INCLUDED"
"AI_CONTEXT\visuals\04_seoul_night_mark.png","AI_CONTEXT",".png","7538","0.007","2024-04-09 18:02:04","GITHUB_INCLUDED"
"AI_CONTEXT\visuals\05_day_bukchon_scene.png","AI_CONTEXT",".png","1041483","0.993","2024-04-08 18:17:33","GITHUB_INCLUDED"
"AI_CONTEXT\visuals\06_night_jamsil_scene.png","AI_CONTEXT",".png","481220","0.459","2024-04-08 20:32:12","GITHUB_INCLUDED"
"AI_CONTEXT\visuals\07_night_sweatshirt_product.png","AI_CONTEXT",".png","225112","0.215","2024-04-08 20:20:44","GITHUB_INCLUDED"
"AI_CONTEXT\visuals\08_day_cap_product.png","AI_CONTEXT",".png","5089100","4.853","2024-10-26 14:12:17","GITHUB_INCLUDED"
"AI_CONTEXT\visuals\09_night_cap_product.png","AI_CONTEXT",".png","6307312","6.015","2024-10-26 14:14:09","GITHUB_INCLUDED"
"AI_CONTEXT\visuals\10_korea_tour_ticket.png","AI_CONTEXT",".png","24921","0.024","2024-02-26 09:55:20","GITHUB_INCLUDED"
"AI_CONTEXT\visuals\11_seoul_day_postcard.png","AI_CONTEXT",".png","239251","0.228","2024-04-04 01:13:18","GITHUB_INCLUDED"
"AI_CONTEXT\visuals\README.md","AI_CONTEXT",".md","1439","0.001","2026-09-02 22:56:41","GITHUB_INCLUDED"
"GEMINI.md","GEMINI.md",".md","2492","0.002","2026-09-02 22:55:24","GITHUB_INCLUDED"
"README.md","README.md",".md","1470","0.001","2026-09-02 22:55:24","GITHUB_INCLUDED"
