asset_id,file_path,file_name,file_type,category,scene,description,resolution,duration,quality_score,brand_fit_score,usage_priority,recommended_section,usage_role,issues,ai_edit_needed,notes,status,review_status,creative_grade,review_summary,reviewed_at,commercial_clearance,clearance_basis
AST-0001,02_WORKING(작업중)/06_PROTOTYPE(상세페이지_시안)/xxxstudio_wadiz_story_mockup.html,xxxstudio_wadiz_story_mockup.html,html,프로토타입,PROJECT,기존 와디즈 상세페이지 프로토타입 원본,HTML / 820 px 레이아웃,N/A — 프로토타입,MEDIUM,MEDIUM — 구조 참고,UNREVIEWED,PROJECT REFERENCE,PROTOTYPE REFERENCE,[PROJECT REFERENCE] 누락 참조 6개가 있어 그대로 재사용 불가. 상품·스펙·IShowSpeed·Reward 문구는 현재 Source Required 또는 미승인 상태.,NO — HTML 수정·AI 생성 없이 참고 구조만 보존.,기존 원본을 수정하지 않고 보존,UNREVIEWED,REVIEWED,C,"실제 확인: Invitation → DAY/NIGHT → Design → Product → People → Package → WADIZ 흐름을 가진 과거 HTML 목업이다. 레이아웃 리듬과 Invitation 시작 구조는 참고 가능하나, 누락 이미지 6개·미확정 제품군·IShowSpeed 서술·미승인 세트/혜택 가정을 포함해 최종 Story나 구현물로 승격하지 않는다. [활용 방향: PRESERVE AS REFERENCE]",2026-08-10,UNKNOWN,UNKNOWN
AST-0002,02_WORKING(작업중)/01_STORY(스토리_작업)/xxxstudio_wadiz_storyboard.png,xxxstudio_wadiz_storyboard.png,image,스토리보드,PROJECT,기존 와디즈 세로형 스토리보드 원본,PNG 스토리보드 / 세로형,N/A — 스토리보드,MEDIUM,MEDIUM — 구조 참고,UNREVIEWED,PROJECT REFERENCE,STORYBOARD REFERENCE,[PROJECT REFERENCE] 현재 Master Plan 이전의 가정과 미확정 카피를 포함한다.,NO — 스토리보드 수정·AI 생성 없이 참고 기록으로만 유지.,기존 원본을 수정하지 않고 보존,UNREVIEWED,REVIEWED,C,"실제 확인: Invitation, 제품, DAY/NIGHT, Package, CTA를 좁은 세로 화면에 배열한 과거 Storyboard다. 장면의 순서와 모바일 길이 감각은 참고 가능하지만, 현재 자산 등급·권리·제품 SKU·오퍼 승인을 반영하지 않아 최종 Story로 사용하지 않는다. [활용 방향: PRESERVE AS REFERENCE]",2026-08-10,UNKNOWN,UNKNOWN
AST-0003,01_INPUT(입력_원본)/02_KOREA_TOUR(코리아투어_프로젝트)/collection_identity/logo_1080/PROJECT) KOREA TOUR_DAY&NIGHT(기본).ai,PROJECT) KOREA TOUR_DAY&NIGHT(기본).ai,ai,컬렉션 아이덴티티,SEOUL_DAY_NIGHT,승인된 COPY PLAN에 따라 복사한 원본 사본. 심층 품질 평가는 아직 진행하지 않음.,UNREVIEWED,UNREVIEWED,HIGH,HIGH,A,HERO / COLLECTION IDENTITY,HERO / NARRATIVE,실제 파일 프리뷰 확인 완료.,YES - 모바일 가독성 점검,로고·도시코드 아이덴티티. +82·DAY/NIGHT·SEOUL과 한글 획 기반 바 시스템을 결합한 대표 표식.,A,REVIEWED,A,로고·도시코드 아이덴티티. +82·DAY/NIGHT·SEOUL과 한글 획 기반 바 시스템을 결합한 대표 표식.,2026-08-09,,UNKNOWN
AST-0004,01_INPUT(입력_원본)/02_KOREA_TOUR(코리아투어_프로젝트)/collection_identity/logo_1080/PROJECT) KOREA TOUR_DAY&NIGHT(기본_세로).ai,PROJECT) KOREA TOUR_DAY&NIGHT(기본_세로).ai,ai,컬렉션 아이덴티티,SEOUL_DAY_NIGHT,승인된 COPY PLAN에 따라 복사한 원본 사본. 심층 품질 평가는 아직 진행하지 않음.,UNREVIEWED,UNREVIEWED,HIGH,HIGH,A,HERO / COLLECTION IDENTITY,HERO / NARRATIVE,실제 파일 프리뷰 확인 완료.,YES - 모바일 가독성 점검,로고·도시코드 아이덴티티. +82·DAY/NIGHT·SEOUL과 한글 획 기반 바 시스템을 결합한 대표 표식.,A,REVIEWED,A,로고·도시코드 아이덴티티. +82·DAY/NIGHT·SEOUL과 한글 획 기반 바 시스템을 결합한 대표 표식.,2026-08-09,,UNKNOWN
AST-0005,01_INPUT(입력_원본)/02_KOREA_TOUR(코리아투어_프로젝트)/collection_identity/logo_1080/PROJECT) KOREA TOUR_DAY(기본).ai,PROJECT) KOREA TOUR_DAY(기본).ai,ai,컬렉션 아이덴티티,SEOUL_DAY_NIGHT,승인된 COPY PLAN에 따라 복사한 원본 사본. 심층 품질 평가는 아직 진행하지 않음.,UNREVIEWED,UNREVIEWED,HIGH,HIGH,B,KOREA TOUR INTRO,SUPPORT,실제 파일 프리뷰 확인 완료.,NO,로고·도시코드 아이덴티티. DAY/NIGHT 또는 Korea Tour 시스템의 보조 변형.,B,REVIEWED,B,로고·도시코드 아이덴티티. DAY/NIGHT 또는 Korea Tour 시스템의 보조 변형.,2026-08-09,,UNKNOWN
AST-0006,01_INPUT(입력_원본)/02_KOREA_TOUR(코리아투어_프로젝트)/collection_identity/logo_1080/PROJECT) KOREA TOUR_NIGHT(기본).ai,PROJECT) KOREA TOUR_NIGHT(기본).ai,ai,컬렉션 아이덴티티,SEOUL_DAY_NIGHT,승인된 COPY PLAN에 따라 복사한 원본 사본. 심층 품질 평가는 아직 진행하지 않음.,UNREVIEWED,UNREVIEWED,HIGH,HIGH,B,KOREA TOUR INTRO,SUPPORT,실제 파일 프리뷰 확인 완료.,NO,로고·도시코드 아이덴티티. DAY/NIGHT 또는 Korea Tour 시스템의 보조 변형.,B,REVIEWED,B,로고·도시코드 아이덴티티. DAY/NIGHT 또는 Korea Tour 시스템의 보조 변형.,2026-08-09,,UNKNOWN
AST-0007,01_INPUT(입력_원본)/02_KOREA_TOUR(코리아투어_프로젝트)/collection_identity/logo_1080/PROJECT)-KOREA-TOUR_DAY&NIGHT(기본).png,PROJECT)-KOREA-TOUR_DAY&NIGHT(기본).png,png,컬렉션 아이덴티티,SEOUL_DAY_NIGHT,승인된 COPY PLAN에 따라 복사한 원본 사본. 심층 품질 평가는 아직 진행하지 않음.,UNREVIEWED,UNREVIEWED,DERIVED / EXCLUDED,N/A,EXCLUDE,ARCHIVE ONLY,EXCLUDE,"원본 보존, 상세페이지 사용 제외.",NO,로고·도시코드 아이덴티티. 동일 디자인의 PNG·PSD 산출물 또는 근접 파생본. 편집 원본과 연결해 원본만 우선 사용.,EXCLUDE,REVIEWED,EXCLUDE,로고·도시코드 아이덴티티. 동일 디자인의 PNG·PSD 산출물 또는 근접 파생본. 편집 원본과 연결해 원본만 우선 사용.,2026-08-09,,UNKNOWN
AST-0008,01_INPUT(입력_원본)/02_KOREA_TOUR(코리아투어_프로젝트)/collection_identity/logo_1080/PROJECT)-KOREA-TOUR_DAY&NIGHT(기본_세로).png,PROJECT)-KOREA-TOUR_DAY&NIGHT(기본_세로).png,png,컬렉션 아이덴티티,SEOUL_DAY_NIGHT,승인된 COPY PLAN에 따라 복사한 원본 사본. 심층 품질 평가는 아직 진행하지 않음.,UNREVIEWED,UNREVIEWED,DERIVED / EXCLUDED,N/A,EXCLUDE,ARCHIVE ONLY,EXCLUDE,"원본 보존, 상세페이지 사용 제외.",NO,로고·도시코드 아이덴티티. 동일 디자인의 PNG·PSD 산출물 또는 근접 파생본. 편집 원본과 연결해 원본만 우선 사용.,EXCLUDE,REVIEWED,EXCLUDE,로고·도시코드 아이덴티티. 동일 디자인의 PNG·PSD 산출물 또는 근접 파생본. 편집 원본과 연결해 원본만 우선 사용.,2026-08-09,,UNKNOWN
AST-0009,01_INPUT(입력_원본)/02_KOREA_TOUR(코리아투어_프로젝트)/collection_identity/logo_1080/PROJECT)-KOREA-TOUR_DAY(기본).png,PROJECT)-KOREA-TOUR_DAY(기본).png,png,컬렉션 아이덴티티,SEOUL_DAY_NIGHT,승인된 COPY PLAN에 따라 복사한 원본 사본. 심층 품질 평가는 아직 진행하지 않음.,UNREVIEWED,UNREVIEWED,DERIVED / EXCLUDED,N/A,EXCLUDE,ARCHIVE ONLY,EXCLUDE,"원본 보존, 상세페이지 사용 제외.",NO,로고·도시코드 아이덴티티. 동일 디자인의 PNG·PSD 산출물 또는 근접 파생본. 편집 원본과 연결해 원본만 우선 사용.,EXCLUDE,REVIEWED,EXCLUDE,로고·도시코드 아이덴티티. 동일 디자인의 PNG·PSD 산출물 또는 근접 파생본. 편집 원본과 연결해 원본만 우선 사용.,2026-08-09,,UNKNOWN
AST-0010,01_INPUT(입력_원본)/02_KOREA_TOUR(코리아투어_프로젝트)/collection_identity/logo_1080/PROJECT)-KOREA-TOUR_NIGHT(기본).png,PROJECT)-KOREA-TOUR_NIGHT(기본).png,png,컬렉션 아이덴티티,SEOUL_DAY_NIGHT,승인된 COPY PLAN에 따라 복사한 원본 사본. 심층 품질 평가는 아직 진행하지 않음.,UNREVIEWED,UNREVIEWED,DERIVED / EXCLUDED,N/A,EXCLUDE,ARCHIVE ONLY,EXCLUDE,"원본 보존, 상세페이지 사용 제외.",NO,로고·도시코드 아이덴티티. 동일 디자인의 PNG·PSD 산출물 또는 근접 파생본. 편집 원본과 연결해 원본만 우선 사용.,EXCLUDE,REVIEWED,EXCLUDE,로고·도시코드 아이덴티티. 동일 디자인의 PNG·PSD 산출물 또는 근접 파생본. 편집 원본과 연결해 원본만 우선 사용.,2026-08-09,,UNKNOWN
AST-0011,01_INPUT(입력_원본)/02_KOREA_TOUR(코리아투어_프로젝트)/collection_identity/logo_1080/한글) KOREA TOUR_DAY & NIGHT.ai,한글) KOREA TOUR_DAY & NIGHT.ai,ai,컬렉션 아이덴티티,SEOUL_DAY_NIGHT,승인된 COPY PLAN에 따라 복사한 원본 사본. 심층 품질 평가는 아직 진행하지 않음.,UNREVIEWED,UNREVIEWED,HIGH,HIGH,B,KOREA TOUR INTRO,SUPPORT,실제 파일 프리뷰 확인 완료.,NO,로고·도시코드 아이덴티티. DAY/NIGHT 또는 Korea Tour 시스템의 보조 변형.,B,REVIEWED,B,로고·도시코드 아이덴티티. DAY/NIGHT 또는 Korea Tour 시스템의 보조 변형.,2026-08-09,,UNKNOWN
AST-0012,01_INPUT(입력_원본)/02_KOREA_TOUR(코리아투어_프로젝트)/collection_identity/logo_1080/한글) KOREA TOUR_DAY&NIGHT(심플).ai,한글) KOREA TOUR_DAY&NIGHT(심플).ai,ai,컬렉션 아이덴티티,SEOUL_DAY_NIGHT,승인된 COPY PLAN에 따라 복사한 원본 사본. 심층 품질 평가는 아직 진행하지 않음.,UNREVIEWED,UNREVIEWED,MEDIUM,MEDIUM,C,KOREA TOUR INTRO,SUPPORT,실제 파일 프리뷰 확인 완료.,NO,로고·도시코드 아이덴티티. 근접한 상위 변형이 있어 주요 상세페이지 우선순위가 낮음.,C,REVIEWED,C,로고·도시코드 아이덴티티. 근접한 상위 변형이 있어 주요 상세페이지 우선순위가 낮음.,2026-08-09,,UNKNOWN
AST-0013,01_INPUT(입력_원본)/02_KOREA_TOUR(코리아투어_프로젝트)/collection_identity/logo_1080/한글) KOREA TOUR_DAY&NIGHT(심플_수정).ai,한글) KOREA TOUR_DAY&NIGHT(심플_수정).ai,ai,컬렉션 아이덴티티,SEOUL_DAY_NIGHT,승인된 COPY PLAN에 따라 복사한 원본 사본. 심층 품질 평가는 아직 진행하지 않음.,UNREVIEWED,UNREVIEWED,MEDIUM,MEDIUM,C,KOREA TOUR INTRO,SUPPORT,실제 파일 프리뷰 확인 완료.,NO,로고·도시코드 아이덴티티. 근접한 상위 변형이 있어 주요 상세페이지 우선순위가 낮음.,C,REVIEWED,C,로고·도시코드 아이덴티티. 근접한 상위 변형이 있어 주요 상세페이지 우선순위가 낮음.,2026-08-09,,UNKNOWN
AST-0014,01_INPUT(입력_원본)/02_KOREA_TOUR(코리아투어_프로젝트)/collection_identity/logo_1080/한글) KOREA TOUR_DAY&NIGHT(심플_지역번호).ai,한글) KOREA TOUR_DAY&NIGHT(심플_지역번호).ai,ai,컬렉션 아이덴티티,SEOUL_DAY_NIGHT,승인된 COPY PLAN에 따라 복사한 원본 사본. 심층 품질 평가는 아직 진행하지 않음.,UNREVIEWED,UNREVIEWED,HIGH,HIGH,B,KOREA TOUR INTRO,SUPPORT,실제 파일 프리뷰 확인 완료.,NO,로고·도시코드 아이덴티티. DAY/NIGHT 또는 Korea Tour 시스템의 보조 변형.,B,REVIEWED,B,로고·도시코드 아이덴티티. DAY/NIGHT 또는 Korea Tour 시스템의 보조 변형.,2026-08-09,,UNKNOWN
AST-0015,01_INPUT(입력_원본)/02_KOREA_TOUR(코리아투어_프로젝트)/collection_identity/logo_1080/한글) KOREA TOUR_DAY&NIGT (심플_지역번호_세로).ai,한글) KOREA TOUR_DAY&NIGT (심플_지역번호_세로).ai,ai,컬렉션 아이덴티티,SEOUL_DAY_NIGHT,승인된 COPY PLAN에 따라 복사한 원본 사본. 심층 품질 평가는 아직 진행하지 않음.,UNREVIEWED,UNREVIEWED,LOW,LOW,D,DO NOT USE,EXCLUDE,실제 파일 프리뷰 확인 완료.,NO,로고·도시코드 아이덴티티. 세로형 로고에 NIGT 철자 오류가 확인됨.,D,REVIEWED,D,로고·도시코드 아이덴티티. 세로형 로고에 NIGT 철자 오류가 확인됨.,2026-08-09,,UNKNOWN
AST-0016,01_INPUT(입력_원본)/02_KOREA_TOUR(코리아투어_프로젝트)/collection_identity/logo_1080/한글) KOREA TOUR_DAY(건곤감리).ai,한글) KOREA TOUR_DAY(건곤감리).ai,ai,컬렉션 아이덴티티,SEOUL_DAY_NIGHT,승인된 COPY PLAN에 따라 복사한 원본 사본. 심층 품질 평가는 아직 진행하지 않음.,UNREVIEWED,UNREVIEWED,HIGH,HIGH,A,HERO / SECTION BREAK,HERO / NARRATIVE,실제 파일 프리뷰 확인 완료.,YES - 소형 사용성 점검,로고·도시코드 아이덴티티. 굵은 한글 표식과 도시코드가 결합된 DAY/NIGHT 핵심 변형.,A,REVIEWED,A,로고·도시코드 아이덴티티. 굵은 한글 표식과 도시코드가 결합된 DAY/NIGHT 핵심 변형.,2026-08-09,,UNKNOWN
AST-0017,01_INPUT(입력_원본)/02_KOREA_TOUR(코리아투어_프로젝트)/collection_identity/logo_1080/한글) KOREA TOUR_DAY(심플).ai,한글) KOREA TOUR_DAY(심플).ai,ai,컬렉션 아이덴티티,SEOUL_DAY_NIGHT,승인된 COPY PLAN에 따라 복사한 원본 사본. 심층 품질 평가는 아직 진행하지 않음.,UNREVIEWED,UNREVIEWED,MEDIUM,MEDIUM,C,KOREA TOUR INTRO,SUPPORT,실제 파일 프리뷰 확인 완료.,NO,로고·도시코드 아이덴티티. 근접한 상위 변형이 있어 주요 상세페이지 우선순위가 낮음.,C,REVIEWED,C,로고·도시코드 아이덴티티. 근접한 상위 변형이 있어 주요 상세페이지 우선순위가 낮음.,2026-08-09,,UNKNOWN
AST-0018,01_INPUT(입력_원본)/02_KOREA_TOUR(코리아투어_프로젝트)/collection_identity/logo_1080/한글) KOREA TOUR_DAY(심플_수정).ai,한글) KOREA TOUR_DAY(심플_수정).ai,ai,컬렉션 아이덴티티,SEOUL_DAY_NIGHT,승인된 COPY PLAN에 따라 복사한 원본 사본. 심층 품질 평가는 아직 진행하지 않음.,UNREVIEWED,UNREVIEWED,MEDIUM,MEDIUM,C,KOREA TOUR INTRO,SUPPORT,실제 파일 프리뷰 확인 완료.,NO,로고·도시코드 아이덴티티. 근접한 상위 변형이 있어 주요 상세페이지 우선순위가 낮음.,C,REVIEWED,C,로고·도시코드 아이덴티티. 근접한 상위 변형이 있어 주요 상세페이지 우선순위가 낮음.,2026-08-09,,UNKNOWN
AST-0019,01_INPUT(입력_원본)/02_KOREA_TOUR(코리아투어_프로젝트)/collection_identity/logo_1080/한글) KOREA TOUR_DAY(심플_지역번호).ai,한글) KOREA TOUR_DAY(심플_지역번호).ai,ai,컬렉션 아이덴티티,SEOUL_DAY_NIGHT,승인된 COPY PLAN에 따라 복사한 원본 사본. 심층 품질 평가는 아직 진행하지 않음.,UNREVIEWED,UNREVIEWED,HIGH,HIGH,B,KOREA TOUR INTRO,SUPPORT,실제 파일 프리뷰 확인 완료.,NO,로고·도시코드 아이덴티티. DAY/NIGHT 또는 Korea Tour 시스템의 보조 변형.,B,REVIEWED,B,로고·도시코드 아이덴티티. DAY/NIGHT 또는 Korea Tour 시스템의 보조 변형.,2026-08-09,,UNKNOWN
AST-0020,01_INPUT(입력_원본)/02_KOREA_TOUR(코리아투어_프로젝트)/collection_identity/logo_1080/한글) KOREA TOUR_DAY(심플_지역번호_세로).ai,한글) KOREA TOUR_DAY(심플_지역번호_세로).ai,ai,컬렉션 아이덴티티,SEOUL_DAY_NIGHT,승인된 COPY PLAN에 따라 복사한 원본 사본. 심층 품질 평가는 아직 진행하지 않음.,UNREVIEWED,UNREVIEWED,HIGH,HIGH,B,KOREA TOUR INTRO,SUPPORT,실제 파일 프리뷰 확인 완료.,NO,로고·도시코드 아이덴티티. DAY/NIGHT 또는 Korea Tour 시스템의 보조 변형.,B,REVIEWED,B,로고·도시코드 아이덴티티. DAY/NIGHT 또는 Korea Tour 시스템의 보조 변형.,2026-08-09,,UNKNOWN
AST-0021,01_INPUT(입력_원본)/02_KOREA_TOUR(코리아투어_프로젝트)/collection_identity/logo_1080/한글) KOREA TOUR_DAY(심플_지역번호_세로_화이트).ai,한글) KOREA TOUR_DAY(심플_지역번호_세로_화이트).ai,ai,컬렉션 아이덴티티,SEOUL_DAY_NIGHT,승인된 COPY PLAN에 따라 복사한 원본 사본. 심층 품질 평가는 아직 진행하지 않음.,UNREVIEWED,UNREVIEWED,HIGH,HIGH,A,HERO / SECTION BREAK,HERO / NARRATIVE,실제 파일 프리뷰 확인 완료.,YES - 소형 사용성 점검,로고·도시코드 아이덴티티. 굵은 한글 표식과 도시코드가 결합된 DAY/NIGHT 핵심 변형.,A,REVIEWED,A,로고·도시코드 아이덴티티. 굵은 한글 표식과 도시코드가 결합된 DAY/NIGHT 핵심 변형.,2026-08-09,,UNKNOWN
AST-0022,01_INPUT(입력_원본)/02_KOREA_TOUR(코리아투어_프로젝트)/collection_identity/logo_1080/한글) KOREA TOUR_DAY.ai,한글) KOREA TOUR_DAY.ai,ai,컬렉션 아이덴티티,SEOUL_DAY_NIGHT,승인된 COPY PLAN에 따라 복사한 원본 사본. 심층 품질 평가는 아직 진행하지 않음.,UNREVIEWED,UNREVIEWED,MEDIUM,MEDIUM,C,KOREA TOUR INTRO,SUPPORT,실제 파일 프리뷰 확인 완료.,NO,로고·도시코드 아이덴티티. 근접한 상위 변형이 있어 주요 상세페이지 우선순위가 낮음.,C,REVIEWED,C,로고·도시코드 아이덴티티. 근접한 상위 변형이 있어 주요 상세페이지 우선순위가 낮음.,2026-08-09,,UNKNOWN
AST-0023,01_INPUT(입력_원본)/02_KOREA_TOUR(코리아투어_프로젝트)/collection_identity/logo_1080/한글) KOREA TOUR_NIGHT(건곤감리).ai,한글) KOREA TOUR_NIGHT(건곤감리).ai,ai,컬렉션 아이덴티티,SEOUL_DAY_NIGHT,승인된 COPY PLAN에 따라 복사한 원본 사본. 심층 품질 평가는 아직 진행하지 않음.,UNREVIEWED,UNREVIEWED,HIGH,HIGH,B,KOREA TOUR INTRO,SUPPORT,실제 파일 프리뷰 확인 완료.,NO,로고·도시코드 아이덴티티. DAY/NIGHT 또는 Korea Tour 시스템의 보조 변형.,B,REVIEWED,B,로고·도시코드 아이덴티티. DAY/NIGHT 또는 Korea Tour 시스템의 보조 변형.,2026-08-09,,UNKNOWN
AST-0024,01_INPUT(입력_원본)/02_KOREA_TOUR(코리아투어_프로젝트)/collection_identity/logo_1080/한글) KOREA TOUR_NIGHT(심플).ai,한글) KOREA TOUR_NIGHT(심플).ai,ai,컬렉션 아이덴티티,SEOUL_DAY_NIGHT,승인된 COPY PLAN에 따라 복사한 원본 사본. 심층 품질 평가는 아직 진행하지 않음.,UNREVIEWED,UNREVIEWED,MEDIUM,MEDIUM,C,KOREA TOUR INTRO,SUPPORT,실제 파일 프리뷰 확인 완료.,NO,로고·도시코드 아이덴티티. 근접한 상위 변형이 있어 주요 상세페이지 우선순위가 낮음.,C,REVIEWED,C,로고·도시코드 아이덴티티. 근접한 상위 변형이 있어 주요 상세페이지 우선순위가 낮음.,2026-08-09,,UNKNOWN
AST-0025,01_INPUT(입력_원본)/02_KOREA_TOUR(코리아투어_프로젝트)/collection_identity/logo_1080/한글) KOREA TOUR_NIGHT(심플_지역번호).ai,한글) KOREA TOUR_NIGHT(심플_지역번호).ai,ai,컬렉션 아이덴티티,SEOUL_DAY_NIGHT,승인된 COPY PLAN에 따라 복사한 원본 사본. 심층 품질 평가는 아직 진행하지 않음.,UNREVIEWED,UNREVIEWED,HIGH,HIGH,B,KOREA TOUR INTRO,SUPPORT,실제 파일 프리뷰 확인 완료.,NO,로고·도시코드 아이덴티티. DAY/NIGHT 또는 Korea Tour 시스템의 보조 변형.,B,REVIEWED,B,로고·도시코드 아이덴티티. DAY/NIGHT 또는 Korea Tour 시스템의 보조 변형.,2026-08-09,,UNKNOWN
AST-0026,01_INPUT(입력_원본)/02_KOREA_TOUR(코리아투어_프로젝트)/collection_identity/logo_1080/한글) KOREA TOUR_NIGHT(심플_지역번호_세로).ai,한글) KOREA TOUR_NIGHT(심플_지역번호_세로).ai,ai,컬렉션 아이덴티티,SEOUL_DAY_NIGHT,승인된 COPY PLAN에 따라 복사한 원본 사본. 심층 품질 평가는 아직 진행하지 않음.,UNREVIEWED,UNREVIEWED,HIGH,HIGH,A,HERO / SECTION BREAK,HERO / NARRATIVE,실제 파일 프리뷰 확인 완료.,YES - 소형 사용성 점검,로고·도시코드 아이덴티티. 굵은 한글 표식과 도시코드가 결합된 DAY/NIGHT 핵심 변형.,A,REVIEWED,A,로고·도시코드 아이덴티티. 굵은 한글 표식과 도시코드가 결합된 DAY/NIGHT 핵심 변형.,2026-08-09,,UNKNOWN
AST-0027,01_INPUT(입력_원본)/02_KOREA_TOUR(코리아투어_프로젝트)/collection_identity/logo_1080/한글) KOREA TOUR_NIGHT(심플_지역번호_세로_블랙).ai,한글) KOREA TOUR_NIGHT(심플_지역번호_세로_블랙).ai,ai,컬렉션 아이덴티티,SEOUL_DAY_NIGHT,승인된 COPY PLAN에 따라 복사한 원본 사본. 심층 품질 평가는 아직 진행하지 않음.,UNREVIEWED,UNREVIEWED,HIGH,HIGH,B,KOREA TOUR INTRO,SUPPORT,실제 파일 프리뷰 확인 완료.,NO,로고·도시코드 아이덴티티. DAY/NIGHT 또는 Korea Tour 시스템의 보조 변형.,B,REVIEWED,B,로고·도시코드 아이덴티티. DAY/NIGHT 또는 Korea Tour 시스템의 보조 변형.,2026-08-09,,UNKNOWN
AST-0028,01_INPUT(입력_원본)/02_KOREA_TOUR(코리아투어_프로젝트)/collection_identity/logo_1080/한글) KOREA TOUR_NIGHT(심플_지역번호_세로_화이트).ai,한글) KOREA TOUR_NIGHT(심플_지역번호_세로_화이트).ai,ai,컬렉션 아이덴티티,SEOUL_DAY_NIGHT,승인된 COPY PLAN에 따라 복사한 원본 사본. 심층 품질 평가는 아직 진행하지 않음.,UNREVIEWED,UNREVIEWED,HIGH,HIGH,A,HERO / SECTION BREAK,HERO / NARRATIVE,실제 파일 프리뷰 확인 완료.,YES - 소형 사용성 점검,로고·도시코드 아이덴티티. 굵은 한글 표식과 도시코드가 결합된 DAY/NIGHT 핵심 변형.,A,REVIEWED,A,로고·도시코드 아이덴티티. 굵은 한글 표식과 도시코드가 결합된 DAY/NIGHT 핵심 변형.,2026-08-09,,UNKNOWN
AST-0029,01_INPUT(입력_원본)/02_KOREA_TOUR(코리아투어_프로젝트)/collection_identity/logo_1080/한글) KOREA TOUR_NIGHT.ai,한글) KOREA TOUR_NIGHT.ai,ai,컬렉션 아이덴티티,SEOUL_DAY_NIGHT,승인된 COPY PLAN에 따라 복사한 원본 사본. 심층 품질 평가는 아직 진행하지 않음.,UNREVIEWED,UNREVIEWED,MEDIUM,MEDIUM,C,KOREA TOUR INTRO,SUPPORT,실제 파일 프리뷰 확인 완료.,NO,로고·도시코드 아이덴티티. 근접한 상위 변형이 있어 주요 상세페이지 우선순위가 낮음.,C,REVIEWED,C,로고·도시코드 아이덴티티. 근접한 상위 변형이 있어 주요 상세페이지 우선순위가 낮음.,2026-08-09,,UNKNOWN
AST-0030,01_INPUT(입력_원본)/02_KOREA_TOUR(코리아투어_프로젝트)/collection_identity/logo_1080/한글)-KOREA-TOUR_DAY&NIGHT(심플).png,한글)-KOREA-TOUR_DAY&NIGHT(심플).png,png,컬렉션 아이덴티티,SEOUL_DAY_NIGHT,승인된 COPY PLAN에 따라 복사한 원본 사본. 심층 품질 평가는 아직 진행하지 않음.,UNREVIEWED,UNREVIEWED,DERIVED / EXCLUDED,N/A,EXCLUDE,ARCHIVE ONLY,EXCLUDE,"원본 보존, 상세페이지 사용 제외.",NO,로고·도시코드 아이덴티티. 동일 디자인의 PNG·PSD 산출물 또는 근접 파생본. 편집 원본과 연결해 원본만 우선 사용.,EXCLUDE,REVIEWED,EXCLUDE,로고·도시코드 아이덴티티. 동일 디자인의 PNG·PSD 산출물 또는 근접 파생본. 편집 원본과 연결해 원본만 우선 사용.,2026-08-09,,UNKNOWN
AST-0031,01_INPUT(입력_원본)/02_KOREA_TOUR(코리아투어_프로젝트)/collection_identity/logo_1080/한글)-KOREA-TOUR_DAY&NIGHT(심플_지역번호).png,한글)-KOREA-TOUR_DAY&NIGHT(심플_지역번호).png,png,컬렉션 아이덴티티,SEOUL_DAY_NIGHT,승인된 COPY PLAN에 따라 복사한 원본 사본. 심층 품질 평가는 아직 진행하지 않음.,UNREVIEWED,UNREVIEWED,DERIVED / EXCLUDED,N/A,EXCLUDE,ARCHIVE ONLY,EXCLUDE,"원본 보존, 상세페이지 사용 제외.",NO,로고·도시코드 아이덴티티. 동일 디자인의 PNG·PSD 산출물 또는 근접 파생본. 편집 원본과 연결해 원본만 우선 사용.,EXCLUDE,REVIEWED,EXCLUDE,로고·도시코드 아이덴티티. 동일 디자인의 PNG·PSD 산출물 또는 근접 파생본. 편집 원본과 연결해 원본만 우선 사용.,2026-08-09,,UNKNOWN
AST-0032,01_INPUT(입력_원본)/02_KOREA_TOUR(코리아투어_프로젝트)/collection_identity/logo_1080/한글)-KOREA-TOUR_DAY&NIGT-(심플_지역번호_세로).png,한글)-KOREA-TOUR_DAY&NIGT-(심플_지역번호_세로).png,png,컬렉션 아이덴티티,SEOUL_DAY_NIGHT,승인된 COPY PLAN에 따라 복사한 원본 사본. 심층 품질 평가는 아직 진행하지 않음.,UNREVIEWED,UNREVIEWED,DERIVED / EXCLUDED,N/A,EXCLUDE,ARCHIVE ONLY,EXCLUDE,"원본 보존, 상세페이지 사용 제외.",NO,로고·도시코드 아이덴티티. 동일 디자인의 PNG·PSD 산출물 또는 근접 파생본. 편집 원본과 연결해 원본만 우선 사용.,EXCLUDE,REVIEWED,EXCLUDE,로고·도시코드 아이덴티티. 동일 디자인의 PNG·PSD 산출물 또는 근접 파생본. 편집 원본과 연결해 원본만 우선 사용.,2026-08-09,,UNKNOWN
AST-0033,01_INPUT(입력_원본)/02_KOREA_TOUR(코리아투어_프로젝트)/collection_identity/logo_1080/한글)-KOREA-TOUR_DAY(건곤감리).png,한글)-KOREA-TOUR_DAY(건곤감리).png,png,컬렉션 아이덴티티,SEOUL_DAY_NIGHT,승인된 COPY PLAN에 따라 복사한 원본 사본. 심층 품질 평가는 아직 진행하지 않음.,UNREVIEWED,UNREVIEWED,DERIVED / EXCLUDED,N/A,EXCLUDE,ARCHIVE ONLY,EXCLUDE,"원본 보존, 상세페이지 사용 제외.",NO,로고·도시코드 아이덴티티. 동일 디자인의 PNG·PSD 산출물 또는 근접 파생본. 편집 원본과 연결해 원본만 우선 사용.,EXCLUDE,REVIEWED,EXCLUDE,로고·도시코드 아이덴티티. 동일 디자인의 PNG·PSD 산출물 또는 근접 파생본. 편집 원본과 연결해 원본만 우선 사용.,2026-08-09,,UNKNOWN
AST-0034,01_INPUT(입력_원본)/02_KOREA_TOUR(코리아투어_프로젝트)/collection_identity/logo_1080/한글)-KOREA-TOUR_DAY(심플).png,한글)-KOREA-TOUR_DAY(심플).png,png,컬렉션 아이덴티티,SEOUL_DAY_NIGHT,승인된 COPY PLAN에 따라 복사한 원본 사본. 심층 품질 평가는 아직 진행하지 않음.,UNREVIEWED,UNREVIEWED,DERIVED / EXCLUDED,N/A,EXCLUDE,ARCHIVE ONLY,EXCLUDE,"원본 보존, 상세페이지 사용 제외.",NO,로고·도시코드 아이덴티티. 동일 디자인의 PNG·PSD 산출물 또는 근접 파생본. 편집 원본과 연결해 원본만 우선 사용.,EXCLUDE,REVIEWED,EXCLUDE,로고·도시코드 아이덴티티. 동일 디자인의 PNG·PSD 산출물 또는 근접 파생본. 편집 원본과 연결해 원본만 우선 사용.,2026-08-09,,UNKNOWN
AST-0035,01_INPUT(입력_원본)/02_KOREA_TOUR(코리아투어_프로젝트)/collection_identity/logo_1080/한글)-KOREA-TOUR_DAY(심플_수정).png,한글)-KOREA-TOUR_DAY(심플_수정).png,png,컬렉션 아이덴티티,SEOUL_DAY_NIGHT,승인된 COPY PLAN에 따라 복사한 원본 사본. 심층 품질 평가는 아직 진행하지 않음.,UNREVIEWED,UNREVIEWED,DERIVED / EXCLUDED,N/A,EXCLUDE,ARCHIVE ONLY,EXCLUDE,"원본 보존, 상세페이지 사용 제외.",NO,로고·도시코드 아이덴티티. 동일 디자인의 PNG·PSD 산출물 또는 근접 파생본. 편집 원본과 연결해 원본만 우선 사용.,EXCLUDE,REVIEWED,EXCLUDE,로고·도시코드 아이덴티티. 동일 디자인의 PNG·PSD 산출물 또는 근접 파생본. 편집 원본과 연결해 원본만 우선 사용.,2026-08-09,,UNKNOWN
AST-0036,01_INPUT(입력_원본)/02_KOREA_TOUR(코리아투어_프로젝트)/collection_identity/logo_1080/한글)-KOREA-TOUR_DAY(심플_지역번호).png,한글)-KOREA-TOUR_DAY(심플_지역번호).png,png,컬렉션 아이덴티티,SEOUL_DAY_NIGHT,승인된 COPY PLAN에 따라 복사한 원본 사본. 심층 품질 평가는 아직 진행하지 않음.,UNREVIEWED,UNREVIEWED,DERIVED / EXCLUDED,N/A,EXCLUDE,ARCHIVE ONLY,EXCLUDE,"원본 보존, 상세페이지 사용 제외.",NO,로고·도시코드 아이덴티티. 동일 디자인의 PNG·PSD 산출물 또는 근접 파생본. 편집 원본과 연결해 원본만 우선 사용.,EXCLUDE,REVIEWED,EXCLUDE,로고·도시코드 아이덴티티. 동일 디자인의 PNG·PSD 산출물 또는 근접 파생본. 편집 원본과 연결해 원본만 우선 사용.,2026-08-09,,UNKNOWN
AST-0037,01_INPUT(입력_원본)/02_KOREA_TOUR(코리아투어_프로젝트)/collection_identity/logo_1080/한글)-KOREA-TOUR_DAY(심플_지역번호_세로).png,한글)-KOREA-TOUR_DAY(심플_지역번호_세로).png,png,컬렉션 아이덴티티,SEOUL_DAY_NIGHT,승인된 COPY PLAN에 따라 복사한 원본 사본. 심층 품질 평가는 아직 진행하지 않음.,UNREVIEWED,UNREVIEWED,DERIVED / EXCLUDED,N/A,EXCLUDE,ARCHIVE ONLY,EXCLUDE,"원본 보존, 상세페이지 사용 제외.",NO,로고·도시코드 아이덴티티. 동일 디자인의 PNG·PSD 산출물 또는 근접 파생본. 편집 원본과 연결해 원본만 우선 사용.,EXCLUDE,REVIEWED,EXCLUDE,로고·도시코드 아이덴티티. 동일 디자인의 PNG·PSD 산출물 또는 근접 파생본. 편집 원본과 연결해 원본만 우선 사용.,2026-08-09,,UNKNOWN
AST-0038,01_INPUT(입력_원본)/02_KOREA_TOUR(코리아투어_프로젝트)/collection_identity/logo_1080/한글)-KOREA-TOUR_DAY(심플_지역번호_세로_화이트).png,한글)-KOREA-TOUR_DAY(심플_지역번호_세로_화이트).png,png,컬렉션 아이덴티티,SEOUL_DAY_NIGHT,승인된 COPY PLAN에 따라 복사한 원본 사본. 심층 품질 평가는 아직 진행하지 않음.,UNREVIEWED,UNREVIEWED,DERIVED / EXCLUDED,N/A,EXCLUDE,ARCHIVE ONLY,EXCLUDE,"원본 보존, 상세페이지 사용 제외.",NO,로고·도시코드 아이덴티티. 동일 디자인의 PNG·PSD 산출물 또는 근접 파생본. 편집 원본과 연결해 원본만 우선 사용.,EXCLUDE,REVIEWED,EXCLUDE,로고·도시코드 아이덴티티. 동일 디자인의 PNG·PSD 산출물 또는 근접 파생본. 편집 원본과 연결해 원본만 우선 사용.,2026-08-09,,UNKNOWN
AST-0039,01_INPUT(입력_원본)/02_KOREA_TOUR(코리아투어_프로젝트)/collection_identity/logo_1080/한글)-KOREA-TOUR_DAY-&-NIGHT.png,한글)-KOREA-TOUR_DAY-&-NIGHT.png,png,컬렉션 아이덴티티,SEOUL_DAY_NIGHT,승인된 COPY PLAN에 따라 복사한 원본 사본. 심층 품질 평가는 아직 진행하지 않음.,UNREVIEWED,UNREVIEWED,DERIVED / EXCLUDED,N/A,EXCLUDE,ARCHIVE ONLY,EXCLUDE,"원본 보존, 상세페이지 사용 제외.",NO,로고·도시코드 아이덴티티. 동일 디자인의 PNG·PSD 산출물 또는 근접 파생본. 편집 원본과 연결해 원본만 우선 사용.,EXCLUDE,REVIEWED,EXCLUDE,로고·도시코드 아이덴티티. 동일 디자인의 PNG·PSD 산출물 또는 근접 파생본. 편집 원본과 연결해 원본만 우선 사용.,2026-08-09,,UNKNOWN
AST-0040,01_INPUT(입력_원본)/02_KOREA_TOUR(코리아투어_프로젝트)/collection_identity/logo_1080/한글)-KOREA-TOUR_NIGHT(건곤감리).png,한글)-KOREA-TOUR_NIGHT(건곤감리).png,png,컬렉션 아이덴티티,SEOUL_DAY_NIGHT,승인된 COPY PLAN에 따라 복사한 원본 사본. 심층 품질 평가는 아직 진행하지 않음.,UNREVIEWED,UNREVIEWED,DERIVED / EXCLUDED,N/A,EXCLUDE,ARCHIVE ONLY,EXCLUDE,"원본 보존, 상세페이지 사용 제외.",NO,로고·도시코드 아이덴티티. 동일 디자인의 PNG·PSD 산출물 또는 근접 파생본. 편집 원본과 연결해 원본만 우선 사용.,EXCLUDE,REVIEWED,EXCLUDE,로고·도시코드 아이덴티티. 동일 디자인의 PNG·PSD 산출물 또는 근접 파생본. 편집 원본과 연결해 원본만 우선 사용.,2026-08-09,,UNKNOWN
AST-0041,01_INPUT(입력_원본)/02_KOREA_TOUR(코리아투어_프로젝트)/collection_identity/logo_1080/한글)-KOREA-TOUR_NIGHT(심플).png,한글)-KOREA-TOUR_NIGHT(심플).png,png,컬렉션 아이덴티티,SEOUL_DAY_NIGHT,승인된 COPY PLAN에 따라 복사한 원본 사본. 심층 품질 평가는 아직 진행하지 않음.,UNREVIEWED,UNREVIEWED,DERIVED / EXCLUDED,N/A,EXCLUDE,ARCHIVE ONLY,EXCLUDE,"원본 보존, 상세페이지 사용 제외.",NO,로고·도시코드 아이덴티티. 동일 디자인의 PNG·PSD 산출물 또는 근접 파생본. 편집 원본과 연결해 원본만 우선 사용.,EXCLUDE,REVIEWED,EXCLUDE,로고·도시코드 아이덴티티. 동일 디자인의 PNG·PSD 산출물 또는 근접 파생본. 편집 원본과 연결해 원본만 우선 사용.,2026-08-09,,UNKNOWN
AST-0042,01_INPUT(입력_원본)/02_KOREA_TOUR(코리아투어_프로젝트)/collection_identity/logo_1080/한글)-KOREA-TOUR_NIGHT(심플_지역번호).png,한글)-KOREA-TOUR_NIGHT(심플_지역번호).png,png,컬렉션 아이덴티티,SEOUL_DAY_NIGHT,승인된 COPY PLAN에 따라 복사한 원본 사본. 심층 품질 평가는 아직 진행하지 않음.,UNREVIEWED,UNREVIEWED,DERIVED / EXCLUDED,N/A,EXCLUDE,ARCHIVE ONLY,EXCLUDE,"원본 보존, 상세페이지 사용 제외.",NO,로고·도시코드 아이덴티티. 동일 디자인의 PNG·PSD 산출물 또는 근접 파생본. 편집 원본과 연결해 원본만 우선 사용.,EXCLUDE,REVIEWED,EXCLUDE,로고·도시코드 아이덴티티. 동일 디자인의 PNG·PSD 산출물 또는 근접 파생본. 편집 원본과 연결해 원본만 우선 사용.,2026-08-09,,UNKNOWN
AST-0043,01_INPUT(입력_원본)/02_KOREA_TOUR(코리아투어_프로젝트)/collection_identity/logo_1080/한글)-KOREA-TOUR_NIGHT(심플_지역번호_세로).png,한글)-KOREA-TOUR_NIGHT(심플_지역번호_세로).png,png,컬렉션 아이덴티티,SEOUL_DAY_NIGHT,승인된 COPY PLAN에 따라 복사한 원본 사본. 심층 품질 평가는 아직 진행하지 않음.,UNREVIEWED,UNREVIEWED,DERIVED / EXCLUDED,N/A,EXCLUDE,ARCHIVE ONLY,EXCLUDE,"원본 보존, 상세페이지 사용 제외.",NO,로고·도시코드 아이덴티티. 동일 디자인의 PNG·PSD 산출물 또는 근접 파생본. 편집 원본과 연결해 원본만 우선 사용.,EXCLUDE,REVIEWED,EXCLUDE,로고·도시코드 아이덴티티. 동일 디자인의 PNG·PSD 산출물 또는 근접 파생본. 편집 원본과 연결해 원본만 우선 사용.,2026-08-09,,UNKNOWN
AST-0044,01_INPUT(입력_원본)/02_KOREA_TOUR(코리아투어_프로젝트)/collection_identity/logo_1080/한글)-KOREA-TOUR_NIGHT(심플_지역번호_세로_블랙).png,한글)-KOREA-TOUR_NIGHT(심플_지역번호_세로_블랙).png,png,컬렉션 아이덴티티,SEOUL_DAY_NIGHT,승인된 COPY PLAN에 따라 복사한 원본 사본. 심층 품질 평가는 아직 진행하지 않음.,UNREVIEWED,UNREVIEWED,DERIVED / EXCLUDED,N/A,EXCLUDE,ARCHIVE ONLY,EXCLUDE,"원본 보존, 상세페이지 사용 제외.",NO,로고·도시코드 아이덴티티. 동일 디자인의 PNG·PSD 산출물 또는 근접 파생본. 편집 원본과 연결해 원본만 우선 사용.,EXCLUDE,REVIEWED,EXCLUDE,로고·도시코드 아이덴티티. 동일 디자인의 PNG·PSD 산출물 또는 근접 파생본. 편집 원본과 연결해 원본만 우선 사용.,2026-08-09,,UNKNOWN
AST-0045,01_INPUT(입력_원본)/02_KOREA_TOUR(코리아투어_프로젝트)/collection_identity/logo_1080/한글)-KOREA-TOUR_NIGHT(심플_지역번호_세로_화이트).png,한글)-KOREA-TOUR_NIGHT(심플_지역번호_세로_화이트).png,png,컬렉션 아이덴티티,SEOUL_DAY_NIGHT,승인된 COPY PLAN에 따라 복사한 원본 사본. 심층 품질 평가는 아직 진행하지 않음.,UNREVIEWED,UNREVIEWED,DERIVED / EXCLUDED,N/A,EXCLUDE,ARCHIVE ONLY,EXCLUDE,"원본 보존, 상세페이지 사용 제외.",NO,로고·도시코드 아이덴티티. 동일 디자인의 PNG·PSD 산출물 또는 근접 파생본. 편집 원본과 연결해 원본만 우선 사용.,EXCLUDE,REVIEWED,EXCLUDE,로고·도시코드 아이덴티티. 동일 디자인의 PNG·PSD 산출물 또는 근접 파생본. 편집 원본과 연결해 원본만 우선 사용.,2026-08-09,,UNKNOWN
AST-0046,01_INPUT(입력_원본)/02_KOREA_TOUR(코리아투어_프로젝트)/collection_identity/logo_1080/한글)-KOREA-TOUR_NIGHT.png,한글)-KOREA-TOUR_NIGHT.png,png,컬렉션 아이덴티티,SEOUL_DAY_NIGHT,승인된 COPY PLAN에 따라 복사한 원본 사본. 심층 품질 평가는 아직 진행하지 않음.,UNREVIEWED,UNREVIEWED,DERIVED / EXCLUDED,N/A,EXCLUDE,ARCHIVE ONLY,EXCLUDE,"원본 보존, 상세페이지 사용 제외.",NO,로고·도시코드 아이덴티티. 동일 디자인의 PNG·PSD 산출물 또는 근접 파생본. 편집 원본과 연결해 원본만 우선 사용.,EXCLUDE,REVIEWED,EXCLUDE,로고·도시코드 아이덴티티. 동일 디자인의 PNG·PSD 산출물 또는 근접 파생본. 편집 원본과 연결해 원본만 우선 사용.,2026-08-09,,UNKNOWN
AST-0047,01_INPUT(입력_원본)/02_KOREA_TOUR(코리아투어_프로젝트)/collection_identity/motion_graphics/OPENING) KOREA TOUR.ai,OPENING) KOREA TOUR.ai,ai,컬렉션 그래픽,KOREA_TOUR,승인된 COPY PLAN에 따라 복사한 원본 사본. 심층 품질 평가는 아직 진행하지 않음.,UNREVIEWED,UNREVIEWED,HIGH,HIGH,B,KOREA TOUR INTRO,SUPPORT / DETAIL,문구·상표 관계는 Content Clearance 전제.,NO,오프닝·핀 그래픽. 브랜드 시스템을 보조하는 모션·티켓 요소.,B,REVIEWED,B,오프닝·핀 그래픽. 브랜드 시스템을 보조하는 모션·티켓 요소.,2026-08-09,,UNKNOWN
AST-0048,01_INPUT(입력_원본)/02_KOREA_TOUR(코리아투어_프로젝트)/collection_identity/motion_graphics/OPENING)-KOREA-TOUR(SMALL).png,OPENING)-KOREA-TOUR(SMALL).png,png,컬렉션 그래픽,KOREA_TOUR,승인된 COPY PLAN에 따라 복사한 원본 사본. 심층 품질 평가는 아직 진행하지 않음.,UNREVIEWED,UNREVIEWED,DERIVED / EXCLUDED,N/A,EXCLUDE,ARCHIVE ONLY,EXCLUDE,"원본 보존, 상세페이지 사용 제외.",NO,오프닝·핀 그래픽. 동일 디자인의 PNG·PSD 산출물 또는 근접 파생본. 편집 원본과 연결해 원본만 우선 사용.,EXCLUDE,REVIEWED,EXCLUDE,오프닝·핀 그래픽. 동일 디자인의 PNG·PSD 산출물 또는 근접 파생본. 편집 원본과 연결해 원본만 우선 사용.,2026-08-09,,UNKNOWN
AST-0049,01_INPUT(입력_원본)/02_KOREA_TOUR(코리아투어_프로젝트)/collection_identity/motion_graphics/OPENING)-KOREA-TOUR(썸네일).png,OPENING)-KOREA-TOUR(썸네일).png,png,컬렉션 그래픽,KOREA_TOUR,승인된 COPY PLAN에 따라 복사한 원본 사본. 심층 품질 평가는 아직 진행하지 않음.,UNREVIEWED,UNREVIEWED,DERIVED / EXCLUDED,N/A,EXCLUDE,ARCHIVE ONLY,EXCLUDE,"원본 보존, 상세페이지 사용 제외.",NO,오프닝·핀 그래픽. 동일 디자인의 PNG·PSD 산출물 또는 근접 파생본. 편집 원본과 연결해 원본만 우선 사용.,EXCLUDE,REVIEWED,EXCLUDE,오프닝·핀 그래픽. 동일 디자인의 PNG·PSD 산출물 또는 근접 파생본. 편집 원본과 연결해 원본만 우선 사용.,2026-08-09,,UNKNOWN
AST-0050,01_INPUT(입력_원본)/02_KOREA_TOUR(코리아투어_프로젝트)/collection_identity/motion_graphics/OPENING)-KOREA-TOUR.png,OPENING)-KOREA-TOUR.png,png,컬렉션 그래픽,KOREA_TOUR,승인된 COPY PLAN에 따라 복사한 원본 사본. 심층 품질 평가는 아직 진행하지 않음.,UNREVIEWED,UNREVIEWED,DERIVED / EXCLUDED,N/A,EXCLUDE,ARCHIVE ONLY,EXCLUDE,"원본 보존, 상세페이지 사용 제외.",NO,오프닝·핀 그래픽. 동일 디자인의 PNG·PSD 산출물 또는 근접 파생본. 편집 원본과 연결해 원본만 우선 사용.,EXCLUDE,REVIEWED,EXCLUDE,오프닝·핀 그래픽. 동일 디자인의 PNG·PSD 산출물 또는 근접 파생본. 편집 원본과 연결해 원본만 우선 사용.,2026-08-09,,UNKNOWN
AST-0051,01_INPUT(입력_원본)/02_KOREA_TOUR(코리아투어_프로젝트)/collection_identity/motion_graphics/PIN.ai,PIN.ai,ai,컬렉션 그래픽,KOREA_TOUR,승인된 COPY PLAN에 따라 복사한 원본 사본. 심층 품질 평가는 아직 진행하지 않음.,UNREVIEWED,UNREVIEWED,LOW,LOW,D,DO NOT USE,EXCLUDE,실제 파일 프리뷰 확인 완료.,NO,오프닝·핀 그래픽. 일반적인 빨간 지도핀 단독 아이콘으로 기존 흑백·갈색 시스템과 충돌.,D,REVIEWED,D,오프닝·핀 그래픽. 일반적인 빨간 지도핀 단독 아이콘으로 기존 흑백·갈색 시스템과 충돌.,2026-08-09,,UNKNOWN
AST-0052,01_INPUT(입력_원본)/02_KOREA_TOUR(코리아투어_프로젝트)/collection_identity/motion_graphics/TICKET) KOREA TOUR(CLEAN).ai,TICKET) KOREA TOUR(CLEAN).ai,ai,컬렉션 그래픽,KOREA_TOUR,승인된 COPY PLAN에 따라 복사한 원본 사본. 심층 품질 평가는 아직 진행하지 않음.,UNREVIEWED,UNREVIEWED,HIGH,HIGH,A,TICKET / EXPERIENCE,NARRATIVE / PROOF / DETAIL,시즌·DAY/NIGHT·사진·QR 정보는 현재값 재검증 필요.,YES - 사진·사실값 교체,티켓 모션 그래픽. XXX→KOR 비행기·천공선·사진 슬롯이 있는 티켓 마스터. 여행의 물성을 가장 직접적으로 설명.,A,REVIEWED,A,티켓 모션 그래픽. XXX→KOR 비행기·천공선·사진 슬롯이 있는 티켓 마스터. 여행의 물성을 가장 직접적으로 설명.,2026-08-09,,UNKNOWN
AST-0053,01_INPUT(입력_원본)/02_KOREA_TOUR(코리아투어_프로젝트)/collection_identity/motion_graphics/TICKET) KOREA TOUR(CLEAN).psd,TICKET) KOREA TOUR(CLEAN).psd,psd,컬렉션 그래픽,KOREA_TOUR,승인된 COPY PLAN에 따라 복사한 원본 사본. 심층 품질 평가는 아직 진행하지 않음.,UNREVIEWED,UNREVIEWED,DERIVED / EXCLUDED,N/A,EXCLUDE,ARCHIVE ONLY,EXCLUDE,"원본 보존, 상세페이지 사용 제외.",NO,티켓 모션 그래픽. 동일 디자인의 PNG·PSD 산출물 또는 근접 파생본. 편집 원본과 연결해 원본만 우선 사용.,EXCLUDE,REVIEWED,EXCLUDE,티켓 모션 그래픽. 동일 디자인의 PNG·PSD 산출물 또는 근접 파생본. 편집 원본과 연결해 원본만 우선 사용.,2026-08-09,,UNKNOWN
AST-0054,01_INPUT(입력_원본)/02_KOREA_TOUR(코리아투어_프로젝트)/collection_identity/motion_graphics/TICKET) KOREA TOUR(글자만).ai,TICKET) KOREA TOUR(글자만).ai,ai,컬렉션 그래픽,KOREA_TOUR,승인된 COPY PLAN에 따라 복사한 원본 사본. 심층 품질 평가는 아직 진행하지 않음.,UNREVIEWED,UNREVIEWED,HIGH,HIGH,B,KOREA TOUR INTRO,SUPPORT / DETAIL,문구·상표 관계는 Content Clearance 전제.,NO,티켓 모션 그래픽. 브랜드 시스템을 보조하는 모션·티켓 요소.,B,REVIEWED,B,티켓 모션 그래픽. 브랜드 시스템을 보조하는 모션·티켓 요소.,2026-08-09,,UNKNOWN
AST-0055,01_INPUT(입력_원본)/02_KOREA_TOUR(코리아투어_프로젝트)/collection_identity/motion_graphics/TICKET) KOREA TOUR(글자만).psd,TICKET) KOREA TOUR(글자만).psd,psd,컬렉션 그래픽,KOREA_TOUR,승인된 COPY PLAN에 따라 복사한 원본 사본. 심층 품질 평가는 아직 진행하지 않음.,UNREVIEWED,UNREVIEWED,DERIVED / EXCLUDED,N/A,EXCLUDE,ARCHIVE ONLY,EXCLUDE,"원본 보존, 상세페이지 사용 제외.",NO,티켓 모션 그래픽. 동일 디자인의 PNG·PSD 산출물 또는 근접 파생본. 편집 원본과 연결해 원본만 우선 사용.,EXCLUDE,REVIEWED,EXCLUDE,티켓 모션 그래픽. 동일 디자인의 PNG·PSD 산출물 또는 근접 파생본. 편집 원본과 연결해 원본만 우선 사용.,2026-08-09,,UNKNOWN
AST-0056,01_INPUT(입력_원본)/02_KOREA_TOUR(코리아투어_프로젝트)/collection_identity/motion_graphics/TICKET) KOREA TOUR(로고만).ai,TICKET) KOREA TOUR(로고만).ai,ai,컬렉션 그래픽,KOREA_TOUR,승인된 COPY PLAN에 따라 복사한 원본 사본. 심층 품질 평가는 아직 진행하지 않음.,UNREVIEWED,UNREVIEWED,HIGH,HIGH,B,KOREA TOUR INTRO,SUPPORT / DETAIL,문구·상표 관계는 Content Clearance 전제.,NO,티켓 모션 그래픽. 브랜드 시스템을 보조하는 모션·티켓 요소.,B,REVIEWED,B,티켓 모션 그래픽. 브랜드 시스템을 보조하는 모션·티켓 요소.,2026-08-09,,UNKNOWN
AST-0057,01_INPUT(입력_원본)/02_KOREA_TOUR(코리아투어_프로젝트)/collection_identity/motion_graphics/TICKET) KOREA TOUR(로고만).psd,TICKET) KOREA TOUR(로고만).psd,psd,컬렉션 그래픽,KOREA_TOUR,승인된 COPY PLAN에 따라 복사한 원본 사본. 심층 품질 평가는 아직 진행하지 않음.,UNREVIEWED,UNREVIEWED,DERIVED / EXCLUDED,N/A,EXCLUDE,ARCHIVE ONLY,EXCLUDE,"원본 보존, 상세페이지 사용 제외.",NO,티켓 모션 그래픽. 동일 디자인의 PNG·PSD 산출물 또는 근접 파생본. 편집 원본과 연결해 원본만 우선 사용.,EXCLUDE,REVIEWED,EXCLUDE,티켓 모션 그래픽. 동일 디자인의 PNG·PSD 산출물 또는 근접 파생본. 편집 원본과 연결해 원본만 우선 사용.,2026-08-09,,UNKNOWN
AST-0058,01_INPUT(입력_원본)/02_KOREA_TOUR(코리아투어_프로젝트)/collection_identity/motion_graphics/TICKET) KOREA TOUR(로고만2).ai,TICKET) KOREA TOUR(로고만2).ai,ai,컬렉션 그래픽,KOREA_TOUR,승인된 COPY PLAN에 따라 복사한 원본 사본. 심층 품질 평가는 아직 진행하지 않음.,UNREVIEWED,UNREVIEWED,MEDIUM,MEDIUM,C,KOREA TOUR INTRO,SUPPORT,실제 파일 프리뷰 확인 완료.,NO,티켓 모션 그래픽. 근접한 상위 변형이 있어 주요 상세페이지 우선순위가 낮음.,C,REVIEWED,C,티켓 모션 그래픽. 근접한 상위 변형이 있어 주요 상세페이지 우선순위가 낮음.,2026-08-09,,UNKNOWN
AST-0059,01_INPUT(입력_원본)/02_KOREA_TOUR(코리아투어_프로젝트)/collection_identity/motion_graphics/TICKET) KOREA TOUR(로고만2).psd,TICKET) KOREA TOUR(로고만2).psd,psd,컬렉션 그래픽,KOREA_TOUR,승인된 COPY PLAN에 따라 복사한 원본 사본. 심층 품질 평가는 아직 진행하지 않음.,UNREVIEWED,UNREVIEWED,DERIVED / EXCLUDED,N/A,EXCLUDE,ARCHIVE ONLY,EXCLUDE,"원본 보존, 상세페이지 사용 제외.",NO,티켓 모션 그래픽. 동일 디자인의 PNG·PSD 산출물 또는 근접 파생본. 편집 원본과 연결해 원본만 우선 사용.,EXCLUDE,REVIEWED,EXCLUDE,티켓 모션 그래픽. 동일 디자인의 PNG·PSD 산출물 또는 근접 파생본. 편집 원본과 연결해 원본만 우선 사용.,2026-08-09,,UNKNOWN
AST-0060,01_INPUT(입력_원본)/02_KOREA_TOUR(코리아투어_프로젝트)/collection_identity/motion_graphics/TICKET) KOREA TOUR(수정본).ai,TICKET) KOREA TOUR(수정본).ai,ai,컬렉션 그래픽,KOREA_TOUR,승인된 COPY PLAN에 따라 복사한 원본 사본. 심층 품질 평가는 아직 진행하지 않음.,UNREVIEWED,UNREVIEWED,HIGH,HIGH,B,KOREA TOUR INTRO,SUPPORT / DETAIL,영문 EXPERIENCE 철자 오류 확인.,YES - 문구 교정,티켓 모션 그래픽. 브랜드 시스템을 보조하는 모션·티켓 요소.,B,REVIEWED,B,티켓 모션 그래픽. 브랜드 시스템을 보조하는 모션·티켓 요소.,2026-08-09,,UNKNOWN
AST-0061,01_INPUT(입력_원본)/02_KOREA_TOUR(코리아투어_프로젝트)/collection_identity/motion_graphics/TICKET) KOREA TOUR(수정본).psd,TICKET) KOREA TOUR(수정본).psd,psd,컬렉션 그래픽,KOREA_TOUR,승인된 COPY PLAN에 따라 복사한 원본 사본. 심층 품질 평가는 아직 진행하지 않음.,UNREVIEWED,UNREVIEWED,DERIVED / EXCLUDED,N/A,EXCLUDE,ARCHIVE ONLY,EXCLUDE,"원본 보존, 상세페이지 사용 제외.",NO,티켓 모션 그래픽. 동일 디자인의 PNG·PSD 산출물 또는 근접 파생본. 편집 원본과 연결해 원본만 우선 사용.,EXCLUDE,REVIEWED,EXCLUDE,티켓 모션 그래픽. 동일 디자인의 PNG·PSD 산출물 또는 근접 파생본. 편집 원본과 연결해 원본만 우선 사용.,2026-08-09,,UNKNOWN
AST-0062,01_INPUT(입력_원본)/02_KOREA_TOUR(코리아투어_프로젝트)/collection_identity/motion_graphics/TICKET) KOREA TOUR(수정본2).ai,TICKET) KOREA TOUR(수정본2).ai,ai,컬렉션 그래픽,KOREA_TOUR,승인된 COPY PLAN에 따라 복사한 원본 사본. 심층 품질 평가는 아직 진행하지 않음.,UNREVIEWED,UNREVIEWED,MEDIUM,MEDIUM,C,KOREA TOUR INTRO,SUPPORT,실제 파일 프리뷰 확인 완료.,NO,티켓 모션 그래픽. 근접한 상위 변형이 있어 주요 상세페이지 우선순위가 낮음.,C,REVIEWED,C,티켓 모션 그래픽. 근접한 상위 변형이 있어 주요 상세페이지 우선순위가 낮음.,2026-08-09,,UNKNOWN
AST-0063,01_INPUT(입력_원본)/02_KOREA_TOUR(코리아투어_프로젝트)/collection_identity/motion_graphics/TICKET) KOREA TOUR(수정본2).psd,TICKET) KOREA TOUR(수정본2).psd,psd,컬렉션 그래픽,KOREA_TOUR,승인된 COPY PLAN에 따라 복사한 원본 사본. 심층 품질 평가는 아직 진행하지 않음.,UNREVIEWED,UNREVIEWED,DERIVED / EXCLUDED,N/A,EXCLUDE,ARCHIVE ONLY,EXCLUDE,"원본 보존, 상세페이지 사용 제외.",NO,티켓 모션 그래픽. 동일 디자인의 PNG·PSD 산출물 또는 근접 파생본. 편집 원본과 연결해 원본만 우선 사용.,EXCLUDE,REVIEWED,EXCLUDE,티켓 모션 그래픽. 동일 디자인의 PNG·PSD 산출물 또는 근접 파생본. 편집 원본과 연결해 원본만 우선 사용.,2026-08-09,,UNKNOWN
AST-0064,01_INPUT(입력_원본)/02_KOREA_TOUR(코리아투어_프로젝트)/collection_identity/motion_graphics/TICKET) KOREA TOUR(수정본3).ai,TICKET) KOREA TOUR(수정본3).ai,ai,컬렉션 그래픽,KOREA_TOUR,승인된 COPY PLAN에 따라 복사한 원본 사본. 심층 품질 평가는 아직 진행하지 않음.,UNREVIEWED,UNREVIEWED,MEDIUM,MEDIUM,C,KOREA TOUR INTRO,SUPPORT,실제 파일 프리뷰 확인 완료.,NO,티켓 모션 그래픽. 근접한 상위 변형이 있어 주요 상세페이지 우선순위가 낮음.,C,REVIEWED,C,티켓 모션 그래픽. 근접한 상위 변형이 있어 주요 상세페이지 우선순위가 낮음.,2026-08-09,,UNKNOWN
AST-0065,01_INPUT(입력_원본)/02_KOREA_TOUR(코리아투어_프로젝트)/collection_identity/motion_graphics/TICKET) KOREA TOUR(수정본3).psd,TICKET) KOREA TOUR(수정본3).psd,psd,컬렉션 그래픽,KOREA_TOUR,승인된 COPY PLAN에 따라 복사한 원본 사본. 심층 품질 평가는 아직 진행하지 않음.,UNREVIEWED,UNREVIEWED,DERIVED / EXCLUDED,N/A,EXCLUDE,ARCHIVE ONLY,EXCLUDE,"원본 보존, 상세페이지 사용 제외.",NO,티켓 모션 그래픽. 동일 디자인의 PNG·PSD 산출물 또는 근접 파생본. 편집 원본과 연결해 원본만 우선 사용.,EXCLUDE,REVIEWED,EXCLUDE,티켓 모션 그래픽. 동일 디자인의 PNG·PSD 산출물 또는 근접 파생본. 편집 원본과 연결해 원본만 우선 사용.,2026-08-09,,UNKNOWN
AST-0066,01_INPUT(입력_원본)/02_KOREA_TOUR(코리아투어_프로젝트)/collection_identity/motion_graphics/TICKET) KOREA TOUR(수정본4).ai,TICKET) KOREA TOUR(수정본4).ai,ai,컬렉션 그래픽,KOREA_TOUR,승인된 COPY PLAN에 따라 복사한 원본 사본. 심층 품질 평가는 아직 진행하지 않음.,UNREVIEWED,UNREVIEWED,HIGH,HIGH,B,KOREA TOUR INTRO,SUPPORT / DETAIL,문구·상표 관계는 Content Clearance 전제.,YES - 문구 교정,티켓 모션 그래픽. 브랜드 시스템을 보조하는 모션·티켓 요소.,B,REVIEWED,B,티켓 모션 그래픽. 브랜드 시스템을 보조하는 모션·티켓 요소.,2026-08-09,,UNKNOWN
AST-0067,01_INPUT(입력_원본)/02_KOREA_TOUR(코리아투어_프로젝트)/collection_identity/motion_graphics/TICKET) KOREA TOUR(수정본4).psd,TICKET) KOREA TOUR(수정본4).psd,psd,컬렉션 그래픽,KOREA_TOUR,승인된 COPY PLAN에 따라 복사한 원본 사본. 심층 품질 평가는 아직 진행하지 않음.,UNREVIEWED,UNREVIEWED,DERIVED / EXCLUDED,N/A,EXCLUDE,ARCHIVE ONLY,EXCLUDE,"원본 보존, 상세페이지 사용 제외.",NO,티켓 모션 그래픽. 동일 디자인의 PNG·PSD 산출물 또는 근접 파생본. 편집 원본과 연결해 원본만 우선 사용.,EXCLUDE,REVIEWED,EXCLUDE,티켓 모션 그래픽. 동일 디자인의 PNG·PSD 산출물 또는 근접 파생본. 편집 원본과 연결해 원본만 우선 사용.,2026-08-09,,UNKNOWN
AST-0068,01_INPUT(입력_원본)/02_KOREA_TOUR(코리아투어_프로젝트)/collection_identity/motion_graphics/TICKET) KOREA TOUR.ai,TICKET) KOREA TOUR.ai,ai,컬렉션 그래픽,KOREA_TOUR,승인된 COPY PLAN에 따라 복사한 원본 사본. 심층 품질 평가는 아직 진행하지 않음.,UNREVIEWED,UNREVIEWED,HIGH,HIGH,B,TICKET / EXPERIENCE,NARRATIVE / PROOF,QR 목적지·시즌·정보가 과거값일 수 있어 검증 전 직접 사용 금지.,YES - QR·사실값 갱신,티켓 모션 그래픽. DAY/NIGHT QR과 2024/SS·SEOUL 정보가 들어간 완성형 여정 그래픽.,B,REVIEWED,B,티켓 모션 그래픽. DAY/NIGHT QR과 2024/SS·SEOUL 정보가 들어간 완성형 여정 그래픽.,2026-08-09,,UNKNOWN
AST-0069,01_INPUT(입력_원본)/02_KOREA_TOUR(코리아투어_프로젝트)/collection_identity/motion_graphics/TICKET) KOREA TOUR.psd,TICKET) KOREA TOUR.psd,psd,컬렉션 그래픽,KOREA_TOUR,승인된 COPY PLAN에 따라 복사한 원본 사본. 심층 품질 평가는 아직 진행하지 않음.,UNREVIEWED,UNREVIEWED,DERIVED / EXCLUDED,N/A,EXCLUDE,ARCHIVE ONLY,EXCLUDE,"원본 보존, 상세페이지 사용 제외.",NO,티켓 모션 그래픽. 동일 디자인의 PNG·PSD 산출물 또는 근접 파생본. 편집 원본과 연결해 원본만 우선 사용.,EXCLUDE,REVIEWED,EXCLUDE,티켓 모션 그래픽. 동일 디자인의 PNG·PSD 산출물 또는 근접 파생본. 편집 원본과 연결해 원본만 우선 사용.,2026-08-09,,UNKNOWN
AST-0070,01_INPUT(입력_원본)/02_KOREA_TOUR(코리아투어_프로젝트)/collection_identity/motion_graphics/TICKET)-KOREA-TOUR(수정본).png,TICKET)-KOREA-TOUR(수정본).png,png,컬렉션 그래픽,KOREA_TOUR,승인된 COPY PLAN에 따라 복사한 원본 사본. 심층 품질 평가는 아직 진행하지 않음.,UNREVIEWED,UNREVIEWED,DERIVED / EXCLUDED,N/A,EXCLUDE,ARCHIVE ONLY,EXCLUDE,"원본 보존, 상세페이지 사용 제외.",NO,티켓 모션 그래픽. 동일 디자인의 PNG·PSD 산출물 또는 근접 파생본. 편집 원본과 연결해 원본만 우선 사용.,EXCLUDE,REVIEWED,EXCLUDE,티켓 모션 그래픽. 동일 디자인의 PNG·PSD 산출물 또는 근접 파생본. 편집 원본과 연결해 원본만 우선 사용.,2026-08-09,,UNKNOWN
AST-0071,01_INPUT(입력_원본)/02_KOREA_TOUR(코리아투어_프로젝트)/collection_identity/motion_graphics/TICKET)-KOREA-TOUR.png,TICKET)-KOREA-TOUR.png,png,컬렉션 그래픽,KOREA_TOUR,승인된 COPY PLAN에 따라 복사한 원본 사본. 심층 품질 평가는 아직 진행하지 않음.,UNREVIEWED,UNREVIEWED,DERIVED / EXCLUDED,N/A,EXCLUDE,ARCHIVE ONLY,EXCLUDE,"원본 보존, 상세페이지 사용 제외.",NO,티켓 모션 그래픽. 동일 디자인의 PNG·PSD 산출물 또는 근접 파생본. 편집 원본과 연결해 원본만 우선 사용.,EXCLUDE,REVIEWED,EXCLUDE,티켓 모션 그래픽. 동일 디자인의 PNG·PSD 산출물 또는 근접 파생본. 편집 원본과 연결해 원본만 우선 사용.,2026-08-09,,UNKNOWN
AST-0072,01_INPUT(입력_원본)/02_KOREA_TOUR(코리아투어_프로젝트)/collection_identity/motion_graphics/location-pin-multiple-styles-set/Location Pin Multiple Styles Set.jpg,Location Pin Multiple Styles Set.jpg,jpg,컬렉션 그래픽,KOREA_TOUR,승인된 COPY PLAN에 따라 복사한 원본 사본. 심층 품질 평가는 아직 진행하지 않음.,UNREVIEWED,UNREVIEWED,VERIFY NEEDED,VERIFY NEEDED,HOLD,HOLD,REFERENCE,출처·라이선스 미확인 및 브랜드 감도 불일치.,NO,외부 지도핀 샘플. 외부 라이브러리형 지도핀 샘플.,HOLD,REVIEWED,HOLD,외부 지도핀 샘플. 외부 라이브러리형 지도핀 샘플.,2026-08-09,,UNKNOWN
AST-0073,01_INPUT(입력_원본)/02_KOREA_TOUR(코리아투어_프로젝트)/collection_identity/motion_graphics/초대장) KOREA TOUR.ai,초대장) KOREA TOUR.ai,ai,컬렉션 그래픽,KOREA_TOUR,승인된 COPY PLAN에 따라 복사한 원본 사본. 심층 품질 평가는 아직 진행하지 않음.,UNREVIEWED,UNREVIEWED,HIGH,HIGH,A,INVITATION,NARRATIVE / HERO,아트보드 밖 텍스트·문구 상태를 재확인해야 함.,YES - 재조판,"초대장 그래픽. 대형 INVITATION, 대각선 선, 선형 심볼과 Korea Tour 로고를 결합한 초대장 그래픽.",A,REVIEWED,A,"초대장 그래픽. 대형 INVITATION, 대각선 선, 선형 심볼과 Korea Tour 로고를 결합한 초대장 그래픽.",2026-08-09,,UNKNOWN
AST-0074,01_INPUT(입력_원본)/02_KOREA_TOUR(코리아투어_프로젝트)/collection_identity/motion_graphics/초대장) KOREA TOUR.psd,초대장) KOREA TOUR.psd,psd,컬렉션 그래픽,KOREA_TOUR,승인된 COPY PLAN에 따라 복사한 원본 사본. 심층 품질 평가는 아직 진행하지 않음.,UNREVIEWED,UNREVIEWED,DERIVED / EXCLUDED,N/A,EXCLUDE,ARCHIVE ONLY,EXCLUDE,"원본 보존, 상세페이지 사용 제외.",NO,초대장 그래픽. 동일 디자인의 PNG·PSD 산출물 또는 근접 파생본. 편집 원본과 연결해 원본만 우선 사용.,EXCLUDE,REVIEWED,EXCLUDE,초대장 그래픽. 동일 디자인의 PNG·PSD 산출물 또는 근접 파생본. 편집 원본과 연결해 원본만 우선 사용.,2026-08-09,,UNKNOWN
AST-0075,01_INPUT(입력_원본)/02_KOREA_TOUR(코리아투어_프로젝트)/collection_identity/motion_graphics/테두리) KOREATOUR & XXX STUDIO(EXPERIENCE).ai,테두리) KOREATOUR & XXX STUDIO(EXPERIENCE).ai,ai,컬렉션 그래픽,KOREA_TOUR,승인된 COPY PLAN에 따라 복사한 원본 사본. 심층 품질 평가는 아직 진행하지 않음.,UNREVIEWED,UNREVIEWED,HIGH,HIGH,B,KOREA TOUR INTRO,BACKGROUND / SECTION TRANSITION,문구·상표 관계는 Content Clearance 전제.,NO,모션 프레임. 브랜드 시스템을 보조하는 모션·티켓 요소.,B,REVIEWED,B,모션 프레임. 브랜드 시스템을 보조하는 모션·티켓 요소.,2026-08-09,,UNKNOWN
AST-0076,01_INPUT(입력_원본)/02_KOREA_TOUR(코리아투어_프로젝트)/collection_identity/motion_graphics/테두리) KOREATOUR & XXX STUDIO(블랙).ai,테두리) KOREATOUR & XXX STUDIO(블랙).ai,ai,컬렉션 그래픽,KOREA_TOUR,승인된 COPY PLAN에 따라 복사한 원본 사본. 심층 품질 평가는 아직 진행하지 않음.,UNREVIEWED,UNREVIEWED,HIGH,HIGH,B,KOREA TOUR INTRO,BACKGROUND / SECTION TRANSITION,문구·상표 관계는 Content Clearance 전제.,NO,모션 프레임. 브랜드 시스템을 보조하는 모션·티켓 요소.,B,REVIEWED,B,모션 프레임. 브랜드 시스템을 보조하는 모션·티켓 요소.,2026-08-09,,UNKNOWN
AST-0077,01_INPUT(입력_원본)/02_KOREA_TOUR(코리아투어_프로젝트)/collection_identity/motion_graphics/테두리) KOREATOUR & XXX STUDIO(세로).ai,테두리) KOREATOUR & XXX STUDIO(세로).ai,ai,컬렉션 그래픽,KOREA_TOUR,승인된 COPY PLAN에 따라 복사한 원본 사본. 심층 품질 평가는 아직 진행하지 않음.,UNREVIEWED,UNREVIEWED,HIGH,HIGH,A,MOBILE HERO,HERO / NARRATIVE,중앙 사진과 KOREA TOUR 표기 사용 조건 확인 필요.,YES - 사진 교체,모션 프레임. 상단 Korea Tour·하단 XXX STUDIO가 사진을 감싸는 세로 프레임.,A,REVIEWED,A,모션 프레임. 상단 Korea Tour·하단 XXX STUDIO가 사진을 감싸는 세로 프레임.,2026-08-09,,UNKNOWN
AST-0078,01_INPUT(입력_원본)/02_KOREA_TOUR(코리아투어_프로젝트)/collection_identity/motion_graphics/테두리) KOREATOUR & XXX STUDIO.ai,테두리) KOREATOUR & XXX STUDIO.ai,ai,컬렉션 그래픽,KOREA_TOUR,승인된 COPY PLAN에 따라 복사한 원본 사본. 심층 품질 평가는 아직 진행하지 않음.,UNREVIEWED,UNREVIEWED,HIGH,HIGH,B,KOREA TOUR INTRO,BACKGROUND / SECTION TRANSITION,문구·상표 관계는 Content Clearance 전제.,NO,모션 프레임. 브랜드 시스템을 보조하는 모션·티켓 요소.,B,REVIEWED,B,모션 프레임. 브랜드 시스템을 보조하는 모션·티켓 요소.,2026-08-09,,UNKNOWN
AST-0079,01_INPUT(입력_원본)/02_KOREA_TOUR(코리아투어_프로젝트)/collection_identity/motion_graphics/테두리) KOREATOUR & XXX STUDIO.psd,테두리) KOREATOUR & XXX STUDIO.psd,psd,컬렉션 그래픽,KOREA_TOUR,승인된 COPY PLAN에 따라 복사한 원본 사본. 심층 품질 평가는 아직 진행하지 않음.,UNREVIEWED,UNREVIEWED,DERIVED / EXCLUDED,N/A,EXCLUDE,ARCHIVE ONLY,EXCLUDE,"원본 보존, 상세페이지 사용 제외.",NO,모션 프레임. 동일 디자인의 PNG·PSD 산출물 또는 근접 파생본. 편집 원본과 연결해 원본만 우선 사용.,EXCLUDE,REVIEWED,EXCLUDE,모션 프레임. 동일 디자인의 PNG·PSD 산출물 또는 근접 파생본. 편집 원본과 연결해 원본만 우선 사용.,2026-08-09,,UNKNOWN
AST-0080,01_INPUT(입력_원본)/02_KOREA_TOUR(코리아투어_프로젝트)/collection_identity/motion_graphics/테두리)-KOREATOUR-&-XXX-STUDIO(EXPERIENCE).png,테두리)-KOREATOUR-&-XXX-STUDIO(EXPERIENCE).png,png,컬렉션 그래픽,KOREA_TOUR,승인된 COPY PLAN에 따라 복사한 원본 사본. 심층 품질 평가는 아직 진행하지 않음.,UNREVIEWED,UNREVIEWED,DERIVED / EXCLUDED,N/A,EXCLUDE,ARCHIVE ONLY,EXCLUDE,"원본 보존, 상세페이지 사용 제외.",NO,모션 프레임. 동일 디자인의 PNG·PSD 산출물 또는 근접 파생본. 편집 원본과 연결해 원본만 우선 사용.,EXCLUDE,REVIEWED,EXCLUDE,모션 프레임. 동일 디자인의 PNG·PSD 산출물 또는 근접 파생본. 편집 원본과 연결해 원본만 우선 사용.,2026-08-09,,UNKNOWN
AST-0081,01_INPUT(입력_원본)/02_KOREA_TOUR(코리아투어_프로젝트)/collection_identity/motion_graphics/테두리)-KOREATOUR-&-XXX-STUDIO(블랙).png,테두리)-KOREATOUR-&-XXX-STUDIO(블랙).png,png,컬렉션 그래픽,KOREA_TOUR,승인된 COPY PLAN에 따라 복사한 원본 사본. 심층 품질 평가는 아직 진행하지 않음.,UNREVIEWED,UNREVIEWED,DERIVED / EXCLUDED,N/A,EXCLUDE,ARCHIVE ONLY,EXCLUDE,"원본 보존, 상세페이지 사용 제외.",NO,모션 프레임. 동일 디자인의 PNG·PSD 산출물 또는 근접 파생본. 편집 원본과 연결해 원본만 우선 사용.,EXCLUDE,REVIEWED,EXCLUDE,모션 프레임. 동일 디자인의 PNG·PSD 산출물 또는 근접 파생본. 편집 원본과 연결해 원본만 우선 사용.,2026-08-09,,UNKNOWN
AST-0082,01_INPUT(입력_원본)/02_KOREA_TOUR(코리아투어_프로젝트)/collection_identity/motion_graphics/테두리)-KOREATOUR-&-XXX-STUDIO(세로).png,테두리)-KOREATOUR-&-XXX-STUDIO(세로).png,png,컬렉션 그래픽,KOREA_TOUR,승인된 COPY PLAN에 따라 복사한 원본 사본. 심층 품질 평가는 아직 진행하지 않음.,UNREVIEWED,UNREVIEWED,DERIVED / EXCLUDED,N/A,EXCLUDE,ARCHIVE ONLY,EXCLUDE,"원본 보존, 상세페이지 사용 제외.",NO,모션 프레임. 동일 디자인의 PNG·PSD 산출물 또는 근접 파생본. 편집 원본과 연결해 원본만 우선 사용.,EXCLUDE,REVIEWED,EXCLUDE,모션 프레임. 동일 디자인의 PNG·PSD 산출물 또는 근접 파생본. 편집 원본과 연결해 원본만 우선 사용.,2026-08-09,,UNKNOWN
AST-0083,01_INPUT(입력_원본)/02_KOREA_TOUR(코리아투어_프로젝트)/collection_identity/motion_graphics/테두리)-KOREATOUR-&-XXX-STUDIO.png,테두리)-KOREATOUR-&-XXX-STUDIO.png,png,컬렉션 그래픽,KOREA_TOUR,승인된 COPY PLAN에 따라 복사한 원본 사본. 심층 품질 평가는 아직 진행하지 않음.,UNREVIEWED,UNREVIEWED,DERIVED / EXCLUDED,N/A,EXCLUDE,ARCHIVE ONLY,EXCLUDE,"원본 보존, 상세페이지 사용 제외.",NO,모션 프레임. 동일 디자인의 PNG·PSD 산출물 또는 근접 파생본. 편집 원본과 연결해 원본만 우선 사용.,EXCLUDE,REVIEWED,EXCLUDE,모션 프레임. 동일 디자인의 PNG·PSD 산출물 또는 근접 파생본. 편집 원본과 연결해 원본만 우선 사용.,2026-08-09,,UNKNOWN
AST-0084,01_INPUT(입력_원본)/05_PRODUCTS(제품)/artwork_final/1x/대지 2.png,대지 2.png,png,제품 그래픽,SEOUL_DAY_NIGHT,승인된 COPY PLAN에 따라 복사한 원본 사본. 심층 품질 평가는 아직 진행하지 않음.,2835 × 2835 px,N/A — 정지 이미지,HIGH,HIGH — KOREA TOUR : SEOUL,A,DAY / PRODUCT,PRODUCT PROOF / SUPPORT,"[VISUAL OBSERVATION] 장소매 크루넥 외관만 확인. [SOURCE REQUIRED] 현행 SKU, 원단·혼용률·중량·봉제·사이즈·프린트 방식.",NO — 실제 제품 증거를 AI로 대체하지 않음. 현행 SKU가 확인되면 배경·가장자리 정리만.,원본: /Volumes/DESKTOP/XXX STUDIO/1) 디자인/04) SEOUL/최종/찐최종/1x/대지 2.png,CANDIDATE,REVIEWED,B,"관찰: 아이보리 장소매 크루넥 모크업의 전면이다. 가슴 중앙에 검정 교차 심볼, XXX STUDIO, SEOUL 3단 바가 작게 배치된다. 판정: B. → DAY 실제 적용 제품 증거: AST-0193/0218(전면), AST-0235(Twin Hero).",2026-08-09,,UNKNOWN
AST-0085,01_INPUT(입력_원본)/05_PRODUCTS(제품)/artwork_final/1x/뒷면.png,뒷면.png,png,제품 그래픽,SEOUL_DAY_NIGHT,승인된 COPY PLAN에 따라 복사한 원본 사본. 심층 품질 평가는 아직 진행하지 않음.,2278 × 2202 px,N/A — 정지 이미지,HIGH,HIGH — KOREA TOUR : SEOUL,A,DAY / PRODUCT / DESIGN STORY,PRODUCT PROOF / DETAIL,"[VISUAL OBSERVATION] DAY 등판 배치 확인. [SOURCE REQUIRED] 사진 사용권, 2024 SS·좌표·도시 표기, 현행 SKU와 실제 프린트 동일성.",YES — 신규 생성 없이 구버전 정보와 권리 확인된 사진만 교체 가능. 실제 의류 형태·프린트는 생성 금지.,원본: /Volumes/DESKTOP/XXX STUDIO/1) 디자인/04) SEOUL/최종/찐최종/1x/뒷면.png,CANDIDATE,REVIEWED,A,"관찰: 아이보리 장소매 크루넥 모크업의 후면이다. SEOUL 표식 아래 북촌 한옥·남산타워 사진, 흰 교차선, 좌표, KOREA TOUR/2024 SS 정보가 큰 면적으로 배치된다. 판정: A. → DAY 실제 적용 제품 증거: AST-0192/0217(후면), AST-0235(Twin), 도시 장면 AST-0357.",2026-08-09,,UNKNOWN
AST-0086,01_INPUT(입력_원본)/05_PRODUCTS(제품)/artwork_final/Apparel_Digital_Adult_ShortSleeveTshirtsB_Back_375x425(SEOUL_KOREA TOUR_small).ai,Apparel_Digital_Adult_ShortSleeveTshirtsB_Back_375x425(SEOUL_KOREA TOUR_small).ai,ai,제품 그래픽,SEOUL_DAY_NIGHT,승인된 COPY PLAN에 따라 복사한 원본 사본. 심층 품질 평가는 아직 진행하지 않음.,N/A — Illustrator 벡터 원본: OS에서 아트보드 메타데이터를 확인할 수 없음,N/A — 정지 그래픽,HIGH,HIGH — KOREA TOUR : SEOUL,A,DAY / DESIGN STORY,DESIGN SOURCE / PRODUCT PROOF,[VERIFIED PRODUCT FACT] 편집원본 파일명에는 ShortSleeveTshirtsB 표기. [VISUAL OBSERVATION] 모크업은 장소매 크루넥. [SOURCE REQUIRED] 실제 상품 종류·사진 라이선스·현행 SKU.,YES — 신규 생성 없이 현행 제품 정보와 라이선스 확인된 이미지로 재조판.,원본: /Volumes/DESKTOP/XXX STUDIO/1) 디자인/04) SEOUL/최종/찐최종/Apparel_Digital_Adult_ShortSleeveTshirtsB_Back_375x425(SEOUL_KOREA TOUR_small).ai,CANDIDATE,REVIEWED,A,"관찰: ShortSleeveTshirtsB 파일명과 달리 미리보기는 아이보리 장소매 크루넥 후면 모크업이다. 북촌·남산타워/좌표/KOREA TOUR를 작은 후면 그래픽으로 조판한다. 판정: A. → DAY 실제 적용 제품 증거: AST-0235, AST-0192/0217. 파일명·외관 불일치로 SKU 검증 필수.",2026-08-09,,UNKNOWN
AST-0087,01_INPUT(입력_원본)/05_PRODUCTS(제품)/artwork_final/Apparel_Digital_Adult_ShortSleeveTshirtsB_Back_375x425(SEOUL_KOREA TOUR_small)_폰트 수정.ai,Apparel_Digital_Adult_ShortSleeveTshirtsB_Back_375x425(SEOUL_KOREA TOUR_small)_폰트 수정.ai,ai,제품 그래픽,SEOUL_DAY_NIGHT,승인된 COPY PLAN에 따라 복사한 원본 사본. 심층 품질 평가는 아직 진행하지 않음.,N/A — Illustrator 벡터 원본: OS에서 아트보드 메타데이터를 확인할 수 없음,N/A — 정지 그래픽,HIGH,HIGH — KOREA TOUR : SEOUL,A,DAY / DESIGN STORY,DESIGN SOURCE / SUPPORT,"파생 관계: 대표 후보 AST-0086. [SOURCE REQUIRED] 수정본의 실제 승인 이력, 사진 라이선스, 현행 SKU.",NO — 대표 원본의 카피·가독성 수정으로 해결. AI 생성 불필요.,원본: /Volumes/DESKTOP/XXX STUDIO/1) 디자인/04) SEOUL/최종/찐최종/Apparel_Digital_Adult_ShortSleeveTshirtsB_Back_375x425(SEOUL_KOREA TOUR_small)_폰트 수정.ai,CANDIDATE,REVIEWED,B,관찰: AST-0086의 후면 KOREA TOUR_small 그래픽을 폰트 수정으로 조정한 편집 파생본이다. 후면의 북촌/남산타워 구조는 동일하다. 판정: B. → DAY 제품 증거는 AST-0235/0192/0217; 이 파일은 디자인 비교용.,2026-08-09,,UNKNOWN
AST-0088,01_INPUT(입력_원본)/05_PRODUCTS(제품)/artwork_final/Apparel_Digital_Adult_ShortSleeveTshirtsB_Back_375x425(SEOUL_KOREA TOUR_small)_폰트 수정_서용.ai,Apparel_Digital_Adult_ShortSleeveTshirtsB_Back_375x425(SEOUL_KOREA TOUR_small)_폰트 수정_서용.ai,ai,제품 그래픽,SEOUL_DAY_NIGHT,승인된 COPY PLAN에 따라 복사한 원본 사본. 심층 품질 평가는 아직 진행하지 않음.,N/A — Illustrator 벡터 원본: OS에서 아트보드 메타데이터를 확인할 수 없음,N/A — 정지 그래픽,HIGH,HIGH — KOREA TOUR : SEOUL,A,DAY / DESIGN STORY,DESIGN SOURCE / SUPPORT,"파일명 `허용`은 상업 라이선스·사용 승인 증빙이 아님. [SOURCE REQUIRED] 실제 승인 근거, 사진/그래픽 라이선스, 현행 SKU.",NO — 증빙 확인 후 필요한 텍스트 조정만.,원본: /Volumes/DESKTOP/XXX STUDIO/1) 디자인/04) SEOUL/최종/찐최종/Apparel_Digital_Adult_ShortSleeveTshirtsB_Back_375x425(SEOUL_KOREA TOUR_small)_폰트 수정_서용.ai,CANDIDATE,REVIEWED,B,관찰: `허용` 표기가 붙은 후면 KOREA TOUR_small 편집본이다. 시각적으로는 북촌/남산타워 후면 그래픽의 타이포 조정 계열이다. 판정: B. → DAY 실제 적용 제품 증거: AST-0235/0192/0217.,2026-08-09,,UNKNOWN
AST-0089,01_INPUT(입력_원본)/05_PRODUCTS(제품)/artwork_final/Apparel_Digital_Adult_ShortSleeveTshirtsB_Front_375x425(SEOUL_CENTER_SMALL).ai,Apparel_Digital_Adult_ShortSleeveTshirtsB_Front_375x425(SEOUL_CENTER_SMALL).ai,ai,제품 그래픽,SEOUL_DAY_NIGHT,승인된 COPY PLAN에 따라 복사한 원본 사본. 심층 품질 평가는 아직 진행하지 않음.,N/A — Illustrator 벡터 원본: OS에서 아트보드 메타데이터를 확인할 수 없음,N/A — 정지 그래픽,HIGH,HIGH — KOREA TOUR : SEOUL,A,DAY / PRODUCT,DESIGN SOURCE / FRONT PROOF,파일명은 ShortSleeveTshirtsB이나 실제 모크업은 장소매. [SOURCE REQUIRED] 실제 제품 유형·현행 SKU·심볼 요소의 출처/사용 조건.,NO — 실제 전면 그래픽은 AI 생성으로 대체하지 않음.,원본: /Volumes/DESKTOP/XXX STUDIO/1) 디자인/04) SEOUL/최종/찐최종/Apparel_Digital_Adult_ShortSleeveTshirtsB_Front_375x425(SEOUL_CENTER_SMALL).ai,CANDIDATE,REVIEWED,B,"관찰: 아이보리 장소매 크루넥 모크업의 전면 중앙에 XXX STUDIO 교차 심볼과 SEOUL 3단 바를 작은 크기로 조판한 파일이다. 판정: B. → DAY 실제 적용 제품 증거: AST-0193/0218, Twin AST-0235.",2026-08-09,,UNKNOWN
AST-0090,01_INPUT(입력_원본)/05_PRODUCTS(제품)/artwork_final/Apparel_Digital_Adult_ShortSleeveTshirtsB_Front_375x425(SEOUL_배경) 복사본.ai,Apparel_Digital_Adult_ShortSleeveTshirtsB_Front_375x425(SEOUL_배경) 복사본.ai,ai,제품 그래픽,SEOUL_DAY_NIGHT,승인된 COPY PLAN에 따라 복사한 원본 사본. 심층 품질 평가는 아직 진행하지 않음.,N/A — Illustrator 벡터 원본: OS에서 아트보드 메타데이터를 확인할 수 없음,N/A — 정지 그래픽,MEDIUM,LOW — KOREA TOUR : SEOUL,A,DAY / DESIGN STORY,DESIGN SOURCE / SUPPORT,파생 관계: AST-0091 및 DAY 후면 대표 AST-0085/0086과 구조가 겹침. [SOURCE REQUIRED] 사진 라이선스·현행 SKU.,NO — 대표 편집본을 사용하고 AI 생성하지 않음.,원본: /Volumes/DESKTOP/XXX STUDIO/1) 디자인/04) SEOUL/최종/찐최종/Apparel_Digital_Adult_ShortSleeveTshirtsB_Front_375x425(SEOUL_배경) 복사본.ai,CANDIDATE,REVIEWED,C,관찰: 북촌/남산타워 배경을 포함한 전면 모크업의 복사본 표기 편집 파일이다. 도시 사진·교차선·전면 구조를 비교하는 용도다. 판정: C. → DAY 실제 제품 증거는 AST-0235/0192/0217.,2026-08-09,,UNKNOWN
AST-0091,01_INPUT(입력_원본)/05_PRODUCTS(제품)/artwork_final/Apparel_Digital_Adult_ShortSleeveTshirtsB_Front_375x425(SEOUL_배경).ai,Apparel_Digital_Adult_ShortSleeveTshirtsB_Front_375x425(SEOUL_배경).ai,ai,제품 그래픽,SEOUL_DAY_NIGHT,승인된 COPY PLAN에 따라 복사한 원본 사본. 심층 품질 평가는 아직 진행하지 않음.,N/A — Illustrator 벡터 원본: OS에서 아트보드 메타데이터를 확인할 수 없음,N/A — 정지 그래픽,HIGH,HIGH — KOREA TOUR : SEOUL,A,DAY / DESIGN STORY,DESIGN SOURCE / SUPPORT,[SOURCE REQUIRED] 연결 이미지 south-korea.png의 권리와 실제 적용 SKU. 구버전 도시·좌표 표기도 확인 필요.,YES — 신규 생성 없이 권리 확인 이미지와 현행 표기로 리마스터 가능.,원본: /Volumes/DESKTOP/XXX STUDIO/1) 디자인/04) SEOUL/최종/찐최종/Apparel_Digital_Adult_ShortSleeveTshirtsB_Front_375x425(SEOUL_배경).ai,CANDIDATE,REVIEWED,B,"관찰: 북촌 한옥과 남산타워 사진을 포함한 DAY 그래픽 편집원본이다. 사진 위의 교차선과 서울 표식이 제품 그래픽 언어를 구성한다. 판정: B. → DAY 시각 연결: AST-0357(도시), AST-0235/0192/0217(실제 적용 제품).",2026-08-09,,UNKNOWN
AST-0092,01_INPUT(입력_원본)/05_PRODUCTS(제품)/artwork_final/LOGO_KOREA TOUR.ai,LOGO_KOREA TOUR.ai,ai,제품 그래픽,SEOUL_DAY_NIGHT,승인된 COPY PLAN에 따라 복사한 원본 사본. 심층 품질 평가는 아직 진행하지 않음.,N/A — Illustrator 벡터 원본: OS에서 아트보드 메타데이터를 확인할 수 없음,N/A — 정지 그래픽,HIGH,HIGH — KOREA TOUR : SEOUL,A,SEOUL INTRO / DESIGN STORY,DESIGN SOURCE / DETAIL,[VERIFIED PRODUCT FACT] 벡터 로고 원본 존재. [SOURCE REQUIRED] KOREA TOUR 표기·심볼의 상업 사용 범위와 현행 브랜드 가이드.,NO — 벡터 원본 사용. AI 생성·재해석 불필요.,원본: /Volumes/DESKTOP/XXX STUDIO/1) 디자인/04) SEOUL/최종/찐최종/LOGO_KOREA TOUR.ai,CANDIDATE,REVIEWED,A,관찰: KOREA TOUR의 교차선 X 심볼과 선형 타이포를 벡터로 정리한 로고 원본이다. 판정: A. → DAY 표식 AST-0359와 제품 전면 AST-0193/0218의 그래픽 체계를 연결.,2026-08-09,,UNKNOWN
AST-0093,01_INPUT(입력_원본)/05_PRODUCTS(제품)/artwork_final/XXX STUDIO_KOREA TOUR_SEOUL_DAY_BACK (52 x 52).ai,XXX STUDIO_KOREA TOUR_SEOUL_DAY_BACK (52 x 52).ai,ai,제품 그래픽,SEOUL_DAY_NIGHT,승인된 COPY PLAN에 따라 복사한 원본 사본. 심층 품질 평가는 아직 진행하지 않음.,N/A — Illustrator 벡터 원본: OS에서 아트보드 메타데이터를 확인할 수 없음,N/A — 정지 그래픽,HIGH,HIGH — KOREA TOUR : SEOUL,A,DAY / DESIGN STORY,DESIGN SOURCE / BACK PROOF,"[SOURCE REQUIRED] 사진 사용권, 2024 SS·좌표·도시 목록의 현행성, 실제 프린트와 SKU 일치.",YES — 신규 생성 없이 라이선스 확인 사진·현행 정보로 리마스터.,원본: /Volumes/DESKTOP/XXX STUDIO/1) 디자인/04) SEOUL/최종/찐최종/XXX STUDIO_KOREA TOUR_SEOUL_DAY_BACK (52 x 52).ai,CANDIDATE,REVIEWED,A,"관찰: DAY 후면 평면 그래픽의 편집원본이다. SEOUL 표식, 북촌/남산타워 사진, 교차선, 좌표와 하단 KOREA TOUR/2024 SS 정보가 함께 있다. 판정: A. → DAY 실제 적용 제품 증거: AST-0235/0192/0217. 도시 장면 AST-0357.",2026-08-09,,UNKNOWN
AST-0094,01_INPUT(입력_원본)/05_PRODUCTS(제품)/artwork_final/XXX STUDIO_KOREA TOUR_SEOUL_DAY_BACK (52 x 52).pdf,XXX STUDIO_KOREA TOUR_SEOUL_DAY_BACK (52 x 52).pdf,pdf,제품 그래픽,SEOUL_DAY_NIGHT,승인된 COPY PLAN에 따라 복사한 원본 사본. 심층 품질 평가는 아직 진행하지 않음.,N/A — PDF 출력본: 페이지 캔버스는 이 환경에서 추출하지 않음,N/A — 정지 문서,LOW,LOW — KOREA TOUR : SEOUL,A,REFERENCE,DERIVATIVE / ARCHIVE,중복/파생: 대표 편집원본 AST-0093을 유지. PDF는 아카이브 보존만.,NO — 직접 사용 후보 아님.,원본: /Volumes/DESKTOP/XXX STUDIO/1) 디자인/04) SEOUL/최종/찐최종/XXX STUDIO_KOREA TOUR_SEOUL_DAY_BACK (52 x 52).pdf,CANDIDATE,REVIEWED,EXCLUDE,관찰: AST-0093 DAY 후면 그래픽의 PDF 출력본이다. 판정: EXCLUDE. → 대표 디자인 소스: AST-0093; 실제 적용 제품 증거: AST-0235.,2026-08-09,,UNKNOWN
AST-0095,01_INPUT(입력_원본)/05_PRODUCTS(제품)/artwork_final/XXX STUDIO_KOREA TOUR_SEOUL_NIGHT_BACK (52 x 52)_저녁.ai,XXX STUDIO_KOREA TOUR_SEOUL_NIGHT_BACK (52 x 52)_저녁.ai,ai,제품 그래픽,SEOUL_DAY_NIGHT,승인된 COPY PLAN에 따라 복사한 원본 사본. 심층 품질 평가는 아직 진행하지 않음.,N/A — Illustrator 벡터 원본: OS에서 아트보드 메타데이터를 확인할 수 없음,N/A — 정지 그래픽,LOW,LOW — KOREA TOUR : SEOUL,A,REFERENCE,ARCHIVE / MISLABELLED,파일명·시각 내용 불일치. NIGHT 증거로 사용 금지. [SOURCE REQUIRED] 파일명 정정 근거와 실제 NIGHT 원본.,NO — 잘못된 파일명 자산을 AI로 보정하지 않음.,원본: /Volumes/DESKTOP/XXX STUDIO/1) 디자인/04) SEOUL/최종/찐최종/XXX STUDIO_KOREA TOUR_SEOUL_NIGHT_BACK (52 x 52)_저녁.ai,CANDIDATE,REVIEWED,D,"관찰: 파일명은 NIGHT_BACK이나 실제 미리보기는 DAY 북촌·남산타워/2024 SS 구조다. NIGHT 제품 디자인 근거로 사용할 수 없다. 판정: D. → NIGHT 실제 적용 제품 증거는 AST-0439/0452, 도시 장면 AST-0460.",2026-08-09,,UNKNOWN
AST-0096,01_INPUT(입력_원본)/05_PRODUCTS(제품)/artwork_final/마무리/Apparel_Digital_Adult_ShortSleeveTshirtsB_Front_375x425(자간0).ai,Apparel_Digital_Adult_ShortSleeveTshirtsB_Front_375x425(자간0).ai,ai,제품 그래픽,SEOUL_DAY_NIGHT,승인된 COPY PLAN에 따라 복사한 원본 사본. 심층 품질 평가는 아직 진행하지 않음.,N/A — Illustrator 벡터 원본: OS에서 아트보드 메타데이터를 확인할 수 없음,N/A — 정지 그래픽,HIGH,HIGH — KOREA TOUR : SEOUL,A,DAY / PRODUCT,DESIGN SOURCE / FRONT PROOF,자간 100 변형 AST-0097과 비교 필요. [SOURCE REQUIRED] 실제 프린트 승인본·현행 SKU.,NO — 실제 타이포 자산은 벡터 편집으로 해결.,원본: /Volumes/DESKTOP/XXX STUDIO/1) 디자인/04) SEOUL/최종/찐최종/마무리/Apparel_Digital_Adult_ShortSleeveTshirtsB_Front_375x425(자간0).ai,CANDIDATE,REVIEWED,B,관찰: 아이보리 장소매 크루넥 전면의 XXX STUDIO/SEOUL 표식을 자간 0으로 둔 벡터 편집본이다. 판정: B. → DAY 실제 전면 증거: AST-0193/0218; Twin AST-0235.,2026-08-09,,UNKNOWN
AST-0097,01_INPUT(입력_원본)/05_PRODUCTS(제품)/artwork_final/마무리/Apparel_Digital_Adult_ShortSleeveTshirtsB_Front_375x425(자간100).ai,Apparel_Digital_Adult_ShortSleeveTshirtsB_Front_375x425(자간100).ai,ai,제품 그래픽,SEOUL_DAY_NIGHT,승인된 COPY PLAN에 따라 복사한 원본 사본. 심층 품질 평가는 아직 진행하지 않음.,N/A — Illustrator 벡터 원본: OS에서 아트보드 메타데이터를 확인할 수 없음,N/A — 정지 그래픽,HIGH,HIGH — KOREA TOUR : SEOUL,A,DAY / PRODUCT,DESIGN SOURCE / FRONT PROOF,자간 0 변형 AST-0096과 비교 필요. [SOURCE REQUIRED] 실제 프린트 승인본·현행 SKU.,NO — 실제 타이포 자산은 벡터 편집으로 해결.,원본: /Volumes/DESKTOP/XXX STUDIO/1) 디자인/04) SEOUL/최종/찐최종/마무리/Apparel_Digital_Adult_ShortSleeveTshirtsB_Front_375x425(자간100).ai,CANDIDATE,REVIEWED,B,관찰: 아이보리 장소매 크루넥 전면의 XXX STUDIO/SEOUL 표식을 자간 100으로 둔 벡터 편집본이다. 판정: B. → DAY 실제 전면 증거: AST-0193/0218; Twin AST-0235.,2026-08-09,,UNKNOWN
AST-0098,01_INPUT(입력_원본)/05_PRODUCTS(제품)/artwork_final/마무리/Apparel_Digital_Adult_ShortSleeveTshirtsB_Front_375x425(자간100).png,Apparel_Digital_Adult_ShortSleeveTshirtsB_Front_375x425(자간100).png,png,제품 그래픽,SEOUL_DAY_NIGHT,승인된 COPY PLAN에 따라 복사한 원본 사본. 심층 품질 평가는 아직 진행하지 않음.,5144 × 2679 px,N/A — 정지 이미지,LOW,LOW — KOREA TOUR : SEOUL,A,REFERENCE,DERIVATIVE / ARCHIVE,중복/파생: 대표 편집원본 AST-0097을 유지.,NO — 직접 사용 후보 아님.,원본: /Volumes/DESKTOP/XXX STUDIO/1) 디자인/04) SEOUL/최종/찐최종/마무리/Apparel_Digital_Adult_ShortSleeveTshirtsB_Front_375x425(자간100).png,CANDIDATE,REVIEWED,EXCLUDE,관찰: AST-0097 자간 100 전면 벡터의 PNG 출력본이다. 판정: EXCLUDE. → 대표 디자인 소스: AST-0097; 실제 적용 제품 증거: AST-0193/0218.,2026-08-09,,UNKNOWN
AST-0099,01_INPUT(입력_원본)/05_PRODUCTS(제품)/artwork_final/마무리/자간0.png,자간0.png,png,제품 그래픽,SEOUL_DAY_NIGHT,승인된 COPY PLAN에 따라 복사한 원본 사본. 심층 품질 평가는 아직 진행하지 않음.,2835 × 2835 px,N/A — 정지 이미지,HIGH,HIGH — KOREA TOUR : SEOUL,A,DAY / PRODUCT,FRONT PROOF / SUPPORT,대표 편집원본 AST-0096과 함께 관리. [SOURCE REQUIRED] 실제 제품의 자간·위치·SKU 일치.,NO — 실제 프린트 검증은 현물 촬영 또는 승인 artwork로 수행.,원본: /Volumes/DESKTOP/XXX STUDIO/1) 디자인/04) SEOUL/최종/찐최종/마무리/자간0.png,CANDIDATE,REVIEWED,B,관찰: 아이보리 장소매 크루넥 전면의 자간 0 표식 렌더링이다. 전면 중앙의 작은 교차 심볼/XXX STUDIO/SEOUL 조합을 빠르게 판독할 수 있다. 판정: B. → DAY 실제 전면 증거: AST-0193/0218.,2026-08-09,,UNKNOWN
AST-0100,01_INPUT(입력_원본)/05_PRODUCTS(제품)/artwork_final/마무리/자간100.png,자간100.png,png,제품 그래픽,SEOUL_DAY_NIGHT,승인된 COPY PLAN에 따라 복사한 원본 사본. 심층 품질 평가는 아직 진행하지 않음.,2835 × 2835 px,N/A — 정지 이미지,LOW,LOW — KOREA TOUR : SEOUL,A,REFERENCE,DERIVATIVE / ARCHIVE,중복/파생: 대표 원본 AST-0097 또는 출력 AST-0098과 동일 계열.,NO — 직접 사용 후보 아님.,원본: /Volumes/DESKTOP/XXX STUDIO/1) 디자인/04) SEOUL/최종/찐최종/마무리/자간100.png,CANDIDATE,REVIEWED,EXCLUDE,관찰: 자간 100 전면 렌더링의 중복 출력본이다. 판정: EXCLUDE. → 대표 디자인 소스: AST-0097; 실제 적용 제품 증거: AST-0193/0218.,2026-08-09,,UNKNOWN
AST-0101,01_INPUT(입력_원본)/05_PRODUCTS(제품)/artwork_final/야경1.png,야경1.png,png,제품 그래픽,SEOUL_DAY_NIGHT,승인된 COPY PLAN에 따라 복사한 원본 사본. 심층 품질 평가는 아직 진행하지 않음.,1475 × 1475 px,N/A — 정지 이미지,MEDIUM,MEDIUM — KOREA TOUR : SEOUL,A,NIGHT / DESIGN STORY,REFERENCE / NARRATIVE,현재 파일은 워터마크가 있어 상업 사용 불가. [SOURCE REQUIRED] 구매 라이선스와 워터마크 없는 원본; 현행 Night SKU/실제 프린트.,NO — 워터마크 제거·실제 제품 증거 생성은 AI로 수행 금지.,원본: /Volumes/DESKTOP/XXX STUDIO/1) 디자인/04) SEOUL/최종/찐최종/야경1.png,CANDIDATE,REVIEWED,HOLD,"관찰: 검정 바탕의 NIGHT 조판 시안에 잠실·롯데월드타워 야경, SEOUL 표식, 교차선, 좌표가 보인다. 이미지 중앙에 iStock Credit 워터마크가 남아 있다. 판정: HOLD. → NIGHT 실제 제품 증거: AST-0439(등판 그래픽), AST-0452(후면 실물), AST-0460(도시).",2026-08-09,,UNKNOWN
AST-0102,01_INPUT(입력_원본)/05_PRODUCTS(제품)/artwork_final/야경2.png,야경2.png,png,제품 그래픽,SEOUL_DAY_NIGHT,승인된 COPY PLAN에 따라 복사한 원본 사본. 심층 품질 평가는 아직 진행하지 않음.,1475 × 1475 px,N/A — 정지 이미지,MEDIUM,MEDIUM — KOREA TOUR : SEOUL,A,NIGHT / DESIGN STORY,REFERENCE / NARRATIVE,현재 파일은 워터마크가 있어 상업 사용 불가. [SOURCE REQUIRED] 구매 라이선스와 워터마크 없는 원본; 현행 Night SKU/실제 프린트.,NO — 워터마크 제거·실제 제품 증거 생성은 AI로 수행 금지.,원본: /Volumes/DESKTOP/XXX STUDIO/1) 디자인/04) SEOUL/최종/찐최종/야경2.png,CANDIDATE,REVIEWED,HOLD,"관찰: 검정 바탕의 NIGHT 조판 시안에 다른 구도의 잠실·롯데월드타워 야경과 iStock Credit 워터마크가 보인다. 판정: HOLD. → NIGHT 실제 제품 증거: AST-0439/0452, 도시 장면 AST-0460.",2026-08-09,,UNKNOWN
AST-0103,01_INPUT(입력_원본)/05_PRODUCTS(제품)/artwork_final/야경3.png,야경3.png,png,제품 그래픽,SEOUL_DAY_NIGHT,승인된 COPY PLAN에 따라 복사한 원본 사본. 심층 품질 평가는 아직 진행하지 않음.,1475 × 1475 px,N/A — 정지 이미지,MEDIUM,MEDIUM — KOREA TOUR : SEOUL,A,NIGHT / DESIGN STORY,REFERENCE / NARRATIVE,현재 파일은 워터마크가 있어 상업 사용 불가. [SOURCE REQUIRED] 구매 라이선스와 워터마크 없는 원본; 현행 Night SKU/실제 프린트.,NO — 워터마크 제거·실제 제품 증거 생성은 AI로 수행 금지.,원본: /Volumes/DESKTOP/XXX STUDIO/1) 디자인/04) SEOUL/최종/찐최종/야경3.png,CANDIDATE,REVIEWED,HOLD,"관찰: 주황빛 석양 톤의 잠실·롯데월드타워를 검정 조판 안에 넣은 NIGHT 시안이며 iStock Credit 워터마크가 보인다. 판정: HOLD. → NIGHT 실제 제품 증거: AST-0439/0452, 도시 장면 AST-0460.",2026-08-09,,UNKNOWN
AST-0104,01_INPUT(입력_원본)/05_PRODUCTS(제품)/artwork_final/야경4.png,야경4.png,png,제품 그래픽,SEOUL_DAY_NIGHT,승인된 COPY PLAN에 따라 복사한 원본 사본. 심층 품질 평가는 아직 진행하지 않음.,1475 × 1475 px,N/A — 정지 이미지,MEDIUM,MEDIUM — KOREA TOUR : SEOUL,A,NIGHT / DESIGN STORY,REFERENCE / NARRATIVE,현재 파일은 워터마크가 있어 상업 사용 불가. [SOURCE REQUIRED] 구매 라이선스와 워터마크 없는 원본; 현행 Night SKU/실제 프린트.,NO — 워터마크 제거·실제 제품 증거 생성은 AI로 수행 금지.,원본: /Volumes/DESKTOP/XXX STUDIO/1) 디자인/04) SEOUL/최종/찐최종/야경4.png,CANDIDATE,REVIEWED,HOLD,"관찰: 잠실 야경의 다른 노출/시간대 후보를 검정 조판으로 비교한 NIGHT 시안이며 iStock Credit 워터마크가 보인다. 판정: HOLD. → NIGHT 실제 제품 증거: AST-0439/0452, 도시 장면 AST-0460.",2026-08-09,,UNKNOWN
AST-0105,01_INPUT(입력_원본)/05_PRODUCTS(제품)/artwork_final/야경5.png,야경5.png,png,제품 그래픽,SEOUL_DAY_NIGHT,승인된 COPY PLAN에 따라 복사한 원본 사본. 심층 품질 평가는 아직 진행하지 않음.,1475 × 1475 px,N/A — 정지 이미지,MEDIUM,MEDIUM — KOREA TOUR : SEOUL,A,NIGHT / DESIGN STORY,REFERENCE / NARRATIVE,현재 파일은 워터마크가 있어 상업 사용 불가. [SOURCE REQUIRED] 구매 라이선스와 워터마크 없는 원본; 현행 Night SKU/실제 프린트.,NO — 워터마크 제거·실제 제품 증거 생성은 AI로 수행 금지.,원본: /Volumes/DESKTOP/XXX STUDIO/1) 디자인/04) SEOUL/최종/찐최종/야경5.png,CANDIDATE,REVIEWED,HOLD,"관찰: 잠실·롯데월드타워 야경을 검정 배경·교차선·좌표 체계와 결합한 NIGHT 시안이며 iStock Credit 워터마크가 보인다. 판정: HOLD. → NIGHT 실제 제품 증거: AST-0439/0452, 도시 장면 AST-0460.",2026-08-09,,UNKNOWN
AST-0106,01_INPUT(입력_원본)/02_KOREA_TOUR(코리아투어_프로젝트)/invitation/envelope/CDP92_155x155.ai,CDP92_155x155.ai,ai,패키지,INVITATION,승인된 COPY PLAN에 따라 복사한 원본 사본. 심층 품질 평가는 아직 진행하지 않음.,UNREVIEWED,UNREVIEWED,VERIFY NEEDED,VERIFY NEEDED,HOLD,INVITATION / PACKAGE,DETAIL / NARRATIVE,실물 규격·인쇄 사양 또는 원본 아트보드 확인 필요.,NO,초대장·티켓·패키지 첫 배치 검토. 실제 아트보드 또는 규격·권리 확인 전에는 창작적 우선순위를 확정하지 않는 HOLD 자산.,HOLD,REVIEWED,HOLD,초대장·티켓·패키지 첫 배치 검토. 실제 아트보드 또는 규격·권리 확인 전에는 창작적 우선순위를 확정하지 않는 HOLD 자산.,2026-08-09,,UNKNOWN
AST-0107,01_INPUT(입력_원본)/02_KOREA_TOUR(코리아투어_프로젝트)/invitation/envelope/bag/단색/칼선샘플(단색대봉투)_330x245_기성형.ai,칼선샘플(단색대봉투)_330x245_기성형.ai,ai,패키지,INVITATION,승인된 COPY PLAN에 따라 복사한 원본 사본. 심층 품질 평가는 아직 진행하지 않음.,UNREVIEWED,UNREVIEWED,DERIVED / EXCLUDED,N/A,EXCLUDE,ARCHIVE ONLY,EXCLUDE,"원본 보존, 현재 와디즈 상세페이지 사용 제외.",NO,초대장·티켓·패키지 첫 배치 검토. 빈 칼선·규격 템플릿 또는 대표 원본의 PNG/색상/작업 파생본.,EXCLUDE,REVIEWED,EXCLUDE,초대장·티켓·패키지 첫 배치 검토. 빈 칼선·규격 템플릿 또는 대표 원본의 PNG/색상/작업 파생본.,2026-08-09,,UNKNOWN
AST-0108,01_INPUT(입력_원본)/02_KOREA_TOUR(코리아투어_프로젝트)/invitation/envelope/bag/단색/칼선샘플(단색소봉투)_220x105_기성형.ai,칼선샘플(단색소봉투)_220x105_기성형.ai,ai,패키지,INVITATION,승인된 COPY PLAN에 따라 복사한 원본 사본. 심층 품질 평가는 아직 진행하지 않음.,UNREVIEWED,UNREVIEWED,DERIVED / EXCLUDED,N/A,EXCLUDE,ARCHIVE ONLY,EXCLUDE,"원본 보존, 현재 와디즈 상세페이지 사용 제외.",NO,초대장·티켓·패키지 첫 배치 검토. 빈 칼선·규격 템플릿 또는 대표 원본의 PNG/색상/작업 파생본.,EXCLUDE,REVIEWED,EXCLUDE,초대장·티켓·패키지 첫 배치 검토. 빈 칼선·규격 템플릿 또는 대표 원본의 PNG/색상/작업 파생본.,2026-08-09,,UNKNOWN
AST-0109,01_INPUT(입력_원본)/02_KOREA_TOUR(코리아투어_프로젝트)/invitation/envelope/bag/단색/칼선샘플(단색이중봉투)_205x100_기성형.ai,칼선샘플(단색이중봉투)_205x100_기성형.ai,ai,패키지,INVITATION,승인된 COPY PLAN에 따라 복사한 원본 사본. 심층 품질 평가는 아직 진행하지 않음.,UNREVIEWED,UNREVIEWED,DERIVED / EXCLUDED,N/A,EXCLUDE,ARCHIVE ONLY,EXCLUDE,"원본 보존, 현재 와디즈 상세페이지 사용 제외.",NO,초대장·티켓·패키지 첫 배치 검토. 빈 칼선·규격 템플릿 또는 대표 원본의 PNG/색상/작업 파생본.,EXCLUDE,REVIEWED,EXCLUDE,초대장·티켓·패키지 첫 배치 검토. 빈 칼선·규격 템플릿 또는 대표 원본의 PNG/색상/작업 파생본.,2026-08-09,,UNKNOWN
AST-0110,01_INPUT(입력_원본)/02_KOREA_TOUR(코리아투어_프로젝트)/invitation/envelope/bag/단색/칼선샘플(단색중봉투)_260x190_기성형.ai,칼선샘플(단색중봉투)_260x190_기성형.ai,ai,패키지,INVITATION,승인된 COPY PLAN에 따라 복사한 원본 사본. 심층 품질 평가는 아직 진행하지 않음.,UNREVIEWED,UNREVIEWED,DERIVED / EXCLUDED,N/A,EXCLUDE,ARCHIVE ONLY,EXCLUDE,"원본 보존, 현재 와디즈 상세페이지 사용 제외.",NO,초대장·티켓·패키지 첫 배치 검토. 빈 칼선·규격 템플릿 또는 대표 원본의 PNG/색상/작업 파생본.,EXCLUDE,REVIEWED,EXCLUDE,초대장·티켓·패키지 첫 배치 검토. 빈 칼선·규격 템플릿 또는 대표 원본의 PNG/색상/작업 파생본.,2026-08-09,,UNKNOWN
AST-0111,01_INPUT(입력_원본)/02_KOREA_TOUR(코리아투어_프로젝트)/invitation/envelope/bag/단색/칼선샘플(단색특대봉투)_390x290_기성형.ai,칼선샘플(단색특대봉투)_390x290_기성형.ai,ai,패키지,INVITATION,승인된 COPY PLAN에 따라 복사한 원본 사본. 심층 품질 평가는 아직 진행하지 않음.,UNREVIEWED,UNREVIEWED,DERIVED / EXCLUDED,N/A,EXCLUDE,ARCHIVE ONLY,EXCLUDE,"원본 보존, 현재 와디즈 상세페이지 사용 제외.",NO,초대장·티켓·패키지 첫 배치 검토. 빈 칼선·규격 템플릿 또는 대표 원본의 PNG/색상/작업 파생본.,EXCLUDE,REVIEWED,EXCLUDE,초대장·티켓·패키지 첫 배치 검토. 빈 칼선·규격 템플릿 또는 대표 원본의 PNG/색상/작업 파생본.,2026-08-09,,UNKNOWN
AST-0112,01_INPUT(입력_원본)/02_KOREA_TOUR(코리아투어_프로젝트)/invitation/envelope/bag/칼라/칼선샘플(칼라대봉투)_330x245_규격형.ai,칼선샘플(칼라대봉투)_330x245_규격형.ai,ai,패키지,INVITATION,승인된 COPY PLAN에 따라 복사한 원본 사본. 심층 품질 평가는 아직 진행하지 않음.,UNREVIEWED,UNREVIEWED,DERIVED / EXCLUDED,N/A,EXCLUDE,ARCHIVE ONLY,EXCLUDE,"원본 보존, 현재 와디즈 상세페이지 사용 제외.",NO,초대장·티켓·패키지 첫 배치 검토. 빈 칼선·규격 템플릿 또는 대표 원본의 PNG/색상/작업 파생본.,EXCLUDE,REVIEWED,EXCLUDE,초대장·티켓·패키지 첫 배치 검토. 빈 칼선·규격 템플릿 또는 대표 원본의 PNG/색상/작업 파생본.,2026-08-09,,UNKNOWN
AST-0113,01_INPUT(입력_원본)/02_KOREA_TOUR(코리아투어_프로젝트)/invitation/envelope/bag/칼라/칼선샘플(칼라대봉투)_330x245_자켓형.ai,칼선샘플(칼라대봉투)_330x245_자켓형.ai,ai,패키지,INVITATION,승인된 COPY PLAN에 따라 복사한 원본 사본. 심층 품질 평가는 아직 진행하지 않음.,UNREVIEWED,UNREVIEWED,DERIVED / EXCLUDED,N/A,EXCLUDE,ARCHIVE ONLY,EXCLUDE,"원본 보존, 현재 와디즈 상세페이지 사용 제외.",NO,초대장·티켓·패키지 첫 배치 검토. 빈 칼선·규격 템플릿 또는 대표 원본의 PNG/색상/작업 파생본.,EXCLUDE,REVIEWED,EXCLUDE,초대장·티켓·패키지 첫 배치 검토. 빈 칼선·규격 템플릿 또는 대표 원본의 PNG/색상/작업 파생본.,2026-08-09,,UNKNOWN
AST-0114,01_INPUT(입력_원본)/02_KOREA_TOUR(코리아투어_프로젝트)/invitation/envelope/bag/칼라/칼선샘플(칼라소봉투)_220x105_규격형.ai,칼선샘플(칼라소봉투)_220x105_규격형.ai,ai,패키지,INVITATION,승인된 COPY PLAN에 따라 복사한 원본 사본. 심층 품질 평가는 아직 진행하지 않음.,UNREVIEWED,UNREVIEWED,DERIVED / EXCLUDED,N/A,EXCLUDE,ARCHIVE ONLY,EXCLUDE,"원본 보존, 현재 와디즈 상세페이지 사용 제외.",NO,초대장·티켓·패키지 첫 배치 검토. 빈 칼선·규격 템플릿 또는 대표 원본의 PNG/색상/작업 파생본.,EXCLUDE,REVIEWED,EXCLUDE,초대장·티켓·패키지 첫 배치 검토. 빈 칼선·규격 템플릿 또는 대표 원본의 PNG/색상/작업 파생본.,2026-08-09,,UNKNOWN
AST-0115,01_INPUT(입력_원본)/02_KOREA_TOUR(코리아투어_프로젝트)/invitation/envelope/bag/칼라/칼선샘플(칼라소봉투)_220x105_자켓형.ai,칼선샘플(칼라소봉투)_220x105_자켓형.ai,ai,패키지,INVITATION,승인된 COPY PLAN에 따라 복사한 원본 사본. 심층 품질 평가는 아직 진행하지 않음.,UNREVIEWED,UNREVIEWED,DERIVED / EXCLUDED,N/A,EXCLUDE,ARCHIVE ONLY,EXCLUDE,"원본 보존, 현재 와디즈 상세페이지 사용 제외.",NO,초대장·티켓·패키지 첫 배치 검토. 빈 칼선·규격 템플릿 또는 대표 원본의 PNG/색상/작업 파생본.,EXCLUDE,REVIEWED,EXCLUDE,초대장·티켓·패키지 첫 배치 검토. 빈 칼선·규격 템플릿 또는 대표 원본의 PNG/색상/작업 파생본.,2026-08-09,,UNKNOWN
AST-0116,01_INPUT(입력_원본)/02_KOREA_TOUR(코리아투어_프로젝트)/invitation/envelope/bag/칼라/칼선샘플(칼라중봉투)_260x190_규격형.ai,칼선샘플(칼라중봉투)_260x190_규격형.ai,ai,패키지,INVITATION,승인된 COPY PLAN에 따라 복사한 원본 사본. 심층 품질 평가는 아직 진행하지 않음.,UNREVIEWED,UNREVIEWED,DERIVED / EXCLUDED,N/A,EXCLUDE,ARCHIVE ONLY,EXCLUDE,"원본 보존, 현재 와디즈 상세페이지 사용 제외.",NO,초대장·티켓·패키지 첫 배치 검토. 빈 칼선·규격 템플릿 또는 대표 원본의 PNG/색상/작업 파생본.,EXCLUDE,REVIEWED,EXCLUDE,초대장·티켓·패키지 첫 배치 검토. 빈 칼선·규격 템플릿 또는 대표 원본의 PNG/색상/작업 파생본.,2026-08-09,,UNKNOWN
AST-0117,01_INPUT(입력_원본)/02_KOREA_TOUR(코리아투어_프로젝트)/invitation/envelope/bag/칼라/칼선샘플(칼라중봉투)_260x190_자켓형.ai,칼선샘플(칼라중봉투)_260x190_자켓형.ai,ai,패키지,INVITATION,승인된 COPY PLAN에 따라 복사한 원본 사본. 심층 품질 평가는 아직 진행하지 않음.,UNREVIEWED,UNREVIEWED,DERIVED / EXCLUDED,N/A,EXCLUDE,ARCHIVE ONLY,EXCLUDE,"원본 보존, 현재 와디즈 상세페이지 사용 제외.",NO,초대장·티켓·패키지 첫 배치 검토. 빈 칼선·규격 템플릿 또는 대표 원본의 PNG/색상/작업 파생본.,EXCLUDE,REVIEWED,EXCLUDE,초대장·티켓·패키지 첫 배치 검토. 빈 칼선·규격 템플릿 또는 대표 원본의 PNG/색상/작업 파생본.,2026-08-09,,UNKNOWN
AST-0118,01_INPUT(입력_원본)/02_KOREA_TOUR(코리아투어_프로젝트)/invitation/envelope/post/상품권/칼선샘플(상품권)-140x70.ai,칼선샘플(상품권)-140x70.ai,ai,패키지,INVITATION,승인된 COPY PLAN에 따라 복사한 원본 사본. 심층 품질 평가는 아직 진행하지 않음.,UNREVIEWED,UNREVIEWED,DERIVED / EXCLUDED,N/A,EXCLUDE,ARCHIVE ONLY,EXCLUDE,"원본 보존, 현재 와디즈 상세페이지 사용 제외.",NO,초대장·티켓·패키지 첫 배치 검토. 빈 칼선·규격 템플릿 또는 대표 원본의 PNG/색상/작업 파생본.,EXCLUDE,REVIEWED,EXCLUDE,초대장·티켓·패키지 첫 배치 검토. 빈 칼선·규격 템플릿 또는 대표 원본의 PNG/색상/작업 파생본.,2026-08-09,,UNKNOWN
AST-0119,01_INPUT(입력_원본)/02_KOREA_TOUR(코리아투어_프로젝트)/invitation/envelope/post/상품권/칼선샘플(상품권)-148x68.ai,칼선샘플(상품권)-148x68.ai,ai,패키지,INVITATION,승인된 COPY PLAN에 따라 복사한 원본 사본. 심층 품질 평가는 아직 진행하지 않음.,UNREVIEWED,UNREVIEWED,DERIVED / EXCLUDED,N/A,EXCLUDE,ARCHIVE ONLY,EXCLUDE,"원본 보존, 현재 와디즈 상세페이지 사용 제외.",NO,초대장·티켓·패키지 첫 배치 검토. 빈 칼선·규격 템플릿 또는 대표 원본의 PNG/색상/작업 파생본.,EXCLUDE,REVIEWED,EXCLUDE,초대장·티켓·패키지 첫 배치 검토. 빈 칼선·규격 템플릿 또는 대표 원본의 PNG/색상/작업 파생본.,2026-08-09,,UNKNOWN
AST-0120,01_INPUT(입력_원본)/02_KOREA_TOUR(코리아투어_프로젝트)/invitation/envelope/post/상품권/칼선샘플(상품권)-150x70.ai,칼선샘플(상품권)-150x70.ai,ai,패키지,INVITATION,승인된 COPY PLAN에 따라 복사한 원본 사본. 심층 품질 평가는 아직 진행하지 않음.,UNREVIEWED,UNREVIEWED,DERIVED / EXCLUDED,N/A,EXCLUDE,ARCHIVE ONLY,EXCLUDE,"원본 보존, 현재 와디즈 상세페이지 사용 제외.",NO,초대장·티켓·패키지 첫 배치 검토. 빈 칼선·규격 템플릿 또는 대표 원본의 PNG/색상/작업 파생본.,EXCLUDE,REVIEWED,EXCLUDE,초대장·티켓·패키지 첫 배치 검토. 빈 칼선·규격 템플릿 또는 대표 원본의 PNG/색상/작업 파생본.,2026-08-09,,UNKNOWN
AST-0121,01_INPUT(입력_원본)/02_KOREA_TOUR(코리아투어_프로젝트)/invitation/envelope/post/상품권/칼선샘플(상품권)-150x72.ai,칼선샘플(상품권)-150x72.ai,ai,패키지,INVITATION,승인된 COPY PLAN에 따라 복사한 원본 사본. 심층 품질 평가는 아직 진행하지 않음.,UNREVIEWED,UNREVIEWED,DERIVED / EXCLUDED,N/A,EXCLUDE,ARCHIVE ONLY,EXCLUDE,"원본 보존, 현재 와디즈 상세페이지 사용 제외.",NO,초대장·티켓·패키지 첫 배치 검토. 빈 칼선·규격 템플릿 또는 대표 원본의 PNG/색상/작업 파생본.,EXCLUDE,REVIEWED,EXCLUDE,초대장·티켓·패키지 첫 배치 검토. 빈 칼선·규격 템플릿 또는 대표 원본의 PNG/색상/작업 파생본.,2026-08-09,,UNKNOWN
AST-0122,01_INPUT(입력_원본)/02_KOREA_TOUR(코리아투어_프로젝트)/invitation/envelope/post/상품권/칼선샘플(상품권)-155x80.ai,칼선샘플(상품권)-155x80.ai,ai,패키지,INVITATION,승인된 COPY PLAN에 따라 복사한 원본 사본. 심층 품질 평가는 아직 진행하지 않음.,UNREVIEWED,UNREVIEWED,DERIVED / EXCLUDED,N/A,EXCLUDE,ARCHIVE ONLY,EXCLUDE,"원본 보존, 현재 와디즈 상세페이지 사용 제외.",NO,초대장·티켓·패키지 첫 배치 검토. 빈 칼선·규격 템플릿 또는 대표 원본의 PNG/색상/작업 파생본.,EXCLUDE,REVIEWED,EXCLUDE,초대장·티켓·패키지 첫 배치 검토. 빈 칼선·규격 템플릿 또는 대표 원본의 PNG/색상/작업 파생본.,2026-08-09,,UNKNOWN
AST-0123,01_INPUT(입력_원본)/02_KOREA_TOUR(코리아투어_프로젝트)/invitation/envelope/post/상품권/칼선샘플(상품권)-160x70.ai,칼선샘플(상품권)-160x70.ai,ai,패키지,INVITATION,승인된 COPY PLAN에 따라 복사한 원본 사본. 심층 품질 평가는 아직 진행하지 않음.,UNREVIEWED,UNREVIEWED,DERIVED / EXCLUDED,N/A,EXCLUDE,ARCHIVE ONLY,EXCLUDE,"원본 보존, 현재 와디즈 상세페이지 사용 제외.",NO,초대장·티켓·패키지 첫 배치 검토. 빈 칼선·규격 템플릿 또는 대표 원본의 PNG/색상/작업 파생본.,EXCLUDE,REVIEWED,EXCLUDE,초대장·티켓·패키지 첫 배치 검토. 빈 칼선·규격 템플릿 또는 대표 원본의 PNG/색상/작업 파생본.,2026-08-09,,UNKNOWN
AST-0124,01_INPUT(입력_원본)/02_KOREA_TOUR(코리아투어_프로젝트)/invitation/envelope/post/상품권/칼선샘플(상품권)-160x73.ai,칼선샘플(상품권)-160x73.ai,ai,패키지,INVITATION,승인된 COPY PLAN에 따라 복사한 원본 사본. 심층 품질 평가는 아직 진행하지 않음.,UNREVIEWED,UNREVIEWED,DERIVED / EXCLUDED,N/A,EXCLUDE,ARCHIVE ONLY,EXCLUDE,"원본 보존, 현재 와디즈 상세페이지 사용 제외.",NO,초대장·티켓·패키지 첫 배치 검토. 빈 칼선·규격 템플릿 또는 대표 원본의 PNG/색상/작업 파생본.,EXCLUDE,REVIEWED,EXCLUDE,초대장·티켓·패키지 첫 배치 검토. 빈 칼선·규격 템플릿 또는 대표 원본의 PNG/색상/작업 파생본.,2026-08-09,,UNKNOWN
AST-0125,01_INPUT(입력_원본)/02_KOREA_TOUR(코리아투어_프로젝트)/invitation/envelope/post/상품권/칼선샘플(상품권)-170x70.ai,칼선샘플(상품권)-170x70.ai,ai,패키지,INVITATION,승인된 COPY PLAN에 따라 복사한 원본 사본. 심층 품질 평가는 아직 진행하지 않음.,UNREVIEWED,UNREVIEWED,DERIVED / EXCLUDED,N/A,EXCLUDE,ARCHIVE ONLY,EXCLUDE,"원본 보존, 현재 와디즈 상세페이지 사용 제외.",NO,초대장·티켓·패키지 첫 배치 검토. 빈 칼선·규격 템플릿 또는 대표 원본의 PNG/색상/작업 파생본.,EXCLUDE,REVIEWED,EXCLUDE,초대장·티켓·패키지 첫 배치 검토. 빈 칼선·규격 템플릿 또는 대표 원본의 PNG/색상/작업 파생본.,2026-08-09,,UNKNOWN
AST-0126,01_INPUT(입력_원본)/02_KOREA_TOUR(코리아투어_프로젝트)/invitation/envelope/post/상품권/칼선샘플(상품권)-180x70.ai,칼선샘플(상품권)-180x70.ai,ai,패키지,INVITATION,승인된 COPY PLAN에 따라 복사한 원본 사본. 심층 품질 평가는 아직 진행하지 않음.,UNREVIEWED,UNREVIEWED,DERIVED / EXCLUDED,N/A,EXCLUDE,ARCHIVE ONLY,EXCLUDE,"원본 보존, 현재 와디즈 상세페이지 사용 제외.",NO,초대장·티켓·패키지 첫 배치 검토. 빈 칼선·규격 템플릿 또는 대표 원본의 PNG/색상/작업 파생본.,EXCLUDE,REVIEWED,EXCLUDE,초대장·티켓·패키지 첫 배치 검토. 빈 칼선·규격 템플릿 또는 대표 원본의 PNG/색상/작업 파생본.,2026-08-09,,UNKNOWN
AST-0127,01_INPUT(입력_원본)/02_KOREA_TOUR(코리아투어_프로젝트)/invitation/envelope/post/상품권/칼선샘플(상품권)-180x90.ai,칼선샘플(상품권)-180x90.ai,ai,패키지,INVITATION,승인된 COPY PLAN에 따라 복사한 원본 사본. 심층 품질 평가는 아직 진행하지 않음.,UNREVIEWED,UNREVIEWED,DERIVED / EXCLUDED,N/A,EXCLUDE,ARCHIVE ONLY,EXCLUDE,"원본 보존, 현재 와디즈 상세페이지 사용 제외.",NO,초대장·티켓·패키지 첫 배치 검토. 빈 칼선·규격 템플릿 또는 대표 원본의 PNG/색상/작업 파생본.,EXCLUDE,REVIEWED,EXCLUDE,초대장·티켓·패키지 첫 배치 검토. 빈 칼선·규격 템플릿 또는 대표 원본의 PNG/색상/작업 파생본.,2026-08-09,,UNKNOWN
AST-0128,01_INPUT(입력_원본)/02_KOREA_TOUR(코리아투어_프로젝트)/invitation/envelope/post/상품권/칼선샘플(상품권)-99x50.ai,칼선샘플(상품권)-99x50.ai,ai,패키지,INVITATION,승인된 COPY PLAN에 따라 복사한 원본 사본. 심층 품질 평가는 아직 진행하지 않음.,UNREVIEWED,UNREVIEWED,DERIVED / EXCLUDED,N/A,EXCLUDE,ARCHIVE ONLY,EXCLUDE,"원본 보존, 현재 와디즈 상세페이지 사용 제외.",NO,초대장·티켓·패키지 첫 배치 검토. 빈 칼선·규격 템플릿 또는 대표 원본의 PNG/색상/작업 파생본.,EXCLUDE,REVIEWED,EXCLUDE,초대장·티켓·패키지 첫 배치 검토. 빈 칼선·규격 템플릿 또는 대표 원본의 PNG/색상/작업 파생본.,2026-08-09,,UNKNOWN
AST-0129,01_INPUT(입력_원본)/02_KOREA_TOUR(코리아투어_프로젝트)/invitation/envelope/post/엽서/칼선샘플(미니엽서)-140x90.ai,칼선샘플(미니엽서)-140x90.ai,ai,패키지,INVITATION,승인된 COPY PLAN에 따라 복사한 원본 사본. 심층 품질 평가는 아직 진행하지 않음.,UNREVIEWED,UNREVIEWED,DERIVED / EXCLUDED,N/A,EXCLUDE,ARCHIVE ONLY,EXCLUDE,"원본 보존, 현재 와디즈 상세페이지 사용 제외.",NO,초대장·티켓·패키지 첫 배치 검토. 빈 칼선·규격 템플릿 또는 대표 원본의 PNG/색상/작업 파생본.,EXCLUDE,REVIEWED,EXCLUDE,초대장·티켓·패키지 첫 배치 검토. 빈 칼선·규격 템플릿 또는 대표 원본의 PNG/색상/작업 파생본.,2026-08-09,,UNKNOWN
AST-0130,01_INPUT(입력_원본)/02_KOREA_TOUR(코리아투어_프로젝트)/invitation/envelope/post/엽서/칼선샘플(미니엽서)-148x90.ai,칼선샘플(미니엽서)-148x90.ai,ai,패키지,INVITATION,승인된 COPY PLAN에 따라 복사한 원본 사본. 심층 품질 평가는 아직 진행하지 않음.,UNREVIEWED,UNREVIEWED,DERIVED / EXCLUDED,N/A,EXCLUDE,ARCHIVE ONLY,EXCLUDE,"원본 보존, 현재 와디즈 상세페이지 사용 제외.",NO,초대장·티켓·패키지 첫 배치 검토. 빈 칼선·규격 템플릿 또는 대표 원본의 PNG/색상/작업 파생본.,EXCLUDE,REVIEWED,EXCLUDE,초대장·티켓·패키지 첫 배치 검토. 빈 칼선·규격 템플릿 또는 대표 원본의 PNG/색상/작업 파생본.,2026-08-09,,UNKNOWN
AST-0131,01_INPUT(입력_원본)/02_KOREA_TOUR(코리아투어_프로젝트)/invitation/envelope/post/엽서/칼선샘플(엽서)-148x105.ai,칼선샘플(엽서)-148x105.ai,ai,패키지,INVITATION,승인된 COPY PLAN에 따라 복사한 원본 사본. 심층 품질 평가는 아직 진행하지 않음.,UNREVIEWED,UNREVIEWED,DERIVED / EXCLUDED,N/A,EXCLUDE,ARCHIVE ONLY,EXCLUDE,"원본 보존, 현재 와디즈 상세페이지 사용 제외.",NO,초대장·티켓·패키지 첫 배치 검토. 빈 칼선·규격 템플릿 또는 대표 원본의 PNG/색상/작업 파생본.,EXCLUDE,REVIEWED,EXCLUDE,초대장·티켓·패키지 첫 배치 검토. 빈 칼선·규격 템플릿 또는 대표 원본의 PNG/색상/작업 파생본.,2026-08-09,,UNKNOWN
AST-0132,01_INPUT(입력_원본)/02_KOREA_TOUR(코리아투어_프로젝트)/invitation/envelope/post/엽서/칼선샘플(엽서)-175x115.ai,칼선샘플(엽서)-175x115.ai,ai,패키지,INVITATION,승인된 COPY PLAN에 따라 복사한 원본 사본. 심층 품질 평가는 아직 진행하지 않음.,UNREVIEWED,UNREVIEWED,DERIVED / EXCLUDED,N/A,EXCLUDE,ARCHIVE ONLY,EXCLUDE,"원본 보존, 현재 와디즈 상세페이지 사용 제외.",NO,초대장·티켓·패키지 첫 배치 검토. 빈 칼선·규격 템플릿 또는 대표 원본의 PNG/색상/작업 파생본.,EXCLUDE,REVIEWED,EXCLUDE,초대장·티켓·패키지 첫 배치 검토. 빈 칼선·규격 템플릿 또는 대표 원본의 PNG/색상/작업 파생본.,2026-08-09,,UNKNOWN
AST-0133,01_INPUT(입력_원본)/02_KOREA_TOUR(코리아투어_프로젝트)/invitation/envelope/post/엽서/칼선샘플(엽서)-180x98.ai,칼선샘플(엽서)-180x98.ai,ai,패키지,INVITATION,승인된 COPY PLAN에 따라 복사한 원본 사본. 심층 품질 평가는 아직 진행하지 않음.,UNREVIEWED,UNREVIEWED,DERIVED / EXCLUDED,N/A,EXCLUDE,ARCHIVE ONLY,EXCLUDE,"원본 보존, 현재 와디즈 상세페이지 사용 제외.",NO,초대장·티켓·패키지 첫 배치 검토. 빈 칼선·규격 템플릿 또는 대표 원본의 PNG/색상/작업 파생본.,EXCLUDE,REVIEWED,EXCLUDE,초대장·티켓·패키지 첫 배치 검토. 빈 칼선·규격 템플릿 또는 대표 원본의 PNG/색상/작업 파생본.,2026-08-09,,UNKNOWN
AST-0134,01_INPUT(입력_원본)/02_KOREA_TOUR(코리아투어_프로젝트)/invitation/envelope/post/엽서/칼선샘플(엽서_정사각)-145x145.ai,칼선샘플(엽서_정사각)-145x145.ai,ai,패키지,INVITATION,승인된 COPY PLAN에 따라 복사한 원본 사본. 심층 품질 평가는 아직 진행하지 않음.,UNREVIEWED,UNREVIEWED,DERIVED / EXCLUDED,N/A,EXCLUDE,ARCHIVE ONLY,EXCLUDE,"원본 보존, 현재 와디즈 상세페이지 사용 제외.",NO,초대장·티켓·패키지 첫 배치 검토. 빈 칼선·규격 템플릿 또는 대표 원본의 PNG/색상/작업 파생본.,EXCLUDE,REVIEWED,EXCLUDE,초대장·티켓·패키지 첫 배치 검토. 빈 칼선·규격 템플릿 또는 대표 원본의 PNG/색상/작업 파생본.,2026-08-09,,UNKNOWN
AST-0135,01_INPUT(입력_원본)/02_KOREA_TOUR(코리아투어_프로젝트)/invitation/envelope/post/엽서/칼선샘플(표준엽서)-150x100.ai,칼선샘플(표준엽서)-150x100.ai,ai,패키지,INVITATION,승인된 COPY PLAN에 따라 복사한 원본 사본. 심층 품질 평가는 아직 진행하지 않음.,UNREVIEWED,UNREVIEWED,DERIVED / EXCLUDED,N/A,EXCLUDE,ARCHIVE ONLY,EXCLUDE,"원본 보존, 현재 와디즈 상세페이지 사용 제외.",NO,초대장·티켓·패키지 첫 배치 검토. 빈 칼선·규격 템플릿 또는 대표 원본의 PNG/색상/작업 파생본.,EXCLUDE,REVIEWED,EXCLUDE,초대장·티켓·패키지 첫 배치 검토. 빈 칼선·규격 템플릿 또는 대표 원본의 PNG/색상/작업 파생본.,2026-08-09,,UNKNOWN
AST-0136,01_INPUT(입력_원본)/02_KOREA_TOUR(코리아투어_프로젝트)/invitation/envelope/안내형 봉투) XXX STUDIO_KOREA TOUR(165x115).ai,안내형 봉투) XXX STUDIO_KOREA TOUR(165x115).ai,ai,패키지,INVITATION,승인된 COPY PLAN에 따라 복사한 원본 사본. 심층 품질 평가는 아직 진행하지 않음.,UNREVIEWED,UNREVIEWED,VERIFY NEEDED,VERIFY NEEDED,HOLD,INVITATION / PACKAGE,DETAIL / NARRATIVE,실물 규격·인쇄 사양 또는 원본 아트보드 확인 필요.,NO,초대장·티켓·패키지 첫 배치 검토. 실제 아트보드 또는 규격·권리 확인 전에는 창작적 우선순위를 확정하지 않는 HOLD 자산.,HOLD,REVIEWED,HOLD,초대장·티켓·패키지 첫 배치 검토. 실제 아트보드 또는 규격·권리 확인 전에는 창작적 우선순위를 확정하지 않는 HOLD 자산.,2026-08-09,,UNKNOWN
AST-0137,01_INPUT(입력_원본)/02_KOREA_TOUR(코리아투어_프로젝트)/invitation/envelope/안내형 봉투) XXX STUDIO_KOREA TOUR(165x165).ai,안내형 봉투) XXX STUDIO_KOREA TOUR(165x165).ai,ai,패키지,INVITATION,승인된 COPY PLAN에 따라 복사한 원본 사본. 심층 품질 평가는 아직 진행하지 않음.,UNREVIEWED,UNREVIEWED,HIGH,HIGH,A,INVITATION,NARRATIVE / DETAIL,KOREA TOUR 표기·심볼의 사용 조건 확인 필요.,YES - 문구·규격 확정 후 재조판,"초대장·티켓·패키지 첫 배치 검토. 흰 바탕의 검정 INVITATION·REPUBLIC OF KOREA TOUR 타입, X 코너와 대각 격자 모티프를 갖는 대표 초대장.",A,REVIEWED,A,"초대장·티켓·패키지 첫 배치 검토. 흰 바탕의 검정 INVITATION·REPUBLIC OF KOREA TOUR 타입, X 코너와 대각 격자 모티프를 갖는 대표 초대장.",2026-08-09,,UNKNOWN
AST-0138,01_INPUT(입력_원본)/02_KOREA_TOUR(코리아투어_프로젝트)/invitation/envelope/안내형 봉투) XXX STUDIO_KOREA TOUR.ai,안내형 봉투) XXX STUDIO_KOREA TOUR.ai,ai,패키지,INVITATION,승인된 COPY PLAN에 따라 복사한 원본 사본. 심층 품질 평가는 아직 진행하지 않음.,UNREVIEWED,UNREVIEWED,HIGH,HIGH,B,INVITATION / PACKAGE,DETAIL / NARRATIVE,상업사용 전 QR·사진·인쇄/규격 확인 필요.,NO,초대장·티켓·패키지 첫 배치 검토. 브랜드의 여행 시스템 언어를 보조하는 완성·준완성 패키지 자산.,B,REVIEWED,B,초대장·티켓·패키지 첫 배치 검토. 브랜드의 여행 시스템 언어를 보조하는 완성·준완성 패키지 자산.,2026-08-09,,UNKNOWN
AST-0139,01_INPUT(입력_원본)/02_KOREA_TOUR(코리아투어_프로젝트)/invitation/seal_sticker/circle10x10x2.ai,circle10x10x2.ai,ai,패키지,INVITATION,승인된 COPY PLAN에 따라 복사한 원본 사본. 심층 품질 평가는 아직 진행하지 않음.,UNREVIEWED,UNREVIEWED,DERIVED / EXCLUDED,N/A,EXCLUDE,ARCHIVE ONLY,EXCLUDE,"원본 보존, 현재 와디즈 상세페이지 사용 제외.",NO,초대장·티켓·패키지 첫 배치 검토. 빈 칼선·규격 템플릿 또는 대표 원본의 PNG/색상/작업 파생본.,EXCLUDE,REVIEWED,EXCLUDE,초대장·티켓·패키지 첫 배치 검토. 빈 칼선·규격 템플릿 또는 대표 원본의 PNG/색상/작업 파생본.,2026-08-09,,UNKNOWN
AST-0140,01_INPUT(입력_원본)/02_KOREA_TOUR(코리아투어_프로젝트)/invitation/seal_sticker/circle25x25x2.ai,circle25x25x2.ai,ai,패키지,INVITATION,승인된 COPY PLAN에 따라 복사한 원본 사본. 심층 품질 평가는 아직 진행하지 않음.,UNREVIEWED,UNREVIEWED,DERIVED / EXCLUDED,N/A,EXCLUDE,ARCHIVE ONLY,EXCLUDE,"원본 보존, 현재 와디즈 상세페이지 사용 제외.",NO,초대장·티켓·패키지 첫 배치 검토. 빈 칼선·규격 템플릿 또는 대표 원본의 PNG/색상/작업 파생본.,EXCLUDE,REVIEWED,EXCLUDE,초대장·티켓·패키지 첫 배치 검토. 빈 칼선·규격 템플릿 또는 대표 원본의 PNG/색상/작업 파생본.,2026-08-09,,UNKNOWN
AST-0141,01_INPUT(입력_원본)/02_KOREA_TOUR(코리아투어_프로젝트)/invitation/seal_sticker/스티커) XXX STUDIO_초대장_봉인(25).ai,스티커) XXX STUDIO_초대장_봉인(25).ai,ai,패키지,INVITATION,승인된 COPY PLAN에 따라 복사한 원본 사본. 심층 품질 평가는 아직 진행하지 않음.,UNREVIEWED,UNREVIEWED,HIGH,HIGH,B,INVITATION / PACKAGE,DETAIL / NARRATIVE,상업사용 전 QR·사진·인쇄/규격 확인 필요.,NO,초대장·티켓·패키지 첫 배치 검토. 브랜드의 여행 시스템 언어를 보조하는 완성·준완성 패키지 자산.,B,REVIEWED,B,초대장·티켓·패키지 첫 배치 검토. 브랜드의 여행 시스템 언어를 보조하는 완성·준완성 패키지 자산.,2026-08-09,,UNKNOWN
AST-0142,01_INPUT(입력_원본)/02_KOREA_TOUR(코리아투어_프로젝트)/invitation/seal_sticker/스티커) XXX STUDIO_초대장_봉인.ai,스티커) XXX STUDIO_초대장_봉인.ai,ai,패키지,INVITATION,승인된 COPY PLAN에 따라 복사한 원본 사본. 심층 품질 평가는 아직 진행하지 않음.,UNREVIEWED,UNREVIEWED,VERIFY NEEDED,VERIFY NEEDED,HOLD,INVITATION / PACKAGE,DETAIL / NARRATIVE,실물 규격·인쇄 사양 또는 원본 아트보드 확인 필요.,NO,초대장·티켓·패키지 첫 배치 검토. 실제 아트보드 또는 규격·권리 확인 전에는 창작적 우선순위를 확정하지 않는 HOLD 자산.,HOLD,REVIEWED,HOLD,초대장·티켓·패키지 첫 배치 검토. 실제 아트보드 또는 규격·권리 확인 전에는 창작적 우선순위를 확정하지 않는 HOLD 자산.,2026-08-09,,UNKNOWN
AST-0143,01_INPUT(입력_원본)/02_KOREA_TOUR(코리아투어_프로젝트)/ticket_package/ticket_card/PET 명함) XXX STUDIO_KOREA TOUR_SEOUL_비행기 티켓(레스터화).ai,PET 명함) XXX STUDIO_KOREA TOUR_SEOUL_비행기 티켓(레스터화).ai,ai,패키지,INVITATION,승인된 COPY PLAN에 따라 복사한 원본 사본. 심층 품질 평가는 아직 진행하지 않음.,UNREVIEWED,UNREVIEWED,HIGH,HIGH,A,TICKET / EXPERIENCE,NARRATIVE / PROOF,2024/SS·QR·지도·상표 관계를 재검증해야 함.,YES - QR·시즌·사실값 갱신,"초대장·티켓·패키지 첫 배치 검토. XXX→KOR, 비행기·세계지도·DAY/NIGHT QR를 갖는 세로 보딩패스. KOREA TOUR의 핵심 증거물.",A,REVIEWED,A,"초대장·티켓·패키지 첫 배치 검토. XXX→KOR, 비행기·세계지도·DAY/NIGHT QR를 갖는 세로 보딩패스. KOREA TOUR의 핵심 증거물.",2026-08-09,,UNKNOWN
AST-0144,01_INPUT(입력_원본)/02_KOREA_TOUR(코리아투어_프로젝트)/ticket_package/ticket_card/PET 명함) XXX STUDIO_KOREA TOUR_SEOUL_비행기 티켓.ai,PET 명함) XXX STUDIO_KOREA TOUR_SEOUL_비행기 티켓.ai,ai,패키지,INVITATION,승인된 COPY PLAN에 따라 복사한 원본 사본. 심층 품질 평가는 아직 진행하지 않음.,UNREVIEWED,UNREVIEWED,VERIFY NEEDED,VERIFY NEEDED,HOLD,INVITATION / PACKAGE,DETAIL / NARRATIVE,실물 규격·인쇄 사양 또는 원본 아트보드 확인 필요.,NO,초대장·티켓·패키지 첫 배치 검토. 실제 아트보드 또는 규격·권리 확인 전에는 창작적 우선순위를 확정하지 않는 HOLD 자산.,HOLD,REVIEWED,HOLD,초대장·티켓·패키지 첫 배치 검토. 실제 아트보드 또는 규격·권리 확인 전에는 창작적 우선순위를 확정하지 않는 HOLD 자산.,2026-08-09,,UNKNOWN
AST-0145,01_INPUT(입력_원본)/02_KOREA_TOUR(코리아투어_프로젝트)/ticket_package/ticket_card/PET-명함)-XXX-STUDIO_KOREA-TOUR_SEOUL_비행기-티켓.png,PET-명함)-XXX-STUDIO_KOREA-TOUR_SEOUL_비행기-티켓.png,png,패키지,INVITATION,승인된 COPY PLAN에 따라 복사한 원본 사본. 심층 품질 평가는 아직 진행하지 않음.,UNREVIEWED,UNREVIEWED,DERIVED / EXCLUDED,N/A,EXCLUDE,ARCHIVE ONLY,EXCLUDE,"원본 보존, 현재 와디즈 상세페이지 사용 제외.",NO,초대장·티켓·패키지 첫 배치 검토. 빈 칼선·규격 템플릿 또는 대표 원본의 PNG/색상/작업 파생본.,EXCLUDE,REVIEWED,EXCLUDE,초대장·티켓·패키지 첫 배치 검토. 빈 칼선·규격 템플릿 또는 대표 원본의 PNG/색상/작업 파생본.,2026-08-09,,UNKNOWN
AST-0146,01_INPUT(입력_원본)/02_KOREA_TOUR(코리아투어_프로젝트)/ticket_package/ticket_card/세계지도.ai,세계지도.ai,ai,패키지,INVITATION,승인된 COPY PLAN에 따라 복사한 원본 사본. 심층 품질 평가는 아직 진행하지 않음.,UNREVIEWED,UNREVIEWED,VERIFY NEEDED,VERIFY NEEDED,HOLD,INVITATION / PACKAGE,DETAIL / NARRATIVE,실물 규격·인쇄 사양 또는 원본 아트보드 확인 필요.,NO,초대장·티켓·패키지 첫 배치 검토. 실제 아트보드 또는 규격·권리 확인 전에는 창작적 우선순위를 확정하지 않는 HOLD 자산.,HOLD,REVIEWED,HOLD,초대장·티켓·패키지 첫 배치 검토. 실제 아트보드 또는 규격·권리 확인 전에는 창작적 우선순위를 확정하지 않는 HOLD 자산.,2026-08-09,,UNKNOWN
AST-0147,01_INPUT(입력_원본)/02_KOREA_TOUR(코리아투어_프로젝트)/ticket_package/ticket_card/인쇄파일(공장용) 투명하이브리드명함_74_154_2_단면(XXX STUDIO)_최종본.ai,인쇄파일(공장용) 투명하이브리드명함_74_154_2_단면(XXX STUDIO)_최종본.ai,ai,패키지,INVITATION,승인된 COPY PLAN에 따라 복사한 원본 사본. 심층 품질 평가는 아직 진행하지 않음.,UNREVIEWED,UNREVIEWED,VERIFY NEEDED,VERIFY NEEDED,HOLD,INVITATION / PACKAGE,DETAIL / NARRATIVE,실물 규격·인쇄 사양 또는 원본 아트보드 확인 필요.,NO,초대장·티켓·패키지 첫 배치 검토. 실제 아트보드 또는 규격·권리 확인 전에는 창작적 우선순위를 확정하지 않는 HOLD 자산.,HOLD,REVIEWED,HOLD,초대장·티켓·패키지 첫 배치 검토. 실제 아트보드 또는 규격·권리 확인 전에는 창작적 우선순위를 확정하지 않는 HOLD 자산.,2026-08-09,,UNKNOWN
AST-0148,01_INPUT(입력_원본)/02_KOREA_TOUR(코리아투어_프로젝트)/ticket_package/ticket_card/투명하이브리드명함_73_154_2_단면.ai,투명하이브리드명함_73_154_2_단면.ai,ai,패키지,INVITATION,승인된 COPY PLAN에 따라 복사한 원본 사본. 심층 품질 평가는 아직 진행하지 않음.,UNREVIEWED,UNREVIEWED,VERIFY NEEDED,VERIFY NEEDED,HOLD,INVITATION / PACKAGE,DETAIL / NARRATIVE,실물 규격·인쇄 사양 또는 원본 아트보드 확인 필요.,NO,초대장·티켓·패키지 첫 배치 검토. 실제 아트보드 또는 규격·권리 확인 전에는 창작적 우선순위를 확정하지 않는 HOLD 자산.,HOLD,REVIEWED,HOLD,초대장·티켓·패키지 첫 배치 검토. 실제 아트보드 또는 규격·권리 확인 전에는 창작적 우선순위를 확정하지 않는 HOLD 자산.,2026-08-09,,UNKNOWN
AST-0149,01_INPUT(입력_원본)/02_KOREA_TOUR(코리아투어_프로젝트)/ticket_package/ticket_card/투명하이브리드명함_74_154_2_단면(XXX STUDIO).ai,투명하이브리드명함_74_154_2_단면(XXX STUDIO).ai,ai,패키지,INVITATION,승인된 COPY PLAN에 따라 복사한 원본 사본. 심층 품질 평가는 아직 진행하지 않음.,UNREVIEWED,UNREVIEWED,VERIFY NEEDED,VERIFY NEEDED,HOLD,INVITATION / PACKAGE,DETAIL / NARRATIVE,실물 규격·인쇄 사양 또는 원본 아트보드 확인 필요.,NO,초대장·티켓·패키지 첫 배치 검토. 실제 아트보드 또는 규격·권리 확인 전에는 창작적 우선순위를 확정하지 않는 HOLD 자산.,HOLD,REVIEWED,HOLD,초대장·티켓·패키지 첫 배치 검토. 실제 아트보드 또는 규격·권리 확인 전에는 창작적 우선순위를 확정하지 않는 HOLD 자산.,2026-08-09,,UNKNOWN
AST-0150,01_INPUT(입력_원본)/02_KOREA_TOUR(코리아투어_프로젝트)/ticket_package/ticket_card/투명하이브리드명함_74_154_2_단면(XXX STUDIO)_최종본.ai,투명하이브리드명함_74_154_2_단면(XXX STUDIO)_최종본.ai,ai,패키지,INVITATION,승인된 COPY PLAN에 따라 복사한 원본 사본. 심층 품질 평가는 아직 진행하지 않음.,UNREVIEWED,UNREVIEWED,VERIFY NEEDED,VERIFY NEEDED,HOLD,INVITATION / PACKAGE,DETAIL / NARRATIVE,실물 규격·인쇄 사양 또는 원본 아트보드 확인 필요.,NO,초대장·티켓·패키지 첫 배치 검토. 실제 아트보드 또는 규격·권리 확인 전에는 창작적 우선순위를 확정하지 않는 HOLD 자산.,HOLD,REVIEWED,HOLD,초대장·티켓·패키지 첫 배치 검토. 실제 아트보드 또는 규격·권리 확인 전에는 창작적 우선순위를 확정하지 않는 HOLD 자산.,2026-08-09,,UNKNOWN
AST-0151,01_INPUT(입력_원본)/02_KOREA_TOUR(코리아투어_프로젝트)/ticket_package/ticket_card/투명하이브리드명함_74_154_2_단면.ai,투명하이브리드명함_74_154_2_단면.ai,ai,패키지,INVITATION,승인된 COPY PLAN에 따라 복사한 원본 사본. 심층 품질 평가는 아직 진행하지 않음.,UNREVIEWED,UNREVIEWED,VERIFY NEEDED,VERIFY NEEDED,HOLD,INVITATION / PACKAGE,DETAIL / NARRATIVE,실물 규격·인쇄 사양 또는 원본 아트보드 확인 필요.,NO,초대장·티켓·패키지 첫 배치 검토. 실제 아트보드 또는 규격·권리 확인 전에는 창작적 우선순위를 확정하지 않는 HOLD 자산.,HOLD,REVIEWED,HOLD,초대장·티켓·패키지 첫 배치 검토. 실제 아트보드 또는 규격·권리 확인 전에는 창작적 우선순위를 확정하지 않는 HOLD 자산.,2026-08-09,,UNKNOWN
AST-0152,"01_INPUT(입력_원본)/02_KOREA_TOUR(코리아투어_프로젝트)/ticket_package/postcard/디지털엽서,상품권_102_150_1_양면.ai","디지털엽서,상품권_102_150_1_양면.ai",ai,패키지,INVITATION,승인된 COPY PLAN에 따라 복사한 원본 사본. 심층 품질 평가는 아직 진행하지 않음.,UNREVIEWED,UNREVIEWED,VERIFY NEEDED,VERIFY NEEDED,HOLD,INVITATION / PACKAGE,DETAIL / NARRATIVE,실물 규격·인쇄 사양 또는 원본 아트보드 확인 필요.,NO,초대장·티켓·패키지 첫 배치 검토. 실제 아트보드 또는 규격·권리 확인 전에는 창작적 우선순위를 확정하지 않는 HOLD 자산.,HOLD,REVIEWED,HOLD,초대장·티켓·패키지 첫 배치 검토. 실제 아트보드 또는 규격·권리 확인 전에는 창작적 우선순위를 확정하지 않는 HOLD 자산.,2026-08-09,,UNKNOWN
AST-0153,"01_INPUT(입력_원본)/02_KOREA_TOUR(코리아투어_프로젝트)/ticket_package/postcard/디지털엽서,상품권_102_152_1_양면(DAY).ai","디지털엽서,상품권_102_152_1_양면(DAY).ai",ai,패키지,INVITATION,승인된 COPY PLAN에 따라 복사한 원본 사본. 심층 품질 평가는 아직 진행하지 않음.,UNREVIEWED,UNREVIEWED,VERIFY NEEDED,VERIFY NEEDED,HOLD,INVITATION / PACKAGE,DETAIL / NARRATIVE,실물 규격·인쇄 사양 또는 원본 아트보드 확인 필요.,NO,초대장·티켓·패키지 첫 배치 검토. 실제 아트보드 또는 규격·권리 확인 전에는 창작적 우선순위를 확정하지 않는 HOLD 자산.,HOLD,REVIEWED,HOLD,초대장·티켓·패키지 첫 배치 검토. 실제 아트보드 또는 규격·권리 확인 전에는 창작적 우선순위를 확정하지 않는 HOLD 자산.,2026-08-09,,UNKNOWN
AST-0154,"01_INPUT(입력_원본)/02_KOREA_TOUR(코리아투어_프로젝트)/ticket_package/postcard/디지털엽서,상품권_102_152_1_양면(NIGHT).ai","디지털엽서,상품권_102_152_1_양면(NIGHT).ai",ai,패키지,INVITATION,승인된 COPY PLAN에 따라 복사한 원본 사본. 심층 품질 평가는 아직 진행하지 않음.,UNREVIEWED,UNREVIEWED,VERIFY NEEDED,VERIFY NEEDED,HOLD,INVITATION / PACKAGE,DETAIL / NARRATIVE,실물 규격·인쇄 사양 또는 원본 아트보드 확인 필요.,NO,초대장·티켓·패키지 첫 배치 검토. 실제 아트보드 또는 규격·권리 확인 전에는 창작적 우선순위를 확정하지 않는 HOLD 자산.,HOLD,REVIEWED,HOLD,초대장·티켓·패키지 첫 배치 검토. 실제 아트보드 또는 규격·권리 확인 전에는 창작적 우선순위를 확정하지 않는 HOLD 자산.,2026-08-09,,UNKNOWN
AST-0155,"01_INPUT(입력_원본)/02_KOREA_TOUR(코리아투어_프로젝트)/ticket_package/postcard/디지털엽서,상품권_102_152_1_양면(최종).ai","디지털엽서,상품권_102_152_1_양면(최종).ai",ai,패키지,INVITATION,승인된 COPY PLAN에 따라 복사한 원본 사본. 심층 품질 평가는 아직 진행하지 않음.,UNREVIEWED,UNREVIEWED,HIGH,HIGH,B,POSTCARD / EXPERIENCE,NARRATIVE / PROOF,사진·QR·장소 정보의 상업사용과 최신성 확인 필요.,YES - 정보·QR 갱신,초대장·티켓·패키지 첫 배치 검토. 북촌 사진·로고·QR·정보 편집이 결합된 양면 디지털 엽서/상품권 최종본.,B,REVIEWED,B,초대장·티켓·패키지 첫 배치 검토. 북촌 사진·로고·QR·정보 편집이 결합된 양면 디지털 엽서/상품권 최종본.,2026-08-09,,UNKNOWN
AST-0156,"01_INPUT(입력_원본)/02_KOREA_TOUR(코리아투어_프로젝트)/ticket_package/postcard/디지털엽서,상품권_102_152_1_양면(최종)_수정.ai","디지털엽서,상품권_102_152_1_양면(최종)_수정.ai",ai,패키지,INVITATION,승인된 COPY PLAN에 따라 복사한 원본 사본. 심층 품질 평가는 아직 진행하지 않음.,UNREVIEWED,UNREVIEWED,VERIFY NEEDED,VERIFY NEEDED,HOLD,INVITATION / PACKAGE,DETAIL / NARRATIVE,실물 규격·인쇄 사양 또는 원본 아트보드 확인 필요.,NO,초대장·티켓·패키지 첫 배치 검토. 실제 아트보드 또는 규격·권리 확인 전에는 창작적 우선순위를 확정하지 않는 HOLD 자산.,HOLD,REVIEWED,HOLD,초대장·티켓·패키지 첫 배치 검토. 실제 아트보드 또는 규격·권리 확인 전에는 창작적 우선순위를 확정하지 않는 HOLD 자산.,2026-08-09,,UNKNOWN
AST-0157,"01_INPUT(입력_원본)/02_KOREA_TOUR(코리아투어_프로젝트)/ticket_package/postcard/디지털엽서,상품권_102_152_1_양면.ai","디지털엽서,상품권_102_152_1_양면.ai",ai,패키지,INVITATION,승인된 COPY PLAN에 따라 복사한 원본 사본. 심층 품질 평가는 아직 진행하지 않음.,UNREVIEWED,UNREVIEWED,VERIFY NEEDED,VERIFY NEEDED,HOLD,INVITATION / PACKAGE,DETAIL / NARRATIVE,실물 규격·인쇄 사양 또는 원본 아트보드 확인 필요.,NO,초대장·티켓·패키지 첫 배치 검토. 실제 아트보드 또는 규격·권리 확인 전에는 창작적 우선순위를 확정하지 않는 HOLD 자산.,HOLD,REVIEWED,HOLD,초대장·티켓·패키지 첫 배치 검토. 실제 아트보드 또는 규격·권리 확인 전에는 창작적 우선순위를 확정하지 않는 HOLD 자산.,2026-08-09,,UNKNOWN
AST-0158,"01_INPUT(입력_원본)/02_KOREA_TOUR(코리아투어_프로젝트)/ticket_package/postcard/디지털엽서,상품권_152_102_1_양면.ai","디지털엽서,상품권_152_102_1_양면.ai",ai,패키지,INVITATION,승인된 COPY PLAN에 따라 복사한 원본 사본. 심층 품질 평가는 아직 진행하지 않음.,UNREVIEWED,UNREVIEWED,VERIFY NEEDED,VERIFY NEEDED,HOLD,INVITATION / PACKAGE,DETAIL / NARRATIVE,실물 규격·인쇄 사양 또는 원본 아트보드 확인 필요.,NO,초대장·티켓·패키지 첫 배치 검토. 실제 아트보드 또는 규격·권리 확인 전에는 창작적 우선순위를 확정하지 않는 HOLD 자산.,HOLD,REVIEWED,HOLD,초대장·티켓·패키지 첫 배치 검토. 실제 아트보드 또는 규격·권리 확인 전에는 창작적 우선순위를 확정하지 않는 HOLD 자산.,2026-08-09,,UNKNOWN
AST-0159,01_INPUT(입력_원본)/02_KOREA_TOUR(코리아투어_프로젝트)/ticket_package/postcard/멤수정/(인쇄파일) xxx studio 100150 소량엽서(수정본).ai,(인쇄파일) xxx studio 100150 소량엽서(수정본).ai,ai,패키지,INVITATION,승인된 COPY PLAN에 따라 복사한 원본 사본. 심층 품질 평가는 아직 진행하지 않음.,UNREVIEWED,UNREVIEWED,VERIFY NEEDED,VERIFY NEEDED,HOLD,INVITATION / PACKAGE,DETAIL / NARRATIVE,실물 규격·인쇄 사양 또는 원본 아트보드 확인 필요.,NO,초대장·티켓·패키지 첫 배치 검토. 실제 아트보드 또는 규격·권리 확인 전에는 창작적 우선순위를 확정하지 않는 HOLD 자산.,HOLD,REVIEWED,HOLD,초대장·티켓·패키지 첫 배치 검토. 실제 아트보드 또는 규격·권리 확인 전에는 창작적 우선순위를 확정하지 않는 HOLD 자산.,2026-08-09,,UNKNOWN
AST-0160,01_INPUT(입력_원본)/02_KOREA_TOUR(코리아투어_프로젝트)/ticket_package/postcard/멤수정/xxx studio 100150 소량엽서(수정본).ai,xxx studio 100150 소량엽서(수정본).ai,ai,패키지,INVITATION,승인된 COPY PLAN에 따라 복사한 원본 사본. 심층 품질 평가는 아직 진행하지 않음.,UNREVIEWED,UNREVIEWED,VERIFY NEEDED,VERIFY NEEDED,HOLD,INVITATION / PACKAGE,DETAIL / NARRATIVE,실물 규격·인쇄 사양 또는 원본 아트보드 확인 필요.,NO,초대장·티켓·패키지 첫 배치 검토. 실제 아트보드 또는 규격·권리 확인 전에는 창작적 우선순위를 확정하지 않는 HOLD 자산.,HOLD,REVIEWED,HOLD,초대장·티켓·패키지 첫 배치 검토. 실제 아트보드 또는 규격·권리 확인 전에는 창작적 우선순위를 확정하지 않는 HOLD 자산.,2026-08-09,,UNKNOWN
AST-0161,01_INPUT(입력_원본)/02_KOREA_TOUR(코리아투어_프로젝트)/ticket_package/postcard/엽서) XXX STUDIO_KT_SEOUL_DAY.ai,엽서) XXX STUDIO_KT_SEOUL_DAY.ai,ai,패키지,INVITATION,승인된 COPY PLAN에 따라 복사한 원본 사본. 심층 품질 평가는 아직 진행하지 않음.,UNREVIEWED,UNREVIEWED,HIGH,HIGH,B,POSTCARD / EXPERIENCE,SUPPORT / NARRATIVE,도시 사진 품질 평가는 다음 DAY/NIGHT 배치에서 별도 진행.,YES - 정보·QR 확인,초대장·티켓·패키지 첫 배치 검토. DAY 포스트카드 레이아웃.,B,REVIEWED,B,초대장·티켓·패키지 첫 배치 검토. DAY 포스트카드 레이아웃.,2026-08-09,,UNKNOWN
AST-0162,01_INPUT(입력_원본)/02_KOREA_TOUR(코리아투어_프로젝트)/ticket_package/postcard/엽서) XXX STUDIO_KT_SEOUL_NIGHT.ai,엽서) XXX STUDIO_KT_SEOUL_NIGHT.ai,ai,패키지,INVITATION,승인된 COPY PLAN에 따라 복사한 원본 사본. 심층 품질 평가는 아직 진행하지 않음.,UNREVIEWED,UNREVIEWED,HIGH,HIGH,B,POSTCARD / EXPERIENCE,SUPPORT / NARRATIVE,도시 사진 품질 평가는 다음 DAY/NIGHT 배치에서 별도 진행.,YES - 정보·QR 확인,초대장·티켓·패키지 첫 배치 검토. NIGHT 포스트카드 레이아웃.,B,REVIEWED,B,초대장·티켓·패키지 첫 배치 검토. NIGHT 포스트카드 레이아웃.,2026-08-09,,UNKNOWN
AST-0163,01_INPUT(입력_원본)/02_KOREA_TOUR(코리아투어_프로젝트)/ticket_package/postcard/엽서) 뒷면 디자인(북촌)_레스터화.ai,엽서) 뒷면 디자인(북촌)_레스터화.ai,ai,패키지,INVITATION,승인된 COPY PLAN에 따라 복사한 원본 사본. 심층 품질 평가는 아직 진행하지 않음.,UNREVIEWED,UNREVIEWED,VERIFY NEEDED,VERIFY NEEDED,HOLD,INVITATION / PACKAGE,DETAIL / NARRATIVE,실물 규격·인쇄 사양 또는 원본 아트보드 확인 필요.,NO,초대장·티켓·패키지 첫 배치 검토. 실제 아트보드 또는 규격·권리 확인 전에는 창작적 우선순위를 확정하지 않는 HOLD 자산.,HOLD,REVIEWED,HOLD,초대장·티켓·패키지 첫 배치 검토. 실제 아트보드 또는 규격·권리 확인 전에는 창작적 우선순위를 확정하지 않는 HOLD 자산.,2026-08-09,,UNKNOWN
AST-0164,01_INPUT(입력_원본)/02_KOREA_TOUR(코리아투어_프로젝트)/ticket_package/postcard/엽서) 뒷면 디자인(잠실)_레스터화.ai,엽서) 뒷면 디자인(잠실)_레스터화.ai,ai,패키지,INVITATION,승인된 COPY PLAN에 따라 복사한 원본 사본. 심층 품질 평가는 아직 진행하지 않음.,UNREVIEWED,UNREVIEWED,VERIFY NEEDED,VERIFY NEEDED,HOLD,INVITATION / PACKAGE,DETAIL / NARRATIVE,실물 규격·인쇄 사양 또는 원본 아트보드 확인 필요.,NO,초대장·티켓·패키지 첫 배치 검토. 실제 아트보드 또는 규격·권리 확인 전에는 창작적 우선순위를 확정하지 않는 HOLD 자산.,HOLD,REVIEWED,HOLD,초대장·티켓·패키지 첫 배치 검토. 실제 아트보드 또는 규격·권리 확인 전에는 창작적 우선순위를 확정하지 않는 HOLD 자산.,2026-08-09,,UNKNOWN
AST-0165,01_INPUT(입력_원본)/02_KOREA_TOUR(코리아투어_프로젝트)/ticket_package/postcard/엽서) 뒷면 디자인.ai,엽서) 뒷면 디자인.ai,ai,패키지,INVITATION,승인된 COPY PLAN에 따라 복사한 원본 사본. 심층 품질 평가는 아직 진행하지 않음.,UNREVIEWED,UNREVIEWED,VERIFY NEEDED,VERIFY NEEDED,HOLD,INVITATION / PACKAGE,DETAIL / NARRATIVE,실물 규격·인쇄 사양 또는 원본 아트보드 확인 필요.,NO,초대장·티켓·패키지 첫 배치 검토. 실제 아트보드 또는 규격·권리 확인 전에는 창작적 우선순위를 확정하지 않는 HOLD 자산.,HOLD,REVIEWED,HOLD,초대장·티켓·패키지 첫 배치 검토. 실제 아트보드 또는 규격·권리 확인 전에는 창작적 우선순위를 확정하지 않는 HOLD 자산.,2026-08-09,,UNKNOWN
AST-0166,01_INPUT(입력_원본)/02_KOREA_TOUR(코리아투어_프로젝트)/ticket_package/postcard/엽서)-XXX-STUDIO_KT_SEOUL_DAY.png,엽서)-XXX-STUDIO_KT_SEOUL_DAY.png,png,패키지,INVITATION,승인된 COPY PLAN에 따라 복사한 원본 사본. 심층 품질 평가는 아직 진행하지 않음.,UNREVIEWED,UNREVIEWED,VERIFY NEEDED,VERIFY NEEDED,HOLD,INVITATION / PACKAGE,DETAIL / NARRATIVE,실물 규격·인쇄 사양 또는 원본 아트보드 확인 필요.,NO,초대장·티켓·패키지 첫 배치 검토. 실제 아트보드 또는 규격·권리 확인 전에는 창작적 우선순위를 확정하지 않는 HOLD 자산.,HOLD,REVIEWED,HOLD,초대장·티켓·패키지 첫 배치 검토. 실제 아트보드 또는 규격·권리 확인 전에는 창작적 우선순위를 확정하지 않는 HOLD 자산.,2026-08-09,,UNKNOWN
AST-0167,01_INPUT(입력_원본)/02_KOREA_TOUR(코리아투어_프로젝트)/ticket_package/sticker/멤수정본/xxx studio 투터치 80mm 아트 유광 500매 2종.ai,xxx studio 투터치 80mm 아트 유광 500매 2종.ai,ai,패키지,INVITATION,승인된 COPY PLAN에 따라 복사한 원본 사본. 심층 품질 평가는 아직 진행하지 않음.,UNREVIEWED,UNREVIEWED,VERIFY NEEDED,VERIFY NEEDED,HOLD,INVITATION / PACKAGE,DETAIL / NARRATIVE,실물 규격·인쇄 사양 또는 원본 아트보드 확인 필요.,NO,초대장·티켓·패키지 첫 배치 검토. 실제 아트보드 또는 규격·권리 확인 전에는 창작적 우선순위를 확정하지 않는 HOLD 자산.,HOLD,REVIEWED,HOLD,초대장·티켓·패키지 첫 배치 검토. 실제 아트보드 또는 규격·권리 확인 전에는 창작적 우선순위를 확정하지 않는 HOLD 자산.,2026-08-09,,UNKNOWN
AST-0168,01_INPUT(입력_원본)/02_KOREA_TOUR(코리아투어_프로젝트)/ticket_package/sticker/스티커(검정).ai,스티커(검정).ai,ai,패키지,INVITATION,승인된 COPY PLAN에 따라 복사한 원본 사본. 심층 품질 평가는 아직 진행하지 않음.,UNREVIEWED,UNREVIEWED,VERIFY NEEDED,VERIFY NEEDED,HOLD,INVITATION / PACKAGE,DETAIL / NARRATIVE,실물 규격·인쇄 사양 또는 원본 아트보드 확인 필요.,NO,초대장·티켓·패키지 첫 배치 검토. 실제 아트보드 또는 규격·권리 확인 전에는 창작적 우선순위를 확정하지 않는 HOLD 자산.,HOLD,REVIEWED,HOLD,초대장·티켓·패키지 첫 배치 검토. 실제 아트보드 또는 규격·권리 확인 전에는 창작적 우선순위를 확정하지 않는 HOLD 자산.,2026-08-09,,UNKNOWN
AST-0169,01_INPUT(입력_원본)/02_KOREA_TOUR(코리아투어_프로젝트)/ticket_package/sticker/스티커(흰색).ai,스티커(흰색).ai,ai,패키지,INVITATION,승인된 COPY PLAN에 따라 복사한 원본 사본. 심층 품질 평가는 아직 진행하지 않음.,UNREVIEWED,UNREVIEWED,VERIFY NEEDED,VERIFY NEEDED,HOLD,INVITATION / PACKAGE,DETAIL / NARRATIVE,실물 규격·인쇄 사양 또는 원본 아트보드 확인 필요.,NO,초대장·티켓·패키지 첫 배치 검토. 실제 아트보드 또는 규격·권리 확인 전에는 창작적 우선순위를 확정하지 않는 HOLD 자산.,HOLD,REVIEWED,HOLD,초대장·티켓·패키지 첫 배치 검토. 실제 아트보드 또는 규격·권리 확인 전에는 창작적 우선순위를 확정하지 않는 HOLD 자산.,2026-08-09,,UNKNOWN
AST-0170,01_INPUT(입력_원본)/02_KOREA_TOUR(코리아투어_프로젝트)/ticket_package/sticker/스티커) 브랜드 로고_BLACK.ai,스티커) 브랜드 로고_BLACK.ai,ai,패키지,INVITATION,승인된 COPY PLAN에 따라 복사한 원본 사본. 심층 품질 평가는 아직 진행하지 않음.,UNREVIEWED,UNREVIEWED,VERIFY NEEDED,VERIFY NEEDED,HOLD,INVITATION / PACKAGE,DETAIL / NARRATIVE,실물 규격·인쇄 사양 또는 원본 아트보드 확인 필요.,NO,초대장·티켓·패키지 첫 배치 검토. 실제 아트보드 또는 규격·권리 확인 전에는 창작적 우선순위를 확정하지 않는 HOLD 자산.,HOLD,REVIEWED,HOLD,초대장·티켓·패키지 첫 배치 검토. 실제 아트보드 또는 규격·권리 확인 전에는 창작적 우선순위를 확정하지 않는 HOLD 자산.,2026-08-09,,UNKNOWN
AST-0171,01_INPUT(입력_원본)/02_KOREA_TOUR(코리아투어_프로젝트)/ticket_package/sticker/스티커) 브랜드 로고_WHITE.ai,스티커) 브랜드 로고_WHITE.ai,ai,패키지,INVITATION,승인된 COPY PLAN에 따라 복사한 원본 사본. 심층 품질 평가는 아직 진행하지 않음.,UNREVIEWED,UNREVIEWED,VERIFY NEEDED,VERIFY NEEDED,HOLD,INVITATION / PACKAGE,DETAIL / NARRATIVE,실물 규격·인쇄 사양 또는 원본 아트보드 확인 필요.,NO,초대장·티켓·패키지 첫 배치 검토. 실제 아트보드 또는 규격·권리 확인 전에는 창작적 우선순위를 확정하지 않는 HOLD 자산.,HOLD,REVIEWED,HOLD,초대장·티켓·패키지 첫 배치 검토. 실제 아트보드 또는 규격·권리 확인 전에는 창작적 우선순위를 확정하지 않는 HOLD 자산.,2026-08-09,,UNKNOWN
AST-0172,01_INPUT(입력_원본)/02_KOREA_TOUR(코리아투어_프로젝트)/ticket_package/sticker/재단형스티커_84_84_2_단면(BLACK).ai,재단형스티커_84_84_2_단면(BLACK).ai,ai,패키지,INVITATION,승인된 COPY PLAN에 따라 복사한 원본 사본. 심층 품질 평가는 아직 진행하지 않음.,UNREVIEWED,UNREVIEWED,VERIFY NEEDED,VERIFY NEEDED,HOLD,INVITATION / PACKAGE,DETAIL / NARRATIVE,실물 규격·인쇄 사양 또는 원본 아트보드 확인 필요.,NO,초대장·티켓·패키지 첫 배치 검토. 실제 아트보드 또는 규격·권리 확인 전에는 창작적 우선순위를 확정하지 않는 HOLD 자산.,HOLD,REVIEWED,HOLD,초대장·티켓·패키지 첫 배치 검토. 실제 아트보드 또는 규격·권리 확인 전에는 창작적 우선순위를 확정하지 않는 HOLD 자산.,2026-08-09,,UNKNOWN
AST-0173,01_INPUT(입력_원본)/02_KOREA_TOUR(코리아투어_프로젝트)/ticket_package/sticker/재단형스티커_84_84_2_단면(WHITE).ai,재단형스티커_84_84_2_단면(WHITE).ai,ai,패키지,INVITATION,승인된 COPY PLAN에 따라 복사한 원본 사본. 심층 품질 평가는 아직 진행하지 않음.,UNREVIEWED,UNREVIEWED,VERIFY NEEDED,VERIFY NEEDED,HOLD,INVITATION / PACKAGE,DETAIL / NARRATIVE,실물 규격·인쇄 사양 또는 원본 아트보드 확인 필요.,NO,초대장·티켓·패키지 첫 배치 검토. 실제 아트보드 또는 규격·권리 확인 전에는 창작적 우선순위를 확정하지 않는 HOLD 자산.,HOLD,REVIEWED,HOLD,초대장·티켓·패키지 첫 배치 검토. 실제 아트보드 또는 규격·권리 확인 전에는 창작적 우선순위를 확정하지 않는 HOLD 자산.,2026-08-09,,UNKNOWN
AST-0174,01_INPUT(입력_원본)/02_KOREA_TOUR(코리아투어_프로젝트)/ticket_package/sticker/재단형스티커_84_84_2_단면(최종).ai,재단형스티커_84_84_2_단면(최종).ai,ai,패키지,INVITATION,승인된 COPY PLAN에 따라 복사한 원본 사본. 심층 품질 평가는 아직 진행하지 않음.,UNREVIEWED,UNREVIEWED,HIGH,HIGH,B,PACKAGE DETAIL,DETAIL,실물 규격·수량·인쇄 사양 확인 필요.,NO,초대장·티켓·패키지 첫 배치 검토. 검정 원형 바탕에 흰 격자와 XXX STUDIO 로고가 있는 최종 스티커.,B,REVIEWED,B,초대장·티켓·패키지 첫 배치 검토. 검정 원형 바탕에 흰 격자와 XXX STUDIO 로고가 있는 최종 스티커.,2026-08-09,,UNKNOWN
AST-0175,01_INPUT(입력_원본)/02_KOREA_TOUR(코리아투어_프로젝트)/ticket_package/pouch/파우치) XXX STUDIO_SIMPLE(150).ai,파우치) XXX STUDIO_SIMPLE(150).ai,ai,패키지,INVITATION,승인된 COPY PLAN에 따라 복사한 원본 사본. 심층 품질 평가는 아직 진행하지 않음.,UNREVIEWED,UNREVIEWED,VERIFY NEEDED,VERIFY NEEDED,HOLD,PACKAGE CONCEPT,DETAIL,실물 제작·규격·단가 확인 전 상업사용 후보로 확정하지 않음.,NO,초대장·티켓·패키지 첫 배치 검토. 단색 여백과 로고·격자로 구성된 파우치 컨셉 원본.,HOLD,REVIEWED,HOLD,초대장·티켓·패키지 첫 배치 검토. 단색 여백과 로고·격자로 구성된 파우치 컨셉 원본.,2026-08-09,,UNKNOWN
AST-0176,01_INPUT(입력_원본)/02_KOREA_TOUR(코리아투어_프로젝트)/ticket_package/pouch/파우치) XXX STUDIO_SIMPLE(150)_글자포함.ai,파우치) XXX STUDIO_SIMPLE(150)_글자포함.ai,ai,패키지,INVITATION,승인된 COPY PLAN에 따라 복사한 원본 사본. 심층 품질 평가는 아직 진행하지 않음.,UNREVIEWED,UNREVIEWED,DERIVED / EXCLUDED,N/A,EXCLUDE,ARCHIVE ONLY,EXCLUDE,"원본 보존, 현재 와디즈 상세페이지 사용 제외.",NO,초대장·티켓·패키지 첫 배치 검토. 빈 칼선·규격 템플릿 또는 대표 원본의 PNG/색상/작업 파생본.,EXCLUDE,REVIEWED,EXCLUDE,초대장·티켓·패키지 첫 배치 검토. 빈 칼선·규격 템플릿 또는 대표 원본의 PNG/색상/작업 파생본.,2026-08-09,,UNKNOWN
AST-0177,01_INPUT(입력_원본)/02_KOREA_TOUR(코리아투어_프로젝트)/ticket_package/pouch/파우치) XXX STUDIO_SIMPLE(150)_브랜드로고만.ai,파우치) XXX STUDIO_SIMPLE(150)_브랜드로고만.ai,ai,패키지,INVITATION,승인된 COPY PLAN에 따라 복사한 원본 사본. 심층 품질 평가는 아직 진행하지 않음.,UNREVIEWED,UNREVIEWED,DERIVED / EXCLUDED,N/A,EXCLUDE,ARCHIVE ONLY,EXCLUDE,"원본 보존, 현재 와디즈 상세페이지 사용 제외.",NO,초대장·티켓·패키지 첫 배치 검토. 빈 칼선·규격 템플릿 또는 대표 원본의 PNG/색상/작업 파생본.,EXCLUDE,REVIEWED,EXCLUDE,초대장·티켓·패키지 첫 배치 검토. 빈 칼선·규격 템플릿 또는 대표 원본의 PNG/색상/작업 파생본.,2026-08-09,,UNKNOWN
AST-0178,01_INPUT(입력_원본)/02_KOREA_TOUR(코리아투어_프로젝트)/ticket_package/pouch/2) 비용 관련(명성 패키지)/KakaoTalk_20240311_235951505.jpg,KakaoTalk_20240311_235951505.jpg,jpg,패키지,INVITATION,승인된 COPY PLAN에 따라 복사한 원본 사본. 심층 품질 평가는 아직 진행하지 않음.,UNREVIEWED,UNREVIEWED,VERIFY NEEDED,VERIFY NEEDED,HOLD,INVITATION / PACKAGE,DETAIL / NARRATIVE,실물 규격·인쇄 사양 또는 원본 아트보드 확인 필요.,NO,초대장·티켓·패키지 첫 배치 검토. 실제 아트보드 또는 규격·권리 확인 전에는 창작적 우선순위를 확정하지 않는 HOLD 자산.,HOLD,REVIEWED,HOLD,초대장·티켓·패키지 첫 배치 검토. 실제 아트보드 또는 규격·권리 확인 전에는 창작적 우선순위를 확정하지 않는 HOLD 자산.,2026-08-09,,UNKNOWN
AST-0179,01_INPUT(입력_원본)/02_KOREA_TOUR(코리아투어_프로젝트)/ticket_package/pouch/2) 비용 관련(명성 패키지)/KakaoTalk_20240311_235951505_01.jpg,KakaoTalk_20240311_235951505_01.jpg,jpg,패키지,INVITATION,승인된 COPY PLAN에 따라 복사한 원본 사본. 심층 품질 평가는 아직 진행하지 않음.,UNREVIEWED,UNREVIEWED,VERIFY NEEDED,VERIFY NEEDED,HOLD,INVITATION / PACKAGE,DETAIL / NARRATIVE,실물 규격·인쇄 사양 또는 원본 아트보드 확인 필요.,NO,초대장·티켓·패키지 첫 배치 검토. 실제 아트보드 또는 규격·권리 확인 전에는 창작적 우선순위를 확정하지 않는 HOLD 자산.,HOLD,REVIEWED,HOLD,초대장·티켓·패키지 첫 배치 검토. 실제 아트보드 또는 규격·권리 확인 전에는 창작적 우선순위를 확정하지 않는 HOLD 자산.,2026-08-09,,UNKNOWN
AST-0180,01_INPUT(입력_원본)/02_KOREA_TOUR(코리아투어_프로젝트)/ticket_package/pouch/2) 비용 관련(명성 패키지)/XXX STUDIO 부직포조리개 시안.pdf,XXX STUDIO 부직포조리개 시안.pdf,pdf,패키지,INVITATION,승인된 COPY PLAN에 따라 복사한 원본 사본. 심층 품질 평가는 아직 진행하지 않음.,UNREVIEWED,UNREVIEWED,VERIFY NEEDED,VERIFY NEEDED,HOLD,INVITATION / PACKAGE,DETAIL / NARRATIVE,실물 규격·인쇄 사양 또는 원본 아트보드 확인 필요.,NO,초대장·티켓·패키지 첫 배치 검토. 실제 아트보드 또는 규격·권리 확인 전에는 창작적 우선순위를 확정하지 않는 HOLD 자산.,HOLD,REVIEWED,HOLD,초대장·티켓·패키지 첫 배치 검토. 실제 아트보드 또는 규격·권리 확인 전에는 창작적 우선순위를 확정하지 않는 HOLD 자산.,2026-08-09,,UNKNOWN
AST-0181,01_INPUT(입력_원본)/02_KOREA_TOUR(코리아투어_프로젝트)/ticket_package/pouch/2) 비용 관련(명성 패키지)/XXX STUDIO_부직포 조리개_실크인쇄 견적서240304.pdf,XXX STUDIO_부직포 조리개_실크인쇄 견적서240304.pdf,pdf,패키지,INVITATION,승인된 COPY PLAN에 따라 복사한 원본 사본. 심층 품질 평가는 아직 진행하지 않음.,UNREVIEWED,UNREVIEWED,VERIFY NEEDED,VERIFY NEEDED,HOLD,INVITATION / PACKAGE,DETAIL / NARRATIVE,실물 규격·인쇄 사양 또는 원본 아트보드 확인 필요.,NO,초대장·티켓·패키지 첫 배치 검토. 실제 아트보드 또는 규격·권리 확인 전에는 창작적 우선순위를 확정하지 않는 HOLD 자산.,HOLD,REVIEWED,HOLD,초대장·티켓·패키지 첫 배치 검토. 실제 아트보드 또는 규격·권리 확인 전에는 창작적 우선순위를 확정하지 않는 HOLD 자산.,2026-08-09,,UNKNOWN
AST-0182,01_INPUT(입력_원본)/02_KOREA_TOUR(코리아투어_프로젝트)/ticket_package/pouch/2) 비용 관련(명성 패키지)/명성패키지_통장사본.pdf,명성패키지_통장사본.pdf,pdf,패키지,INVITATION,승인된 COPY PLAN에 따라 복사한 원본 사본. 심층 품질 평가는 아직 진행하지 않음.,UNREVIEWED,UNREVIEWED,VERIFY NEEDED,VERIFY NEEDED,HOLD,INVITATION / PACKAGE,DETAIL / NARRATIVE,실물 규격·인쇄 사양 또는 원본 아트보드 확인 필요.,NO,초대장·티켓·패키지 첫 배치 검토. 실제 아트보드 또는 규격·권리 확인 전에는 창작적 우선순위를 확정하지 않는 HOLD 자산.,HOLD,REVIEWED,HOLD,초대장·티켓·패키지 첫 배치 검토. 실제 아트보드 또는 규격·권리 확인 전에는 창작적 우선순위를 확정하지 않는 HOLD 자산.,2026-08-09,,UNKNOWN
AST-0183,01_INPUT(입력_원본)/02_KOREA_TOUR(코리아투어_프로젝트)/ticket_package/pouch/2) 비용 관련(명성 패키지)/명성패키지사업자등록증명.pdf,명성패키지사업자등록증명.pdf,pdf,패키지,INVITATION,승인된 COPY PLAN에 따라 복사한 원본 사본. 심층 품질 평가는 아직 진행하지 않음.,UNREVIEWED,UNREVIEWED,VERIFY NEEDED,VERIFY NEEDED,HOLD,INVITATION / PACKAGE,DETAIL / NARRATIVE,실물 규격·인쇄 사양 또는 원본 아트보드 확인 필요.,NO,초대장·티켓·패키지 첫 배치 검토. 실제 아트보드 또는 규격·권리 확인 전에는 창작적 우선순위를 확정하지 않는 HOLD 자산.,HOLD,REVIEWED,HOLD,초대장·티켓·패키지 첫 배치 검토. 실제 아트보드 또는 규격·권리 확인 전에는 창작적 우선순위를 확정하지 않는 HOLD 자산.,2026-08-09,,UNKNOWN
AST-0184,01_INPUT(입력_원본)/02_KOREA_TOUR(코리아투어_프로젝트)/ticket_package/pouch/목업) XXX STUDIO(KT 컨셉).ai,목업) XXX STUDIO(KT 컨셉).ai,ai,패키지,INVITATION,승인된 COPY PLAN에 따라 복사한 원본 사본. 심층 품질 평가는 아직 진행하지 않음.,UNREVIEWED,UNREVIEWED,VERIFY NEEDED,VERIFY NEEDED,HOLD,INVITATION / PACKAGE,DETAIL / NARRATIVE,실물 규격·인쇄 사양 또는 원본 아트보드 확인 필요.,NO,초대장·티켓·패키지 첫 배치 검토. 실제 아트보드 또는 규격·권리 확인 전에는 창작적 우선순위를 확정하지 않는 HOLD 자산.,HOLD,REVIEWED,HOLD,초대장·티켓·패키지 첫 배치 검토. 실제 아트보드 또는 규격·권리 확인 전에는 창작적 우선순위를 확정하지 않는 HOLD 자산.,2026-08-09,,UNKNOWN
AST-0185,01_INPUT(입력_원본)/02_KOREA_TOUR(코리아투어_프로젝트)/ticket_package/pouch/파우치) XXX STUDIO(KT 컨셉).ai,파우치) XXX STUDIO(KT 컨셉).ai,ai,패키지,INVITATION,승인된 COPY PLAN에 따라 복사한 원본 사본. 심층 품질 평가는 아직 진행하지 않음.,UNREVIEWED,UNREVIEWED,VERIFY NEEDED,VERIFY NEEDED,HOLD,INVITATION / PACKAGE,DETAIL / NARRATIVE,실물 규격·인쇄 사양 또는 원본 아트보드 확인 필요.,NO,초대장·티켓·패키지 첫 배치 검토. 실제 아트보드 또는 규격·권리 확인 전에는 창작적 우선순위를 확정하지 않는 HOLD 자산.,HOLD,REVIEWED,HOLD,초대장·티켓·패키지 첫 배치 검토. 실제 아트보드 또는 규격·권리 확인 전에는 창작적 우선순위를 확정하지 않는 HOLD 자산.,2026-08-09,,UNKNOWN
AST-0186,01_INPUT(입력_원본)/02_KOREA_TOUR(코리아투어_프로젝트)/ticket_package/pouch/파우치) XXX STUDIO(브랜드 컨셉).ai,파우치) XXX STUDIO(브랜드 컨셉).ai,ai,패키지,INVITATION,승인된 COPY PLAN에 따라 복사한 원본 사본. 심층 품질 평가는 아직 진행하지 않음.,UNREVIEWED,UNREVIEWED,VERIFY NEEDED,VERIFY NEEDED,HOLD,INVITATION / PACKAGE,DETAIL / NARRATIVE,실물 규격·인쇄 사양 또는 원본 아트보드 확인 필요.,NO,초대장·티켓·패키지 첫 배치 검토. 실제 아트보드 또는 규격·권리 확인 전에는 창작적 우선순위를 확정하지 않는 HOLD 자산.,HOLD,REVIEWED,HOLD,초대장·티켓·패키지 첫 배치 검토. 실제 아트보드 또는 규격·권리 확인 전에는 창작적 우선순위를 확정하지 않는 HOLD 자산.,2026-08-09,,UNKNOWN
AST-0187,01_INPUT(입력_원본)/02_KOREA_TOUR(코리아투어_프로젝트)/ticket_package/pouch/파우치) XXX STUDIO.ai,파우치) XXX STUDIO.ai,ai,패키지,INVITATION,승인된 COPY PLAN에 따라 복사한 원본 사본. 심층 품질 평가는 아직 진행하지 않음.,UNREVIEWED,UNREVIEWED,VERIFY NEEDED,VERIFY NEEDED,HOLD,INVITATION / PACKAGE,DETAIL / NARRATIVE,실물 규격·인쇄 사양 또는 원본 아트보드 확인 필요.,NO,초대장·티켓·패키지 첫 배치 검토. 실제 아트보드 또는 규격·권리 확인 전에는 창작적 우선순위를 확정하지 않는 HOLD 자산.,HOLD,REVIEWED,HOLD,초대장·티켓·패키지 첫 배치 검토. 실제 아트보드 또는 규격·권리 확인 전에는 창작적 우선순위를 확정하지 않는 HOLD 자산.,2026-08-09,,UNKNOWN
AST-0188,01_INPUT(입력_원본)/02_KOREA_TOUR(코리아투어_프로젝트)/ticket_package/pouch/파우치) XXX STUDIO_브랜드컨셉(150).ai,파우치) XXX STUDIO_브랜드컨셉(150).ai,ai,패키지,INVITATION,승인된 COPY PLAN에 따라 복사한 원본 사본. 심층 품질 평가는 아직 진행하지 않음.,UNREVIEWED,UNREVIEWED,VERIFY NEEDED,VERIFY NEEDED,HOLD,INVITATION / PACKAGE,DETAIL / NARRATIVE,실물 규격·인쇄 사양 또는 원본 아트보드 확인 필요.,NO,초대장·티켓·패키지 첫 배치 검토. 실제 아트보드 또는 규격·권리 확인 전에는 창작적 우선순위를 확정하지 않는 HOLD 자산.,HOLD,REVIEWED,HOLD,초대장·티켓·패키지 첫 배치 검토. 실제 아트보드 또는 규격·권리 확인 전에는 창작적 우선순위를 확정하지 않는 HOLD 자산.,2026-08-09,,UNKNOWN
AST-0189,01_INPUT(입력_원본)/02_KOREA_TOUR(코리아투어_프로젝트)/ticket_package/pouch/파우치) XXX STUDIO_브랜드컨셉(200x225).ai,파우치) XXX STUDIO_브랜드컨셉(200x225).ai,ai,패키지,INVITATION,승인된 COPY PLAN에 따라 복사한 원본 사본. 심층 품질 평가는 아직 진행하지 않음.,UNREVIEWED,UNREVIEWED,VERIFY NEEDED,VERIFY NEEDED,HOLD,INVITATION / PACKAGE,DETAIL / NARRATIVE,실물 규격·인쇄 사양 또는 원본 아트보드 확인 필요.,NO,초대장·티켓·패키지 첫 배치 검토. 실제 아트보드 또는 규격·권리 확인 전에는 창작적 우선순위를 확정하지 않는 HOLD 자산.,HOLD,REVIEWED,HOLD,초대장·티켓·패키지 첫 배치 검토. 실제 아트보드 또는 규격·권리 확인 전에는 창작적 우선순위를 확정하지 않는 HOLD 자산.,2026-08-09,,UNKNOWN
AST-0190,01_INPUT(입력_원본)/03_SEOUL_DAY(서울_낮)/lookbook/final_retouched/1) 남자 모델/1) 기본컷/기본_대각선_오른쪽 복사.jpg,기본_대각선_오른쪽 복사.jpg,jpg,룩북,DAY,승인된 COPY PLAN에 따라 복사한 원본 사본. 심층 품질 평가는 아직 진행하지 않음.,1348 × 1797 px,N/A — 정지 이미지,MEDIUM,MEDIUM — KOREA TOUR : SEOUL,A,LOOKBOOK,SUPPORT,사진 속 제품의 현행 SKU·모델 초상 사용 조건 확인,NO — 신규 AI 보완 불필요. 크롭·색보정·현행 SKU/권리 확인만 수행.,원본: /Volumes/DESKTOP/XXX STUDIO/1) 디자인/04) SEOUL/6) 사진 촬영/2) 룩북 촬영/3) 셀렉 & 보정/2) 보정본/1) DAY/1) 남자 모델/1) 기본컷/기본_대각선_오른쪽 복사.jpg,CANDIDATE,REVIEWED,C,"관찰: DAY 아이보리 제품을 화이트 스튜디오에서 촬영한 최종 보정 룩북 컷으로, 각도 컷: 실루엣·소매 정보 보조이 확인된다. C 판정: 기록·보조 활용 가치는 있으나 더 명확한 대표 후보가 있다. 추천: LOOKBOOK / SUPPORT. 차별점: AST-0190, 파일명 '기본_대각선_오른쪽 복사.jpg'의 각도 컷: 실루엣·소매 정보 보조에 해당한다.",2026-08-09,,UNKNOWN
AST-0191,01_INPUT(입력_원본)/03_SEOUL_DAY(서울_낮)/lookbook/final_retouched/1) 남자 모델/1) 기본컷/기본_대각선_왼쪽 복사.jpg,기본_대각선_왼쪽 복사.jpg,jpg,룩북,DAY,승인된 COPY PLAN에 따라 복사한 원본 사본. 심층 품질 평가는 아직 진행하지 않음.,1348 × 1798 px,N/A — 정지 이미지,MEDIUM,MEDIUM — KOREA TOUR : SEOUL,A,LOOKBOOK,SUPPORT,사진 속 제품의 현행 SKU·모델 초상 사용 조건 확인,NO — 신규 AI 보완 불필요. 크롭·색보정·현행 SKU/권리 확인만 수행.,원본: /Volumes/DESKTOP/XXX STUDIO/1) 디자인/04) SEOUL/6) 사진 촬영/2) 룩북 촬영/3) 셀렉 & 보정/2) 보정본/1) DAY/1) 남자 모델/1) 기본컷/기본_대각선_왼쪽 복사.jpg,CANDIDATE,REVIEWED,C,"관찰: DAY 아이보리 제품을 화이트 스튜디오에서 촬영한 최종 보정 룩북 컷으로, 각도 컷: 실루엣·소매 정보 보조이 확인된다. C 판정: 기록·보조 활용 가치는 있으나 더 명확한 대표 후보가 있다. 추천: LOOKBOOK / SUPPORT. 차별점: AST-0191, 파일명 '기본_대각선_왼쪽 복사.jpg'의 각도 컷: 실루엣·소매 정보 보조에 해당한다.",2026-08-09,,UNKNOWN
AST-0192,01_INPUT(입력_원본)/03_SEOUL_DAY(서울_낮)/lookbook/final_retouched/1) 남자 모델/1) 기본컷/기본_뒤.jpg,기본_뒤.jpg,jpg,룩북,DAY,승인된 COPY PLAN에 따라 복사한 원본 사본. 심층 품질 평가는 아직 진행하지 않음.,1309 × 1745 px,N/A — 정지 이미지,MEDIUM,HIGH — KOREA TOUR : SEOUL,A,DAY / PRODUCT,PRODUCT PROOF,사진 속 제품의 현행 SKU·모델 초상 사용 조건 확인,NO — 신규 AI 보완 불필요. 크롭·색보정·현행 SKU/권리 확인만 수행.,원본: /Volumes/DESKTOP/XXX STUDIO/1) 디자인/04) SEOUL/6) 사진 촬영/2) 룩북 촬영/3) 셀렉 & 보정/2) 보정본/1) DAY/1) 남자 모델/1) 기본컷/기본_뒤.jpg,CANDIDATE,REVIEWED,B,"관찰: 화이트 스튜디오 최종 보정 컷에서 DAY 아이보리 제품의 등판 북촌·남산타워 사진 프린트와 교차선·좌표 블록이 확인된다. B 판정: 상세페이지의 제품 증거 또는 보조 서사에는 강하지만, 단독 최상단 Hero 우선순위는 A보다 낮다. 추천: DAY / PRODUCT / PRODUCT PROOF. 차별점: AST-0192, 파일명 '기본_뒤.jpg'의 후면: 등판 프린트 판독에 해당한다. PAIR: PRODUCT PROOF — DAY AST-0192 ↔ NIGHT AST-0253.",2026-08-09,,UNKNOWN
AST-0193,01_INPUT(입력_원본)/03_SEOUL_DAY(서울_낮)/lookbook/final_retouched/1) 남자 모델/1) 기본컷/기본_앞 복사.jpg,기본_앞 복사.jpg,jpg,룩북,DAY,승인된 COPY PLAN에 따라 복사한 원본 사본. 심층 품질 평가는 아직 진행하지 않음.,1378 × 1838 px,N/A — 정지 이미지,MEDIUM,HIGH — KOREA TOUR : SEOUL,A,DAY / PRODUCT,PRODUCT PROOF,사진 속 제품의 현행 SKU·모델 초상 사용 조건 확인,NO — 신규 AI 보완 불필요. 크롭·색보정·현행 SKU/권리 확인만 수행.,원본: /Volumes/DESKTOP/XXX STUDIO/1) 디자인/04) SEOUL/6) 사진 촬영/2) 룩북 촬영/3) 셀렉 & 보정/2) 보정본/1) DAY/1) 남자 모델/1) 기본컷/기본_앞 복사.jpg,CANDIDATE,REVIEWED,B,"관찰: 화이트 스튜디오 최종 보정 컷에서 DAY 아이보리 제품의 작은 전면 XXX 표식과 소매 세로 코드가 확인된다. B 판정: 상세페이지의 제품 증거 또는 보조 서사에는 강하지만, 단독 최상단 Hero 우선순위는 A보다 낮다. 추천: DAY / PRODUCT / PRODUCT PROOF. 차별점: AST-0193, 파일명 '기본_앞 복사.jpg'의 전면: 가슴 표식/실루엣 판독에 해당한다. PAIR: PRODUCT PROOF — DAY AST-0193 ↔ NIGHT AST-0254.",2026-08-09,,UNKNOWN
AST-0194,01_INPUT(입력_원본)/03_SEOUL_DAY(서울_낮)/lookbook/final_retouched/1) 남자 모델/1) 기본컷/기본_측면_오른쪽 복사.jpg,기본_측면_오른쪽 복사.jpg,jpg,룩북,DAY,승인된 COPY PLAN에 따라 복사한 원본 사본. 심층 품질 평가는 아직 진행하지 않음.,1358 × 1811 px,N/A — 정지 이미지,MEDIUM,MEDIUM — KOREA TOUR : SEOUL,A,LOOKBOOK,SUPPORT,사진 속 제품의 현행 SKU·모델 초상 사용 조건 확인,NO — 신규 AI 보완 불필요. 크롭·색보정·현행 SKU/권리 확인만 수행.,원본: /Volumes/DESKTOP/XXX STUDIO/1) 디자인/04) SEOUL/6) 사진 촬영/2) 룩북 촬영/3) 셀렉 & 보정/2) 보정본/1) DAY/1) 남자 모델/1) 기본컷/기본_측면_오른쪽 복사.jpg,CANDIDATE,REVIEWED,C,"관찰: DAY 아이보리 제품을 화이트 스튜디오에서 촬영한 최종 보정 룩북 컷으로, 각도 컷: 실루엣·소매 정보 보조이 확인된다. C 판정: 기록·보조 활용 가치는 있으나 더 명확한 대표 후보가 있다. 추천: LOOKBOOK / SUPPORT. 차별점: AST-0194, 파일명 '기본_측면_오른쪽 복사.jpg'의 각도 컷: 실루엣·소매 정보 보조에 해당한다.",2026-08-09,,UNKNOWN
AST-0195,01_INPUT(입력_원본)/03_SEOUL_DAY(서울_낮)/lookbook/final_retouched/1) 남자 모델/1) 기본컷/기본_측면_왼쪽 복사.jpg,기본_측면_왼쪽 복사.jpg,jpg,룩북,DAY,승인된 COPY PLAN에 따라 복사한 원본 사본. 심층 품질 평가는 아직 진행하지 않음.,1303 × 1738 px,N/A — 정지 이미지,MEDIUM,MEDIUM — KOREA TOUR : SEOUL,A,LOOKBOOK,SUPPORT,사진 속 제품의 현행 SKU·모델 초상 사용 조건 확인,NO — 신규 AI 보완 불필요. 크롭·색보정·현행 SKU/권리 확인만 수행.,원본: /Volumes/DESKTOP/XXX STUDIO/1) 디자인/04) SEOUL/6) 사진 촬영/2) 룩북 촬영/3) 셀렉 & 보정/2) 보정본/1) DAY/1) 남자 모델/1) 기본컷/기본_측면_왼쪽 복사.jpg,CANDIDATE,REVIEWED,C,"관찰: DAY 아이보리 제품을 화이트 스튜디오에서 촬영한 최종 보정 룩북 컷으로, 각도 컷: 실루엣·소매 정보 보조이 확인된다. C 판정: 기록·보조 활용 가치는 있으나 더 명확한 대표 후보가 있다. 추천: LOOKBOOK / SUPPORT. 차별점: AST-0195, 파일명 '기본_측면_왼쪽 복사.jpg'의 각도 컷: 실루엣·소매 정보 보조에 해당한다.",2026-08-09,,UNKNOWN
AST-0196,01_INPUT(입력_원본)/03_SEOUL_DAY(서울_낮)/lookbook/final_retouched/1) 남자 모델/1) 기본컷/정방향/DAY_기본_대각선_오른쪽.jpg,DAY_기본_대각선_오른쪽.jpg,jpg,룩북,DAY,승인된 COPY PLAN에 따라 복사한 원본 사본. 심층 품질 평가는 아직 진행하지 않음.,1797 × 1797 px,N/A — 정지 이미지,MEDIUM,LOW — KOREA TOUR : SEOUL,A,LOOKBOOK,SUPPORT,중복/파생: 대표 후보 AST-0190와의 관계를 확인; 원본은 보존하고 직접 사용에서는 제외.,NO — 신규 편집 대신 대표 원본을 사용.,원본: /Volumes/DESKTOP/XXX STUDIO/1) 디자인/04) SEOUL/6) 사진 촬영/2) 룩북 촬영/3) 셀렉 & 보정/2) 보정본/1) DAY/1) 남자 모델/1) 기본컷/정방향/DAY_기본_대각선_오른쪽.jpg,CANDIDATE,REVIEWED,EXCLUDE,"관찰: DAY 아이보리 제품을 화이트 스튜디오에서 촬영한 최종 보정 룩북 컷으로, 각도 컷: 실루엣·소매 정보 보조이 확인된다. EXCLUDE 판정: 대표 원본과의 중복 또는 직접 사용 효용이 낮은 파생본이다. 추천: LOOKBOOK / SUPPORT. 차별점: AST-0196, 파일명 'DAY_기본_대각선_오른쪽.jpg'의 각도 컷: 실루엣·소매 정보 보조에 해당한다.",2026-08-09,,UNKNOWN
AST-0197,01_INPUT(입력_원본)/03_SEOUL_DAY(서울_낮)/lookbook/final_retouched/1) 남자 모델/1) 기본컷/정방향/DAY_기본_대각선_왼쪽-복사.jpg,DAY_기본_대각선_왼쪽-복사.jpg,jpg,룩북,DAY,승인된 COPY PLAN에 따라 복사한 원본 사본. 심층 품질 평가는 아직 진행하지 않음.,1798 × 1798 px,N/A — 정지 이미지,MEDIUM,LOW — KOREA TOUR : SEOUL,A,LOOKBOOK,SUPPORT,중복/파생: 대표 후보 AST-0191와의 관계를 확인; 원본은 보존하고 직접 사용에서는 제외.,NO — 신규 편집 대신 대표 원본을 사용.,원본: /Volumes/DESKTOP/XXX STUDIO/1) 디자인/04) SEOUL/6) 사진 촬영/2) 룩북 촬영/3) 셀렉 & 보정/2) 보정본/1) DAY/1) 남자 모델/1) 기본컷/정방향/DAY_기본_대각선_왼쪽-복사.jpg,CANDIDATE,REVIEWED,EXCLUDE,"관찰: DAY 아이보리 제품을 화이트 스튜디오에서 촬영한 최종 보정 룩북 컷으로, 각도 컷: 실루엣·소매 정보 보조이 확인된다. EXCLUDE 판정: 대표 원본과의 중복 또는 직접 사용 효용이 낮은 파생본이다. 추천: LOOKBOOK / SUPPORT. 차별점: AST-0197, 파일명 'DAY_기본_대각선_왼쪽-복사.jpg'의 각도 컷: 실루엣·소매 정보 보조에 해당한다.",2026-08-09,,UNKNOWN
AST-0198,01_INPUT(입력_원본)/03_SEOUL_DAY(서울_낮)/lookbook/final_retouched/1) 남자 모델/1) 기본컷/정방향/DAY_기본_뒤.jpg,DAY_기본_뒤.jpg,jpg,룩북,DAY,승인된 COPY PLAN에 따라 복사한 원본 사본. 심층 품질 평가는 아직 진행하지 않음.,1797 × 1797 px,N/A — 정지 이미지,MEDIUM,LOW — KOREA TOUR : SEOUL,A,DAY / PRODUCT,PRODUCT PROOF,중복/파생: 대표 후보 AST-0192와의 관계를 확인; 원본은 보존하고 직접 사용에서는 제외.,NO — 신규 편집 대신 대표 원본을 사용.,원본: /Volumes/DESKTOP/XXX STUDIO/1) 디자인/04) SEOUL/6) 사진 촬영/2) 룩북 촬영/3) 셀렉 & 보정/2) 보정본/1) DAY/1) 남자 모델/1) 기본컷/정방향/DAY_기본_뒤.jpg,CANDIDATE,REVIEWED,EXCLUDE,"관찰: 화이트 스튜디오 최종 보정 컷에서 DAY 아이보리 제품의 등판 북촌·남산타워 사진 프린트와 교차선·좌표 블록이 확인된다. EXCLUDE 판정: 대표 원본과의 중복 또는 직접 사용 효용이 낮은 파생본이다. 추천: DAY / PRODUCT / PRODUCT PROOF. 차별점: AST-0198, 파일명 'DAY_기본_뒤.jpg'의 후면: 등판 프린트 판독에 해당한다.",2026-08-09,,UNKNOWN
AST-0199,01_INPUT(입력_원본)/03_SEOUL_DAY(서울_낮)/lookbook/final_retouched/1) 남자 모델/1) 기본컷/정방향/DAY_기본_측면_왼쪽.jpg,DAY_기본_측면_왼쪽.jpg,jpg,룩북,DAY,승인된 COPY PLAN에 따라 복사한 원본 사본. 심층 품질 평가는 아직 진행하지 않음.,1798 × 1798 px,N/A — 정지 이미지,MEDIUM,LOW — KOREA TOUR : SEOUL,A,LOOKBOOK,SUPPORT,중복/파생: 대표 후보 AST-0195와의 관계를 확인; 원본은 보존하고 직접 사용에서는 제외.,NO — 신규 편집 대신 대표 원본을 사용.,원본: /Volumes/DESKTOP/XXX STUDIO/1) 디자인/04) SEOUL/6) 사진 촬영/2) 룩북 촬영/3) 셀렉 & 보정/2) 보정본/1) DAY/1) 남자 모델/1) 기본컷/정방향/DAY_기본_측면_왼쪽.jpg,CANDIDATE,REVIEWED,EXCLUDE,"관찰: DAY 아이보리 제품을 화이트 스튜디오에서 촬영한 최종 보정 룩북 컷으로, 각도 컷: 실루엣·소매 정보 보조이 확인된다. EXCLUDE 판정: 대표 원본과의 중복 또는 직접 사용 효용이 낮은 파생본이다. 추천: LOOKBOOK / SUPPORT. 차별점: AST-0199, 파일명 'DAY_기본_측면_왼쪽.jpg'의 각도 컷: 실루엣·소매 정보 보조에 해당한다.",2026-08-09,,UNKNOWN
AST-0200,01_INPUT(입력_원본)/03_SEOUL_DAY(서울_낮)/lookbook/final_retouched/1) 남자 모델/1) 기본컷/정방향/DAY_측면_오른쪽.jpg,DAY_측면_오른쪽.jpg,jpg,룩북,DAY,승인된 COPY PLAN에 따라 복사한 원본 사본. 심층 품질 평가는 아직 진행하지 않음.,1798 × 1798 px,N/A — 정지 이미지,MEDIUM,LOW — KOREA TOUR : SEOUL,A,LOOKBOOK,SUPPORT,중복/파생: 대표 후보 AST-0194와의 관계를 확인; 원본은 보존하고 직접 사용에서는 제외.,NO — 신규 편집 대신 대표 원본을 사용.,원본: /Volumes/DESKTOP/XXX STUDIO/1) 디자인/04) SEOUL/6) 사진 촬영/2) 룩북 촬영/3) 셀렉 & 보정/2) 보정본/1) DAY/1) 남자 모델/1) 기본컷/정방향/DAY_측면_오른쪽.jpg,CANDIDATE,REVIEWED,EXCLUDE,"관찰: DAY 아이보리 제품을 화이트 스튜디오에서 촬영한 최종 보정 룩북 컷으로, 각도 컷: 실루엣·소매 정보 보조이 확인된다. EXCLUDE 판정: 대표 원본과의 중복 또는 직접 사용 효용이 낮은 파생본이다. 추천: LOOKBOOK / SUPPORT. 차별점: AST-0200, 파일명 'DAY_측면_오른쪽.jpg'의 각도 컷: 실루엣·소매 정보 보조에 해당한다.",2026-08-09,,UNKNOWN
AST-0201,01_INPUT(입력_원본)/03_SEOUL_DAY(서울_낮)/lookbook/final_retouched/1) 남자 모델/1) 기본컷/정방향/기본_앞-복사.jpg,기본_앞-복사.jpg,jpg,룩북,DAY,승인된 COPY PLAN에 따라 복사한 원본 사본. 심층 품질 평가는 아직 진행하지 않음.,1798 × 1798 px,N/A — 정지 이미지,MEDIUM,LOW — KOREA TOUR : SEOUL,A,DAY / PRODUCT,PRODUCT PROOF,중복/파생: 대표 후보 AST-0193와의 관계를 확인; 원본은 보존하고 직접 사용에서는 제외.,NO — 신규 편집 대신 대표 원본을 사용.,원본: /Volumes/DESKTOP/XXX STUDIO/1) 디자인/04) SEOUL/6) 사진 촬영/2) 룩북 촬영/3) 셀렉 & 보정/2) 보정본/1) DAY/1) 남자 모델/1) 기본컷/정방향/기본_앞-복사.jpg,CANDIDATE,REVIEWED,EXCLUDE,"관찰: 화이트 스튜디오 최종 보정 컷에서 DAY 아이보리 제품의 작은 전면 XXX 표식과 소매 세로 코드가 확인된다. EXCLUDE 판정: 대표 원본과의 중복 또는 직접 사용 효용이 낮은 파생본이다. 추천: DAY / PRODUCT / PRODUCT PROOF. 차별점: AST-0201, 파일명 '기본_앞-복사.jpg'의 전면: 가슴 표식/실루엣 판독에 해당한다.",2026-08-09,,UNKNOWN
AST-0202,01_INPUT(입력_원본)/03_SEOUL_DAY(서울_낮)/lookbook/final_retouched/1) 남자 모델/2) 자유/디테일_서울로고 복사.jpg,디테일_서울로고 복사.jpg,jpg,룩북,DAY,승인된 COPY PLAN에 따라 복사한 원본 사본. 심층 품질 평가는 아직 진행하지 않음.,1366 × 1821 px,N/A — 정지 이미지,MEDIUM,HIGH — KOREA TOUR : SEOUL,A,DETAIL,DETAIL / PRODUCT PROOF,사진 속 제품의 현행 SKU·모델 초상 사용 조건 확인,NO — 신규 AI 보완 불필요. 크롭·색보정·현행 SKU/권리 확인만 수행.,원본: /Volumes/DESKTOP/XXX STUDIO/1) 디자인/04) SEOUL/6) 사진 촬영/2) 룩북 촬영/3) 셀렉 & 보정/2) 보정본/1) DAY/1) 남자 모델/2) 자유/디테일_서울로고 복사.jpg,CANDIDATE,REVIEWED,B,"관찰: DAY 아이보리 제품을 화이트 스튜디오에서 촬영한 최종 보정 룩북 컷으로, 디테일: 로고·티켓·소매 정보 판독이 확인된다. B 판정: 상세페이지의 제품 증거 또는 보조 서사에는 강하지만, 단독 최상단 Hero 우선순위는 A보다 낮다. 추천: DETAIL / DETAIL / PRODUCT PROOF. 차별점: AST-0202, 파일명 '디테일_서울로고 복사.jpg'의 디테일: 로고·티켓·소매 정보 판독에 해당한다. PAIR: DETAIL — DAY AST-0202 ↔ NIGHT AST-0439.",2026-08-09,,UNKNOWN
AST-0203,01_INPUT(입력_원본)/03_SEOUL_DAY(서울_낮)/lookbook/final_retouched/1) 남자 모델/2) 자유/디테일_티켓1 복사.jpg,디테일_티켓1 복사.jpg,jpg,룩북,DAY,승인된 COPY PLAN에 따라 복사한 원본 사본. 심층 품질 평가는 아직 진행하지 않음.,1366 × 1822 px,N/A — 정지 이미지,MEDIUM,HIGH — KOREA TOUR : SEOUL,A,DETAIL,DETAIL / PRODUCT PROOF,사진 속 제품의 현행 SKU·모델 초상 사용 조건 확인,NO — 신규 AI 보완 불필요. 크롭·색보정·현행 SKU/권리 확인만 수행.,원본: /Volumes/DESKTOP/XXX STUDIO/1) 디자인/04) SEOUL/6) 사진 촬영/2) 룩북 촬영/3) 셀렉 & 보정/2) 보정본/1) DAY/1) 남자 모델/2) 자유/디테일_티켓1 복사.jpg,CANDIDATE,REVIEWED,B,"관찰: DAY 아이보리 제품을 화이트 스튜디오에서 촬영한 최종 보정 룩북 컷으로, 디테일: 로고·티켓·소매 정보 판독이 확인된다. B 판정: 상세페이지의 제품 증거 또는 보조 서사에는 강하지만, 단독 최상단 Hero 우선순위는 A보다 낮다. 추천: DETAIL / DETAIL / PRODUCT PROOF. 차별점: AST-0203, 파일명 '디테일_티켓1 복사.jpg'의 디테일: 로고·티켓·소매 정보 판독에 해당한다. PAIR: DETAIL — DAY AST-0203 ↔ NIGHT AST-0439.",2026-08-09,,UNKNOWN
AST-0204,01_INPUT(입력_원본)/03_SEOUL_DAY(서울_낮)/lookbook/final_retouched/1) 남자 모델/2) 자유/디테일_티켓2 복사.jpg,디테일_티켓2 복사.jpg,jpg,룩북,DAY,승인된 COPY PLAN에 따라 복사한 원본 사본. 심층 품질 평가는 아직 진행하지 않음.,1334 × 1778 px,N/A — 정지 이미지,MEDIUM,HIGH — KOREA TOUR : SEOUL,A,DETAIL,DETAIL / PRODUCT PROOF,사진 속 제품의 현행 SKU·모델 초상 사용 조건 확인,NO — 신규 AI 보완 불필요. 크롭·색보정·현행 SKU/권리 확인만 수행.,원본: /Volumes/DESKTOP/XXX STUDIO/1) 디자인/04) SEOUL/6) 사진 촬영/2) 룩북 촬영/3) 셀렉 & 보정/2) 보정본/1) DAY/1) 남자 모델/2) 자유/디테일_티켓2 복사.jpg,CANDIDATE,REVIEWED,B,"관찰: DAY 아이보리 제품을 화이트 스튜디오에서 촬영한 최종 보정 룩북 컷으로, 디테일: 로고·티켓·소매 정보 판독이 확인된다. B 판정: 상세페이지의 제품 증거 또는 보조 서사에는 강하지만, 단독 최상단 Hero 우선순위는 A보다 낮다. 추천: DETAIL / DETAIL / PRODUCT PROOF. 차별점: AST-0204, 파일명 '디테일_티켓2 복사.jpg'의 디테일: 로고·티켓·소매 정보 판독에 해당한다. PAIR: DETAIL — DAY AST-0204 ↔ NIGHT AST-0439.",2026-08-09,,UNKNOWN
AST-0205,01_INPUT(입력_원본)/03_SEOUL_DAY(서울_낮)/lookbook/final_retouched/1) 남자 모델/2) 자유/자유_대각선_상반신 복사.jpg,자유_대각선_상반신 복사.jpg,jpg,룩북,DAY,승인된 COPY PLAN에 따라 복사한 원본 사본. 심층 품질 평가는 아직 진행하지 않음.,1418 × 1890 px,N/A — 정지 이미지,MEDIUM,MEDIUM — KOREA TOUR : SEOUL,A,LOOKBOOK,SUPPORT,사진 속 제품의 현행 SKU·모델 초상 사용 조건 확인,NO — 신규 AI 보완 불필요. 크롭·색보정·현행 SKU/권리 확인만 수행.,원본: /Volumes/DESKTOP/XXX STUDIO/1) 디자인/04) SEOUL/6) 사진 촬영/2) 룩북 촬영/3) 셀렉 & 보정/2) 보정본/1) DAY/1) 남자 모델/2) 자유/자유_대각선_상반신 복사.jpg,CANDIDATE,REVIEWED,C,"관찰: DAY 아이보리 제품을 화이트 스튜디오에서 촬영한 최종 보정 룩북 컷으로, 각도 컷: 실루엣·소매 정보 보조이 확인된다. C 판정: 기록·보조 활용 가치는 있으나 더 명확한 대표 후보가 있다. 추천: LOOKBOOK / SUPPORT. 차별점: AST-0205, 파일명 '자유_대각선_상반신 복사.jpg'의 각도 컷: 실루엣·소매 정보 보조에 해당한다.",2026-08-09,,UNKNOWN
AST-0206,01_INPUT(입력_원본)/03_SEOUL_DAY(서울_낮)/lookbook/final_retouched/1) 남자 모델/2) 자유/자유_대각선_왼쪽2 복사.jpg,자유_대각선_왼쪽2 복사.jpg,jpg,룩북,DAY,승인된 COPY PLAN에 따라 복사한 원본 사본. 심층 품질 평가는 아직 진행하지 않음.,1275 × 1700 px,N/A — 정지 이미지,MEDIUM,MEDIUM — KOREA TOUR : SEOUL,A,LOOKBOOK,SUPPORT,사진 속 제품의 현행 SKU·모델 초상 사용 조건 확인,NO — 신규 AI 보완 불필요. 크롭·색보정·현행 SKU/권리 확인만 수행.,원본: /Volumes/DESKTOP/XXX STUDIO/1) 디자인/04) SEOUL/6) 사진 촬영/2) 룩북 촬영/3) 셀렉 & 보정/2) 보정본/1) DAY/1) 남자 모델/2) 자유/자유_대각선_왼쪽2 복사.jpg,CANDIDATE,REVIEWED,C,"관찰: DAY 아이보리 제품을 화이트 스튜디오에서 촬영한 최종 보정 룩북 컷으로, 각도 컷: 실루엣·소매 정보 보조이 확인된다. C 판정: 기록·보조 활용 가치는 있으나 더 명확한 대표 후보가 있다. 추천: LOOKBOOK / SUPPORT. 차별점: AST-0206, 파일명 '자유_대각선_왼쪽2 복사.jpg'의 각도 컷: 실루엣·소매 정보 보조에 해당한다.",2026-08-09,,UNKNOWN
AST-0207,01_INPUT(입력_원본)/03_SEOUL_DAY(서울_낮)/lookbook/final_retouched/1) 남자 모델/2) 자유/자유_대각선_왼쪽3 복사.jpg,자유_대각선_왼쪽3 복사.jpg,jpg,룩북,DAY,승인된 COPY PLAN에 따라 복사한 원본 사본. 심층 품질 평가는 아직 진행하지 않음.,1315 × 1753 px,N/A — 정지 이미지,MEDIUM,MEDIUM — KOREA TOUR : SEOUL,A,LOOKBOOK,SUPPORT,사진 속 제품의 현행 SKU·모델 초상 사용 조건 확인,NO — 신규 AI 보완 불필요. 크롭·색보정·현행 SKU/권리 확인만 수행.,원본: /Volumes/DESKTOP/XXX STUDIO/1) 디자인/04) SEOUL/6) 사진 촬영/2) 룩북 촬영/3) 셀렉 & 보정/2) 보정본/1) DAY/1) 남자 모델/2) 자유/자유_대각선_왼쪽3 복사.jpg,CANDIDATE,REVIEWED,C,"관찰: DAY 아이보리 제품을 화이트 스튜디오에서 촬영한 최종 보정 룩북 컷으로, 각도 컷: 실루엣·소매 정보 보조이 확인된다. C 판정: 기록·보조 활용 가치는 있으나 더 명확한 대표 후보가 있다. 추천: LOOKBOOK / SUPPORT. 차별점: AST-0207, 파일명 '자유_대각선_왼쪽3 복사.jpg'의 각도 컷: 실루엣·소매 정보 보조에 해당한다.",2026-08-09,,UNKNOWN
AST-0208,01_INPUT(입력_원본)/03_SEOUL_DAY(서울_낮)/lookbook/final_retouched/1) 남자 모델/2) 자유/자유_뒤확대.jpg,자유_뒤확대.jpg,jpg,룩북,DAY,승인된 COPY PLAN에 따라 복사한 원본 사본. 심층 품질 평가는 아직 진행하지 않음.,1451 × 1934 px,N/A — 정지 이미지,MEDIUM,HIGH — KOREA TOUR : SEOUL,A,DAY / PRODUCT,PRODUCT PROOF,사진 속 제품의 현행 SKU·모델 초상 사용 조건 확인,NO — 신규 AI 보완 불필요. 크롭·색보정·현행 SKU/권리 확인만 수행.,원본: /Volumes/DESKTOP/XXX STUDIO/1) 디자인/04) SEOUL/6) 사진 촬영/2) 룩북 촬영/3) 셀렉 & 보정/2) 보정본/1) DAY/1) 남자 모델/2) 자유/자유_뒤확대.jpg,CANDIDATE,REVIEWED,B,"관찰: 화이트 스튜디오 최종 보정 컷에서 DAY 아이보리 제품의 등판 북촌·남산타워 사진 프린트와 교차선·좌표 블록이 확인된다. B 판정: 상세페이지의 제품 증거 또는 보조 서사에는 강하지만, 단독 최상단 Hero 우선순위는 A보다 낮다. 추천: DAY / PRODUCT / PRODUCT PROOF. 차별점: AST-0208, 파일명 '자유_뒤확대.jpg'의 후면: 등판 프린트 판독에 해당한다.",2026-08-09,,UNKNOWN
AST-0209,01_INPUT(입력_원본)/03_SEOUL_DAY(서울_낮)/lookbook/final_retouched/1) 남자 모델/2) 자유/자유_앞(주머니1) 복사.jpg,자유_앞(주머니1) 복사.jpg,jpg,룩북,DAY,승인된 COPY PLAN에 따라 복사한 원본 사본. 심층 품질 평가는 아직 진행하지 않음.,1215 × 1619 px,N/A — 정지 이미지,MEDIUM,MEDIUM — KOREA TOUR : SEOUL,A,DAY / PRODUCT,PRODUCT PROOF,사진 속 제품의 현행 SKU·모델 초상 사용 조건 확인,NO — 신규 AI 보완 불필요. 크롭·색보정·현행 SKU/권리 확인만 수행.,원본: /Volumes/DESKTOP/XXX STUDIO/1) 디자인/04) SEOUL/6) 사진 촬영/2) 룩북 촬영/3) 셀렉 & 보정/2) 보정본/1) DAY/1) 남자 모델/2) 자유/자유_앞(주머니1) 복사.jpg,CANDIDATE,REVIEWED,C,"관찰: 화이트 스튜디오 최종 보정 컷에서 DAY 아이보리 제품의 작은 전면 XXX 표식과 소매 세로 코드가 확인된다. C 판정: 기록·보조 활용 가치는 있으나 더 명확한 대표 후보가 있다. 추천: DAY / PRODUCT / PRODUCT PROOF. 차별점: AST-0209, 파일명 '자유_앞(주머니1) 복사.jpg'의 전면: 가슴 표식/실루엣 판독에 해당한다.",2026-08-09,,UNKNOWN
AST-0210,01_INPUT(입력_원본)/03_SEOUL_DAY(서울_낮)/lookbook/final_retouched/1) 남자 모델/2) 자유/자유_앞(주머니2) 복사.jpg,자유_앞(주머니2) 복사.jpg,jpg,룩북,DAY,승인된 COPY PLAN에 따라 복사한 원본 사본. 심층 품질 평가는 아직 진행하지 않음.,1366 × 1822 px,N/A — 정지 이미지,MEDIUM,MEDIUM — KOREA TOUR : SEOUL,A,DAY / PRODUCT,PRODUCT PROOF,사진 속 제품의 현행 SKU·모델 초상 사용 조건 확인,NO — 신규 AI 보완 불필요. 크롭·색보정·현행 SKU/권리 확인만 수행.,원본: /Volumes/DESKTOP/XXX STUDIO/1) 디자인/04) SEOUL/6) 사진 촬영/2) 룩북 촬영/3) 셀렉 & 보정/2) 보정본/1) DAY/1) 남자 모델/2) 자유/자유_앞(주머니2) 복사.jpg,CANDIDATE,REVIEWED,C,"관찰: 화이트 스튜디오 최종 보정 컷에서 DAY 아이보리 제품의 작은 전면 XXX 표식과 소매 세로 코드가 확인된다. C 판정: 기록·보조 활용 가치는 있으나 더 명확한 대표 후보가 있다. 추천: DAY / PRODUCT / PRODUCT PROOF. 차별점: AST-0210, 파일명 '자유_앞(주머니2) 복사.jpg'의 전면: 가슴 표식/실루엣 판독에 해당한다.",2026-08-09,,UNKNOWN
AST-0211,01_INPUT(입력_원본)/03_SEOUL_DAY(서울_낮)/lookbook/final_retouched/1) 남자 모델/2) 자유/자유_정면 복사.jpg,자유_정면 복사.jpg,jpg,룩북,DAY,승인된 COPY PLAN에 따라 복사한 원본 사본. 심층 품질 평가는 아직 진행하지 않음.,1340 × 1786 px,N/A — 정지 이미지,MEDIUM,HIGH — KOREA TOUR : SEOUL,A,LOOKBOOK,SUPPORT / PRODUCT PROOF,사진 속 제품의 현행 SKU·모델 초상 사용 조건 확인,NO — 신규 AI 보완 불필요. 크롭·색보정·현행 SKU/권리 확인만 수행.,원본: /Volumes/DESKTOP/XXX STUDIO/1) 디자인/04) SEOUL/6) 사진 촬영/2) 룩북 촬영/3) 셀렉 & 보정/2) 보정본/1) DAY/1) 남자 모델/2) 자유/자유_정면 복사.jpg,CANDIDATE,REVIEWED,B,"관찰: DAY 아이보리 제품을 화이트 스튜디오에서 촬영한 최종 보정 룩북 컷으로, 자유 포즈: 룩북 보조이 확인된다. B 판정: 상세페이지의 제품 증거 또는 보조 서사에는 강하지만, 단독 최상단 Hero 우선순위는 A보다 낮다. 추천: LOOKBOOK / SUPPORT / PRODUCT PROOF. 차별점: AST-0211, 파일명 '자유_정면 복사.jpg'의 자유 포즈: 룩북 보조에 해당한다.",2026-08-09,,UNKNOWN
AST-0212,01_INPUT(입력_원본)/03_SEOUL_DAY(서울_낮)/lookbook/final_retouched/1) 남자 모델/2) 자유/자유_정면_상반신2 복사.jpg,자유_정면_상반신2 복사.jpg,jpg,룩북,DAY,승인된 COPY PLAN에 따라 복사한 원본 사본. 심층 품질 평가는 아직 진행하지 않음.,1399 × 1866 px,N/A — 정지 이미지,MEDIUM,MEDIUM — KOREA TOUR : SEOUL,A,LOOKBOOK,SUPPORT,사진 속 제품의 현행 SKU·모델 초상 사용 조건 확인,NO — 신규 AI 보완 불필요. 크롭·색보정·현행 SKU/권리 확인만 수행.,원본: /Volumes/DESKTOP/XXX STUDIO/1) 디자인/04) SEOUL/6) 사진 촬영/2) 룩북 촬영/3) 셀렉 & 보정/2) 보정본/1) DAY/1) 남자 모델/2) 자유/자유_정면_상반신2 복사.jpg,CANDIDATE,REVIEWED,C,"관찰: DAY 아이보리 제품을 화이트 스튜디오에서 촬영한 최종 보정 룩북 컷으로, 자유 포즈: 룩북 보조이 확인된다. C 판정: 기록·보조 활용 가치는 있으나 더 명확한 대표 후보가 있다. 추천: LOOKBOOK / SUPPORT. 차별점: AST-0212, 파일명 '자유_정면_상반신2 복사.jpg'의 자유 포즈: 룩북 보조에 해당한다.",2026-08-09,,UNKNOWN
AST-0213,01_INPUT(입력_원본)/03_SEOUL_DAY(서울_낮)/lookbook/final_retouched/1) 남자 모델/2) 자유/자유_정면_손 복사.jpg,자유_정면_손 복사.jpg,jpg,룩북,DAY,승인된 COPY PLAN에 따라 복사한 원본 사본. 심층 품질 평가는 아직 진행하지 않음.,1366 × 1822 px,N/A — 정지 이미지,MEDIUM,MEDIUM — KOREA TOUR : SEOUL,A,LOOKBOOK,SUPPORT,사진 속 제품의 현행 SKU·모델 초상 사용 조건 확인,NO — 신규 AI 보완 불필요. 크롭·색보정·현행 SKU/권리 확인만 수행.,원본: /Volumes/DESKTOP/XXX STUDIO/1) 디자인/04) SEOUL/6) 사진 촬영/2) 룩북 촬영/3) 셀렉 & 보정/2) 보정본/1) DAY/1) 남자 모델/2) 자유/자유_정면_손 복사.jpg,CANDIDATE,REVIEWED,C,"관찰: DAY 아이보리 제품을 화이트 스튜디오에서 촬영한 최종 보정 룩북 컷으로, 자유 포즈: 룩북 보조이 확인된다. C 판정: 기록·보조 활용 가치는 있으나 더 명확한 대표 후보가 있다. 추천: LOOKBOOK / SUPPORT. 차별점: AST-0213, 파일명 '자유_정면_손 복사.jpg'의 자유 포즈: 룩북 보조에 해당한다.",2026-08-09,,UNKNOWN
AST-0214,01_INPUT(입력_원본)/03_SEOUL_DAY(서울_낮)/lookbook/final_retouched/1) 남자 모델/2) 자유/자유_정면_주머니 복사.jpg,자유_정면_주머니 복사.jpg,jpg,룩북,DAY,승인된 COPY PLAN에 따라 복사한 원본 사본. 심층 품질 평가는 아직 진행하지 않음.,1366 × 1821 px,N/A — 정지 이미지,MEDIUM,MEDIUM — KOREA TOUR : SEOUL,A,LOOKBOOK,SUPPORT,사진 속 제품의 현행 SKU·모델 초상 사용 조건 확인,NO — 신규 AI 보완 불필요. 크롭·색보정·현행 SKU/권리 확인만 수행.,원본: /Volumes/DESKTOP/XXX STUDIO/1) 디자인/04) SEOUL/6) 사진 촬영/2) 룩북 촬영/3) 셀렉 & 보정/2) 보정본/1) DAY/1) 남자 모델/2) 자유/자유_정면_주머니 복사.jpg,CANDIDATE,REVIEWED,C,"관찰: DAY 아이보리 제품을 화이트 스튜디오에서 촬영한 최종 보정 룩북 컷으로, 자유 포즈: 룩북 보조이 확인된다. C 판정: 기록·보조 활용 가치는 있으나 더 명확한 대표 후보가 있다. 추천: LOOKBOOK / SUPPORT. 차별점: AST-0214, 파일명 '자유_정면_주머니 복사.jpg'의 자유 포즈: 룩북 보조에 해당한다.",2026-08-09,,UNKNOWN
AST-0215,01_INPUT(입력_원본)/03_SEOUL_DAY(서울_낮)/lookbook/final_retouched/2) 여자모델/1) 기본컷/기본_대각선_오른쪽 복사.jpg,기본_대각선_오른쪽 복사.jpg,jpg,룩북,DAY,승인된 COPY PLAN에 따라 복사한 원본 사본. 심층 품질 평가는 아직 진행하지 않음.,1296 × 1729 px,N/A — 정지 이미지,MEDIUM,MEDIUM — KOREA TOUR : SEOUL,A,LOOKBOOK,SUPPORT,사진 속 제품의 현행 SKU·모델 초상 사용 조건 확인,NO — 신규 AI 보완 불필요. 크롭·색보정·현행 SKU/권리 확인만 수행.,원본: /Volumes/DESKTOP/XXX STUDIO/1) 디자인/04) SEOUL/6) 사진 촬영/2) 룩북 촬영/3) 셀렉 & 보정/2) 보정본/1) DAY/2) 여자모델/1) 기본컷/기본_대각선_오른쪽 복사.jpg,CANDIDATE,REVIEWED,C,"관찰: DAY 아이보리 제품을 화이트 스튜디오에서 촬영한 최종 보정 룩북 컷으로, 각도 컷: 실루엣·소매 정보 보조이 확인된다. C 판정: 기록·보조 활용 가치는 있으나 더 명확한 대표 후보가 있다. 추천: LOOKBOOK / SUPPORT. 차별점: AST-0215, 파일명 '기본_대각선_오른쪽 복사.jpg'의 각도 컷: 실루엣·소매 정보 보조에 해당한다.",2026-08-09,,UNKNOWN
AST-0216,01_INPUT(입력_원본)/03_SEOUL_DAY(서울_낮)/lookbook/final_retouched/2) 여자모델/1) 기본컷/기본_대각선_왼쪽 복사.jpg,기본_대각선_왼쪽 복사.jpg,jpg,룩북,DAY,승인된 COPY PLAN에 따라 복사한 원본 사본. 심층 품질 평가는 아직 진행하지 않음.,1318 × 1757 px,N/A — 정지 이미지,MEDIUM,MEDIUM — KOREA TOUR : SEOUL,A,LOOKBOOK,SUPPORT,사진 속 제품의 현행 SKU·모델 초상 사용 조건 확인,NO — 신규 AI 보완 불필요. 크롭·색보정·현행 SKU/권리 확인만 수행.,원본: /Volumes/DESKTOP/XXX STUDIO/1) 디자인/04) SEOUL/6) 사진 촬영/2) 룩북 촬영/3) 셀렉 & 보정/2) 보정본/1) DAY/2) 여자모델/1) 기본컷/기본_대각선_왼쪽 복사.jpg,CANDIDATE,REVIEWED,C,"관찰: DAY 아이보리 제품을 화이트 스튜디오에서 촬영한 최종 보정 룩북 컷으로, 각도 컷: 실루엣·소매 정보 보조이 확인된다. C 판정: 기록·보조 활용 가치는 있으나 더 명확한 대표 후보가 있다. 추천: LOOKBOOK / SUPPORT. 차별점: AST-0216, 파일명 '기본_대각선_왼쪽 복사.jpg'의 각도 컷: 실루엣·소매 정보 보조에 해당한다.",2026-08-09,,UNKNOWN
AST-0217,01_INPUT(입력_원본)/03_SEOUL_DAY(서울_낮)/lookbook/final_retouched/2) 여자모델/1) 기본컷/기본_뒤 복사.jpg,기본_뒤 복사.jpg,jpg,룩북,DAY,승인된 COPY PLAN에 따라 복사한 원본 사본. 심층 품질 평가는 아직 진행하지 않음.,1336 × 1781 px,N/A — 정지 이미지,MEDIUM,HIGH — KOREA TOUR : SEOUL,A,DAY / PRODUCT,PRODUCT PROOF,사진 속 제품의 현행 SKU·모델 초상 사용 조건 확인,NO — 신규 AI 보완 불필요. 크롭·색보정·현행 SKU/권리 확인만 수행.,원본: /Volumes/DESKTOP/XXX STUDIO/1) 디자인/04) SEOUL/6) 사진 촬영/2) 룩북 촬영/3) 셀렉 & 보정/2) 보정본/1) DAY/2) 여자모델/1) 기본컷/기본_뒤 복사.jpg,CANDIDATE,REVIEWED,B,"관찰: 화이트 스튜디오 최종 보정 컷에서 DAY 아이보리 제품의 등판 북촌·남산타워 사진 프린트와 교차선·좌표 블록이 확인된다. B 판정: 상세페이지의 제품 증거 또는 보조 서사에는 강하지만, 단독 최상단 Hero 우선순위는 A보다 낮다. 추천: DAY / PRODUCT / PRODUCT PROOF. 차별점: AST-0217, 파일명 '기본_뒤 복사.jpg'의 후면: 등판 프린트 판독에 해당한다. PAIR: PRODUCT PROOF — DAY AST-0217 ↔ NIGHT AST-0271.",2026-08-09,,UNKNOWN
AST-0218,01_INPUT(입력_원본)/03_SEOUL_DAY(서울_낮)/lookbook/final_retouched/2) 여자모델/1) 기본컷/기본_앞 복사.jpg,기본_앞 복사.jpg,jpg,룩북,DAY,승인된 COPY PLAN에 따라 복사한 원본 사본. 심층 품질 평가는 아직 진행하지 않음.,1302 × 1737 px,N/A — 정지 이미지,MEDIUM,HIGH — KOREA TOUR : SEOUL,A,DAY / PRODUCT,PRODUCT PROOF,사진 속 제품의 현행 SKU·모델 초상 사용 조건 확인,NO — 신규 AI 보완 불필요. 크롭·색보정·현행 SKU/권리 확인만 수행.,원본: /Volumes/DESKTOP/XXX STUDIO/1) 디자인/04) SEOUL/6) 사진 촬영/2) 룩북 촬영/3) 셀렉 & 보정/2) 보정본/1) DAY/2) 여자모델/1) 기본컷/기본_앞 복사.jpg,CANDIDATE,REVIEWED,B,"관찰: 화이트 스튜디오 최종 보정 컷에서 DAY 아이보리 제품의 작은 전면 XXX 표식과 소매 세로 코드가 확인된다. B 판정: 상세페이지의 제품 증거 또는 보조 서사에는 강하지만, 단독 최상단 Hero 우선순위는 A보다 낮다. 추천: DAY / PRODUCT / PRODUCT PROOF. 차별점: AST-0218, 파일명 '기본_앞 복사.jpg'의 전면: 가슴 표식/실루엣 판독에 해당한다. PAIR: PRODUCT PROOF — DAY AST-0218 ↔ NIGHT AST-0273.",2026-08-09,,UNKNOWN
AST-0219,01_INPUT(입력_원본)/03_SEOUL_DAY(서울_낮)/lookbook/final_retouched/2) 여자모델/1) 기본컷/기본_측면_오른쪽 복사.jpg,기본_측면_오른쪽 복사.jpg,jpg,룩북,DAY,승인된 COPY PLAN에 따라 복사한 원본 사본. 심층 품질 평가는 아직 진행하지 않음.,1337 × 1783 px,N/A — 정지 이미지,MEDIUM,MEDIUM — KOREA TOUR : SEOUL,A,LOOKBOOK,SUPPORT,사진 속 제품의 현행 SKU·모델 초상 사용 조건 확인,NO — 신규 AI 보완 불필요. 크롭·색보정·현행 SKU/권리 확인만 수행.,원본: /Volumes/DESKTOP/XXX STUDIO/1) 디자인/04) SEOUL/6) 사진 촬영/2) 룩북 촬영/3) 셀렉 & 보정/2) 보정본/1) DAY/2) 여자모델/1) 기본컷/기본_측면_오른쪽 복사.jpg,CANDIDATE,REVIEWED,C,"관찰: DAY 아이보리 제품을 화이트 스튜디오에서 촬영한 최종 보정 룩북 컷으로, 각도 컷: 실루엣·소매 정보 보조이 확인된다. C 판정: 기록·보조 활용 가치는 있으나 더 명확한 대표 후보가 있다. 추천: LOOKBOOK / SUPPORT. 차별점: AST-0219, 파일명 '기본_측면_오른쪽 복사.jpg'의 각도 컷: 실루엣·소매 정보 보조에 해당한다.",2026-08-09,,UNKNOWN
AST-0220,01_INPUT(입력_원본)/03_SEOUL_DAY(서울_낮)/lookbook/final_retouched/2) 여자모델/1) 기본컷/기본_측면_왼쪽 복사.jpg,기본_측면_왼쪽 복사.jpg,jpg,룩북,DAY,승인된 COPY PLAN에 따라 복사한 원본 사본. 심층 품질 평가는 아직 진행하지 않음.,1298 × 1732 px,N/A — 정지 이미지,MEDIUM,MEDIUM — KOREA TOUR : SEOUL,A,LOOKBOOK,SUPPORT,사진 속 제품의 현행 SKU·모델 초상 사용 조건 확인,NO — 신규 AI 보완 불필요. 크롭·색보정·현행 SKU/권리 확인만 수행.,원본: /Volumes/DESKTOP/XXX STUDIO/1) 디자인/04) SEOUL/6) 사진 촬영/2) 룩북 촬영/3) 셀렉 & 보정/2) 보정본/1) DAY/2) 여자모델/1) 기본컷/기본_측면_왼쪽 복사.jpg,CANDIDATE,REVIEWED,C,"관찰: DAY 아이보리 제품을 화이트 스튜디오에서 촬영한 최종 보정 룩북 컷으로, 각도 컷: 실루엣·소매 정보 보조이 확인된다. C 판정: 기록·보조 활용 가치는 있으나 더 명확한 대표 후보가 있다. 추천: LOOKBOOK / SUPPORT. 차별점: AST-0220, 파일명 '기본_측면_왼쪽 복사.jpg'의 각도 컷: 실루엣·소매 정보 보조에 해당한다.",2026-08-09,,UNKNOWN
AST-0221,01_INPUT(입력_원본)/03_SEOUL_DAY(서울_낮)/lookbook/final_retouched/2) 여자모델/1) 기본컷/정방향/DAY_기본_대각선_오른쪽.jpg,DAY_기본_대각선_오른쪽.jpg,jpg,룩북,DAY,승인된 COPY PLAN에 따라 복사한 원본 사본. 심층 품질 평가는 아직 진행하지 않음.,1729 × 1729 px,N/A — 정지 이미지,MEDIUM,LOW — KOREA TOUR : SEOUL,A,LOOKBOOK,SUPPORT,중복/파생: 대표 후보 AST-0215와의 관계를 확인; 원본은 보존하고 직접 사용에서는 제외.,NO — 신규 편집 대신 대표 원본을 사용.,원본: /Volumes/DESKTOP/XXX STUDIO/1) 디자인/04) SEOUL/6) 사진 촬영/2) 룩북 촬영/3) 셀렉 & 보정/2) 보정본/1) DAY/2) 여자모델/1) 기본컷/정방향/DAY_기본_대각선_오른쪽.jpg,CANDIDATE,REVIEWED,EXCLUDE,"관찰: DAY 아이보리 제품을 화이트 스튜디오에서 촬영한 최종 보정 룩북 컷으로, 각도 컷: 실루엣·소매 정보 보조이 확인된다. EXCLUDE 판정: 대표 원본과의 중복 또는 직접 사용 효용이 낮은 파생본이다. 추천: LOOKBOOK / SUPPORT. 차별점: AST-0221, 파일명 'DAY_기본_대각선_오른쪽.jpg'의 각도 컷: 실루엣·소매 정보 보조에 해당한다.",2026-08-09,,UNKNOWN
AST-0222,01_INPUT(입력_원본)/03_SEOUL_DAY(서울_낮)/lookbook/final_retouched/2) 여자모델/1) 기본컷/정방향/DAY_기본_대각선_왼쪽.jpg,DAY_기본_대각선_왼쪽.jpg,jpg,룩북,DAY,승인된 COPY PLAN에 따라 복사한 원본 사본. 심층 품질 평가는 아직 진행하지 않음.,1757 × 1757 px,N/A — 정지 이미지,MEDIUM,LOW — KOREA TOUR : SEOUL,A,LOOKBOOK,SUPPORT,중복/파생: 대표 후보 AST-0216와의 관계를 확인; 원본은 보존하고 직접 사용에서는 제외.,NO — 신규 편집 대신 대표 원본을 사용.,원본: /Volumes/DESKTOP/XXX STUDIO/1) 디자인/04) SEOUL/6) 사진 촬영/2) 룩북 촬영/3) 셀렉 & 보정/2) 보정본/1) DAY/2) 여자모델/1) 기본컷/정방향/DAY_기본_대각선_왼쪽.jpg,CANDIDATE,REVIEWED,EXCLUDE,"관찰: DAY 아이보리 제품을 화이트 스튜디오에서 촬영한 최종 보정 룩북 컷으로, 각도 컷: 실루엣·소매 정보 보조이 확인된다. EXCLUDE 판정: 대표 원본과의 중복 또는 직접 사용 효용이 낮은 파생본이다. 추천: LOOKBOOK / SUPPORT. 차별점: AST-0222, 파일명 'DAY_기본_대각선_왼쪽.jpg'의 각도 컷: 실루엣·소매 정보 보조에 해당한다.",2026-08-09,,UNKNOWN
AST-0223,01_INPUT(입력_원본)/03_SEOUL_DAY(서울_낮)/lookbook/final_retouched/2) 여자모델/1) 기본컷/정방향/DAY_기본_뒤.jpg,DAY_기본_뒤.jpg,jpg,룩북,DAY,승인된 COPY PLAN에 따라 복사한 원본 사본. 심층 품질 평가는 아직 진행하지 않음.,1781 × 1781 px,N/A — 정지 이미지,MEDIUM,LOW — KOREA TOUR : SEOUL,A,DAY / PRODUCT,PRODUCT PROOF,중복/파생: 대표 후보 AST-0217와의 관계를 확인; 원본은 보존하고 직접 사용에서는 제외.,NO — 신규 편집 대신 대표 원본을 사용.,원본: /Volumes/DESKTOP/XXX STUDIO/1) 디자인/04) SEOUL/6) 사진 촬영/2) 룩북 촬영/3) 셀렉 & 보정/2) 보정본/1) DAY/2) 여자모델/1) 기본컷/정방향/DAY_기본_뒤.jpg,CANDIDATE,REVIEWED,EXCLUDE,"관찰: 화이트 스튜디오 최종 보정 컷에서 DAY 아이보리 제품의 등판 북촌·남산타워 사진 프린트와 교차선·좌표 블록이 확인된다. EXCLUDE 판정: 대표 원본과의 중복 또는 직접 사용 효용이 낮은 파생본이다. 추천: DAY / PRODUCT / PRODUCT PROOF. 차별점: AST-0223, 파일명 'DAY_기본_뒤.jpg'의 후면: 등판 프린트 판독에 해당한다.",2026-08-09,,UNKNOWN
AST-0224,01_INPUT(입력_원본)/03_SEOUL_DAY(서울_낮)/lookbook/final_retouched/2) 여자모델/1) 기본컷/정방향/DAY_기본_앞.jpg,DAY_기본_앞.jpg,jpg,룩북,DAY,승인된 COPY PLAN에 따라 복사한 원본 사본. 심층 품질 평가는 아직 진행하지 않음.,1737 × 1737 px,N/A — 정지 이미지,MEDIUM,LOW — KOREA TOUR : SEOUL,A,DAY / PRODUCT,PRODUCT PROOF,중복/파생: 대표 후보 AST-0218와의 관계를 확인; 원본은 보존하고 직접 사용에서는 제외.,NO — 신규 편집 대신 대표 원본을 사용.,원본: /Volumes/DESKTOP/XXX STUDIO/1) 디자인/04) SEOUL/6) 사진 촬영/2) 룩북 촬영/3) 셀렉 & 보정/2) 보정본/1) DAY/2) 여자모델/1) 기본컷/정방향/DAY_기본_앞.jpg,CANDIDATE,REVIEWED,EXCLUDE,"관찰: 화이트 스튜디오 최종 보정 컷에서 DAY 아이보리 제품의 작은 전면 XXX 표식과 소매 세로 코드가 확인된다. EXCLUDE 판정: 대표 원본과의 중복 또는 직접 사용 효용이 낮은 파생본이다. 추천: DAY / PRODUCT / PRODUCT PROOF. 차별점: AST-0224, 파일명 'DAY_기본_앞.jpg'의 전면: 가슴 표식/실루엣 판독에 해당한다.",2026-08-09,,UNKNOWN
AST-0225,01_INPUT(입력_원본)/03_SEOUL_DAY(서울_낮)/lookbook/final_retouched/2) 여자모델/1) 기본컷/정방향/DAY_기본_측면_오른쪽.jpg,DAY_기본_측면_오른쪽.jpg,jpg,룩북,DAY,승인된 COPY PLAN에 따라 복사한 원본 사본. 심층 품질 평가는 아직 진행하지 않음.,1783 × 1783 px,N/A — 정지 이미지,MEDIUM,LOW — KOREA TOUR : SEOUL,A,LOOKBOOK,SUPPORT,중복/파생: 대표 후보 AST-0219와의 관계를 확인; 원본은 보존하고 직접 사용에서는 제외.,NO — 신규 편집 대신 대표 원본을 사용.,원본: /Volumes/DESKTOP/XXX STUDIO/1) 디자인/04) SEOUL/6) 사진 촬영/2) 룩북 촬영/3) 셀렉 & 보정/2) 보정본/1) DAY/2) 여자모델/1) 기본컷/정방향/DAY_기본_측면_오른쪽.jpg,CANDIDATE,REVIEWED,EXCLUDE,"관찰: DAY 아이보리 제품을 화이트 스튜디오에서 촬영한 최종 보정 룩북 컷으로, 각도 컷: 실루엣·소매 정보 보조이 확인된다. EXCLUDE 판정: 대표 원본과의 중복 또는 직접 사용 효용이 낮은 파생본이다. 추천: LOOKBOOK / SUPPORT. 차별점: AST-0225, 파일명 'DAY_기본_측면_오른쪽.jpg'의 각도 컷: 실루엣·소매 정보 보조에 해당한다.",2026-08-09,,UNKNOWN
AST-0226,01_INPUT(입력_원본)/03_SEOUL_DAY(서울_낮)/lookbook/final_retouched/2) 여자모델/1) 기본컷/정방향/DAY_기본_측면_왼쪽.jpg,DAY_기본_측면_왼쪽.jpg,jpg,룩북,DAY,승인된 COPY PLAN에 따라 복사한 원본 사본. 심층 품질 평가는 아직 진행하지 않음.,1732 × 1732 px,N/A — 정지 이미지,MEDIUM,LOW — KOREA TOUR : SEOUL,A,LOOKBOOK,SUPPORT,중복/파생: 대표 후보 AST-0220와의 관계를 확인; 원본은 보존하고 직접 사용에서는 제외.,NO — 신규 편집 대신 대표 원본을 사용.,원본: /Volumes/DESKTOP/XXX STUDIO/1) 디자인/04) SEOUL/6) 사진 촬영/2) 룩북 촬영/3) 셀렉 & 보정/2) 보정본/1) DAY/2) 여자모델/1) 기본컷/정방향/DAY_기본_측면_왼쪽.jpg,CANDIDATE,REVIEWED,EXCLUDE,"관찰: DAY 아이보리 제품을 화이트 스튜디오에서 촬영한 최종 보정 룩북 컷으로, 각도 컷: 실루엣·소매 정보 보조이 확인된다. EXCLUDE 판정: 대표 원본과의 중복 또는 직접 사용 효용이 낮은 파생본이다. 추천: LOOKBOOK / SUPPORT. 차별점: AST-0226, 파일명 'DAY_기본_측면_왼쪽.jpg'의 각도 컷: 실루엣·소매 정보 보조에 해당한다.",2026-08-09,,UNKNOWN
AST-0227,01_INPUT(입력_원본)/03_SEOUL_DAY(서울_낮)/lookbook/final_retouched/2) 여자모델/1) 자유/03152271 복사.jpg,03152271 복사.jpg,jpg,룩북,DAY,승인된 COPY PLAN에 따라 복사한 원본 사본. 심층 품질 평가는 아직 진행하지 않음.,1319 × 1759 px,N/A — 정지 이미지,MEDIUM,MEDIUM — KOREA TOUR : SEOUL,A,LOOKBOOK,SUPPORT,사진 속 제품의 현행 SKU·모델 초상 사용 조건 확인,NO — 신규 AI 보완 불필요. 크롭·색보정·현행 SKU/권리 확인만 수행.,원본: /Volumes/DESKTOP/XXX STUDIO/1) 디자인/04) SEOUL/6) 사진 촬영/2) 룩북 촬영/3) 셀렉 & 보정/2) 보정본/1) DAY/2) 여자모델/1) 자유/03152271 복사.jpg,CANDIDATE,REVIEWED,C,"관찰: DAY 아이보리 제품을 화이트 스튜디오에서 촬영한 최종 보정 룩북 컷으로, 개별 파일의 구도·레이아웃 변형이 확인된다. C 판정: 기록·보조 활용 가치는 있으나 더 명확한 대표 후보가 있다. 추천: LOOKBOOK / SUPPORT. 차별점: AST-0227, 파일명 '03152271 복사.jpg'의 개별 파일의 구도·레이아웃 변형에 해당한다.",2026-08-09,,UNKNOWN
AST-0228,01_INPUT(입력_원본)/03_SEOUL_DAY(서울_낮)/lookbook/final_retouched/2) 여자모델/1) 자유/03152278 복사.jpg,03152278 복사.jpg,jpg,룩북,DAY,승인된 COPY PLAN에 따라 복사한 원본 사본. 심층 품질 평가는 아직 진행하지 않음.,1310 × 1747 px,N/A — 정지 이미지,MEDIUM,MEDIUM — KOREA TOUR : SEOUL,A,LOOKBOOK,SUPPORT,사진 속 제품의 현행 SKU·모델 초상 사용 조건 확인,NO — 신규 AI 보완 불필요. 크롭·색보정·현행 SKU/권리 확인만 수행.,원본: /Volumes/DESKTOP/XXX STUDIO/1) 디자인/04) SEOUL/6) 사진 촬영/2) 룩북 촬영/3) 셀렉 & 보정/2) 보정본/1) DAY/2) 여자모델/1) 자유/03152278 복사.jpg,CANDIDATE,REVIEWED,C,"관찰: DAY 아이보리 제품을 화이트 스튜디오에서 촬영한 최종 보정 룩북 컷으로, 개별 파일의 구도·레이아웃 변형이 확인된다. C 판정: 기록·보조 활용 가치는 있으나 더 명확한 대표 후보가 있다. 추천: LOOKBOOK / SUPPORT. 차별점: AST-0228, 파일명 '03152278 복사.jpg'의 개별 파일의 구도·레이아웃 변형에 해당한다.",2026-08-09,,UNKNOWN
AST-0229,01_INPUT(입력_원본)/03_SEOUL_DAY(서울_낮)/lookbook/final_retouched/2) 여자모델/1) 자유/03152280 복사.jpg,03152280 복사.jpg,jpg,룩북,DAY,승인된 COPY PLAN에 따라 복사한 원본 사본. 심층 품질 평가는 아직 진행하지 않음.,1320 × 1759 px,N/A — 정지 이미지,MEDIUM,MEDIUM — KOREA TOUR : SEOUL,A,LOOKBOOK,SUPPORT,사진 속 제품의 현행 SKU·모델 초상 사용 조건 확인,NO — 신규 AI 보완 불필요. 크롭·색보정·현행 SKU/권리 확인만 수행.,원본: /Volumes/DESKTOP/XXX STUDIO/1) 디자인/04) SEOUL/6) 사진 촬영/2) 룩북 촬영/3) 셀렉 & 보정/2) 보정본/1) DAY/2) 여자모델/1) 자유/03152280 복사.jpg,CANDIDATE,REVIEWED,C,"관찰: DAY 아이보리 제품을 화이트 스튜디오에서 촬영한 최종 보정 룩북 컷으로, 개별 파일의 구도·레이아웃 변형이 확인된다. C 판정: 기록·보조 활용 가치는 있으나 더 명확한 대표 후보가 있다. 추천: LOOKBOOK / SUPPORT. 차별점: AST-0229, 파일명 '03152280 복사.jpg'의 개별 파일의 구도·레이아웃 변형에 해당한다.",2026-08-09,,UNKNOWN
AST-0230,01_INPUT(입력_원본)/03_SEOUL_DAY(서울_낮)/lookbook/final_retouched/2) 여자모델/1) 자유/03152288 복사.jpg,03152288 복사.jpg,jpg,룩북,DAY,승인된 COPY PLAN에 따라 복사한 원본 사본. 심층 품질 평가는 아직 진행하지 않음.,1301 × 1734 px,N/A — 정지 이미지,MEDIUM,HIGH — KOREA TOUR : SEOUL,A,LOOKBOOK,SUPPORT / PRODUCT PROOF,사진 속 제품의 현행 SKU·모델 초상 사용 조건 확인,NO — 신규 AI 보완 불필요. 크롭·색보정·현행 SKU/권리 확인만 수행.,원본: /Volumes/DESKTOP/XXX STUDIO/1) 디자인/04) SEOUL/6) 사진 촬영/2) 룩북 촬영/3) 셀렉 & 보정/2) 보정본/1) DAY/2) 여자모델/1) 자유/03152288 복사.jpg,CANDIDATE,REVIEWED,B,"관찰: DAY 아이보리 제품을 화이트 스튜디오에서 촬영한 최종 보정 룩북 컷으로, 개별 파일의 구도·레이아웃 변형이 확인된다. B 판정: 상세페이지의 제품 증거 또는 보조 서사에는 강하지만, 단독 최상단 Hero 우선순위는 A보다 낮다. 추천: LOOKBOOK / SUPPORT / PRODUCT PROOF. 차별점: AST-0230, 파일명 '03152288 복사.jpg'의 개별 파일의 구도·레이아웃 변형에 해당한다.",2026-08-09,,UNKNOWN
AST-0231,01_INPUT(입력_원본)/03_SEOUL_DAY(서울_낮)/lookbook/final_retouched/2) 여자모델/1) 자유/03153319 복사.jpg,03153319 복사.jpg,jpg,룩북,DAY,승인된 COPY PLAN에 따라 복사한 원본 사본. 심층 품질 평가는 아직 진행하지 않음.,1330 × 1773 px,N/A — 정지 이미지,MEDIUM,MEDIUM — KOREA TOUR : SEOUL,A,LOOKBOOK,SUPPORT,사진 속 제품의 현행 SKU·모델 초상 사용 조건 확인,NO — 신규 AI 보완 불필요. 크롭·색보정·현행 SKU/권리 확인만 수행.,원본: /Volumes/DESKTOP/XXX STUDIO/1) 디자인/04) SEOUL/6) 사진 촬영/2) 룩북 촬영/3) 셀렉 & 보정/2) 보정본/1) DAY/2) 여자모델/1) 자유/03153319 복사.jpg,CANDIDATE,REVIEWED,C,"관찰: DAY 아이보리 제품을 화이트 스튜디오에서 촬영한 최종 보정 룩북 컷으로, 개별 파일의 구도·레이아웃 변형이 확인된다. C 판정: 기록·보조 활용 가치는 있으나 더 명확한 대표 후보가 있다. 추천: LOOKBOOK / SUPPORT. 차별점: AST-0231, 파일명 '03153319 복사.jpg'의 개별 파일의 구도·레이아웃 변형에 해당한다.",2026-08-09,,UNKNOWN
AST-0232,01_INPUT(입력_원본)/03_SEOUL_DAY(서울_낮)/lookbook/final_retouched/2) 여자모델/1) 자유/03153325 복사.jpg,03153325 복사.jpg,jpg,룩북,DAY,승인된 COPY PLAN에 따라 복사한 원본 사본. 심층 품질 평가는 아직 진행하지 않음.,1318 × 1757 px,N/A — 정지 이미지,MEDIUM,MEDIUM — KOREA TOUR : SEOUL,A,LOOKBOOK,SUPPORT,사진 속 제품의 현행 SKU·모델 초상 사용 조건 확인,NO — 신규 AI 보완 불필요. 크롭·색보정·현행 SKU/권리 확인만 수행.,원본: /Volumes/DESKTOP/XXX STUDIO/1) 디자인/04) SEOUL/6) 사진 촬영/2) 룩북 촬영/3) 셀렉 & 보정/2) 보정본/1) DAY/2) 여자모델/1) 자유/03153325 복사.jpg,CANDIDATE,REVIEWED,C,"관찰: DAY 아이보리 제품을 화이트 스튜디오에서 촬영한 최종 보정 룩북 컷으로, 개별 파일의 구도·레이아웃 변형이 확인된다. C 판정: 기록·보조 활용 가치는 있으나 더 명확한 대표 후보가 있다. 추천: LOOKBOOK / SUPPORT. 차별점: AST-0232, 파일명 '03153325 복사.jpg'의 개별 파일의 구도·레이아웃 변형에 해당한다.",2026-08-09,,UNKNOWN
AST-0233,01_INPUT(입력_원본)/03_SEOUL_DAY(서울_낮)/lookbook/final_retouched/2) 여자모델/1) 자유/03153328 복사.jpg,03153328 복사.jpg,jpg,룩북,DAY,승인된 COPY PLAN에 따라 복사한 원본 사본. 심층 품질 평가는 아직 진행하지 않음.,1332 × 1775 px,N/A — 정지 이미지,MEDIUM,MEDIUM — KOREA TOUR : SEOUL,A,LOOKBOOK,SUPPORT,사진 속 제품의 현행 SKU·모델 초상 사용 조건 확인,NO — 신규 AI 보완 불필요. 크롭·색보정·현행 SKU/권리 확인만 수행.,원본: /Volumes/DESKTOP/XXX STUDIO/1) 디자인/04) SEOUL/6) 사진 촬영/2) 룩북 촬영/3) 셀렉 & 보정/2) 보정본/1) DAY/2) 여자모델/1) 자유/03153328 복사.jpg,CANDIDATE,REVIEWED,C,"관찰: DAY 아이보리 제품을 화이트 스튜디오에서 촬영한 최종 보정 룩북 컷으로, 개별 파일의 구도·레이아웃 변형이 확인된다. C 판정: 기록·보조 활용 가치는 있으나 더 명확한 대표 후보가 있다. 추천: LOOKBOOK / SUPPORT. 차별점: AST-0233, 파일명 '03153328 복사.jpg'의 개별 파일의 구도·레이아웃 변형에 해당한다.",2026-08-09,,UNKNOWN
AST-0234,01_INPUT(입력_원본)/03_SEOUL_DAY(서울_낮)/lookbook/final_retouched/2) 여자모델/1) 자유/03153333 복사.jpg,03153333 복사.jpg,jpg,룩북,DAY,승인된 COPY PLAN에 따라 복사한 원본 사본. 심층 품질 평가는 아직 진행하지 않음.,1506 × 2009 px,N/A — 정지 이미지,HIGH,MEDIUM — KOREA TOUR : SEOUL,A,LOOKBOOK,SUPPORT,사진 속 제품의 현행 SKU·모델 초상 사용 조건 확인,NO — 신규 AI 보완 불필요. 크롭·색보정·현행 SKU/권리 확인만 수행.,원본: /Volumes/DESKTOP/XXX STUDIO/1) 디자인/04) SEOUL/6) 사진 촬영/2) 룩북 촬영/3) 셀렉 & 보정/2) 보정본/1) DAY/2) 여자모델/1) 자유/03153333 복사.jpg,CANDIDATE,REVIEWED,C,"관찰: DAY 아이보리 제품을 화이트 스튜디오에서 촬영한 최종 보정 룩북 컷으로, 개별 파일의 구도·레이아웃 변형이 확인된다. C 판정: 기록·보조 활용 가치는 있으나 더 명확한 대표 후보가 있다. 추천: LOOKBOOK / SUPPORT. 차별점: AST-0234, 파일명 '03153333 복사.jpg'의 개별 파일의 구도·레이아웃 변형에 해당한다.",2026-08-09,,UNKNOWN
AST-0235,01_INPUT(입력_원본)/03_SEOUL_DAY(서울_낮)/lookbook/final_retouched/3) 트윈/03152175 복사.jpg,03152175 복사.jpg,jpg,룩북,DAY,승인된 COPY PLAN에 따라 복사한 원본 사본. 심층 품질 평가는 아직 진행하지 않음.,1140 × 1520 px,N/A — 정지 이미지,MEDIUM,HIGH — KOREA TOUR : SEOUL,A,DAY / PRODUCT,HERO / PRODUCT PROOF,사진 속 제품의 현행 SKU·모델 초상 사용 조건 확인,NO — 신규 AI 보완 불필요. 크롭·색보정·현행 SKU/권리 확인만 수행.,원본: /Volumes/DESKTOP/XXX STUDIO/1) 디자인/04) SEOUL/6) 사진 촬영/2) 룩북 촬영/3) 셀렉 & 보정/2) 보정본/1) DAY/3) 트윈/03152175 복사.jpg,CANDIDATE,REVIEWED,A,"관찰: 남녀가 전면과 후면을 동시에 보여주는 세로 Twin 보정 컷이다. 아이보리 본체의 작은 전면 표식과 북촌·남산타워 사진 기반 등판 프린트가 한 프레임에서 함께 읽힌다. A 판정: 해당 자산군에서 가장 강한 제품·도시·표식 증거 중 하나다. 추천: DAY / PRODUCT / HERO / PRODUCT PROOF. 차별점: AST-0235, 파일명 '03152175 복사.jpg'의 개별 파일의 구도·레이아웃 변형에 해당한다. PAIR: HERO / PRODUCT — DAY AST-0235 ↔ NIGHT AST-0452.",2026-08-09,,UNKNOWN
AST-0236,01_INPUT(입력_원본)/03_SEOUL_DAY(서울_낮)/lookbook/final_retouched/3) 트윈/03152187 복사.jpg,03152187 복사.jpg,jpg,룩북,DAY,승인된 COPY PLAN에 따라 복사한 원본 사본. 심층 품질 평가는 아직 진행하지 않음.,1401 × 1870 px,N/A — 정지 이미지,MEDIUM,HIGH — KOREA TOUR : SEOUL,A,LOOKBOOK,SUPPORT / PRODUCT PROOF,사진 속 제품의 현행 SKU·모델 초상 사용 조건 확인,NO — 신규 AI 보완 불필요. 크롭·색보정·현행 SKU/권리 확인만 수행.,원본: /Volumes/DESKTOP/XXX STUDIO/1) 디자인/04) SEOUL/6) 사진 촬영/2) 룩북 촬영/3) 셀렉 & 보정/2) 보정본/1) DAY/3) 트윈/03152187 복사.jpg,CANDIDATE,REVIEWED,B,"관찰: DAY 아이보리 제품을 화이트 스튜디오에서 촬영한 최종 보정 룩북 컷으로, 개별 파일의 구도·레이아웃 변형이 확인된다. B 판정: 상세페이지의 제품 증거 또는 보조 서사에는 강하지만, 단독 최상단 Hero 우선순위는 A보다 낮다. 추천: LOOKBOOK / SUPPORT / PRODUCT PROOF. 차별점: AST-0236, 파일명 '03152187 복사.jpg'의 개별 파일의 구도·레이아웃 변형에 해당한다. PAIR: LOOKBOOK — DAY AST-0236 ↔ NIGHT AST-0297.",2026-08-09,,UNKNOWN
AST-0237,01_INPUT(입력_원본)/03_SEOUL_DAY(서울_낮)/lookbook/final_retouched/3) 트윈/03152197 복사.jpg,03152197 복사.jpg,jpg,룩북,DAY,승인된 COPY PLAN에 따라 복사한 원본 사본. 심층 품질 평가는 아직 진행하지 않음.,1338 × 1785 px,N/A — 정지 이미지,MEDIUM,HIGH — KOREA TOUR : SEOUL,A,LOOKBOOK,SUPPORT / PRODUCT PROOF,사진 속 제품의 현행 SKU·모델 초상 사용 조건 확인,NO — 신규 AI 보완 불필요. 크롭·색보정·현행 SKU/권리 확인만 수행.,원본: /Volumes/DESKTOP/XXX STUDIO/1) 디자인/04) SEOUL/6) 사진 촬영/2) 룩북 촬영/3) 셀렉 & 보정/2) 보정본/1) DAY/3) 트윈/03152197 복사.jpg,CANDIDATE,REVIEWED,B,"관찰: DAY 아이보리 제품을 화이트 스튜디오에서 촬영한 최종 보정 룩북 컷으로, 개별 파일의 구도·레이아웃 변형이 확인된다. B 판정: 상세페이지의 제품 증거 또는 보조 서사에는 강하지만, 단독 최상단 Hero 우선순위는 A보다 낮다. 추천: LOOKBOOK / SUPPORT / PRODUCT PROOF. 차별점: AST-0237, 파일명 '03152197 복사.jpg'의 개별 파일의 구도·레이아웃 변형에 해당한다.",2026-08-09,,UNKNOWN
AST-0238,01_INPUT(입력_원본)/03_SEOUL_DAY(서울_낮)/lookbook/final_retouched/3) 트윈/03152208 복사.jpg,03152208 복사.jpg,jpg,룩북,DAY,승인된 COPY PLAN에 따라 복사한 원본 사본. 심층 품질 평가는 아직 진행하지 않음.,1366 × 1821 px,N/A — 정지 이미지,MEDIUM,HIGH — KOREA TOUR : SEOUL,A,LOOKBOOK,SUPPORT / PRODUCT PROOF,사진 속 제품의 현행 SKU·모델 초상 사용 조건 확인,NO — 신규 AI 보완 불필요. 크롭·색보정·현행 SKU/권리 확인만 수행.,원본: /Volumes/DESKTOP/XXX STUDIO/1) 디자인/04) SEOUL/6) 사진 촬영/2) 룩북 촬영/3) 셀렉 & 보정/2) 보정본/1) DAY/3) 트윈/03152208 복사.jpg,CANDIDATE,REVIEWED,B,"관찰: DAY 아이보리 제품을 화이트 스튜디오에서 촬영한 최종 보정 룩북 컷으로, 개별 파일의 구도·레이아웃 변형이 확인된다. B 판정: 상세페이지의 제품 증거 또는 보조 서사에는 강하지만, 단독 최상단 Hero 우선순위는 A보다 낮다. 추천: LOOKBOOK / SUPPORT / PRODUCT PROOF. 차별점: AST-0238, 파일명 '03152208 복사.jpg'의 개별 파일의 구도·레이아웃 변형에 해당한다.",2026-08-09,,UNKNOWN
AST-0239,01_INPUT(입력_원본)/03_SEOUL_DAY(서울_낮)/lookbook/final_retouched/3) 트윈/03152216 복사.jpg,03152216 복사.jpg,jpg,룩북,DAY,승인된 COPY PLAN에 따라 복사한 원본 사본. 심층 품질 평가는 아직 진행하지 않음.,1366 × 1821 px,N/A — 정지 이미지,MEDIUM,HIGH — KOREA TOUR : SEOUL,A,LOOKBOOK,SUPPORT / PRODUCT PROOF,사진 속 제품의 현행 SKU·모델 초상 사용 조건 확인,NO — 신규 AI 보완 불필요. 크롭·색보정·현행 SKU/권리 확인만 수행.,원본: /Volumes/DESKTOP/XXX STUDIO/1) 디자인/04) SEOUL/6) 사진 촬영/2) 룩북 촬영/3) 셀렉 & 보정/2) 보정본/1) DAY/3) 트윈/03152216 복사.jpg,CANDIDATE,REVIEWED,B,"관찰: DAY 아이보리 제품을 화이트 스튜디오에서 촬영한 최종 보정 룩북 컷으로, 개별 파일의 구도·레이아웃 변형이 확인된다. B 판정: 상세페이지의 제품 증거 또는 보조 서사에는 강하지만, 단독 최상단 Hero 우선순위는 A보다 낮다. 추천: LOOKBOOK / SUPPORT / PRODUCT PROOF. 차별점: AST-0239, 파일명 '03152216 복사.jpg'의 개별 파일의 구도·레이아웃 변형에 해당한다.",2026-08-09,,UNKNOWN
AST-0240,01_INPUT(입력_원본)/03_SEOUL_DAY(서울_낮)/lookbook/final_retouched/3) 트윈/03152217 복사.jpg,03152217 복사.jpg,jpg,룩북,DAY,승인된 COPY PLAN에 따라 복사한 원본 사본. 심층 품질 평가는 아직 진행하지 않음.,1095 × 1460 px,N/A — 정지 이미지,MEDIUM,HIGH — KOREA TOUR : SEOUL,A,LOOKBOOK,SUPPORT / PRODUCT PROOF,사진 속 제품의 현행 SKU·모델 초상 사용 조건 확인,NO — 신규 AI 보완 불필요. 크롭·색보정·현행 SKU/권리 확인만 수행.,원본: /Volumes/DESKTOP/XXX STUDIO/1) 디자인/04) SEOUL/6) 사진 촬영/2) 룩북 촬영/3) 셀렉 & 보정/2) 보정본/1) DAY/3) 트윈/03152217 복사.jpg,CANDIDATE,REVIEWED,B,"관찰: DAY 아이보리 제품을 화이트 스튜디오에서 촬영한 최종 보정 룩북 컷으로, 개별 파일의 구도·레이아웃 변형이 확인된다. B 판정: 상세페이지의 제품 증거 또는 보조 서사에는 강하지만, 단독 최상단 Hero 우선순위는 A보다 낮다. 추천: LOOKBOOK / SUPPORT / PRODUCT PROOF. 차별점: AST-0240, 파일명 '03152217 복사.jpg'의 개별 파일의 구도·레이아웃 변형에 해당한다.",2026-08-09,,UNKNOWN
AST-0241,01_INPUT(입력_원본)/03_SEOUL_DAY(서울_낮)/lookbook/final_retouched/3) 트윈/03152233 복사.jpg,03152233 복사.jpg,jpg,룩북,DAY,승인된 COPY PLAN에 따라 복사한 원본 사본. 심층 품질 평가는 아직 진행하지 않음.,1366 × 1821 px,N/A — 정지 이미지,MEDIUM,HIGH — KOREA TOUR : SEOUL,A,LOOKBOOK,SUPPORT / PRODUCT PROOF,사진 속 제품의 현행 SKU·모델 초상 사용 조건 확인,NO — 신규 AI 보완 불필요. 크롭·색보정·현행 SKU/권리 확인만 수행.,원본: /Volumes/DESKTOP/XXX STUDIO/1) 디자인/04) SEOUL/6) 사진 촬영/2) 룩북 촬영/3) 셀렉 & 보정/2) 보정본/1) DAY/3) 트윈/03152233 복사.jpg,CANDIDATE,REVIEWED,B,"관찰: DAY 아이보리 제품을 화이트 스튜디오에서 촬영한 최종 보정 룩북 컷으로, 개별 파일의 구도·레이아웃 변형이 확인된다. B 판정: 상세페이지의 제품 증거 또는 보조 서사에는 강하지만, 단독 최상단 Hero 우선순위는 A보다 낮다. 추천: LOOKBOOK / SUPPORT / PRODUCT PROOF. 차별점: AST-0241, 파일명 '03152233 복사.jpg'의 개별 파일의 구도·레이아웃 변형에 해당한다.",2026-08-09,,UNKNOWN
AST-0242,01_INPUT(입력_원본)/03_SEOUL_DAY(서울_낮)/lookbook/final_retouched/3) 트윈/03152243 복사.jpg,03152243 복사.jpg,jpg,룩북,DAY,승인된 COPY PLAN에 따라 복사한 원본 사본. 심층 품질 평가는 아직 진행하지 않음.,1366 × 1822 px,N/A — 정지 이미지,MEDIUM,HIGH — KOREA TOUR : SEOUL,A,LOOKBOOK,SUPPORT / PRODUCT PROOF,사진 속 제품의 현행 SKU·모델 초상 사용 조건 확인,NO — 신규 AI 보완 불필요. 크롭·색보정·현행 SKU/권리 확인만 수행.,원본: /Volumes/DESKTOP/XXX STUDIO/1) 디자인/04) SEOUL/6) 사진 촬영/2) 룩북 촬영/3) 셀렉 & 보정/2) 보정본/1) DAY/3) 트윈/03152243 복사.jpg,CANDIDATE,REVIEWED,B,"관찰: DAY 아이보리 제품을 화이트 스튜디오에서 촬영한 최종 보정 룩북 컷으로, 개별 파일의 구도·레이아웃 변형이 확인된다. B 판정: 상세페이지의 제품 증거 또는 보조 서사에는 강하지만, 단독 최상단 Hero 우선순위는 A보다 낮다. 추천: LOOKBOOK / SUPPORT / PRODUCT PROOF. 차별점: AST-0242, 파일명 '03152243 복사.jpg'의 개별 파일의 구도·레이아웃 변형에 해당한다.",2026-08-09,,UNKNOWN
AST-0243,01_INPUT(입력_원본)/03_SEOUL_DAY(서울_낮)/lookbook/final_retouched/3) 트윈/정방향/03152175.jpg,03152175.jpg,jpg,룩북,DAY,승인된 COPY PLAN에 따라 복사한 원본 사본. 심층 품질 평가는 아직 진행하지 않음.,1520 × 1520 px,N/A — 정지 이미지,MEDIUM,LOW — KOREA TOUR : SEOUL,A,LOOKBOOK,SUPPORT,중복/파생: 대표 후보 AST-0235와의 관계를 확인; 원본은 보존하고 직접 사용에서는 제외.,NO — 신규 편집 대신 대표 원본을 사용.,원본: /Volumes/DESKTOP/XXX STUDIO/1) 디자인/04) SEOUL/6) 사진 촬영/2) 룩북 촬영/3) 셀렉 & 보정/2) 보정본/1) DAY/3) 트윈/정방향/03152175.jpg,CANDIDATE,REVIEWED,EXCLUDE,"관찰: DAY 아이보리 제품을 화이트 스튜디오에서 촬영한 최종 보정 룩북 컷으로, 개별 파일의 구도·레이아웃 변형이 확인된다. EXCLUDE 판정: 대표 원본과의 중복 또는 직접 사용 효용이 낮은 파생본이다. 추천: LOOKBOOK / SUPPORT. 차별점: AST-0243, 파일명 '03152175.jpg'의 개별 파일의 구도·레이아웃 변형에 해당한다.",2026-08-09,,UNKNOWN
AST-0244,01_INPUT(입력_원본)/03_SEOUL_DAY(서울_낮)/lookbook/final_retouched/3) 트윈/정방향/03152187.jpg,03152187.jpg,jpg,룩북,DAY,승인된 COPY PLAN에 따라 복사한 원본 사본. 심층 품질 평가는 아직 진행하지 않음.,1870 × 1870 px,N/A — 정지 이미지,MEDIUM,LOW — KOREA TOUR : SEOUL,A,LOOKBOOK,SUPPORT,중복/파생: 대표 후보 AST-0236와의 관계를 확인; 원본은 보존하고 직접 사용에서는 제외.,NO — 신규 편집 대신 대표 원본을 사용.,원본: /Volumes/DESKTOP/XXX STUDIO/1) 디자인/04) SEOUL/6) 사진 촬영/2) 룩북 촬영/3) 셀렉 & 보정/2) 보정본/1) DAY/3) 트윈/정방향/03152187.jpg,CANDIDATE,REVIEWED,EXCLUDE,"관찰: DAY 아이보리 제품을 화이트 스튜디오에서 촬영한 최종 보정 룩북 컷으로, 개별 파일의 구도·레이아웃 변형이 확인된다. EXCLUDE 판정: 대표 원본과의 중복 또는 직접 사용 효용이 낮은 파생본이다. 추천: LOOKBOOK / SUPPORT. 차별점: AST-0244, 파일명 '03152187.jpg'의 개별 파일의 구도·레이아웃 변형에 해당한다.",2026-08-09,,UNKNOWN
AST-0245,01_INPUT(입력_원본)/03_SEOUL_DAY(서울_낮)/lookbook/final_retouched/3) 트윈/정방향/03152197.jpg,03152197.jpg,jpg,룩북,DAY,승인된 COPY PLAN에 따라 복사한 원본 사본. 심층 품질 평가는 아직 진행하지 않음.,1785 × 1785 px,N/A — 정지 이미지,MEDIUM,LOW — KOREA TOUR : SEOUL,A,LOOKBOOK,SUPPORT,중복/파생: 대표 후보 AST-0237와의 관계를 확인; 원본은 보존하고 직접 사용에서는 제외.,NO — 신규 편집 대신 대표 원본을 사용.,원본: /Volumes/DESKTOP/XXX STUDIO/1) 디자인/04) SEOUL/6) 사진 촬영/2) 룩북 촬영/3) 셀렉 & 보정/2) 보정본/1) DAY/3) 트윈/정방향/03152197.jpg,CANDIDATE,REVIEWED,EXCLUDE,"관찰: DAY 아이보리 제품을 화이트 스튜디오에서 촬영한 최종 보정 룩북 컷으로, 개별 파일의 구도·레이아웃 변형이 확인된다. EXCLUDE 판정: 대표 원본과의 중복 또는 직접 사용 효용이 낮은 파생본이다. 추천: LOOKBOOK / SUPPORT. 차별점: AST-0245, 파일명 '03152197.jpg'의 개별 파일의 구도·레이아웃 변형에 해당한다.",2026-08-09,,UNKNOWN
AST-0246,01_INPUT(입력_원본)/03_SEOUL_DAY(서울_낮)/lookbook/final_retouched/3) 트윈/정방향/03152208.jpg,03152208.jpg,jpg,룩북,DAY,승인된 COPY PLAN에 따라 복사한 원본 사본. 심층 품질 평가는 아직 진행하지 않음.,1821 × 1821 px,N/A — 정지 이미지,MEDIUM,LOW — KOREA TOUR : SEOUL,A,LOOKBOOK,SUPPORT,중복/파생: 대표 후보 AST-0238와의 관계를 확인; 원본은 보존하고 직접 사용에서는 제외.,NO — 신규 편집 대신 대표 원본을 사용.,원본: /Volumes/DESKTOP/XXX STUDIO/1) 디자인/04) SEOUL/6) 사진 촬영/2) 룩북 촬영/3) 셀렉 & 보정/2) 보정본/1) DAY/3) 트윈/정방향/03152208.jpg,CANDIDATE,REVIEWED,EXCLUDE,"관찰: DAY 아이보리 제품을 화이트 스튜디오에서 촬영한 최종 보정 룩북 컷으로, 개별 파일의 구도·레이아웃 변형이 확인된다. EXCLUDE 판정: 대표 원본과의 중복 또는 직접 사용 효용이 낮은 파생본이다. 추천: LOOKBOOK / SUPPORT. 차별점: AST-0246, 파일명 '03152208.jpg'의 개별 파일의 구도·레이아웃 변형에 해당한다.",2026-08-09,,UNKNOWN
AST-0247,01_INPUT(입력_원본)/03_SEOUL_DAY(서울_낮)/lookbook/final_retouched/3) 트윈/정방향/03152216.jpg,03152216.jpg,jpg,룩북,DAY,승인된 COPY PLAN에 따라 복사한 원본 사본. 심층 품질 평가는 아직 진행하지 않음.,1821 × 1821 px,N/A — 정지 이미지,MEDIUM,LOW — KOREA TOUR : SEOUL,A,LOOKBOOK,SUPPORT,중복/파생: 대표 후보 AST-0239와의 관계를 확인; 원본은 보존하고 직접 사용에서는 제외.,NO — 신규 편집 대신 대표 원본을 사용.,원본: /Volumes/DESKTOP/XXX STUDIO/1) 디자인/04) SEOUL/6) 사진 촬영/2) 룩북 촬영/3) 셀렉 & 보정/2) 보정본/1) DAY/3) 트윈/정방향/03152216.jpg,CANDIDATE,REVIEWED,EXCLUDE,"관찰: DAY 아이보리 제품을 화이트 스튜디오에서 촬영한 최종 보정 룩북 컷으로, 개별 파일의 구도·레이아웃 변형이 확인된다. EXCLUDE 판정: 대표 원본과의 중복 또는 직접 사용 효용이 낮은 파생본이다. 추천: LOOKBOOK / SUPPORT. 차별점: AST-0247, 파일명 '03152216.jpg'의 개별 파일의 구도·레이아웃 변형에 해당한다.",2026-08-09,,UNKNOWN
AST-0248,01_INPUT(입력_원본)/03_SEOUL_DAY(서울_낮)/lookbook/final_retouched/3) 트윈/정방향/03152217.jpg,03152217.jpg,jpg,룩북,DAY,승인된 COPY PLAN에 따라 복사한 원본 사본. 심층 품질 평가는 아직 진행하지 않음.,1460 × 1460 px,N/A — 정지 이미지,MEDIUM,LOW — KOREA TOUR : SEOUL,A,LOOKBOOK,SUPPORT,중복/파생: 대표 후보 AST-0240와의 관계를 확인; 원본은 보존하고 직접 사용에서는 제외.,NO — 신규 편집 대신 대표 원본을 사용.,원본: /Volumes/DESKTOP/XXX STUDIO/1) 디자인/04) SEOUL/6) 사진 촬영/2) 룩북 촬영/3) 셀렉 & 보정/2) 보정본/1) DAY/3) 트윈/정방향/03152217.jpg,CANDIDATE,REVIEWED,EXCLUDE,"관찰: DAY 아이보리 제품을 화이트 스튜디오에서 촬영한 최종 보정 룩북 컷으로, 개별 파일의 구도·레이아웃 변형이 확인된다. EXCLUDE 판정: 대표 원본과의 중복 또는 직접 사용 효용이 낮은 파생본이다. 추천: LOOKBOOK / SUPPORT. 차별점: AST-0248, 파일명 '03152217.jpg'의 개별 파일의 구도·레이아웃 변형에 해당한다.",2026-08-09,,UNKNOWN
AST-0249,01_INPUT(입력_원본)/03_SEOUL_DAY(서울_낮)/lookbook/final_retouched/3) 트윈/정방향/03152233.jpg,03152233.jpg,jpg,룩북,DAY,승인된 COPY PLAN에 따라 복사한 원본 사본. 심층 품질 평가는 아직 진행하지 않음.,1821 × 1821 px,N/A — 정지 이미지,MEDIUM,LOW — KOREA TOUR : SEOUL,A,LOOKBOOK,SUPPORT,중복/파생: 대표 후보 AST-0241와의 관계를 확인; 원본은 보존하고 직접 사용에서는 제외.,NO — 신규 편집 대신 대표 원본을 사용.,원본: /Volumes/DESKTOP/XXX STUDIO/1) 디자인/04) SEOUL/6) 사진 촬영/2) 룩북 촬영/3) 셀렉 & 보정/2) 보정본/1) DAY/3) 트윈/정방향/03152233.jpg,CANDIDATE,REVIEWED,EXCLUDE,"관찰: DAY 아이보리 제품을 화이트 스튜디오에서 촬영한 최종 보정 룩북 컷으로, 개별 파일의 구도·레이아웃 변형이 확인된다. EXCLUDE 판정: 대표 원본과의 중복 또는 직접 사용 효용이 낮은 파생본이다. 추천: LOOKBOOK / SUPPORT. 차별점: AST-0249, 파일명 '03152233.jpg'의 개별 파일의 구도·레이아웃 변형에 해당한다.",2026-08-09,,UNKNOWN
AST-0250,01_INPUT(입력_원본)/03_SEOUL_DAY(서울_낮)/lookbook/final_retouched/3) 트윈/정방향/03152243.jpg,03152243.jpg,jpg,룩북,DAY,승인된 COPY PLAN에 따라 복사한 원본 사본. 심층 품질 평가는 아직 진행하지 않음.,1822 × 1822 px,N/A — 정지 이미지,MEDIUM,LOW — KOREA TOUR : SEOUL,A,LOOKBOOK,SUPPORT,중복/파생: 대표 후보 AST-0242와의 관계를 확인; 원본은 보존하고 직접 사용에서는 제외.,NO — 신규 편집 대신 대표 원본을 사용.,원본: /Volumes/DESKTOP/XXX STUDIO/1) 디자인/04) SEOUL/6) 사진 촬영/2) 룩북 촬영/3) 셀렉 & 보정/2) 보정본/1) DAY/3) 트윈/정방향/03152243.jpg,CANDIDATE,REVIEWED,EXCLUDE,"관찰: DAY 아이보리 제품을 화이트 스튜디오에서 촬영한 최종 보정 룩북 컷으로, 개별 파일의 구도·레이아웃 변형이 확인된다. EXCLUDE 판정: 대표 원본과의 중복 또는 직접 사용 효용이 낮은 파생본이다. 추천: LOOKBOOK / SUPPORT. 차별점: AST-0250, 파일명 '03152243.jpg'의 개별 파일의 구도·레이아웃 변형에 해당한다.",2026-08-09,,UNKNOWN
AST-0251,01_INPUT(입력_원본)/04_SEOUL_NIGHT(서울_밤)/lookbook/final_retouched/1) 착장1(올블랙)/1) 남자모델/1) 기본컷/기본_대각선_오른쪽 복사.jpg,기본_대각선_오른쪽 복사.jpg,jpg,룩북,NIGHT,승인된 COPY PLAN에 따라 복사한 원본 사본. 심층 품질 평가는 아직 진행하지 않음.,1398 × 1863 px,N/A — 정지 이미지,MEDIUM,HIGH — KOREA TOUR : SEOUL,A,LOOKBOOK,SUPPORT / PRODUCT PROOF,사진 속 제품의 현행 SKU·모델 초상 사용 조건 확인,NO — 신규 AI 보완 불필요. 크롭·색보정·현행 SKU/권리 확인만 수행.,원본: /Volumes/DESKTOP/XXX STUDIO/1) 디자인/04) SEOUL/6) 사진 촬영/2) 룩북 촬영/3) 셀렉 & 보정/2) 보정본/2) NIGHT/1) 착장1(올블랙)/1) 남자모델/1) 기본컷/기본_대각선_오른쪽 복사.jpg,CANDIDATE,REVIEWED,B,"관찰: NIGHT 검정 제품을 화이트 스튜디오에서 촬영한 최종 보정 룩북 컷으로, 각도 컷: 실루엣·소매 정보 보조이 확인된다. B 판정: 상세페이지의 제품 증거 또는 보조 서사에는 강하지만, 단독 최상단 Hero 우선순위는 A보다 낮다. 추천: LOOKBOOK / SUPPORT / PRODUCT PROOF. 차별점: AST-0251, 파일명 '기본_대각선_오른쪽 복사.jpg'의 각도 컷: 실루엣·소매 정보 보조에 해당한다.",2026-08-09,,UNKNOWN
AST-0252,01_INPUT(입력_원본)/04_SEOUL_NIGHT(서울_밤)/lookbook/final_retouched/1) 착장1(올블랙)/1) 남자모델/1) 기본컷/기본_대각선_왼쪽 복사.jpg,기본_대각선_왼쪽 복사.jpg,jpg,룩북,NIGHT,승인된 COPY PLAN에 따라 복사한 원본 사본. 심층 품질 평가는 아직 진행하지 않음.,1366 × 1822 px,N/A — 정지 이미지,MEDIUM,HIGH — KOREA TOUR : SEOUL,A,LOOKBOOK,SUPPORT / PRODUCT PROOF,사진 속 제품의 현행 SKU·모델 초상 사용 조건 확인,NO — 신규 AI 보완 불필요. 크롭·색보정·현행 SKU/권리 확인만 수행.,원본: /Volumes/DESKTOP/XXX STUDIO/1) 디자인/04) SEOUL/6) 사진 촬영/2) 룩북 촬영/3) 셀렉 & 보정/2) 보정본/2) NIGHT/1) 착장1(올블랙)/1) 남자모델/1) 기본컷/기본_대각선_왼쪽 복사.jpg,CANDIDATE,REVIEWED,B,"관찰: NIGHT 검정 제품을 화이트 스튜디오에서 촬영한 최종 보정 룩북 컷으로, 각도 컷: 실루엣·소매 정보 보조이 확인된다. B 판정: 상세페이지의 제품 증거 또는 보조 서사에는 강하지만, 단독 최상단 Hero 우선순위는 A보다 낮다. 추천: LOOKBOOK / SUPPORT / PRODUCT PROOF. 차별점: AST-0252, 파일명 '기본_대각선_왼쪽 복사.jpg'의 각도 컷: 실루엣·소매 정보 보조에 해당한다.",2026-08-09,,UNKNOWN
AST-0253,01_INPUT(입력_원본)/04_SEOUL_NIGHT(서울_밤)/lookbook/final_retouched/1) 착장1(올블랙)/1) 남자모델/1) 기본컷/기본_뒤 복사.jpg,기본_뒤 복사.jpg,jpg,룩북,NIGHT,승인된 COPY PLAN에 따라 복사한 원본 사본. 심층 품질 평가는 아직 진행하지 않음.,1387 × 1849 px,N/A — 정지 이미지,MEDIUM,HIGH — KOREA TOUR : SEOUL,A,NIGHT / PRODUCT,PRODUCT PROOF,사진 속 제품의 현행 SKU·모델 초상 사용 조건 확인,NO — 신규 AI 보완 불필요. 크롭·색보정·현행 SKU/권리 확인만 수행.,원본: /Volumes/DESKTOP/XXX STUDIO/1) 디자인/04) SEOUL/6) 사진 촬영/2) 룩북 촬영/3) 셀렉 & 보정/2) 보정본/2) NIGHT/1) 착장1(올블랙)/1) 남자모델/1) 기본컷/기본_뒤 복사.jpg,CANDIDATE,REVIEWED,B,"관찰: 화이트 스튜디오 최종 보정 컷에서 NIGHT 검정 제품의 잠실·롯데타워 야경 등판 프린트와 좌표/QR 정보가 확인된다. B 판정: 상세페이지의 제품 증거 또는 보조 서사에는 강하지만, 단독 최상단 Hero 우선순위는 A보다 낮다. 추천: NIGHT / PRODUCT / PRODUCT PROOF. 차별점: AST-0253, 파일명 '기본_뒤 복사.jpg'의 후면: 등판 프린트 판독에 해당한다. PAIR: PRODUCT PROOF — DAY AST-0192 ↔ NIGHT AST-0253.",2026-08-09,,UNKNOWN
AST-0254,01_INPUT(입력_원본)/04_SEOUL_NIGHT(서울_밤)/lookbook/final_retouched/1) 착장1(올블랙)/1) 남자모델/1) 기본컷/기본_앞_정면2 복사.jpg,기본_앞_정면2 복사.jpg,jpg,룩북,NIGHT,승인된 COPY PLAN에 따라 복사한 원본 사본. 심층 품질 평가는 아직 진행하지 않음.,1380 × 1839 px,N/A — 정지 이미지,MEDIUM,HIGH — KOREA TOUR : SEOUL,A,NIGHT / PRODUCT,PRODUCT PROOF,사진 속 제품의 현행 SKU·모델 초상 사용 조건 확인,NO — 신규 AI 보완 불필요. 크롭·색보정·현행 SKU/권리 확인만 수행.,원본: /Volumes/DESKTOP/XXX STUDIO/1) 디자인/04) SEOUL/6) 사진 촬영/2) 룩북 촬영/3) 셀렉 & 보정/2) 보정본/2) NIGHT/1) 착장1(올블랙)/1) 남자모델/1) 기본컷/기본_앞_정면2 복사.jpg,CANDIDATE,REVIEWED,B,"관찰: 화이트 스튜디오 최종 보정 컷에서 NIGHT 검정 제품의 전면 작은 교차 심볼과 소매 +82/NIGHT/02 코드가 확인된다. B 판정: 상세페이지의 제품 증거 또는 보조 서사에는 강하지만, 단독 최상단 Hero 우선순위는 A보다 낮다. 추천: NIGHT / PRODUCT / PRODUCT PROOF. 차별점: AST-0254, 파일명 '기본_앞_정면2 복사.jpg'의 전면: 가슴 표식/실루엣 판독에 해당한다. PAIR: PRODUCT PROOF — DAY AST-0193 ↔ NIGHT AST-0254.",2026-08-09,,UNKNOWN
AST-0255,01_INPUT(입력_원본)/04_SEOUL_NIGHT(서울_밤)/lookbook/final_retouched/1) 착장1(올블랙)/1) 남자모델/1) 기본컷/기본_측면_오른쪽 복사.jpg,기본_측면_오른쪽 복사.jpg,jpg,룩북,NIGHT,승인된 COPY PLAN에 따라 복사한 원본 사본. 심층 품질 평가는 아직 진행하지 않음.,1384 × 1846 px,N/A — 정지 이미지,MEDIUM,HIGH — KOREA TOUR : SEOUL,A,LOOKBOOK,SUPPORT / PRODUCT PROOF,사진 속 제품의 현행 SKU·모델 초상 사용 조건 확인,NO — 신규 AI 보완 불필요. 크롭·색보정·현행 SKU/권리 확인만 수행.,원본: /Volumes/DESKTOP/XXX STUDIO/1) 디자인/04) SEOUL/6) 사진 촬영/2) 룩북 촬영/3) 셀렉 & 보정/2) 보정본/2) NIGHT/1) 착장1(올블랙)/1) 남자모델/1) 기본컷/기본_측면_오른쪽 복사.jpg,CANDIDATE,REVIEWED,B,"관찰: NIGHT 검정 제품을 화이트 스튜디오에서 촬영한 최종 보정 룩북 컷으로, 각도 컷: 실루엣·소매 정보 보조이 확인된다. B 판정: 상세페이지의 제품 증거 또는 보조 서사에는 강하지만, 단독 최상단 Hero 우선순위는 A보다 낮다. 추천: LOOKBOOK / SUPPORT / PRODUCT PROOF. 차별점: AST-0255, 파일명 '기본_측면_오른쪽 복사.jpg'의 각도 컷: 실루엣·소매 정보 보조에 해당한다.",2026-08-09,,UNKNOWN
AST-0256,01_INPUT(입력_원본)/04_SEOUL_NIGHT(서울_밤)/lookbook/final_retouched/1) 착장1(올블랙)/1) 남자모델/1) 기본컷/기본_측면_왼쪽 복사.jpg,기본_측면_왼쪽 복사.jpg,jpg,룩북,NIGHT,승인된 COPY PLAN에 따라 복사한 원본 사본. 심층 품질 평가는 아직 진행하지 않음.,1384 × 1846 px,N/A — 정지 이미지,MEDIUM,HIGH — KOREA TOUR : SEOUL,A,LOOKBOOK,SUPPORT / PRODUCT PROOF,사진 속 제품의 현행 SKU·모델 초상 사용 조건 확인,NO — 신규 AI 보완 불필요. 크롭·색보정·현행 SKU/권리 확인만 수행.,원본: /Volumes/DESKTOP/XXX STUDIO/1) 디자인/04) SEOUL/6) 사진 촬영/2) 룩북 촬영/3) 셀렉 & 보정/2) 보정본/2) NIGHT/1) 착장1(올블랙)/1) 남자모델/1) 기본컷/기본_측면_왼쪽 복사.jpg,CANDIDATE,REVIEWED,B,"관찰: NIGHT 검정 제품을 화이트 스튜디오에서 촬영한 최종 보정 룩북 컷으로, 각도 컷: 실루엣·소매 정보 보조이 확인된다. B 판정: 상세페이지의 제품 증거 또는 보조 서사에는 강하지만, 단독 최상단 Hero 우선순위는 A보다 낮다. 추천: LOOKBOOK / SUPPORT / PRODUCT PROOF. 차별점: AST-0256, 파일명 '기본_측면_왼쪽 복사.jpg'의 각도 컷: 실루엣·소매 정보 보조에 해당한다.",2026-08-09,,UNKNOWN
AST-0257,01_INPUT(입력_원본)/04_SEOUL_NIGHT(서울_밤)/lookbook/final_retouched/1) 착장1(올블랙)/1) 남자모델/2) 자유/자유_뒷모습 복사.jpg,자유_뒷모습 복사.jpg,jpg,룩북,NIGHT,승인된 COPY PLAN에 따라 복사한 원본 사본. 심층 품질 평가는 아직 진행하지 않음.,1366 × 1821 px,N/A — 정지 이미지,MEDIUM,MEDIUM — KOREA TOUR : SEOUL,A,LOOKBOOK,SUPPORT,사진 속 제품의 현행 SKU·모델 초상 사용 조건 확인,NO — 신규 AI 보완 불필요. 크롭·색보정·현행 SKU/권리 확인만 수행.,원본: /Volumes/DESKTOP/XXX STUDIO/1) 디자인/04) SEOUL/6) 사진 촬영/2) 룩북 촬영/3) 셀렉 & 보정/2) 보정본/2) NIGHT/1) 착장1(올블랙)/1) 남자모델/2) 자유/자유_뒷모습 복사.jpg,CANDIDATE,REVIEWED,C,"관찰: NIGHT 검정 제품을 화이트 스튜디오에서 촬영한 최종 보정 룩북 컷으로, 자유 포즈: 룩북 보조이 확인된다. C 판정: 기록·보조 활용 가치는 있으나 더 명확한 대표 후보가 있다. 추천: LOOKBOOK / SUPPORT. 차별점: AST-0257, 파일명 '자유_뒷모습 복사.jpg'의 자유 포즈: 룩북 보조에 해당한다.",2026-08-09,,UNKNOWN
AST-0258,01_INPUT(입력_원본)/04_SEOUL_NIGHT(서울_밤)/lookbook/final_retouched/1) 착장1(올블랙)/1) 남자모델/2) 자유/자유_뒷측면 복사.jpg,자유_뒷측면 복사.jpg,jpg,룩북,NIGHT,승인된 COPY PLAN에 따라 복사한 원본 사본. 심층 품질 평가는 아직 진행하지 않음.,1388 × 1851 px,N/A — 정지 이미지,MEDIUM,MEDIUM — KOREA TOUR : SEOUL,A,LOOKBOOK,SUPPORT,사진 속 제품의 현행 SKU·모델 초상 사용 조건 확인,NO — 신규 AI 보완 불필요. 크롭·색보정·현행 SKU/권리 확인만 수행.,원본: /Volumes/DESKTOP/XXX STUDIO/1) 디자인/04) SEOUL/6) 사진 촬영/2) 룩북 촬영/3) 셀렉 & 보정/2) 보정본/2) NIGHT/1) 착장1(올블랙)/1) 남자모델/2) 자유/자유_뒷측면 복사.jpg,CANDIDATE,REVIEWED,C,"관찰: NIGHT 검정 제품을 화이트 스튜디오에서 촬영한 최종 보정 룩북 컷으로, 각도 컷: 실루엣·소매 정보 보조이 확인된다. C 판정: 기록·보조 활용 가치는 있으나 더 명확한 대표 후보가 있다. 추천: LOOKBOOK / SUPPORT. 차별점: AST-0258, 파일명 '자유_뒷측면 복사.jpg'의 각도 컷: 실루엣·소매 정보 보조에 해당한다.",2026-08-09,,UNKNOWN
AST-0259,01_INPUT(입력_원본)/04_SEOUL_NIGHT(서울_밤)/lookbook/final_retouched/1) 착장1(올블랙)/1) 남자모델/2) 자유/자유_시그니처1 복사.jpg,자유_시그니처1 복사.jpg,jpg,룩북,NIGHT,승인된 COPY PLAN에 따라 복사한 원본 사본. 심층 품질 평가는 아직 진행하지 않음.,1366 × 1822 px,N/A — 정지 이미지,MEDIUM,HIGH — KOREA TOUR : SEOUL,A,LOOKBOOK,SUPPORT / PRODUCT PROOF,사진 속 제품의 현행 SKU·모델 초상 사용 조건 확인,NO — 신규 AI 보완 불필요. 크롭·색보정·현행 SKU/권리 확인만 수행.,원본: /Volumes/DESKTOP/XXX STUDIO/1) 디자인/04) SEOUL/6) 사진 촬영/2) 룩북 촬영/3) 셀렉 & 보정/2) 보정본/2) NIGHT/1) 착장1(올블랙)/1) 남자모델/2) 자유/자유_시그니처1 복사.jpg,CANDIDATE,REVIEWED,B,"관찰: NIGHT 검정 제품을 화이트 스튜디오에서 촬영한 최종 보정 룩북 컷으로, 자유 포즈: 룩북 보조이 확인된다. B 판정: 상세페이지의 제품 증거 또는 보조 서사에는 강하지만, 단독 최상단 Hero 우선순위는 A보다 낮다. 추천: LOOKBOOK / SUPPORT / PRODUCT PROOF. 차별점: AST-0259, 파일명 '자유_시그니처1 복사.jpg'의 자유 포즈: 룩북 보조에 해당한다.",2026-08-09,,UNKNOWN
AST-0260,01_INPUT(입력_원본)/04_SEOUL_NIGHT(서울_밤)/lookbook/final_retouched/1) 착장1(올블랙)/1) 남자모델/2) 자유/자유_시그니처2 복사.jpg,자유_시그니처2 복사.jpg,jpg,룩북,NIGHT,승인된 COPY PLAN에 따라 복사한 원본 사본. 심층 품질 평가는 아직 진행하지 않음.,1366 × 1821 px,N/A — 정지 이미지,MEDIUM,HIGH — KOREA TOUR : SEOUL,A,LOOKBOOK,SUPPORT / PRODUCT PROOF,사진 속 제품의 현행 SKU·모델 초상 사용 조건 확인,NO — 신규 AI 보완 불필요. 크롭·색보정·현행 SKU/권리 확인만 수행.,원본: /Volumes/DESKTOP/XXX STUDIO/1) 디자인/04) SEOUL/6) 사진 촬영/2) 룩북 촬영/3) 셀렉 & 보정/2) 보정본/2) NIGHT/1) 착장1(올블랙)/1) 남자모델/2) 자유/자유_시그니처2 복사.jpg,CANDIDATE,REVIEWED,B,"관찰: NIGHT 검정 제품을 화이트 스튜디오에서 촬영한 최종 보정 룩북 컷으로, 자유 포즈: 룩북 보조이 확인된다. B 판정: 상세페이지의 제품 증거 또는 보조 서사에는 강하지만, 단독 최상단 Hero 우선순위는 A보다 낮다. 추천: LOOKBOOK / SUPPORT / PRODUCT PROOF. 차별점: AST-0260, 파일명 '자유_시그니처2 복사.jpg'의 자유 포즈: 룩북 보조에 해당한다.",2026-08-09,,UNKNOWN
AST-0261,01_INPUT(입력_원본)/04_SEOUL_NIGHT(서울_밤)/lookbook/final_retouched/1) 착장1(올블랙)/1) 남자모델/2) 자유/자유_정면_주머니 복사.jpg,자유_정면_주머니 복사.jpg,jpg,룩북,NIGHT,승인된 COPY PLAN에 따라 복사한 원본 사본. 심층 품질 평가는 아직 진행하지 않음.,1394 × 1858 px,N/A — 정지 이미지,MEDIUM,HIGH — KOREA TOUR : SEOUL,A,LOOKBOOK,SUPPORT / PRODUCT PROOF,사진 속 제품의 현행 SKU·모델 초상 사용 조건 확인,NO — 신규 AI 보완 불필요. 크롭·색보정·현행 SKU/권리 확인만 수행.,원본: /Volumes/DESKTOP/XXX STUDIO/1) 디자인/04) SEOUL/6) 사진 촬영/2) 룩북 촬영/3) 셀렉 & 보정/2) 보정본/2) NIGHT/1) 착장1(올블랙)/1) 남자모델/2) 자유/자유_정면_주머니 복사.jpg,CANDIDATE,REVIEWED,B,"관찰: NIGHT 검정 제품을 화이트 스튜디오에서 촬영한 최종 보정 룩북 컷으로, 자유 포즈: 룩북 보조이 확인된다. B 판정: 상세페이지의 제품 증거 또는 보조 서사에는 강하지만, 단독 최상단 Hero 우선순위는 A보다 낮다. 추천: LOOKBOOK / SUPPORT / PRODUCT PROOF. 차별점: AST-0261, 파일명 '자유_정면_주머니 복사.jpg'의 자유 포즈: 룩북 보조에 해당한다.",2026-08-09,,UNKNOWN
AST-0262,01_INPUT(입력_원본)/04_SEOUL_NIGHT(서울_밤)/lookbook/final_retouched/1) 착장1(올블랙)/1) 남자모델/2) 자유/자유_측면_왼쪽_가슴 복사.jpg,자유_측면_왼쪽_가슴 복사.jpg,jpg,룩북,NIGHT,승인된 COPY PLAN에 따라 복사한 원본 사본. 심층 품질 평가는 아직 진행하지 않음.,1384 × 1845 px,N/A — 정지 이미지,MEDIUM,HIGH — KOREA TOUR : SEOUL,A,LOOKBOOK,SUPPORT / PRODUCT PROOF,사진 속 제품의 현행 SKU·모델 초상 사용 조건 확인,NO — 신규 AI 보완 불필요. 크롭·색보정·현행 SKU/권리 확인만 수행.,원본: /Volumes/DESKTOP/XXX STUDIO/1) 디자인/04) SEOUL/6) 사진 촬영/2) 룩북 촬영/3) 셀렉 & 보정/2) 보정본/2) NIGHT/1) 착장1(올블랙)/1) 남자모델/2) 자유/자유_측면_왼쪽_가슴 복사.jpg,CANDIDATE,REVIEWED,B,"관찰: NIGHT 검정 제품을 화이트 스튜디오에서 촬영한 최종 보정 룩북 컷으로, 각도 컷: 실루엣·소매 정보 보조이 확인된다. B 판정: 상세페이지의 제품 증거 또는 보조 서사에는 강하지만, 단독 최상단 Hero 우선순위는 A보다 낮다. 추천: LOOKBOOK / SUPPORT / PRODUCT PROOF. 차별점: AST-0262, 파일명 '자유_측면_왼쪽_가슴 복사.jpg'의 각도 컷: 실루엣·소매 정보 보조에 해당한다.",2026-08-09,,UNKNOWN
AST-0263,01_INPUT(입력_원본)/04_SEOUL_NIGHT(서울_밤)/lookbook/final_retouched/1) 착장1(올블랙)/1) 남자모델/2) 자유/자유_측면_왼쪽_주머니 복사.jpg,자유_측면_왼쪽_주머니 복사.jpg,jpg,룩북,NIGHT,승인된 COPY PLAN에 따라 복사한 원본 사본. 심층 품질 평가는 아직 진행하지 않음.,1373 × 1830 px,N/A — 정지 이미지,MEDIUM,HIGH — KOREA TOUR : SEOUL,A,LOOKBOOK,SUPPORT / PRODUCT PROOF,사진 속 제품의 현행 SKU·모델 초상 사용 조건 확인,NO — 신규 AI 보완 불필요. 크롭·색보정·현행 SKU/권리 확인만 수행.,원본: /Volumes/DESKTOP/XXX STUDIO/1) 디자인/04) SEOUL/6) 사진 촬영/2) 룩북 촬영/3) 셀렉 & 보정/2) 보정본/2) NIGHT/1) 착장1(올블랙)/1) 남자모델/2) 자유/자유_측면_왼쪽_주머니 복사.jpg,CANDIDATE,REVIEWED,B,"관찰: NIGHT 검정 제품을 화이트 스튜디오에서 촬영한 최종 보정 룩북 컷으로, 각도 컷: 실루엣·소매 정보 보조이 확인된다. B 판정: 상세페이지의 제품 증거 또는 보조 서사에는 강하지만, 단독 최상단 Hero 우선순위는 A보다 낮다. 추천: LOOKBOOK / SUPPORT / PRODUCT PROOF. 차별점: AST-0263, 파일명 '자유_측면_왼쪽_주머니 복사.jpg'의 각도 컷: 실루엣·소매 정보 보조에 해당한다.",2026-08-09,,UNKNOWN
AST-0264,01_INPUT(입력_원본)/04_SEOUL_NIGHT(서울_밤)/lookbook/final_retouched/1) 착장1(올블랙)/1) 남자모델/2) 자유/자유_확대_옆모습 복사.jpg,자유_확대_옆모습 복사.jpg,jpg,룩북,NIGHT,승인된 COPY PLAN에 따라 복사한 원본 사본. 심층 품질 평가는 아직 진행하지 않음.,1506 × 2006 px,N/A — 정지 이미지,HIGH,HIGH — KOREA TOUR : SEOUL,A,DETAIL,DETAIL / PRODUCT PROOF,사진 속 제품의 현행 SKU·모델 초상 사용 조건 확인,NO — 신규 AI 보완 불필요. 크롭·색보정·현행 SKU/권리 확인만 수행.,원본: /Volumes/DESKTOP/XXX STUDIO/1) 디자인/04) SEOUL/6) 사진 촬영/2) 룩북 촬영/3) 셀렉 & 보정/2) 보정본/2) NIGHT/1) 착장1(올블랙)/1) 남자모델/2) 자유/자유_확대_옆모습 복사.jpg,CANDIDATE,REVIEWED,B,"관찰: NIGHT 검정 제품을 화이트 스튜디오에서 촬영한 최종 보정 룩북 컷으로, 디테일: 로고·티켓·소매 정보 판독이 확인된다. B 판정: 상세페이지의 제품 증거 또는 보조 서사에는 강하지만, 단독 최상단 Hero 우선순위는 A보다 낮다. 추천: DETAIL / DETAIL / PRODUCT PROOF. 차별점: AST-0264, 파일명 '자유_확대_옆모습 복사.jpg'의 디테일: 로고·티켓·소매 정보 판독에 해당한다.",2026-08-09,,UNKNOWN
AST-0265,01_INPUT(입력_원본)/04_SEOUL_NIGHT(서울_밤)/lookbook/final_retouched/1) 착장1(올블랙)/1) 남자모델/2) 자유/자유_확대_측면_주머니 복사.jpg,자유_확대_측면_주머니 복사.jpg,jpg,룩북,NIGHT,승인된 COPY PLAN에 따라 복사한 원본 사본. 심층 품질 평가는 아직 진행하지 않음.,1447 × 1930 px,N/A — 정지 이미지,MEDIUM,HIGH — KOREA TOUR : SEOUL,A,DETAIL,DETAIL / PRODUCT PROOF,사진 속 제품의 현행 SKU·모델 초상 사용 조건 확인,NO — 신규 AI 보완 불필요. 크롭·색보정·현행 SKU/권리 확인만 수행.,원본: /Volumes/DESKTOP/XXX STUDIO/1) 디자인/04) SEOUL/6) 사진 촬영/2) 룩북 촬영/3) 셀렉 & 보정/2) 보정본/2) NIGHT/1) 착장1(올블랙)/1) 남자모델/2) 자유/자유_확대_측면_주머니 복사.jpg,CANDIDATE,REVIEWED,B,"관찰: NIGHT 검정 제품을 화이트 스튜디오에서 촬영한 최종 보정 룩북 컷으로, 디테일: 로고·티켓·소매 정보 판독이 확인된다. B 판정: 상세페이지의 제품 증거 또는 보조 서사에는 강하지만, 단독 최상단 Hero 우선순위는 A보다 낮다. 추천: DETAIL / DETAIL / PRODUCT PROOF. 차별점: AST-0265, 파일명 '자유_확대_측면_주머니 복사.jpg'의 디테일: 로고·티켓·소매 정보 판독에 해당한다.",2026-08-09,,UNKNOWN
AST-0266,01_INPUT(입력_원본)/04_SEOUL_NIGHT(서울_밤)/lookbook/final_retouched/1) 착장1(올블랙)/2) 여자모델/1) 기본컷/기본_대각선_오른쪽 복사(로고제거).jpg,기본_대각선_오른쪽 복사(로고제거).jpg,jpg,룩북,NIGHT,승인된 COPY PLAN에 따라 복사한 원본 사본. 심층 품질 평가는 아직 진행하지 않음.,1390 × 1853 px,N/A — 정지 이미지,MEDIUM,HIGH — KOREA TOUR : SEOUL,A,LOOKBOOK,SUPPORT / PRODUCT PROOF,사진 속 제품의 현행 SKU·모델 초상 사용 조건 확인,NO — 신규 AI 보완 불필요. 크롭·색보정·현행 SKU/권리 확인만 수행.,원본: /Volumes/DESKTOP/XXX STUDIO/1) 디자인/04) SEOUL/6) 사진 촬영/2) 룩북 촬영/3) 셀렉 & 보정/2) 보정본/2) NIGHT/1) 착장1(올블랙)/2) 여자모델/1) 기본컷/기본_대각선_오른쪽 복사(로고제거).jpg,CANDIDATE,REVIEWED,B,"관찰: NIGHT 검정 제품을 화이트 스튜디오에서 촬영한 최종 보정 룩북 컷으로, 각도 컷: 실루엣·소매 정보 보조이 확인된다. B 판정: 상세페이지의 제품 증거 또는 보조 서사에는 강하지만, 단독 최상단 Hero 우선순위는 A보다 낮다. 추천: LOOKBOOK / SUPPORT / PRODUCT PROOF. 차별점: AST-0266, 파일명 '기본_대각선_오른쪽 복사(로고제거).jpg'의 각도 컷: 실루엣·소매 정보 보조에 해당한다.",2026-08-09,,UNKNOWN
AST-0267,01_INPUT(입력_원본)/04_SEOUL_NIGHT(서울_밤)/lookbook/final_retouched/1) 착장1(올블랙)/2) 여자모델/1) 기본컷/기본_대각선_오른쪽 복사.jpg,기본_대각선_오른쪽 복사.jpg,jpg,룩북,NIGHT,승인된 COPY PLAN에 따라 복사한 원본 사본. 심층 품질 평가는 아직 진행하지 않음.,1390 × 1853 px,N/A — 정지 이미지,MEDIUM,HIGH — KOREA TOUR : SEOUL,A,LOOKBOOK,SUPPORT / PRODUCT PROOF,사진 속 제품의 현행 SKU·모델 초상 사용 조건 확인,NO — 신규 AI 보완 불필요. 크롭·색보정·현행 SKU/권리 확인만 수행.,원본: /Volumes/DESKTOP/XXX STUDIO/1) 디자인/04) SEOUL/6) 사진 촬영/2) 룩북 촬영/3) 셀렉 & 보정/2) 보정본/2) NIGHT/1) 착장1(올블랙)/2) 여자모델/1) 기본컷/기본_대각선_오른쪽 복사.jpg,CANDIDATE,REVIEWED,B,"관찰: NIGHT 검정 제품을 화이트 스튜디오에서 촬영한 최종 보정 룩북 컷으로, 각도 컷: 실루엣·소매 정보 보조이 확인된다. B 판정: 상세페이지의 제품 증거 또는 보조 서사에는 강하지만, 단독 최상단 Hero 우선순위는 A보다 낮다. 추천: LOOKBOOK / SUPPORT / PRODUCT PROOF. 차별점: AST-0267, 파일명 '기본_대각선_오른쪽 복사.jpg'의 각도 컷: 실루엣·소매 정보 보조에 해당한다.",2026-08-09,,UNKNOWN
AST-0268,01_INPUT(입력_원본)/04_SEOUL_NIGHT(서울_밤)/lookbook/final_retouched/1) 착장1(올블랙)/2) 여자모델/1) 기본컷/기본_대각선_왼쪽 복사(로고제거).jpg,기본_대각선_왼쪽 복사(로고제거).jpg,jpg,룩북,NIGHT,승인된 COPY PLAN에 따라 복사한 원본 사본. 심층 품질 평가는 아직 진행하지 않음.,1366 × 1821 px,N/A — 정지 이미지,MEDIUM,HIGH — KOREA TOUR : SEOUL,A,LOOKBOOK,SUPPORT / PRODUCT PROOF,사진 속 제품의 현행 SKU·모델 초상 사용 조건 확인,NO — 신규 AI 보완 불필요. 크롭·색보정·현행 SKU/권리 확인만 수행.,원본: /Volumes/DESKTOP/XXX STUDIO/1) 디자인/04) SEOUL/6) 사진 촬영/2) 룩북 촬영/3) 셀렉 & 보정/2) 보정본/2) NIGHT/1) 착장1(올블랙)/2) 여자모델/1) 기본컷/기본_대각선_왼쪽 복사(로고제거).jpg,CANDIDATE,REVIEWED,B,"관찰: NIGHT 검정 제품을 화이트 스튜디오에서 촬영한 최종 보정 룩북 컷으로, 각도 컷: 실루엣·소매 정보 보조이 확인된다. B 판정: 상세페이지의 제품 증거 또는 보조 서사에는 강하지만, 단독 최상단 Hero 우선순위는 A보다 낮다. 추천: LOOKBOOK / SUPPORT / PRODUCT PROOF. 차별점: AST-0268, 파일명 '기본_대각선_왼쪽 복사(로고제거).jpg'의 각도 컷: 실루엣·소매 정보 보조에 해당한다.",2026-08-09,,UNKNOWN
AST-0269,01_INPUT(입력_원본)/04_SEOUL_NIGHT(서울_밤)/lookbook/final_retouched/1) 착장1(올블랙)/2) 여자모델/1) 기본컷/기본_대각선_왼쪽 복사.jpg,기본_대각선_왼쪽 복사.jpg,jpg,룩북,NIGHT,승인된 COPY PLAN에 따라 복사한 원본 사본. 심층 품질 평가는 아직 진행하지 않음.,1366 × 1821 px,N/A — 정지 이미지,MEDIUM,HIGH — KOREA TOUR : SEOUL,A,LOOKBOOK,SUPPORT / PRODUCT PROOF,사진 속 제품의 현행 SKU·모델 초상 사용 조건 확인,NO — 신규 AI 보완 불필요. 크롭·색보정·현행 SKU/권리 확인만 수행.,원본: /Volumes/DESKTOP/XXX STUDIO/1) 디자인/04) SEOUL/6) 사진 촬영/2) 룩북 촬영/3) 셀렉 & 보정/2) 보정본/2) NIGHT/1) 착장1(올블랙)/2) 여자모델/1) 기본컷/기본_대각선_왼쪽 복사.jpg,CANDIDATE,REVIEWED,B,"관찰: NIGHT 검정 제품을 화이트 스튜디오에서 촬영한 최종 보정 룩북 컷으로, 각도 컷: 실루엣·소매 정보 보조이 확인된다. B 판정: 상세페이지의 제품 증거 또는 보조 서사에는 강하지만, 단독 최상단 Hero 우선순위는 A보다 낮다. 추천: LOOKBOOK / SUPPORT / PRODUCT PROOF. 차별점: AST-0269, 파일명 '기본_대각선_왼쪽 복사.jpg'의 각도 컷: 실루엣·소매 정보 보조에 해당한다.",2026-08-09,,UNKNOWN
AST-0270,01_INPUT(입력_원본)/04_SEOUL_NIGHT(서울_밤)/lookbook/final_retouched/1) 착장1(올블랙)/2) 여자모델/1) 기본컷/기본_뒤 복사(로고제거).jpg,기본_뒤 복사(로고제거).jpg,jpg,룩북,NIGHT,승인된 COPY PLAN에 따라 복사한 원본 사본. 심층 품질 평가는 아직 진행하지 않음.,1400 × 1866 px,N/A — 정지 이미지,MEDIUM,HIGH — KOREA TOUR : SEOUL,A,NIGHT / PRODUCT,PRODUCT PROOF,사진 속 제품의 현행 SKU·모델 초상 사용 조건 확인,NO — 신규 AI 보완 불필요. 크롭·색보정·현행 SKU/권리 확인만 수행.,원본: /Volumes/DESKTOP/XXX STUDIO/1) 디자인/04) SEOUL/6) 사진 촬영/2) 룩북 촬영/3) 셀렉 & 보정/2) 보정본/2) NIGHT/1) 착장1(올블랙)/2) 여자모델/1) 기본컷/기본_뒤 복사(로고제거).jpg,CANDIDATE,REVIEWED,B,"관찰: 화이트 스튜디오 최종 보정 컷에서 NIGHT 검정 제품의 잠실·롯데타워 야경 등판 프린트와 좌표/QR 정보가 확인된다. B 판정: 상세페이지의 제품 증거 또는 보조 서사에는 강하지만, 단독 최상단 Hero 우선순위는 A보다 낮다. 추천: NIGHT / PRODUCT / PRODUCT PROOF. 차별점: AST-0270, 파일명 '기본_뒤 복사(로고제거).jpg'의 후면: 등판 프린트 판독에 해당한다.",2026-08-09,,UNKNOWN
AST-0271,01_INPUT(입력_원본)/04_SEOUL_NIGHT(서울_밤)/lookbook/final_retouched/1) 착장1(올블랙)/2) 여자모델/1) 기본컷/기본_뒤 복사.jpg,기본_뒤 복사.jpg,jpg,룩북,NIGHT,승인된 COPY PLAN에 따라 복사한 원본 사본. 심층 품질 평가는 아직 진행하지 않음.,1400 × 1866 px,N/A — 정지 이미지,MEDIUM,HIGH — KOREA TOUR : SEOUL,A,NIGHT / PRODUCT,PRODUCT PROOF,사진 속 제품의 현행 SKU·모델 초상 사용 조건 확인,NO — 신규 AI 보완 불필요. 크롭·색보정·현행 SKU/권리 확인만 수행.,원본: /Volumes/DESKTOP/XXX STUDIO/1) 디자인/04) SEOUL/6) 사진 촬영/2) 룩북 촬영/3) 셀렉 & 보정/2) 보정본/2) NIGHT/1) 착장1(올블랙)/2) 여자모델/1) 기본컷/기본_뒤 복사.jpg,CANDIDATE,REVIEWED,B,"관찰: 화이트 스튜디오 최종 보정 컷에서 NIGHT 검정 제품의 잠실·롯데타워 야경 등판 프린트와 좌표/QR 정보가 확인된다. B 판정: 상세페이지의 제품 증거 또는 보조 서사에는 강하지만, 단독 최상단 Hero 우선순위는 A보다 낮다. 추천: NIGHT / PRODUCT / PRODUCT PROOF. 차별점: AST-0271, 파일명 '기본_뒤 복사.jpg'의 후면: 등판 프린트 판독에 해당한다. PAIR: PRODUCT PROOF — DAY AST-0217 ↔ NIGHT AST-0271.",2026-08-09,,UNKNOWN
AST-0272,01_INPUT(입력_원본)/04_SEOUL_NIGHT(서울_밤)/lookbook/final_retouched/1) 착장1(올블랙)/2) 여자모델/1) 기본컷/기본_앞_정면2 복사(로고제거).jpg,기본_앞_정면2 복사(로고제거).jpg,jpg,룩북,NIGHT,승인된 COPY PLAN에 따라 복사한 원본 사본. 심층 품질 평가는 아직 진행하지 않음.,1366 × 1822 px,N/A — 정지 이미지,MEDIUM,HIGH — KOREA TOUR : SEOUL,A,NIGHT / PRODUCT,PRODUCT PROOF,사진 속 제품의 현행 SKU·모델 초상 사용 조건 확인,NO — 신규 AI 보완 불필요. 크롭·색보정·현행 SKU/권리 확인만 수행.,원본: /Volumes/DESKTOP/XXX STUDIO/1) 디자인/04) SEOUL/6) 사진 촬영/2) 룩북 촬영/3) 셀렉 & 보정/2) 보정본/2) NIGHT/1) 착장1(올블랙)/2) 여자모델/1) 기본컷/기본_앞_정면2 복사(로고제거).jpg,CANDIDATE,REVIEWED,B,"관찰: 화이트 스튜디오 최종 보정 컷에서 NIGHT 검정 제품의 전면 작은 교차 심볼과 소매 +82/NIGHT/02 코드가 확인된다. B 판정: 상세페이지의 제품 증거 또는 보조 서사에는 강하지만, 단독 최상단 Hero 우선순위는 A보다 낮다. 추천: NIGHT / PRODUCT / PRODUCT PROOF. 차별점: AST-0272, 파일명 '기본_앞_정면2 복사(로고제거).jpg'의 전면: 가슴 표식/실루엣 판독에 해당한다.",2026-08-09,,UNKNOWN
AST-0273,01_INPUT(입력_원본)/04_SEOUL_NIGHT(서울_밤)/lookbook/final_retouched/1) 착장1(올블랙)/2) 여자모델/1) 기본컷/기본_앞_정면2 복사.jpg,기본_앞_정면2 복사.jpg,jpg,룩북,NIGHT,승인된 COPY PLAN에 따라 복사한 원본 사본. 심층 품질 평가는 아직 진행하지 않음.,1366 × 1822 px,N/A — 정지 이미지,MEDIUM,HIGH — KOREA TOUR : SEOUL,A,NIGHT / PRODUCT,PRODUCT PROOF,사진 속 제품의 현행 SKU·모델 초상 사용 조건 확인,NO — 신규 AI 보완 불필요. 크롭·색보정·현행 SKU/권리 확인만 수행.,원본: /Volumes/DESKTOP/XXX STUDIO/1) 디자인/04) SEOUL/6) 사진 촬영/2) 룩북 촬영/3) 셀렉 & 보정/2) 보정본/2) NIGHT/1) 착장1(올블랙)/2) 여자모델/1) 기본컷/기본_앞_정면2 복사.jpg,CANDIDATE,REVIEWED,B,"관찰: 화이트 스튜디오 최종 보정 컷에서 NIGHT 검정 제품의 전면 작은 교차 심볼과 소매 +82/NIGHT/02 코드가 확인된다. B 판정: 상세페이지의 제품 증거 또는 보조 서사에는 강하지만, 단독 최상단 Hero 우선순위는 A보다 낮다. 추천: NIGHT / PRODUCT / PRODUCT PROOF. 차별점: AST-0273, 파일명 '기본_앞_정면2 복사.jpg'의 전면: 가슴 표식/실루엣 판독에 해당한다. PAIR: PRODUCT PROOF — DAY AST-0218 ↔ NIGHT AST-0273.",2026-08-09,,UNKNOWN
AST-0274,01_INPUT(입력_원본)/04_SEOUL_NIGHT(서울_밤)/lookbook/final_retouched/1) 착장1(올블랙)/2) 여자모델/1) 기본컷/기본_측면_오른쪽 복사(로고제거).jpg,기본_측면_오른쪽 복사(로고제거).jpg,jpg,룩북,NIGHT,승인된 COPY PLAN에 따라 복사한 원본 사본. 심층 품질 평가는 아직 진행하지 않음.,1389 × 1852 px,N/A — 정지 이미지,MEDIUM,HIGH — KOREA TOUR : SEOUL,A,LOOKBOOK,SUPPORT / PRODUCT PROOF,사진 속 제품의 현행 SKU·모델 초상 사용 조건 확인,NO — 신규 AI 보완 불필요. 크롭·색보정·현행 SKU/권리 확인만 수행.,원본: /Volumes/DESKTOP/XXX STUDIO/1) 디자인/04) SEOUL/6) 사진 촬영/2) 룩북 촬영/3) 셀렉 & 보정/2) 보정본/2) NIGHT/1) 착장1(올블랙)/2) 여자모델/1) 기본컷/기본_측면_오른쪽 복사(로고제거).jpg,CANDIDATE,REVIEWED,B,"관찰: NIGHT 검정 제품을 화이트 스튜디오에서 촬영한 최종 보정 룩북 컷으로, 각도 컷: 실루엣·소매 정보 보조이 확인된다. B 판정: 상세페이지의 제품 증거 또는 보조 서사에는 강하지만, 단독 최상단 Hero 우선순위는 A보다 낮다. 추천: LOOKBOOK / SUPPORT / PRODUCT PROOF. 차별점: AST-0274, 파일명 '기본_측면_오른쪽 복사(로고제거).jpg'의 각도 컷: 실루엣·소매 정보 보조에 해당한다.",2026-08-09,,UNKNOWN
AST-0275,01_INPUT(입력_원본)/04_SEOUL_NIGHT(서울_밤)/lookbook/final_retouched/1) 착장1(올블랙)/2) 여자모델/1) 기본컷/기본_측면_오른쪽 복사.jpg,기본_측면_오른쪽 복사.jpg,jpg,룩북,NIGHT,승인된 COPY PLAN에 따라 복사한 원본 사본. 심층 품질 평가는 아직 진행하지 않음.,1389 × 1852 px,N/A — 정지 이미지,MEDIUM,HIGH — KOREA TOUR : SEOUL,A,LOOKBOOK,SUPPORT / PRODUCT PROOF,사진 속 제품의 현행 SKU·모델 초상 사용 조건 확인,NO — 신규 AI 보완 불필요. 크롭·색보정·현행 SKU/권리 확인만 수행.,원본: /Volumes/DESKTOP/XXX STUDIO/1) 디자인/04) SEOUL/6) 사진 촬영/2) 룩북 촬영/3) 셀렉 & 보정/2) 보정본/2) NIGHT/1) 착장1(올블랙)/2) 여자모델/1) 기본컷/기본_측면_오른쪽 복사.jpg,CANDIDATE,REVIEWED,B,"관찰: NIGHT 검정 제품을 화이트 스튜디오에서 촬영한 최종 보정 룩북 컷으로, 각도 컷: 실루엣·소매 정보 보조이 확인된다. B 판정: 상세페이지의 제품 증거 또는 보조 서사에는 강하지만, 단독 최상단 Hero 우선순위는 A보다 낮다. 추천: LOOKBOOK / SUPPORT / PRODUCT PROOF. 차별점: AST-0275, 파일명 '기본_측면_오른쪽 복사.jpg'의 각도 컷: 실루엣·소매 정보 보조에 해당한다.",2026-08-09,,UNKNOWN
AST-0276,01_INPUT(입력_원본)/04_SEOUL_NIGHT(서울_밤)/lookbook/final_retouched/1) 착장1(올블랙)/2) 여자모델/1) 기본컷/기본_측면_왼쪽 복사(로고제거).jpg,기본_측면_왼쪽 복사(로고제거).jpg,jpg,룩북,NIGHT,승인된 COPY PLAN에 따라 복사한 원본 사본. 심층 품질 평가는 아직 진행하지 않음.,1366 × 1821 px,N/A — 정지 이미지,MEDIUM,HIGH — KOREA TOUR : SEOUL,A,LOOKBOOK,SUPPORT / PRODUCT PROOF,사진 속 제품의 현행 SKU·모델 초상 사용 조건 확인,NO — 신규 AI 보완 불필요. 크롭·색보정·현행 SKU/권리 확인만 수행.,원본: /Volumes/DESKTOP/XXX STUDIO/1) 디자인/04) SEOUL/6) 사진 촬영/2) 룩북 촬영/3) 셀렉 & 보정/2) 보정본/2) NIGHT/1) 착장1(올블랙)/2) 여자모델/1) 기본컷/기본_측면_왼쪽 복사(로고제거).jpg,CANDIDATE,REVIEWED,B,"관찰: NIGHT 검정 제품을 화이트 스튜디오에서 촬영한 최종 보정 룩북 컷으로, 각도 컷: 실루엣·소매 정보 보조이 확인된다. B 판정: 상세페이지의 제품 증거 또는 보조 서사에는 강하지만, 단독 최상단 Hero 우선순위는 A보다 낮다. 추천: LOOKBOOK / SUPPORT / PRODUCT PROOF. 차별점: AST-0276, 파일명 '기본_측면_왼쪽 복사(로고제거).jpg'의 각도 컷: 실루엣·소매 정보 보조에 해당한다.",2026-08-09,,UNKNOWN
AST-0277,01_INPUT(입력_원본)/04_SEOUL_NIGHT(서울_밤)/lookbook/final_retouched/1) 착장1(올블랙)/2) 여자모델/1) 기본컷/기본_측면_왼쪽 복사.jpg,기본_측면_왼쪽 복사.jpg,jpg,룩북,NIGHT,승인된 COPY PLAN에 따라 복사한 원본 사본. 심층 품질 평가는 아직 진행하지 않음.,1366 × 1821 px,N/A — 정지 이미지,MEDIUM,HIGH — KOREA TOUR : SEOUL,A,LOOKBOOK,SUPPORT / PRODUCT PROOF,사진 속 제품의 현행 SKU·모델 초상 사용 조건 확인,NO — 신규 AI 보완 불필요. 크롭·색보정·현행 SKU/권리 확인만 수행.,원본: /Volumes/DESKTOP/XXX STUDIO/1) 디자인/04) SEOUL/6) 사진 촬영/2) 룩북 촬영/3) 셀렉 & 보정/2) 보정본/2) NIGHT/1) 착장1(올블랙)/2) 여자모델/1) 기본컷/기본_측면_왼쪽 복사.jpg,CANDIDATE,REVIEWED,B,"관찰: NIGHT 검정 제품을 화이트 스튜디오에서 촬영한 최종 보정 룩북 컷으로, 각도 컷: 실루엣·소매 정보 보조이 확인된다. B 판정: 상세페이지의 제품 증거 또는 보조 서사에는 강하지만, 단독 최상단 Hero 우선순위는 A보다 낮다. 추천: LOOKBOOK / SUPPORT / PRODUCT PROOF. 차별점: AST-0277, 파일명 '기본_측면_왼쪽 복사.jpg'의 각도 컷: 실루엣·소매 정보 보조에 해당한다.",2026-08-09,,UNKNOWN
AST-0278,01_INPUT(입력_원본)/04_SEOUL_NIGHT(서울_밤)/lookbook/final_retouched/1) 착장1(올블랙)/2) 여자모델/2) 자유/03157855 복사.jpg,03157855 복사.jpg,jpg,룩북,NIGHT,승인된 COPY PLAN에 따라 복사한 원본 사본. 심층 품질 평가는 아직 진행하지 않음.,1366 × 1821 px,N/A — 정지 이미지,MEDIUM,MEDIUM — KOREA TOUR : SEOUL,A,LOOKBOOK,SUPPORT,사진 속 제품의 현행 SKU·모델 초상 사용 조건 확인,NO — 신규 AI 보완 불필요. 크롭·색보정·현행 SKU/권리 확인만 수행.,원본: /Volumes/DESKTOP/XXX STUDIO/1) 디자인/04) SEOUL/6) 사진 촬영/2) 룩북 촬영/3) 셀렉 & 보정/2) 보정본/2) NIGHT/1) 착장1(올블랙)/2) 여자모델/2) 자유/03157855 복사.jpg,CANDIDATE,REVIEWED,C,"관찰: NIGHT 검정 제품을 화이트 스튜디오에서 촬영한 최종 보정 룩북 컷으로, 개별 파일의 구도·레이아웃 변형이 확인된다. C 판정: 기록·보조 활용 가치는 있으나 더 명확한 대표 후보가 있다. 추천: LOOKBOOK / SUPPORT. 차별점: AST-0278, 파일명 '03157855 복사.jpg'의 개별 파일의 구도·레이아웃 변형에 해당한다.",2026-08-09,,UNKNOWN
AST-0279,01_INPUT(입력_원본)/04_SEOUL_NIGHT(서울_밤)/lookbook/final_retouched/1) 착장1(올블랙)/2) 여자모델/2) 자유/03157859 복사.jpg,03157859 복사.jpg,jpg,룩북,NIGHT,승인된 COPY PLAN에 따라 복사한 원본 사본. 심층 품질 평가는 아직 진행하지 않음.,1422 × 1896 px,N/A — 정지 이미지,MEDIUM,MEDIUM — KOREA TOUR : SEOUL,A,LOOKBOOK,SUPPORT,사진 속 제품의 현행 SKU·모델 초상 사용 조건 확인,NO — 신규 AI 보완 불필요. 크롭·색보정·현행 SKU/권리 확인만 수행.,원본: /Volumes/DESKTOP/XXX STUDIO/1) 디자인/04) SEOUL/6) 사진 촬영/2) 룩북 촬영/3) 셀렉 & 보정/2) 보정본/2) NIGHT/1) 착장1(올블랙)/2) 여자모델/2) 자유/03157859 복사.jpg,CANDIDATE,REVIEWED,C,"관찰: NIGHT 검정 제품을 화이트 스튜디오에서 촬영한 최종 보정 룩북 컷으로, 개별 파일의 구도·레이아웃 변형이 확인된다. C 판정: 기록·보조 활용 가치는 있으나 더 명확한 대표 후보가 있다. 추천: LOOKBOOK / SUPPORT. 차별점: AST-0279, 파일명 '03157859 복사.jpg'의 개별 파일의 구도·레이아웃 변형에 해당한다.",2026-08-09,,UNKNOWN
AST-0280,01_INPUT(입력_원본)/04_SEOUL_NIGHT(서울_밤)/lookbook/final_retouched/1) 착장1(올블랙)/2) 여자모델/2) 자유/03157860 복사.jpg,03157860 복사.jpg,jpg,룩북,NIGHT,승인된 COPY PLAN에 따라 복사한 원본 사본. 심층 품질 평가는 아직 진행하지 않음.,1351 × 1802 px,N/A — 정지 이미지,MEDIUM,MEDIUM — KOREA TOUR : SEOUL,A,LOOKBOOK,SUPPORT,사진 속 제품의 현행 SKU·모델 초상 사용 조건 확인,NO — 신규 AI 보완 불필요. 크롭·색보정·현행 SKU/권리 확인만 수행.,원본: /Volumes/DESKTOP/XXX STUDIO/1) 디자인/04) SEOUL/6) 사진 촬영/2) 룩북 촬영/3) 셀렉 & 보정/2) 보정본/2) NIGHT/1) 착장1(올블랙)/2) 여자모델/2) 자유/03157860 복사.jpg,CANDIDATE,REVIEWED,C,"관찰: NIGHT 검정 제품을 화이트 스튜디오에서 촬영한 최종 보정 룩북 컷으로, 개별 파일의 구도·레이아웃 변형이 확인된다. C 판정: 기록·보조 활용 가치는 있으나 더 명확한 대표 후보가 있다. 추천: LOOKBOOK / SUPPORT. 차별점: AST-0280, 파일명 '03157860 복사.jpg'의 개별 파일의 구도·레이아웃 변형에 해당한다.",2026-08-09,,UNKNOWN
AST-0281,01_INPUT(입력_원본)/04_SEOUL_NIGHT(서울_밤)/lookbook/final_retouched/1) 착장1(올블랙)/2) 여자모델/2) 자유/03157866 복사.jpg,03157866 복사.jpg,jpg,룩북,NIGHT,승인된 COPY PLAN에 따라 복사한 원본 사본. 심층 품질 평가는 아직 진행하지 않음.,1377 × 1837 px,N/A — 정지 이미지,MEDIUM,MEDIUM — KOREA TOUR : SEOUL,A,LOOKBOOK,SUPPORT,사진 속 제품의 현행 SKU·모델 초상 사용 조건 확인,NO — 신규 AI 보완 불필요. 크롭·색보정·현행 SKU/권리 확인만 수행.,원본: /Volumes/DESKTOP/XXX STUDIO/1) 디자인/04) SEOUL/6) 사진 촬영/2) 룩북 촬영/3) 셀렉 & 보정/2) 보정본/2) NIGHT/1) 착장1(올블랙)/2) 여자모델/2) 자유/03157866 복사.jpg,CANDIDATE,REVIEWED,C,"관찰: NIGHT 검정 제품을 화이트 스튜디오에서 촬영한 최종 보정 룩북 컷으로, 개별 파일의 구도·레이아웃 변형이 확인된다. C 판정: 기록·보조 활용 가치는 있으나 더 명확한 대표 후보가 있다. 추천: LOOKBOOK / SUPPORT. 차별점: AST-0281, 파일명 '03157866 복사.jpg'의 개별 파일의 구도·레이아웃 변형에 해당한다.",2026-08-09,,UNKNOWN
AST-0282,01_INPUT(입력_원본)/04_SEOUL_NIGHT(서울_밤)/lookbook/final_retouched/1) 착장1(올블랙)/2) 여자모델/2) 자유/03157870 복사.jpg,03157870 복사.jpg,jpg,룩북,NIGHT,승인된 COPY PLAN에 따라 복사한 원본 사본. 심층 품질 평가는 아직 진행하지 않음.,1366 × 1822 px,N/A — 정지 이미지,MEDIUM,MEDIUM — KOREA TOUR : SEOUL,A,LOOKBOOK,SUPPORT,사진 속 제품의 현행 SKU·모델 초상 사용 조건 확인,NO — 신규 AI 보완 불필요. 크롭·색보정·현행 SKU/권리 확인만 수행.,원본: /Volumes/DESKTOP/XXX STUDIO/1) 디자인/04) SEOUL/6) 사진 촬영/2) 룩북 촬영/3) 셀렉 & 보정/2) 보정본/2) NIGHT/1) 착장1(올블랙)/2) 여자모델/2) 자유/03157870 복사.jpg,CANDIDATE,REVIEWED,C,"관찰: NIGHT 검정 제품을 화이트 스튜디오에서 촬영한 최종 보정 룩북 컷으로, 개별 파일의 구도·레이아웃 변형이 확인된다. C 판정: 기록·보조 활용 가치는 있으나 더 명확한 대표 후보가 있다. 추천: LOOKBOOK / SUPPORT. 차별점: AST-0282, 파일명 '03157870 복사.jpg'의 개별 파일의 구도·레이아웃 변형에 해당한다.",2026-08-09,,UNKNOWN
AST-0283,01_INPUT(입력_원본)/04_SEOUL_NIGHT(서울_밤)/lookbook/final_retouched/1) 착장1(올블랙)/2) 여자모델/2) 자유/03157875 복사.jpg,03157875 복사.jpg,jpg,룩북,NIGHT,승인된 COPY PLAN에 따라 복사한 원본 사본. 심층 품질 평가는 아직 진행하지 않음.,1308 × 1745 px,N/A — 정지 이미지,MEDIUM,HIGH — KOREA TOUR : SEOUL,A,LOOKBOOK,SUPPORT / PRODUCT PROOF,사진 속 제품의 현행 SKU·모델 초상 사용 조건 확인,NO — 신규 AI 보완 불필요. 크롭·색보정·현행 SKU/권리 확인만 수행.,원본: /Volumes/DESKTOP/XXX STUDIO/1) 디자인/04) SEOUL/6) 사진 촬영/2) 룩북 촬영/3) 셀렉 & 보정/2) 보정본/2) NIGHT/1) 착장1(올블랙)/2) 여자모델/2) 자유/03157875 복사.jpg,CANDIDATE,REVIEWED,B,"관찰: NIGHT 검정 제품을 화이트 스튜디오에서 촬영한 최종 보정 룩북 컷으로, 개별 파일의 구도·레이아웃 변형이 확인된다. B 판정: 상세페이지의 제품 증거 또는 보조 서사에는 강하지만, 단독 최상단 Hero 우선순위는 A보다 낮다. 추천: LOOKBOOK / SUPPORT / PRODUCT PROOF. 차별점: AST-0283, 파일명 '03157875 복사.jpg'의 개별 파일의 구도·레이아웃 변형에 해당한다.",2026-08-09,,UNKNOWN
AST-0284,01_INPUT(입력_원본)/04_SEOUL_NIGHT(서울_밤)/lookbook/final_retouched/1) 착장1(올블랙)/2) 여자모델/2) 자유/03157883 복사.jpg,03157883 복사.jpg,jpg,룩북,NIGHT,승인된 COPY PLAN에 따라 복사한 원본 사본. 심층 품질 평가는 아직 진행하지 않음.,1366 × 1821 px,N/A — 정지 이미지,MEDIUM,MEDIUM — KOREA TOUR : SEOUL,A,LOOKBOOK,SUPPORT,사진 속 제품의 현행 SKU·모델 초상 사용 조건 확인,NO — 신규 AI 보완 불필요. 크롭·색보정·현행 SKU/권리 확인만 수행.,원본: /Volumes/DESKTOP/XXX STUDIO/1) 디자인/04) SEOUL/6) 사진 촬영/2) 룩북 촬영/3) 셀렉 & 보정/2) 보정본/2) NIGHT/1) 착장1(올블랙)/2) 여자모델/2) 자유/03157883 복사.jpg,CANDIDATE,REVIEWED,C,"관찰: NIGHT 검정 제품을 화이트 스튜디오에서 촬영한 최종 보정 룩북 컷으로, 개별 파일의 구도·레이아웃 변형이 확인된다. C 판정: 기록·보조 활용 가치는 있으나 더 명확한 대표 후보가 있다. 추천: LOOKBOOK / SUPPORT. 차별점: AST-0284, 파일명 '03157883 복사.jpg'의 개별 파일의 구도·레이아웃 변형에 해당한다.",2026-08-09,,UNKNOWN
AST-0285,01_INPUT(입력_원본)/04_SEOUL_NIGHT(서울_밤)/lookbook/final_retouched/1) 착장1(올블랙)/2) 여자모델/2) 자유/03157886 복사.jpg,03157886 복사.jpg,jpg,룩북,NIGHT,승인된 COPY PLAN에 따라 복사한 원본 사본. 심층 품질 평가는 아직 진행하지 않음.,846 × 1128 px,N/A — 정지 이미지,MEDIUM,MEDIUM — KOREA TOUR : SEOUL,A,LOOKBOOK,SUPPORT,사진 속 제품의 현행 SKU·모델 초상 사용 조건 확인,NO — 신규 AI 보완 불필요. 크롭·색보정·현행 SKU/권리 확인만 수행.,원본: /Volumes/DESKTOP/XXX STUDIO/1) 디자인/04) SEOUL/6) 사진 촬영/2) 룩북 촬영/3) 셀렉 & 보정/2) 보정본/2) NIGHT/1) 착장1(올블랙)/2) 여자모델/2) 자유/03157886 복사.jpg,CANDIDATE,REVIEWED,C,"관찰: NIGHT 검정 제품을 화이트 스튜디오에서 촬영한 최종 보정 룩북 컷으로, 개별 파일의 구도·레이아웃 변형이 확인된다. C 판정: 기록·보조 활용 가치는 있으나 더 명확한 대표 후보가 있다. 추천: LOOKBOOK / SUPPORT. 차별점: AST-0285, 파일명 '03157886 복사.jpg'의 개별 파일의 구도·레이아웃 변형에 해당한다.",2026-08-09,,UNKNOWN
AST-0286,01_INPUT(입력_원본)/04_SEOUL_NIGHT(서울_밤)/lookbook/final_retouched/1) 착장1(올블랙)/2) 여자모델/2) 자유/03157903 복사.jpg,03157903 복사.jpg,jpg,룩북,NIGHT,승인된 COPY PLAN에 따라 복사한 원본 사본. 심층 품질 평가는 아직 진행하지 않음.,1450 × 1933 px,N/A — 정지 이미지,MEDIUM,MEDIUM — KOREA TOUR : SEOUL,A,LOOKBOOK,SUPPORT,사진 속 제품의 현행 SKU·모델 초상 사용 조건 확인,NO — 신규 AI 보완 불필요. 크롭·색보정·현행 SKU/권리 확인만 수행.,원본: /Volumes/DESKTOP/XXX STUDIO/1) 디자인/04) SEOUL/6) 사진 촬영/2) 룩북 촬영/3) 셀렉 & 보정/2) 보정본/2) NIGHT/1) 착장1(올블랙)/2) 여자모델/2) 자유/03157903 복사.jpg,CANDIDATE,REVIEWED,C,"관찰: NIGHT 검정 제품을 화이트 스튜디오에서 촬영한 최종 보정 룩북 컷으로, 개별 파일의 구도·레이아웃 변형이 확인된다. C 판정: 기록·보조 활용 가치는 있으나 더 명확한 대표 후보가 있다. 추천: LOOKBOOK / SUPPORT. 차별점: AST-0286, 파일명 '03157903 복사.jpg'의 개별 파일의 구도·레이아웃 변형에 해당한다.",2026-08-09,,UNKNOWN
AST-0287,01_INPUT(입력_원본)/04_SEOUL_NIGHT(서울_밤)/lookbook/final_retouched/1) 착장1(올블랙)/2) 여자모델/2) 자유/로고 제거/03157855 복사(로고제거).jpg,03157855 복사(로고제거).jpg,jpg,룩북,NIGHT,승인된 COPY PLAN에 따라 복사한 원본 사본. 심층 품질 평가는 아직 진행하지 않음.,1366 × 1821 px,N/A — 정지 이미지,MEDIUM,LOW — KOREA TOUR : SEOUL,A,LOOKBOOK,SUPPORT,중복/파생: 대표 후보 AST-0278와의 관계를 확인; 원본은 보존하고 직접 사용에서는 제외.,NO — 신규 편집 대신 대표 원본을 사용.,원본: /Volumes/DESKTOP/XXX STUDIO/1) 디자인/04) SEOUL/6) 사진 촬영/2) 룩북 촬영/3) 셀렉 & 보정/2) 보정본/2) NIGHT/1) 착장1(올블랙)/2) 여자모델/2) 자유/로고 제거/03157855 복사(로고제거).jpg,CANDIDATE,REVIEWED,EXCLUDE,"관찰: NIGHT 검정 제품을 화이트 스튜디오에서 촬영한 최종 보정 룩북 컷으로, 개별 파일의 구도·레이아웃 변형이 확인된다. EXCLUDE 판정: 대표 원본과의 중복 또는 직접 사용 효용이 낮은 파생본이다. 추천: LOOKBOOK / SUPPORT. 차별점: AST-0287, 파일명 '03157855 복사(로고제거).jpg'의 개별 파일의 구도·레이아웃 변형에 해당한다.",2026-08-09,,UNKNOWN
AST-0288,01_INPUT(입력_원본)/04_SEOUL_NIGHT(서울_밤)/lookbook/final_retouched/1) 착장1(올블랙)/2) 여자모델/2) 자유/로고 제거/03157859 복사(로고제거).jpg,03157859 복사(로고제거).jpg,jpg,룩북,NIGHT,승인된 COPY PLAN에 따라 복사한 원본 사본. 심층 품질 평가는 아직 진행하지 않음.,1422 × 1896 px,N/A — 정지 이미지,MEDIUM,LOW — KOREA TOUR : SEOUL,A,LOOKBOOK,SUPPORT,중복/파생: 대표 후보 AST-0279와의 관계를 확인; 원본은 보존하고 직접 사용에서는 제외.,NO — 신규 편집 대신 대표 원본을 사용.,원본: /Volumes/DESKTOP/XXX STUDIO/1) 디자인/04) SEOUL/6) 사진 촬영/2) 룩북 촬영/3) 셀렉 & 보정/2) 보정본/2) NIGHT/1) 착장1(올블랙)/2) 여자모델/2) 자유/로고 제거/03157859 복사(로고제거).jpg,CANDIDATE,REVIEWED,EXCLUDE,"관찰: NIGHT 검정 제품을 화이트 스튜디오에서 촬영한 최종 보정 룩북 컷으로, 개별 파일의 구도·레이아웃 변형이 확인된다. EXCLUDE 판정: 대표 원본과의 중복 또는 직접 사용 효용이 낮은 파생본이다. 추천: LOOKBOOK / SUPPORT. 차별점: AST-0288, 파일명 '03157859 복사(로고제거).jpg'의 개별 파일의 구도·레이아웃 변형에 해당한다.",2026-08-09,,UNKNOWN
AST-0289,01_INPUT(입력_원본)/04_SEOUL_NIGHT(서울_밤)/lookbook/final_retouched/1) 착장1(올블랙)/2) 여자모델/2) 자유/로고 제거/03157860 복사(로고제거).jpg,03157860 복사(로고제거).jpg,jpg,룩북,NIGHT,승인된 COPY PLAN에 따라 복사한 원본 사본. 심층 품질 평가는 아직 진행하지 않음.,1351 × 1802 px,N/A — 정지 이미지,MEDIUM,LOW — KOREA TOUR : SEOUL,A,LOOKBOOK,SUPPORT,중복/파생: 대표 후보 AST-0280와의 관계를 확인; 원본은 보존하고 직접 사용에서는 제외.,NO — 신규 편집 대신 대표 원본을 사용.,원본: /Volumes/DESKTOP/XXX STUDIO/1) 디자인/04) SEOUL/6) 사진 촬영/2) 룩북 촬영/3) 셀렉 & 보정/2) 보정본/2) NIGHT/1) 착장1(올블랙)/2) 여자모델/2) 자유/로고 제거/03157860 복사(로고제거).jpg,CANDIDATE,REVIEWED,EXCLUDE,"관찰: NIGHT 검정 제품을 화이트 스튜디오에서 촬영한 최종 보정 룩북 컷으로, 개별 파일의 구도·레이아웃 변형이 확인된다. EXCLUDE 판정: 대표 원본과의 중복 또는 직접 사용 효용이 낮은 파생본이다. 추천: LOOKBOOK / SUPPORT. 차별점: AST-0289, 파일명 '03157860 복사(로고제거).jpg'의 개별 파일의 구도·레이아웃 변형에 해당한다.",2026-08-09,,UNKNOWN
AST-0290,01_INPUT(입력_원본)/04_SEOUL_NIGHT(서울_밤)/lookbook/final_retouched/1) 착장1(올블랙)/2) 여자모델/2) 자유/로고 제거/03157866 복사(로고제거).jpg,03157866 복사(로고제거).jpg,jpg,룩북,NIGHT,승인된 COPY PLAN에 따라 복사한 원본 사본. 심층 품질 평가는 아직 진행하지 않음.,1377 × 1837 px,N/A — 정지 이미지,MEDIUM,LOW — KOREA TOUR : SEOUL,A,LOOKBOOK,SUPPORT,중복/파생: 대표 후보 AST-0281와의 관계를 확인; 원본은 보존하고 직접 사용에서는 제외.,NO — 신규 편집 대신 대표 원본을 사용.,원본: /Volumes/DESKTOP/XXX STUDIO/1) 디자인/04) SEOUL/6) 사진 촬영/2) 룩북 촬영/3) 셀렉 & 보정/2) 보정본/2) NIGHT/1) 착장1(올블랙)/2) 여자모델/2) 자유/로고 제거/03157866 복사(로고제거).jpg,CANDIDATE,REVIEWED,EXCLUDE,"관찰: NIGHT 검정 제품을 화이트 스튜디오에서 촬영한 최종 보정 룩북 컷으로, 개별 파일의 구도·레이아웃 변형이 확인된다. EXCLUDE 판정: 대표 원본과의 중복 또는 직접 사용 효용이 낮은 파생본이다. 추천: LOOKBOOK / SUPPORT. 차별점: AST-0290, 파일명 '03157866 복사(로고제거).jpg'의 개별 파일의 구도·레이아웃 변형에 해당한다.",2026-08-09,,UNKNOWN
AST-0291,01_INPUT(입력_원본)/04_SEOUL_NIGHT(서울_밤)/lookbook/final_retouched/1) 착장1(올블랙)/2) 여자모델/2) 자유/로고 제거/03157870 복사(로고제거).jpg,03157870 복사(로고제거).jpg,jpg,룩북,NIGHT,승인된 COPY PLAN에 따라 복사한 원본 사본. 심층 품질 평가는 아직 진행하지 않음.,1366 × 1822 px,N/A — 정지 이미지,MEDIUM,LOW — KOREA TOUR : SEOUL,A,LOOKBOOK,SUPPORT,중복/파생: 대표 후보 AST-0282와의 관계를 확인; 원본은 보존하고 직접 사용에서는 제외.,NO — 신규 편집 대신 대표 원본을 사용.,원본: /Volumes/DESKTOP/XXX STUDIO/1) 디자인/04) SEOUL/6) 사진 촬영/2) 룩북 촬영/3) 셀렉 & 보정/2) 보정본/2) NIGHT/1) 착장1(올블랙)/2) 여자모델/2) 자유/로고 제거/03157870 복사(로고제거).jpg,CANDIDATE,REVIEWED,EXCLUDE,"관찰: NIGHT 검정 제품을 화이트 스튜디오에서 촬영한 최종 보정 룩북 컷으로, 개별 파일의 구도·레이아웃 변형이 확인된다. EXCLUDE 판정: 대표 원본과의 중복 또는 직접 사용 효용이 낮은 파생본이다. 추천: LOOKBOOK / SUPPORT. 차별점: AST-0291, 파일명 '03157870 복사(로고제거).jpg'의 개별 파일의 구도·레이아웃 변형에 해당한다.",2026-08-09,,UNKNOWN
AST-0292,01_INPUT(입력_원본)/04_SEOUL_NIGHT(서울_밤)/lookbook/final_retouched/1) 착장1(올블랙)/2) 여자모델/2) 자유/로고 제거/03157875 복사(로고제거).jpg,03157875 복사(로고제거).jpg,jpg,룩북,NIGHT,승인된 COPY PLAN에 따라 복사한 원본 사본. 심층 품질 평가는 아직 진행하지 않음.,1308 × 1745 px,N/A — 정지 이미지,MEDIUM,LOW — KOREA TOUR : SEOUL,A,LOOKBOOK,SUPPORT,중복/파생: 대표 후보 AST-0283와의 관계를 확인; 원본은 보존하고 직접 사용에서는 제외.,NO — 신규 편집 대신 대표 원본을 사용.,원본: /Volumes/DESKTOP/XXX STUDIO/1) 디자인/04) SEOUL/6) 사진 촬영/2) 룩북 촬영/3) 셀렉 & 보정/2) 보정본/2) NIGHT/1) 착장1(올블랙)/2) 여자모델/2) 자유/로고 제거/03157875 복사(로고제거).jpg,CANDIDATE,REVIEWED,EXCLUDE,"관찰: NIGHT 검정 제품을 화이트 스튜디오에서 촬영한 최종 보정 룩북 컷으로, 개별 파일의 구도·레이아웃 변형이 확인된다. EXCLUDE 판정: 대표 원본과의 중복 또는 직접 사용 효용이 낮은 파생본이다. 추천: LOOKBOOK / SUPPORT. 차별점: AST-0292, 파일명 '03157875 복사(로고제거).jpg'의 개별 파일의 구도·레이아웃 변형에 해당한다.",2026-08-09,,UNKNOWN
AST-0293,01_INPUT(입력_원본)/04_SEOUL_NIGHT(서울_밤)/lookbook/final_retouched/1) 착장1(올블랙)/2) 여자모델/2) 자유/로고 제거/03157883 복사(로고제거).jpg,03157883 복사(로고제거).jpg,jpg,룩북,NIGHT,승인된 COPY PLAN에 따라 복사한 원본 사본. 심층 품질 평가는 아직 진행하지 않음.,1366 × 1821 px,N/A — 정지 이미지,MEDIUM,LOW — KOREA TOUR : SEOUL,A,LOOKBOOK,SUPPORT,중복/파생: 대표 후보 AST-0284와의 관계를 확인; 원본은 보존하고 직접 사용에서는 제외.,NO — 신규 편집 대신 대표 원본을 사용.,원본: /Volumes/DESKTOP/XXX STUDIO/1) 디자인/04) SEOUL/6) 사진 촬영/2) 룩북 촬영/3) 셀렉 & 보정/2) 보정본/2) NIGHT/1) 착장1(올블랙)/2) 여자모델/2) 자유/로고 제거/03157883 복사(로고제거).jpg,CANDIDATE,REVIEWED,EXCLUDE,"관찰: NIGHT 검정 제품을 화이트 스튜디오에서 촬영한 최종 보정 룩북 컷으로, 개별 파일의 구도·레이아웃 변형이 확인된다. EXCLUDE 판정: 대표 원본과의 중복 또는 직접 사용 효용이 낮은 파생본이다. 추천: LOOKBOOK / SUPPORT. 차별점: AST-0293, 파일명 '03157883 복사(로고제거).jpg'의 개별 파일의 구도·레이아웃 변형에 해당한다.",2026-08-09,,UNKNOWN
AST-0294,01_INPUT(입력_원본)/04_SEOUL_NIGHT(서울_밤)/lookbook/final_retouched/1) 착장1(올블랙)/2) 여자모델/2) 자유/로고 제거/03157903 복사(로고제거).jpg,03157903 복사(로고제거).jpg,jpg,룩북,NIGHT,승인된 COPY PLAN에 따라 복사한 원본 사본. 심층 품질 평가는 아직 진행하지 않음.,1450 × 1933 px,N/A — 정지 이미지,MEDIUM,LOW — KOREA TOUR : SEOUL,A,LOOKBOOK,SUPPORT,중복/파생: 대표 후보 AST-0285와의 관계를 확인; 원본은 보존하고 직접 사용에서는 제외.,NO — 신규 편집 대신 대표 원본을 사용.,원본: /Volumes/DESKTOP/XXX STUDIO/1) 디자인/04) SEOUL/6) 사진 촬영/2) 룩북 촬영/3) 셀렉 & 보정/2) 보정본/2) NIGHT/1) 착장1(올블랙)/2) 여자모델/2) 자유/로고 제거/03157903 복사(로고제거).jpg,CANDIDATE,REVIEWED,EXCLUDE,"관찰: NIGHT 검정 제품을 화이트 스튜디오에서 촬영한 최종 보정 룩북 컷으로, 개별 파일의 구도·레이아웃 변형이 확인된다. EXCLUDE 판정: 대표 원본과의 중복 또는 직접 사용 효용이 낮은 파생본이다. 추천: LOOKBOOK / SUPPORT. 차별점: AST-0294, 파일명 '03157903 복사(로고제거).jpg'의 개별 파일의 구도·레이아웃 변형에 해당한다.",2026-08-09,,UNKNOWN
AST-0295,01_INPUT(입력_원본)/04_SEOUL_NIGHT(서울_밤)/lookbook/final_retouched/1) 착장1(올블랙)/3) 트윈/03157791 복사.jpg,03157791 복사.jpg,jpg,룩북,NIGHT,승인된 COPY PLAN에 따라 복사한 원본 사본. 심층 품질 평가는 아직 진행하지 않음.,960 × 1282 px,N/A — 정지 이미지,MEDIUM,MEDIUM — KOREA TOUR : SEOUL,A,LOOKBOOK,SUPPORT,사진 속 제품의 현행 SKU·모델 초상 사용 조건 확인,NO — 신규 AI 보완 불필요. 크롭·색보정·현행 SKU/권리 확인만 수행.,원본: /Volumes/DESKTOP/XXX STUDIO/1) 디자인/04) SEOUL/6) 사진 촬영/2) 룩북 촬영/3) 셀렉 & 보정/2) 보정본/2) NIGHT/1) 착장1(올블랙)/3) 트윈/03157791 복사.jpg,CANDIDATE,REVIEWED,C,"관찰: NIGHT 검정 제품을 화이트 스튜디오에서 촬영한 최종 보정 룩북 컷으로, 개별 파일의 구도·레이아웃 변형이 확인된다. C 판정: 기록·보조 활용 가치는 있으나 더 명확한 대표 후보가 있다. 추천: LOOKBOOK / SUPPORT. 차별점: AST-0295, 파일명 '03157791 복사.jpg'의 개별 파일의 구도·레이아웃 변형에 해당한다.",2026-08-09,,UNKNOWN
AST-0296,01_INPUT(입력_원본)/04_SEOUL_NIGHT(서울_밤)/lookbook/final_retouched/1) 착장1(올블랙)/3) 트윈/03157793 복사.jpg,03157793 복사.jpg,jpg,룩북,NIGHT,승인된 COPY PLAN에 따라 복사한 원본 사본. 심층 품질 평가는 아직 진행하지 않음.,1296 × 1728 px,N/A — 정지 이미지,MEDIUM,MEDIUM — KOREA TOUR : SEOUL,A,LOOKBOOK,SUPPORT,사진 속 제품의 현행 SKU·모델 초상 사용 조건 확인,NO — 신규 AI 보완 불필요. 크롭·색보정·현행 SKU/권리 확인만 수행.,원본: /Volumes/DESKTOP/XXX STUDIO/1) 디자인/04) SEOUL/6) 사진 촬영/2) 룩북 촬영/3) 셀렉 & 보정/2) 보정본/2) NIGHT/1) 착장1(올블랙)/3) 트윈/03157793 복사.jpg,CANDIDATE,REVIEWED,C,"관찰: NIGHT 검정 제품을 화이트 스튜디오에서 촬영한 최종 보정 룩북 컷으로, 개별 파일의 구도·레이아웃 변형이 확인된다. C 판정: 기록·보조 활용 가치는 있으나 더 명확한 대표 후보가 있다. 추천: LOOKBOOK / SUPPORT. 차별점: AST-0296, 파일명 '03157793 복사.jpg'의 개별 파일의 구도·레이아웃 변형에 해당한다.",2026-08-09,,UNKNOWN
AST-0297,01_INPUT(입력_원본)/04_SEOUL_NIGHT(서울_밤)/lookbook/final_retouched/1) 착장1(올블랙)/3) 트윈/03157801 복사.jpg,03157801 복사.jpg,jpg,룩북,NIGHT,승인된 COPY PLAN에 따라 복사한 원본 사본. 심층 품질 평가는 아직 진행하지 않음.,1313 × 1750 px,N/A — 정지 이미지,MEDIUM,HIGH — KOREA TOUR : SEOUL,A,LOOKBOOK,SUPPORT / PRODUCT PROOF,사진 속 제품의 현행 SKU·모델 초상 사용 조건 확인,NO — 신규 AI 보완 불필요. 크롭·색보정·현행 SKU/권리 확인만 수행.,원본: /Volumes/DESKTOP/XXX STUDIO/1) 디자인/04) SEOUL/6) 사진 촬영/2) 룩북 촬영/3) 셀렉 & 보정/2) 보정본/2) NIGHT/1) 착장1(올블랙)/3) 트윈/03157801 복사.jpg,CANDIDATE,REVIEWED,B,"관찰: NIGHT 검정 제품을 화이트 스튜디오에서 촬영한 최종 보정 룩북 컷으로, 개별 파일의 구도·레이아웃 변형이 확인된다. B 판정: 상세페이지의 제품 증거 또는 보조 서사에는 강하지만, 단독 최상단 Hero 우선순위는 A보다 낮다. 추천: LOOKBOOK / SUPPORT / PRODUCT PROOF. 차별점: AST-0297, 파일명 '03157801 복사.jpg'의 개별 파일의 구도·레이아웃 변형에 해당한다. PAIR: LOOKBOOK — DAY AST-0236 ↔ NIGHT AST-0297.",2026-08-09,,UNKNOWN
AST-0298,01_INPUT(입력_원본)/04_SEOUL_NIGHT(서울_밤)/lookbook/final_retouched/1) 착장1(올블랙)/3) 트윈/03157806 복사.jpg,03157806 복사.jpg,jpg,룩북,NIGHT,승인된 COPY PLAN에 따라 복사한 원본 사본. 심층 품질 평가는 아직 진행하지 않음.,1446 × 1927 px,N/A — 정지 이미지,MEDIUM,HIGH — KOREA TOUR : SEOUL,A,LOOKBOOK,SUPPORT / PRODUCT PROOF,사진 속 제품의 현행 SKU·모델 초상 사용 조건 확인,NO — 신규 AI 보완 불필요. 크롭·색보정·현행 SKU/권리 확인만 수행.,원본: /Volumes/DESKTOP/XXX STUDIO/1) 디자인/04) SEOUL/6) 사진 촬영/2) 룩북 촬영/3) 셀렉 & 보정/2) 보정본/2) NIGHT/1) 착장1(올블랙)/3) 트윈/03157806 복사.jpg,CANDIDATE,REVIEWED,B,"관찰: NIGHT 검정 제품을 화이트 스튜디오에서 촬영한 최종 보정 룩북 컷으로, 개별 파일의 구도·레이아웃 변형이 확인된다. B 판정: 상세페이지의 제품 증거 또는 보조 서사에는 강하지만, 단독 최상단 Hero 우선순위는 A보다 낮다. 추천: LOOKBOOK / SUPPORT / PRODUCT PROOF. 차별점: AST-0298, 파일명 '03157806 복사.jpg'의 개별 파일의 구도·레이아웃 변형에 해당한다.",2026-08-09,,UNKNOWN
AST-0299,01_INPUT(입력_원본)/04_SEOUL_NIGHT(서울_밤)/lookbook/final_retouched/1) 착장1(올블랙)/3) 트윈/03157810 복사.jpg,03157810 복사.jpg,jpg,룩북,NIGHT,승인된 COPY PLAN에 따라 복사한 원본 사본. 심층 품질 평가는 아직 진행하지 않음.,1442 × 1924 px,N/A — 정지 이미지,MEDIUM,HIGH — KOREA TOUR : SEOUL,A,LOOKBOOK,SUPPORT / PRODUCT PROOF,사진 속 제품의 현행 SKU·모델 초상 사용 조건 확인,NO — 신규 AI 보완 불필요. 크롭·색보정·현행 SKU/권리 확인만 수행.,원본: /Volumes/DESKTOP/XXX STUDIO/1) 디자인/04) SEOUL/6) 사진 촬영/2) 룩북 촬영/3) 셀렉 & 보정/2) 보정본/2) NIGHT/1) 착장1(올블랙)/3) 트윈/03157810 복사.jpg,CANDIDATE,REVIEWED,B,"관찰: NIGHT 검정 제품을 화이트 스튜디오에서 촬영한 최종 보정 룩북 컷으로, 개별 파일의 구도·레이아웃 변형이 확인된다. B 판정: 상세페이지의 제품 증거 또는 보조 서사에는 강하지만, 단독 최상단 Hero 우선순위는 A보다 낮다. 추천: LOOKBOOK / SUPPORT / PRODUCT PROOF. 차별점: AST-0299, 파일명 '03157810 복사.jpg'의 개별 파일의 구도·레이아웃 변형에 해당한다.",2026-08-09,,UNKNOWN
AST-0300,01_INPUT(입력_원본)/04_SEOUL_NIGHT(서울_밤)/lookbook/final_retouched/1) 착장1(올블랙)/3) 트윈/03157828 복사.jpg,03157828 복사.jpg,jpg,룩북,NIGHT,승인된 COPY PLAN에 따라 복사한 원본 사본. 심층 품질 평가는 아직 진행하지 않음.,1366 × 1822 px,N/A — 정지 이미지,MEDIUM,HIGH — KOREA TOUR : SEOUL,A,LOOKBOOK,SUPPORT / PRODUCT PROOF,사진 속 제품의 현행 SKU·모델 초상 사용 조건 확인,NO — 신규 AI 보완 불필요. 크롭·색보정·현행 SKU/권리 확인만 수행.,원본: /Volumes/DESKTOP/XXX STUDIO/1) 디자인/04) SEOUL/6) 사진 촬영/2) 룩북 촬영/3) 셀렉 & 보정/2) 보정본/2) NIGHT/1) 착장1(올블랙)/3) 트윈/03157828 복사.jpg,CANDIDATE,REVIEWED,B,"관찰: NIGHT 검정 제품을 화이트 스튜디오에서 촬영한 최종 보정 룩북 컷으로, 개별 파일의 구도·레이아웃 변형이 확인된다. B 판정: 상세페이지의 제품 증거 또는 보조 서사에는 강하지만, 단독 최상단 Hero 우선순위는 A보다 낮다. 추천: LOOKBOOK / SUPPORT / PRODUCT PROOF. 차별점: AST-0300, 파일명 '03157828 복사.jpg'의 개별 파일의 구도·레이아웃 변형에 해당한다.",2026-08-09,,UNKNOWN
AST-0301,01_INPUT(입력_원본)/04_SEOUL_NIGHT(서울_밤)/lookbook/final_retouched/1) 착장1(올블랙)/3) 트윈/03157830 복사.jpg,03157830 복사.jpg,jpg,룩북,NIGHT,승인된 COPY PLAN에 따라 복사한 원본 사본. 심층 품질 평가는 아직 진행하지 않음.,1366 × 1822 px,N/A — 정지 이미지,MEDIUM,HIGH — KOREA TOUR : SEOUL,A,LOOKBOOK,SUPPORT / PRODUCT PROOF,사진 속 제품의 현행 SKU·모델 초상 사용 조건 확인,NO — 신규 AI 보완 불필요. 크롭·색보정·현행 SKU/권리 확인만 수행.,원본: /Volumes/DESKTOP/XXX STUDIO/1) 디자인/04) SEOUL/6) 사진 촬영/2) 룩북 촬영/3) 셀렉 & 보정/2) 보정본/2) NIGHT/1) 착장1(올블랙)/3) 트윈/03157830 복사.jpg,CANDIDATE,REVIEWED,B,"관찰: NIGHT 검정 제품을 화이트 스튜디오에서 촬영한 최종 보정 룩북 컷으로, 개별 파일의 구도·레이아웃 변형이 확인된다. B 판정: 상세페이지의 제품 증거 또는 보조 서사에는 강하지만, 단독 최상단 Hero 우선순위는 A보다 낮다. 추천: LOOKBOOK / SUPPORT / PRODUCT PROOF. 차별점: AST-0301, 파일명 '03157830 복사.jpg'의 개별 파일의 구도·레이아웃 변형에 해당한다.",2026-08-09,,UNKNOWN
AST-0302,01_INPUT(입력_원본)/04_SEOUL_NIGHT(서울_밤)/lookbook/final_retouched/1) 착장1(올블랙)/3) 트윈/로고 제거/03157791 복사(로고제거).jpg,03157791 복사(로고제거).jpg,jpg,룩북,NIGHT,승인된 COPY PLAN에 따라 복사한 원본 사본. 심층 품질 평가는 아직 진행하지 않음.,960 × 1282 px,N/A — 정지 이미지,MEDIUM,LOW — KOREA TOUR : SEOUL,A,LOOKBOOK,SUPPORT,중복/파생: 대표 후보 AST-0295와의 관계를 확인; 원본은 보존하고 직접 사용에서는 제외.,NO — 신규 편집 대신 대표 원본을 사용.,원본: /Volumes/DESKTOP/XXX STUDIO/1) 디자인/04) SEOUL/6) 사진 촬영/2) 룩북 촬영/3) 셀렉 & 보정/2) 보정본/2) NIGHT/1) 착장1(올블랙)/3) 트윈/로고 제거/03157791 복사(로고제거).jpg,CANDIDATE,REVIEWED,EXCLUDE,"관찰: NIGHT 검정 제품을 화이트 스튜디오에서 촬영한 최종 보정 룩북 컷으로, 개별 파일의 구도·레이아웃 변형이 확인된다. EXCLUDE 판정: 대표 원본과의 중복 또는 직접 사용 효용이 낮은 파생본이다. 추천: LOOKBOOK / SUPPORT. 차별점: AST-0302, 파일명 '03157791 복사(로고제거).jpg'의 개별 파일의 구도·레이아웃 변형에 해당한다.",2026-08-09,,UNKNOWN
AST-0303,01_INPUT(입력_원본)/04_SEOUL_NIGHT(서울_밤)/lookbook/final_retouched/1) 착장1(올블랙)/3) 트윈/로고 제거/03157793 복사(로고제거).jpg,03157793 복사(로고제거).jpg,jpg,룩북,NIGHT,승인된 COPY PLAN에 따라 복사한 원본 사본. 심층 품질 평가는 아직 진행하지 않음.,1296 × 1728 px,N/A — 정지 이미지,MEDIUM,LOW — KOREA TOUR : SEOUL,A,LOOKBOOK,SUPPORT,중복/파생: 대표 후보 AST-0296와의 관계를 확인; 원본은 보존하고 직접 사용에서는 제외.,NO — 신규 편집 대신 대표 원본을 사용.,원본: /Volumes/DESKTOP/XXX STUDIO/1) 디자인/04) SEOUL/6) 사진 촬영/2) 룩북 촬영/3) 셀렉 & 보정/2) 보정본/2) NIGHT/1) 착장1(올블랙)/3) 트윈/로고 제거/03157793 복사(로고제거).jpg,CANDIDATE,REVIEWED,EXCLUDE,"관찰: NIGHT 검정 제품을 화이트 스튜디오에서 촬영한 최종 보정 룩북 컷으로, 개별 파일의 구도·레이아웃 변형이 확인된다. EXCLUDE 판정: 대표 원본과의 중복 또는 직접 사용 효용이 낮은 파생본이다. 추천: LOOKBOOK / SUPPORT. 차별점: AST-0303, 파일명 '03157793 복사(로고제거).jpg'의 개별 파일의 구도·레이아웃 변형에 해당한다.",2026-08-09,,UNKNOWN
AST-0304,01_INPUT(입력_원본)/04_SEOUL_NIGHT(서울_밤)/lookbook/final_retouched/1) 착장1(올블랙)/3) 트윈/로고 제거/03157801 복사(로고제거).jpg,03157801 복사(로고제거).jpg,jpg,룩북,NIGHT,승인된 COPY PLAN에 따라 복사한 원본 사본. 심층 품질 평가는 아직 진행하지 않음.,1313 × 1750 px,N/A — 정지 이미지,MEDIUM,LOW — KOREA TOUR : SEOUL,A,LOOKBOOK,SUPPORT,중복/파생: 대표 후보 AST-0297와의 관계를 확인; 원본은 보존하고 직접 사용에서는 제외.,NO — 신규 편집 대신 대표 원본을 사용.,원본: /Volumes/DESKTOP/XXX STUDIO/1) 디자인/04) SEOUL/6) 사진 촬영/2) 룩북 촬영/3) 셀렉 & 보정/2) 보정본/2) NIGHT/1) 착장1(올블랙)/3) 트윈/로고 제거/03157801 복사(로고제거).jpg,CANDIDATE,REVIEWED,EXCLUDE,"관찰: NIGHT 검정 제품을 화이트 스튜디오에서 촬영한 최종 보정 룩북 컷으로, 개별 파일의 구도·레이아웃 변형이 확인된다. EXCLUDE 판정: 대표 원본과의 중복 또는 직접 사용 효용이 낮은 파생본이다. 추천: LOOKBOOK / SUPPORT. 차별점: AST-0304, 파일명 '03157801 복사(로고제거).jpg'의 개별 파일의 구도·레이아웃 변형에 해당한다.",2026-08-09,,UNKNOWN
AST-0305,01_INPUT(입력_원본)/04_SEOUL_NIGHT(서울_밤)/lookbook/final_retouched/1) 착장1(올블랙)/3) 트윈/로고 제거/03157806 복사(로고제거).jpg,03157806 복사(로고제거).jpg,jpg,룩북,NIGHT,승인된 COPY PLAN에 따라 복사한 원본 사본. 심층 품질 평가는 아직 진행하지 않음.,1446 × 1927 px,N/A — 정지 이미지,MEDIUM,LOW — KOREA TOUR : SEOUL,A,LOOKBOOK,SUPPORT,중복/파생: 대표 후보 AST-0298와의 관계를 확인; 원본은 보존하고 직접 사용에서는 제외.,NO — 신규 편집 대신 대표 원본을 사용.,원본: /Volumes/DESKTOP/XXX STUDIO/1) 디자인/04) SEOUL/6) 사진 촬영/2) 룩북 촬영/3) 셀렉 & 보정/2) 보정본/2) NIGHT/1) 착장1(올블랙)/3) 트윈/로고 제거/03157806 복사(로고제거).jpg,CANDIDATE,REVIEWED,EXCLUDE,"관찰: NIGHT 검정 제품을 화이트 스튜디오에서 촬영한 최종 보정 룩북 컷으로, 개별 파일의 구도·레이아웃 변형이 확인된다. EXCLUDE 판정: 대표 원본과의 중복 또는 직접 사용 효용이 낮은 파생본이다. 추천: LOOKBOOK / SUPPORT. 차별점: AST-0305, 파일명 '03157806 복사(로고제거).jpg'의 개별 파일의 구도·레이아웃 변형에 해당한다.",2026-08-09,,UNKNOWN
AST-0306,01_INPUT(입력_원본)/04_SEOUL_NIGHT(서울_밤)/lookbook/final_retouched/1) 착장1(올블랙)/3) 트윈/로고 제거/03157810 복사(로고제거).jpg,03157810 복사(로고제거).jpg,jpg,룩북,NIGHT,승인된 COPY PLAN에 따라 복사한 원본 사본. 심층 품질 평가는 아직 진행하지 않음.,1442 × 1924 px,N/A — 정지 이미지,MEDIUM,LOW — KOREA TOUR : SEOUL,A,LOOKBOOK,SUPPORT,중복/파생: 대표 후보 AST-0299와의 관계를 확인; 원본은 보존하고 직접 사용에서는 제외.,NO — 신규 편집 대신 대표 원본을 사용.,원본: /Volumes/DESKTOP/XXX STUDIO/1) 디자인/04) SEOUL/6) 사진 촬영/2) 룩북 촬영/3) 셀렉 & 보정/2) 보정본/2) NIGHT/1) 착장1(올블랙)/3) 트윈/로고 제거/03157810 복사(로고제거).jpg,CANDIDATE,REVIEWED,EXCLUDE,"관찰: NIGHT 검정 제품을 화이트 스튜디오에서 촬영한 최종 보정 룩북 컷으로, 개별 파일의 구도·레이아웃 변형이 확인된다. EXCLUDE 판정: 대표 원본과의 중복 또는 직접 사용 효용이 낮은 파생본이다. 추천: LOOKBOOK / SUPPORT. 차별점: AST-0306, 파일명 '03157810 복사(로고제거).jpg'의 개별 파일의 구도·레이아웃 변형에 해당한다.",2026-08-09,,UNKNOWN
AST-0307,01_INPUT(입력_원본)/04_SEOUL_NIGHT(서울_밤)/lookbook/final_retouched/1) 착장1(올블랙)/3) 트윈/로고 제거/03157828 복사(로고제거).jpg,03157828 복사(로고제거).jpg,jpg,룩북,NIGHT,승인된 COPY PLAN에 따라 복사한 원본 사본. 심층 품질 평가는 아직 진행하지 않음.,1366 × 1822 px,N/A — 정지 이미지,MEDIUM,LOW — KOREA TOUR : SEOUL,A,LOOKBOOK,SUPPORT,중복/파생: 대표 후보 AST-0300와의 관계를 확인; 원본은 보존하고 직접 사용에서는 제외.,NO — 신규 편집 대신 대표 원본을 사용.,원본: /Volumes/DESKTOP/XXX STUDIO/1) 디자인/04) SEOUL/6) 사진 촬영/2) 룩북 촬영/3) 셀렉 & 보정/2) 보정본/2) NIGHT/1) 착장1(올블랙)/3) 트윈/로고 제거/03157828 복사(로고제거).jpg,CANDIDATE,REVIEWED,EXCLUDE,"관찰: NIGHT 검정 제품을 화이트 스튜디오에서 촬영한 최종 보정 룩북 컷으로, 개별 파일의 구도·레이아웃 변형이 확인된다. EXCLUDE 판정: 대표 원본과의 중복 또는 직접 사용 효용이 낮은 파생본이다. 추천: LOOKBOOK / SUPPORT. 차별점: AST-0307, 파일명 '03157828 복사(로고제거).jpg'의 개별 파일의 구도·레이아웃 변형에 해당한다.",2026-08-09,,UNKNOWN
AST-0308,01_INPUT(입력_원본)/04_SEOUL_NIGHT(서울_밤)/lookbook/final_retouched/1) 착장1(올블랙)/3) 트윈/로고 제거/03157830 복사(로고제거).jpg,03157830 복사(로고제거).jpg,jpg,룩북,NIGHT,승인된 COPY PLAN에 따라 복사한 원본 사본. 심층 품질 평가는 아직 진행하지 않음.,1366 × 1822 px,N/A — 정지 이미지,MEDIUM,LOW — KOREA TOUR : SEOUL,A,LOOKBOOK,SUPPORT,중복/파생: 대표 후보 AST-0301와의 관계를 확인; 원본은 보존하고 직접 사용에서는 제외.,NO — 신규 편집 대신 대표 원본을 사용.,원본: /Volumes/DESKTOP/XXX STUDIO/1) 디자인/04) SEOUL/6) 사진 촬영/2) 룩북 촬영/3) 셀렉 & 보정/2) 보정본/2) NIGHT/1) 착장1(올블랙)/3) 트윈/로고 제거/03157830 복사(로고제거).jpg,CANDIDATE,REVIEWED,EXCLUDE,"관찰: NIGHT 검정 제품을 화이트 스튜디오에서 촬영한 최종 보정 룩북 컷으로, 개별 파일의 구도·레이아웃 변형이 확인된다. EXCLUDE 판정: 대표 원본과의 중복 또는 직접 사용 효용이 낮은 파생본이다. 추천: LOOKBOOK / SUPPORT. 차별점: AST-0308, 파일명 '03157830 복사(로고제거).jpg'의 개별 파일의 구도·레이아웃 변형에 해당한다.",2026-08-09,,UNKNOWN
AST-0309,01_INPUT(입력_원본)/04_SEOUL_NIGHT(서울_밤)/lookbook/final_retouched/2) 착장2(믹스)/1) 남자모델/1) 기본컷/기본_대각선_오른쪽 복사.jpg,기본_대각선_오른쪽 복사.jpg,jpg,룩북,NIGHT,승인된 COPY PLAN에 따라 복사한 원본 사본. 심층 품질 평가는 아직 진행하지 않음.,1287 × 1716 px,N/A — 정지 이미지,MEDIUM,HIGH — KOREA TOUR : SEOUL,A,LOOKBOOK,SUPPORT / PRODUCT PROOF,사진 속 제품의 현행 SKU·모델 초상 사용 조건 확인,NO — 신규 AI 보완 불필요. 크롭·색보정·현행 SKU/권리 확인만 수행.,원본: /Volumes/DESKTOP/XXX STUDIO/1) 디자인/04) SEOUL/6) 사진 촬영/2) 룩북 촬영/3) 셀렉 & 보정/2) 보정본/2) NIGHT/2) 착장2(믹스)/1) 남자모델/1) 기본컷/기본_대각선_오른쪽 복사.jpg,CANDIDATE,REVIEWED,B,"관찰: NIGHT 검정 제품을 화이트 스튜디오에서 촬영한 최종 보정 룩북 컷으로, 각도 컷: 실루엣·소매 정보 보조이 확인된다. B 판정: 상세페이지의 제품 증거 또는 보조 서사에는 강하지만, 단독 최상단 Hero 우선순위는 A보다 낮다. 추천: LOOKBOOK / SUPPORT / PRODUCT PROOF. 차별점: AST-0309, 파일명 '기본_대각선_오른쪽 복사.jpg'의 각도 컷: 실루엣·소매 정보 보조에 해당한다.",2026-08-09,,UNKNOWN
AST-0310,01_INPUT(입력_원본)/04_SEOUL_NIGHT(서울_밤)/lookbook/final_retouched/2) 착장2(믹스)/1) 남자모델/1) 기본컷/기본_대각선_왼쪽 복사.jpg,기본_대각선_왼쪽 복사.jpg,jpg,룩북,NIGHT,승인된 COPY PLAN에 따라 복사한 원본 사본. 심층 품질 평가는 아직 진행하지 않음.,1268 × 1690 px,N/A — 정지 이미지,MEDIUM,HIGH — KOREA TOUR : SEOUL,A,LOOKBOOK,SUPPORT / PRODUCT PROOF,사진 속 제품의 현행 SKU·모델 초상 사용 조건 확인,NO — 신규 AI 보완 불필요. 크롭·색보정·현행 SKU/권리 확인만 수행.,원본: /Volumes/DESKTOP/XXX STUDIO/1) 디자인/04) SEOUL/6) 사진 촬영/2) 룩북 촬영/3) 셀렉 & 보정/2) 보정본/2) NIGHT/2) 착장2(믹스)/1) 남자모델/1) 기본컷/기본_대각선_왼쪽 복사.jpg,CANDIDATE,REVIEWED,B,"관찰: NIGHT 검정 제품을 화이트 스튜디오에서 촬영한 최종 보정 룩북 컷으로, 각도 컷: 실루엣·소매 정보 보조이 확인된다. B 판정: 상세페이지의 제품 증거 또는 보조 서사에는 강하지만, 단독 최상단 Hero 우선순위는 A보다 낮다. 추천: LOOKBOOK / SUPPORT / PRODUCT PROOF. 차별점: AST-0310, 파일명 '기본_대각선_왼쪽 복사.jpg'의 각도 컷: 실루엣·소매 정보 보조에 해당한다.",2026-08-09,,UNKNOWN
AST-0311,01_INPUT(입력_원본)/04_SEOUL_NIGHT(서울_밤)/lookbook/final_retouched/2) 착장2(믹스)/1) 남자모델/1) 기본컷/기본_뒤 복사.jpg,기본_뒤 복사.jpg,jpg,룩북,NIGHT,승인된 COPY PLAN에 따라 복사한 원본 사본. 심층 품질 평가는 아직 진행하지 않음.,1276 × 1701 px,N/A — 정지 이미지,MEDIUM,HIGH — KOREA TOUR : SEOUL,A,NIGHT / PRODUCT,PRODUCT PROOF,사진 속 제품의 현행 SKU·모델 초상 사용 조건 확인,NO — 신규 AI 보완 불필요. 크롭·색보정·현행 SKU/권리 확인만 수행.,원본: /Volumes/DESKTOP/XXX STUDIO/1) 디자인/04) SEOUL/6) 사진 촬영/2) 룩북 촬영/3) 셀렉 & 보정/2) 보정본/2) NIGHT/2) 착장2(믹스)/1) 남자모델/1) 기본컷/기본_뒤 복사.jpg,CANDIDATE,REVIEWED,B,"관찰: 화이트 스튜디오 최종 보정 컷에서 NIGHT 검정 제품의 잠실·롯데타워 야경 등판 프린트와 좌표/QR 정보가 확인된다. B 판정: 상세페이지의 제품 증거 또는 보조 서사에는 강하지만, 단독 최상단 Hero 우선순위는 A보다 낮다. 추천: NIGHT / PRODUCT / PRODUCT PROOF. 차별점: AST-0311, 파일명 '기본_뒤 복사.jpg'의 후면: 등판 프린트 판독에 해당한다.",2026-08-09,,UNKNOWN
AST-0312,01_INPUT(입력_원본)/04_SEOUL_NIGHT(서울_밤)/lookbook/final_retouched/2) 착장2(믹스)/1) 남자모델/1) 기본컷/기본_정면 복사.jpg,기본_정면 복사.jpg,jpg,룩북,NIGHT,승인된 COPY PLAN에 따라 복사한 원본 사본. 심층 품질 평가는 아직 진행하지 않음.,1301 × 1735 px,N/A — 정지 이미지,MEDIUM,HIGH — KOREA TOUR : SEOUL,A,LOOKBOOK,SUPPORT / PRODUCT PROOF,사진 속 제품의 현행 SKU·모델 초상 사용 조건 확인,NO — 신규 AI 보완 불필요. 크롭·색보정·현행 SKU/권리 확인만 수행.,원본: /Volumes/DESKTOP/XXX STUDIO/1) 디자인/04) SEOUL/6) 사진 촬영/2) 룩북 촬영/3) 셀렉 & 보정/2) 보정본/2) NIGHT/2) 착장2(믹스)/1) 남자모델/1) 기본컷/기본_정면 복사.jpg,CANDIDATE,REVIEWED,B,"관찰: NIGHT 검정 제품을 화이트 스튜디오에서 촬영한 최종 보정 룩북 컷으로, 개별 파일의 구도·레이아웃 변형이 확인된다. B 판정: 상세페이지의 제품 증거 또는 보조 서사에는 강하지만, 단독 최상단 Hero 우선순위는 A보다 낮다. 추천: LOOKBOOK / SUPPORT / PRODUCT PROOF. 차별점: AST-0312, 파일명 '기본_정면 복사.jpg'의 개별 파일의 구도·레이아웃 변형에 해당한다.",2026-08-09,,UNKNOWN
AST-0313,01_INPUT(입력_원본)/04_SEOUL_NIGHT(서울_밤)/lookbook/final_retouched/2) 착장2(믹스)/1) 남자모델/1) 기본컷/기본_측면_오른쪽 복사.jpg,기본_측면_오른쪽 복사.jpg,jpg,룩북,NIGHT,승인된 COPY PLAN에 따라 복사한 원본 사본. 심층 품질 평가는 아직 진행하지 않음.,1293 × 1724 px,N/A — 정지 이미지,MEDIUM,HIGH — KOREA TOUR : SEOUL,A,LOOKBOOK,SUPPORT / PRODUCT PROOF,사진 속 제품의 현행 SKU·모델 초상 사용 조건 확인,NO — 신규 AI 보완 불필요. 크롭·색보정·현행 SKU/권리 확인만 수행.,원본: /Volumes/DESKTOP/XXX STUDIO/1) 디자인/04) SEOUL/6) 사진 촬영/2) 룩북 촬영/3) 셀렉 & 보정/2) 보정본/2) NIGHT/2) 착장2(믹스)/1) 남자모델/1) 기본컷/기본_측면_오른쪽 복사.jpg,CANDIDATE,REVIEWED,B,"관찰: NIGHT 검정 제품을 화이트 스튜디오에서 촬영한 최종 보정 룩북 컷으로, 각도 컷: 실루엣·소매 정보 보조이 확인된다. B 판정: 상세페이지의 제품 증거 또는 보조 서사에는 강하지만, 단독 최상단 Hero 우선순위는 A보다 낮다. 추천: LOOKBOOK / SUPPORT / PRODUCT PROOF. 차별점: AST-0313, 파일명 '기본_측면_오른쪽 복사.jpg'의 각도 컷: 실루엣·소매 정보 보조에 해당한다.",2026-08-09,,UNKNOWN
AST-0314,01_INPUT(입력_원본)/04_SEOUL_NIGHT(서울_밤)/lookbook/final_retouched/2) 착장2(믹스)/1) 남자모델/1) 기본컷/기본_측면_왼쪽 복사.jpg,기본_측면_왼쪽 복사.jpg,jpg,룩북,NIGHT,승인된 COPY PLAN에 따라 복사한 원본 사본. 심층 품질 평가는 아직 진행하지 않음.,1253 × 1672 px,N/A — 정지 이미지,MEDIUM,HIGH — KOREA TOUR : SEOUL,A,LOOKBOOK,SUPPORT / PRODUCT PROOF,사진 속 제품의 현행 SKU·모델 초상 사용 조건 확인,NO — 신규 AI 보완 불필요. 크롭·색보정·현행 SKU/권리 확인만 수행.,원본: /Volumes/DESKTOP/XXX STUDIO/1) 디자인/04) SEOUL/6) 사진 촬영/2) 룩북 촬영/3) 셀렉 & 보정/2) 보정본/2) NIGHT/2) 착장2(믹스)/1) 남자모델/1) 기본컷/기본_측면_왼쪽 복사.jpg,CANDIDATE,REVIEWED,B,"관찰: NIGHT 검정 제품을 화이트 스튜디오에서 촬영한 최종 보정 룩북 컷으로, 각도 컷: 실루엣·소매 정보 보조이 확인된다. B 판정: 상세페이지의 제품 증거 또는 보조 서사에는 강하지만, 단독 최상단 Hero 우선순위는 A보다 낮다. 추천: LOOKBOOK / SUPPORT / PRODUCT PROOF. 차별점: AST-0314, 파일명 '기본_측면_왼쪽 복사.jpg'의 각도 컷: 실루엣·소매 정보 보조에 해당한다.",2026-08-09,,UNKNOWN
AST-0315,01_INPUT(입력_원본)/04_SEOUL_NIGHT(서울_밤)/lookbook/final_retouched/2) 착장2(믹스)/1) 남자모델/2) 자유/03150014 복사.jpg,03150014 복사.jpg,jpg,룩북,NIGHT,승인된 COPY PLAN에 따라 복사한 원본 사본. 심층 품질 평가는 아직 진행하지 않음.,1290 × 1720 px,N/A — 정지 이미지,MEDIUM,MEDIUM — KOREA TOUR : SEOUL,A,LOOKBOOK,SUPPORT,사진 속 제품의 현행 SKU·모델 초상 사용 조건 확인,NO — 신규 AI 보완 불필요. 크롭·색보정·현행 SKU/권리 확인만 수행.,원본: /Volumes/DESKTOP/XXX STUDIO/1) 디자인/04) SEOUL/6) 사진 촬영/2) 룩북 촬영/3) 셀렉 & 보정/2) 보정본/2) NIGHT/2) 착장2(믹스)/1) 남자모델/2) 자유/03150014 복사.jpg,CANDIDATE,REVIEWED,C,"관찰: NIGHT 검정 제품을 화이트 스튜디오에서 촬영한 최종 보정 룩북 컷으로, 개별 파일의 구도·레이아웃 변형이 확인된다. C 판정: 기록·보조 활용 가치는 있으나 더 명확한 대표 후보가 있다. 추천: LOOKBOOK / SUPPORT. 차별점: AST-0315, 파일명 '03150014 복사.jpg'의 개별 파일의 구도·레이아웃 변형에 해당한다.",2026-08-09,,UNKNOWN
AST-0316,01_INPUT(입력_원본)/04_SEOUL_NIGHT(서울_밤)/lookbook/final_retouched/2) 착장2(믹스)/1) 남자모델/2) 자유/03150016 복사.jpg,03150016 복사.jpg,jpg,룩북,NIGHT,승인된 COPY PLAN에 따라 복사한 원본 사본. 심층 품질 평가는 아직 진행하지 않음.,1230 × 1640 px,N/A — 정지 이미지,MEDIUM,MEDIUM — KOREA TOUR : SEOUL,A,LOOKBOOK,SUPPORT,사진 속 제품의 현행 SKU·모델 초상 사용 조건 확인,NO — 신규 AI 보완 불필요. 크롭·색보정·현행 SKU/권리 확인만 수행.,원본: /Volumes/DESKTOP/XXX STUDIO/1) 디자인/04) SEOUL/6) 사진 촬영/2) 룩북 촬영/3) 셀렉 & 보정/2) 보정본/2) NIGHT/2) 착장2(믹스)/1) 남자모델/2) 자유/03150016 복사.jpg,CANDIDATE,REVIEWED,C,"관찰: NIGHT 검정 제품을 화이트 스튜디오에서 촬영한 최종 보정 룩북 컷으로, 개별 파일의 구도·레이아웃 변형이 확인된다. C 판정: 기록·보조 활용 가치는 있으나 더 명확한 대표 후보가 있다. 추천: LOOKBOOK / SUPPORT. 차별점: AST-0316, 파일명 '03150016 복사.jpg'의 개별 파일의 구도·레이아웃 변형에 해당한다.",2026-08-09,,UNKNOWN
AST-0317,01_INPUT(입력_원본)/04_SEOUL_NIGHT(서울_밤)/lookbook/final_retouched/2) 착장2(믹스)/1) 남자모델/2) 자유/03150020 복사.jpg,03150020 복사.jpg,jpg,룩북,NIGHT,승인된 COPY PLAN에 따라 복사한 원본 사본. 심층 품질 평가는 아직 진행하지 않음.,1310 × 1746 px,N/A — 정지 이미지,MEDIUM,MEDIUM — KOREA TOUR : SEOUL,A,LOOKBOOK,SUPPORT,사진 속 제품의 현행 SKU·모델 초상 사용 조건 확인,NO — 신규 AI 보완 불필요. 크롭·색보정·현행 SKU/권리 확인만 수행.,원본: /Volumes/DESKTOP/XXX STUDIO/1) 디자인/04) SEOUL/6) 사진 촬영/2) 룩북 촬영/3) 셀렉 & 보정/2) 보정본/2) NIGHT/2) 착장2(믹스)/1) 남자모델/2) 자유/03150020 복사.jpg,CANDIDATE,REVIEWED,C,"관찰: NIGHT 검정 제품을 화이트 스튜디오에서 촬영한 최종 보정 룩북 컷으로, 개별 파일의 구도·레이아웃 변형이 확인된다. C 판정: 기록·보조 활용 가치는 있으나 더 명확한 대표 후보가 있다. 추천: LOOKBOOK / SUPPORT. 차별점: AST-0317, 파일명 '03150020 복사.jpg'의 개별 파일의 구도·레이아웃 변형에 해당한다.",2026-08-09,,UNKNOWN
AST-0318,01_INPUT(입력_원본)/04_SEOUL_NIGHT(서울_밤)/lookbook/final_retouched/2) 착장2(믹스)/1) 남자모델/2) 자유/03152077 1 복사.jpg,03152077 1 복사.jpg,jpg,룩북,NIGHT,승인된 COPY PLAN에 따라 복사한 원본 사본. 심층 품질 평가는 아직 진행하지 않음.,1366 × 1822 px,N/A — 정지 이미지,MEDIUM,MEDIUM — KOREA TOUR : SEOUL,A,LOOKBOOK,SUPPORT,사진 속 제품의 현행 SKU·모델 초상 사용 조건 확인,NO — 신규 AI 보완 불필요. 크롭·색보정·현행 SKU/권리 확인만 수행.,원본: /Volumes/DESKTOP/XXX STUDIO/1) 디자인/04) SEOUL/6) 사진 촬영/2) 룩북 촬영/3) 셀렉 & 보정/2) 보정본/2) NIGHT/2) 착장2(믹스)/1) 남자모델/2) 자유/03152077 1 복사.jpg,CANDIDATE,REVIEWED,C,"관찰: NIGHT 검정 제품을 화이트 스튜디오에서 촬영한 최종 보정 룩북 컷으로, 개별 파일의 구도·레이아웃 변형이 확인된다. C 판정: 기록·보조 활용 가치는 있으나 더 명확한 대표 후보가 있다. 추천: LOOKBOOK / SUPPORT. 차별점: AST-0318, 파일명 '03152077 1 복사.jpg'의 개별 파일의 구도·레이아웃 변형에 해당한다.",2026-08-09,,UNKNOWN
AST-0319,01_INPUT(입력_원본)/04_SEOUL_NIGHT(서울_밤)/lookbook/final_retouched/2) 착장2(믹스)/1) 남자모델/2) 자유/03152084 1 복사(로고삭제).jpg,03152084 1 복사(로고삭제).jpg,jpg,룩북,NIGHT,승인된 COPY PLAN에 따라 복사한 원본 사본. 심층 품질 평가는 아직 진행하지 않음.,1366 × 1822 px,N/A — 정지 이미지,MEDIUM,LOW — KOREA TOUR : SEOUL,A,LOOKBOOK,SUPPORT,중복/파생: 대표 후보 AST-0320와의 관계를 확인; 원본은 보존하고 직접 사용에서는 제외.,NO — 신규 편집 대신 대표 원본을 사용.,원본: /Volumes/DESKTOP/XXX STUDIO/1) 디자인/04) SEOUL/6) 사진 촬영/2) 룩북 촬영/3) 셀렉 & 보정/2) 보정본/2) NIGHT/2) 착장2(믹스)/1) 남자모델/2) 자유/03152084 1 복사(로고삭제).jpg,CANDIDATE,REVIEWED,EXCLUDE,"관찰: NIGHT 검정 제품을 화이트 스튜디오에서 촬영한 최종 보정 룩북 컷으로, 개별 파일의 구도·레이아웃 변형이 확인된다. EXCLUDE 판정: 대표 원본과의 중복 또는 직접 사용 효용이 낮은 파생본이다. 추천: LOOKBOOK / SUPPORT. 차별점: AST-0319, 파일명 '03152084 1 복사(로고삭제).jpg'의 개별 파일의 구도·레이아웃 변형에 해당한다.",2026-08-09,,UNKNOWN
AST-0320,01_INPUT(입력_원본)/04_SEOUL_NIGHT(서울_밤)/lookbook/final_retouched/2) 착장2(믹스)/1) 남자모델/2) 자유/03152084 1 복사.jpg,03152084 1 복사.jpg,jpg,룩북,NIGHT,승인된 COPY PLAN에 따라 복사한 원본 사본. 심층 품질 평가는 아직 진행하지 않음.,1366 × 1822 px,N/A — 정지 이미지,MEDIUM,HIGH — KOREA TOUR : SEOUL,A,LOOKBOOK,SUPPORT / PRODUCT PROOF,사진 속 제품의 현행 SKU·모델 초상 사용 조건 확인,NO — 신규 AI 보완 불필요. 크롭·색보정·현행 SKU/권리 확인만 수행.,원본: /Volumes/DESKTOP/XXX STUDIO/1) 디자인/04) SEOUL/6) 사진 촬영/2) 룩북 촬영/3) 셀렉 & 보정/2) 보정본/2) NIGHT/2) 착장2(믹스)/1) 남자모델/2) 자유/03152084 1 복사.jpg,CANDIDATE,REVIEWED,B,"관찰: NIGHT 검정 제품을 화이트 스튜디오에서 촬영한 최종 보정 룩북 컷으로, 개별 파일의 구도·레이아웃 변형이 확인된다. B 판정: 상세페이지의 제품 증거 또는 보조 서사에는 강하지만, 단독 최상단 Hero 우선순위는 A보다 낮다. 추천: LOOKBOOK / SUPPORT / PRODUCT PROOF. 차별점: AST-0320, 파일명 '03152084 1 복사.jpg'의 개별 파일의 구도·레이아웃 변형에 해당한다.",2026-08-09,,UNKNOWN
AST-0321,01_INPUT(입력_원본)/04_SEOUL_NIGHT(서울_밤)/lookbook/final_retouched/2) 착장2(믹스)/1) 남자모델/2) 자유/03152088 1 복사(로고 삭제).jpg,03152088 1 복사(로고 삭제).jpg,jpg,룩북,NIGHT,승인된 COPY PLAN에 따라 복사한 원본 사본. 심층 품질 평가는 아직 진행하지 않음.,1451 × 1935 px,N/A — 정지 이미지,MEDIUM,LOW — KOREA TOUR : SEOUL,A,LOOKBOOK,SUPPORT,중복/파생: 대표 후보 AST-0322와의 관계를 확인; 원본은 보존하고 직접 사용에서는 제외.,NO — 신규 편집 대신 대표 원본을 사용.,원본: /Volumes/DESKTOP/XXX STUDIO/1) 디자인/04) SEOUL/6) 사진 촬영/2) 룩북 촬영/3) 셀렉 & 보정/2) 보정본/2) NIGHT/2) 착장2(믹스)/1) 남자모델/2) 자유/03152088 1 복사(로고 삭제).jpg,CANDIDATE,REVIEWED,EXCLUDE,"관찰: NIGHT 검정 제품을 화이트 스튜디오에서 촬영한 최종 보정 룩북 컷으로, 개별 파일의 구도·레이아웃 변형이 확인된다. EXCLUDE 판정: 대표 원본과의 중복 또는 직접 사용 효용이 낮은 파생본이다. 추천: LOOKBOOK / SUPPORT. 차별점: AST-0321, 파일명 '03152088 1 복사(로고 삭제).jpg'의 개별 파일의 구도·레이아웃 변형에 해당한다.",2026-08-09,,UNKNOWN
AST-0322,01_INPUT(입력_원본)/04_SEOUL_NIGHT(서울_밤)/lookbook/final_retouched/2) 착장2(믹스)/1) 남자모델/2) 자유/03152088 1 복사.jpg,03152088 1 복사.jpg,jpg,룩북,NIGHT,승인된 COPY PLAN에 따라 복사한 원본 사본. 심층 품질 평가는 아직 진행하지 않음.,1451 × 1935 px,N/A — 정지 이미지,MEDIUM,HIGH — KOREA TOUR : SEOUL,A,LOOKBOOK,SUPPORT / PRODUCT PROOF,사진 속 제품의 현행 SKU·모델 초상 사용 조건 확인,NO — 신규 AI 보완 불필요. 크롭·색보정·현행 SKU/권리 확인만 수행.,원본: /Volumes/DESKTOP/XXX STUDIO/1) 디자인/04) SEOUL/6) 사진 촬영/2) 룩북 촬영/3) 셀렉 & 보정/2) 보정본/2) NIGHT/2) 착장2(믹스)/1) 남자모델/2) 자유/03152088 1 복사.jpg,CANDIDATE,REVIEWED,B,"관찰: NIGHT 검정 제품을 화이트 스튜디오에서 촬영한 최종 보정 룩북 컷으로, 개별 파일의 구도·레이아웃 변형이 확인된다. B 판정: 상세페이지의 제품 증거 또는 보조 서사에는 강하지만, 단독 최상단 Hero 우선순위는 A보다 낮다. 추천: LOOKBOOK / SUPPORT / PRODUCT PROOF. 차별점: AST-0322, 파일명 '03152088 1 복사.jpg'의 개별 파일의 구도·레이아웃 변형에 해당한다.",2026-08-09,,UNKNOWN
AST-0323,01_INPUT(입력_원본)/04_SEOUL_NIGHT(서울_밤)/lookbook/final_retouched/2) 착장2(믹스)/1) 남자모델/2) 자유/03152102 1 복사(로고삭제).jpg,03152102 1 복사(로고삭제).jpg,jpg,룩북,NIGHT,승인된 COPY PLAN에 따라 복사한 원본 사본. 심층 품질 평가는 아직 진행하지 않음.,1366 × 1821 px,N/A — 정지 이미지,MEDIUM,LOW — KOREA TOUR : SEOUL,A,LOOKBOOK,SUPPORT,중복/파생: 대표 후보 AST-0324와의 관계를 확인; 원본은 보존하고 직접 사용에서는 제외.,NO — 신규 편집 대신 대표 원본을 사용.,원본: /Volumes/DESKTOP/XXX STUDIO/1) 디자인/04) SEOUL/6) 사진 촬영/2) 룩북 촬영/3) 셀렉 & 보정/2) 보정본/2) NIGHT/2) 착장2(믹스)/1) 남자모델/2) 자유/03152102 1 복사(로고삭제).jpg,CANDIDATE,REVIEWED,EXCLUDE,"관찰: NIGHT 검정 제품을 화이트 스튜디오에서 촬영한 최종 보정 룩북 컷으로, 개별 파일의 구도·레이아웃 변형이 확인된다. EXCLUDE 판정: 대표 원본과의 중복 또는 직접 사용 효용이 낮은 파생본이다. 추천: LOOKBOOK / SUPPORT. 차별점: AST-0323, 파일명 '03152102 1 복사(로고삭제).jpg'의 개별 파일의 구도·레이아웃 변형에 해당한다.",2026-08-09,,UNKNOWN
AST-0324,01_INPUT(입력_원본)/04_SEOUL_NIGHT(서울_밤)/lookbook/final_retouched/2) 착장2(믹스)/1) 남자모델/2) 자유/03152102 1 복사.jpg,03152102 1 복사.jpg,jpg,룩북,NIGHT,승인된 COPY PLAN에 따라 복사한 원본 사본. 심층 품질 평가는 아직 진행하지 않음.,1366 × 1821 px,N/A — 정지 이미지,MEDIUM,HIGH — KOREA TOUR : SEOUL,A,LOOKBOOK,SUPPORT / PRODUCT PROOF,사진 속 제품의 현행 SKU·모델 초상 사용 조건 확인,NO — 신규 AI 보완 불필요. 크롭·색보정·현행 SKU/권리 확인만 수행.,원본: /Volumes/DESKTOP/XXX STUDIO/1) 디자인/04) SEOUL/6) 사진 촬영/2) 룩북 촬영/3) 셀렉 & 보정/2) 보정본/2) NIGHT/2) 착장2(믹스)/1) 남자모델/2) 자유/03152102 1 복사.jpg,CANDIDATE,REVIEWED,B,"관찰: NIGHT 검정 제품을 화이트 스튜디오에서 촬영한 최종 보정 룩북 컷으로, 개별 파일의 구도·레이아웃 변형이 확인된다. B 판정: 상세페이지의 제품 증거 또는 보조 서사에는 강하지만, 단독 최상단 Hero 우선순위는 A보다 낮다. 추천: LOOKBOOK / SUPPORT / PRODUCT PROOF. 차별점: AST-0324, 파일명 '03152102 1 복사.jpg'의 개별 파일의 구도·레이아웃 변형에 해당한다.",2026-08-09,,UNKNOWN
AST-0325,01_INPUT(입력_원본)/04_SEOUL_NIGHT(서울_밤)/lookbook/final_retouched/2) 착장2(믹스)/1) 남자모델/2) 자유/03159973 복사.jpg,03159973 복사.jpg,jpg,룩북,NIGHT,승인된 COPY PLAN에 따라 복사한 원본 사본. 심층 품질 평가는 아직 진행하지 않음.,1149 × 1532 px,N/A — 정지 이미지,MEDIUM,MEDIUM — KOREA TOUR : SEOUL,A,LOOKBOOK,SUPPORT,사진 속 제품의 현행 SKU·모델 초상 사용 조건 확인,NO — 신규 AI 보완 불필요. 크롭·색보정·현행 SKU/권리 확인만 수행.,원본: /Volumes/DESKTOP/XXX STUDIO/1) 디자인/04) SEOUL/6) 사진 촬영/2) 룩북 촬영/3) 셀렉 & 보정/2) 보정본/2) NIGHT/2) 착장2(믹스)/1) 남자모델/2) 자유/03159973 복사.jpg,CANDIDATE,REVIEWED,C,"관찰: NIGHT 검정 제품을 화이트 스튜디오에서 촬영한 최종 보정 룩북 컷으로, 개별 파일의 구도·레이아웃 변형이 확인된다. C 판정: 기록·보조 활용 가치는 있으나 더 명확한 대표 후보가 있다. 추천: LOOKBOOK / SUPPORT. 차별점: AST-0325, 파일명 '03159973 복사.jpg'의 개별 파일의 구도·레이아웃 변형에 해당한다.",2026-08-09,,UNKNOWN
AST-0326,01_INPUT(입력_원본)/04_SEOUL_NIGHT(서울_밤)/lookbook/final_retouched/2) 착장2(믹스)/1) 남자모델/2) 자유/03159984 복사.jpg,03159984 복사.jpg,jpg,룩북,NIGHT,승인된 COPY PLAN에 따라 복사한 원본 사본. 심층 품질 평가는 아직 진행하지 않음.,1214 × 1617 px,N/A — 정지 이미지,MEDIUM,MEDIUM — KOREA TOUR : SEOUL,A,LOOKBOOK,SUPPORT,사진 속 제품의 현행 SKU·모델 초상 사용 조건 확인,NO — 신규 AI 보완 불필요. 크롭·색보정·현행 SKU/권리 확인만 수행.,원본: /Volumes/DESKTOP/XXX STUDIO/1) 디자인/04) SEOUL/6) 사진 촬영/2) 룩북 촬영/3) 셀렉 & 보정/2) 보정본/2) NIGHT/2) 착장2(믹스)/1) 남자모델/2) 자유/03159984 복사.jpg,CANDIDATE,REVIEWED,C,"관찰: NIGHT 검정 제품을 화이트 스튜디오에서 촬영한 최종 보정 룩북 컷으로, 개별 파일의 구도·레이아웃 변형이 확인된다. C 판정: 기록·보조 활용 가치는 있으나 더 명확한 대표 후보가 있다. 추천: LOOKBOOK / SUPPORT. 차별점: AST-0326, 파일명 '03159984 복사.jpg'의 개별 파일의 구도·레이아웃 변형에 해당한다.",2026-08-09,,UNKNOWN
AST-0327,01_INPUT(입력_원본)/04_SEOUL_NIGHT(서울_밤)/lookbook/final_retouched/2) 착장2(믹스)/1) 남자모델/2) 자유/03159995 복사.jpg,03159995 복사.jpg,jpg,룩북,NIGHT,승인된 COPY PLAN에 따라 복사한 원본 사본. 심층 품질 평가는 아직 진행하지 않음.,1366 × 1821 px,N/A — 정지 이미지,MEDIUM,MEDIUM — KOREA TOUR : SEOUL,A,LOOKBOOK,SUPPORT,사진 속 제품의 현행 SKU·모델 초상 사용 조건 확인,NO — 신규 AI 보완 불필요. 크롭·색보정·현행 SKU/권리 확인만 수행.,원본: /Volumes/DESKTOP/XXX STUDIO/1) 디자인/04) SEOUL/6) 사진 촬영/2) 룩북 촬영/3) 셀렉 & 보정/2) 보정본/2) NIGHT/2) 착장2(믹스)/1) 남자모델/2) 자유/03159995 복사.jpg,CANDIDATE,REVIEWED,C,"관찰: NIGHT 검정 제품을 화이트 스튜디오에서 촬영한 최종 보정 룩북 컷으로, 개별 파일의 구도·레이아웃 변형이 확인된다. C 판정: 기록·보조 활용 가치는 있으나 더 명확한 대표 후보가 있다. 추천: LOOKBOOK / SUPPORT. 차별점: AST-0327, 파일명 '03159995 복사.jpg'의 개별 파일의 구도·레이아웃 변형에 해당한다.",2026-08-09,,UNKNOWN
AST-0328,01_INPUT(입력_원본)/04_SEOUL_NIGHT(서울_밤)/lookbook/final_retouched/2) 착장2(믹스)/2) 여자모델/1) 기본컷/기본_대각선_오른쪽 복사.jpg,기본_대각선_오른쪽 복사.jpg,jpg,룩북,NIGHT,승인된 COPY PLAN에 따라 복사한 원본 사본. 심층 품질 평가는 아직 진행하지 않음.,1366 × 1822 px,N/A — 정지 이미지,MEDIUM,HIGH — KOREA TOUR : SEOUL,A,LOOKBOOK,SUPPORT / PRODUCT PROOF,사진 속 제품의 현행 SKU·모델 초상 사용 조건 확인,NO — 신규 AI 보완 불필요. 크롭·색보정·현행 SKU/권리 확인만 수행.,원본: /Volumes/DESKTOP/XXX STUDIO/1) 디자인/04) SEOUL/6) 사진 촬영/2) 룩북 촬영/3) 셀렉 & 보정/2) 보정본/2) NIGHT/2) 착장2(믹스)/2) 여자모델/1) 기본컷/기본_대각선_오른쪽 복사.jpg,CANDIDATE,REVIEWED,B,"관찰: NIGHT 검정 제품을 화이트 스튜디오에서 촬영한 최종 보정 룩북 컷으로, 각도 컷: 실루엣·소매 정보 보조이 확인된다. B 판정: 상세페이지의 제품 증거 또는 보조 서사에는 강하지만, 단독 최상단 Hero 우선순위는 A보다 낮다. 추천: LOOKBOOK / SUPPORT / PRODUCT PROOF. 차별점: AST-0328, 파일명 '기본_대각선_오른쪽 복사.jpg'의 각도 컷: 실루엣·소매 정보 보조에 해당한다.",2026-08-09,,UNKNOWN
AST-0329,01_INPUT(입력_원본)/04_SEOUL_NIGHT(서울_밤)/lookbook/final_retouched/2) 착장2(믹스)/2) 여자모델/1) 기본컷/기본_대각선_왼쪽 복사.jpg,기본_대각선_왼쪽 복사.jpg,jpg,룩북,NIGHT,승인된 COPY PLAN에 따라 복사한 원본 사본. 심층 품질 평가는 아직 진행하지 않음.,1337 × 1781 px,N/A — 정지 이미지,MEDIUM,HIGH — KOREA TOUR : SEOUL,A,LOOKBOOK,SUPPORT / PRODUCT PROOF,사진 속 제품의 현행 SKU·모델 초상 사용 조건 확인,NO — 신규 AI 보완 불필요. 크롭·색보정·현행 SKU/권리 확인만 수행.,원본: /Volumes/DESKTOP/XXX STUDIO/1) 디자인/04) SEOUL/6) 사진 촬영/2) 룩북 촬영/3) 셀렉 & 보정/2) 보정본/2) NIGHT/2) 착장2(믹스)/2) 여자모델/1) 기본컷/기본_대각선_왼쪽 복사.jpg,CANDIDATE,REVIEWED,B,"관찰: NIGHT 검정 제품을 화이트 스튜디오에서 촬영한 최종 보정 룩북 컷으로, 각도 컷: 실루엣·소매 정보 보조이 확인된다. B 판정: 상세페이지의 제품 증거 또는 보조 서사에는 강하지만, 단독 최상단 Hero 우선순위는 A보다 낮다. 추천: LOOKBOOK / SUPPORT / PRODUCT PROOF. 차별점: AST-0329, 파일명 '기본_대각선_왼쪽 복사.jpg'의 각도 컷: 실루엣·소매 정보 보조에 해당한다.",2026-08-09,,UNKNOWN
AST-0330,01_INPUT(입력_원본)/04_SEOUL_NIGHT(서울_밤)/lookbook/final_retouched/2) 착장2(믹스)/2) 여자모델/1) 기본컷/기본_뒤2 복사.jpg,기본_뒤2 복사.jpg,jpg,룩북,NIGHT,승인된 COPY PLAN에 따라 복사한 원본 사본. 심층 품질 평가는 아직 진행하지 않음.,1366 × 1822 px,N/A — 정지 이미지,MEDIUM,HIGH — KOREA TOUR : SEOUL,A,NIGHT / PRODUCT,PRODUCT PROOF,사진 속 제품의 현행 SKU·모델 초상 사용 조건 확인,NO — 신규 AI 보완 불필요. 크롭·색보정·현행 SKU/권리 확인만 수행.,원본: /Volumes/DESKTOP/XXX STUDIO/1) 디자인/04) SEOUL/6) 사진 촬영/2) 룩북 촬영/3) 셀렉 & 보정/2) 보정본/2) NIGHT/2) 착장2(믹스)/2) 여자모델/1) 기본컷/기본_뒤2 복사.jpg,CANDIDATE,REVIEWED,B,"관찰: 화이트 스튜디오 최종 보정 컷에서 NIGHT 검정 제품의 잠실·롯데타워 야경 등판 프린트와 좌표/QR 정보가 확인된다. B 판정: 상세페이지의 제품 증거 또는 보조 서사에는 강하지만, 단독 최상단 Hero 우선순위는 A보다 낮다. 추천: NIGHT / PRODUCT / PRODUCT PROOF. 차별점: AST-0330, 파일명 '기본_뒤2 복사.jpg'의 후면: 등판 프린트 판독에 해당한다.",2026-08-09,,UNKNOWN
AST-0331,01_INPUT(입력_원본)/04_SEOUL_NIGHT(서울_밤)/lookbook/final_retouched/2) 착장2(믹스)/2) 여자모델/1) 기본컷/기본_앞 복사.jpg,기본_앞 복사.jpg,jpg,룩북,NIGHT,승인된 COPY PLAN에 따라 복사한 원본 사본. 심층 품질 평가는 아직 진행하지 않음.,1366 × 1822 px,N/A — 정지 이미지,MEDIUM,HIGH — KOREA TOUR : SEOUL,A,NIGHT / PRODUCT,PRODUCT PROOF,사진 속 제품의 현행 SKU·모델 초상 사용 조건 확인,NO — 신규 AI 보완 불필요. 크롭·색보정·현행 SKU/권리 확인만 수행.,원본: /Volumes/DESKTOP/XXX STUDIO/1) 디자인/04) SEOUL/6) 사진 촬영/2) 룩북 촬영/3) 셀렉 & 보정/2) 보정본/2) NIGHT/2) 착장2(믹스)/2) 여자모델/1) 기본컷/기본_앞 복사.jpg,CANDIDATE,REVIEWED,B,"관찰: 화이트 스튜디오 최종 보정 컷에서 NIGHT 검정 제품의 전면 작은 교차 심볼과 소매 +82/NIGHT/02 코드가 확인된다. B 판정: 상세페이지의 제품 증거 또는 보조 서사에는 강하지만, 단독 최상단 Hero 우선순위는 A보다 낮다. 추천: NIGHT / PRODUCT / PRODUCT PROOF. 차별점: AST-0331, 파일명 '기본_앞 복사.jpg'의 전면: 가슴 표식/실루엣 판독에 해당한다.",2026-08-09,,UNKNOWN
AST-0332,01_INPUT(입력_원본)/04_SEOUL_NIGHT(서울_밤)/lookbook/final_retouched/2) 착장2(믹스)/2) 여자모델/1) 기본컷/기본_측면_오른쪽 복사.jpg,기본_측면_오른쪽 복사.jpg,jpg,룩북,NIGHT,승인된 COPY PLAN에 따라 복사한 원본 사본. 심층 품질 평가는 아직 진행하지 않음.,1366 × 1821 px,N/A — 정지 이미지,MEDIUM,HIGH — KOREA TOUR : SEOUL,A,LOOKBOOK,SUPPORT / PRODUCT PROOF,사진 속 제품의 현행 SKU·모델 초상 사용 조건 확인,NO — 신규 AI 보완 불필요. 크롭·색보정·현행 SKU/권리 확인만 수행.,원본: /Volumes/DESKTOP/XXX STUDIO/1) 디자인/04) SEOUL/6) 사진 촬영/2) 룩북 촬영/3) 셀렉 & 보정/2) 보정본/2) NIGHT/2) 착장2(믹스)/2) 여자모델/1) 기본컷/기본_측면_오른쪽 복사.jpg,CANDIDATE,REVIEWED,B,"관찰: NIGHT 검정 제품을 화이트 스튜디오에서 촬영한 최종 보정 룩북 컷으로, 각도 컷: 실루엣·소매 정보 보조이 확인된다. B 판정: 상세페이지의 제품 증거 또는 보조 서사에는 강하지만, 단독 최상단 Hero 우선순위는 A보다 낮다. 추천: LOOKBOOK / SUPPORT / PRODUCT PROOF. 차별점: AST-0332, 파일명 '기본_측면_오른쪽 복사.jpg'의 각도 컷: 실루엣·소매 정보 보조에 해당한다.",2026-08-09,,UNKNOWN
AST-0333,01_INPUT(입력_원본)/04_SEOUL_NIGHT(서울_밤)/lookbook/final_retouched/2) 착장2(믹스)/2) 여자모델/1) 기본컷/기본_측면_왼쪽 복사.jpg,기본_측면_왼쪽 복사.jpg,jpg,룩북,NIGHT,승인된 COPY PLAN에 따라 복사한 원본 사본. 심층 품질 평가는 아직 진행하지 않음.,1345 × 1794 px,N/A — 정지 이미지,MEDIUM,HIGH — KOREA TOUR : SEOUL,A,LOOKBOOK,SUPPORT / PRODUCT PROOF,사진 속 제품의 현행 SKU·모델 초상 사용 조건 확인,NO — 신규 AI 보완 불필요. 크롭·색보정·현행 SKU/권리 확인만 수행.,원본: /Volumes/DESKTOP/XXX STUDIO/1) 디자인/04) SEOUL/6) 사진 촬영/2) 룩북 촬영/3) 셀렉 & 보정/2) 보정본/2) NIGHT/2) 착장2(믹스)/2) 여자모델/1) 기본컷/기본_측면_왼쪽 복사.jpg,CANDIDATE,REVIEWED,B,"관찰: NIGHT 검정 제품을 화이트 스튜디오에서 촬영한 최종 보정 룩북 컷으로, 각도 컷: 실루엣·소매 정보 보조이 확인된다. B 판정: 상세페이지의 제품 증거 또는 보조 서사에는 강하지만, 단독 최상단 Hero 우선순위는 A보다 낮다. 추천: LOOKBOOK / SUPPORT / PRODUCT PROOF. 차별점: AST-0333, 파일명 '기본_측면_왼쪽 복사.jpg'의 각도 컷: 실루엣·소매 정보 보조에 해당한다.",2026-08-09,,UNKNOWN
AST-0334,01_INPUT(입력_원본)/04_SEOUL_NIGHT(서울_밤)/lookbook/final_retouched/2) 착장2(믹스)/2) 여자모델/2) 자유/03155295 복사.jpg,03155295 복사.jpg,jpg,룩북,NIGHT,승인된 COPY PLAN에 따라 복사한 원본 사본. 심층 품질 평가는 아직 진행하지 않음.,1348 × 1797 px,N/A — 정지 이미지,MEDIUM,MEDIUM — KOREA TOUR : SEOUL,A,LOOKBOOK,SUPPORT,사진 속 제품의 현행 SKU·모델 초상 사용 조건 확인,NO — 신규 AI 보완 불필요. 크롭·색보정·현행 SKU/권리 확인만 수행.,원본: /Volumes/DESKTOP/XXX STUDIO/1) 디자인/04) SEOUL/6) 사진 촬영/2) 룩북 촬영/3) 셀렉 & 보정/2) 보정본/2) NIGHT/2) 착장2(믹스)/2) 여자모델/2) 자유/03155295 복사.jpg,CANDIDATE,REVIEWED,C,"관찰: NIGHT 검정 제품을 화이트 스튜디오에서 촬영한 최종 보정 룩북 컷으로, 개별 파일의 구도·레이아웃 변형이 확인된다. C 판정: 기록·보조 활용 가치는 있으나 더 명확한 대표 후보가 있다. 추천: LOOKBOOK / SUPPORT. 차별점: AST-0334, 파일명 '03155295 복사.jpg'의 개별 파일의 구도·레이아웃 변형에 해당한다.",2026-08-09,,UNKNOWN
AST-0335,01_INPUT(입력_원본)/04_SEOUL_NIGHT(서울_밤)/lookbook/final_retouched/2) 착장2(믹스)/2) 여자모델/2) 자유/03155298 복사.jpg,03155298 복사.jpg,jpg,룩북,NIGHT,승인된 COPY PLAN에 따라 복사한 원본 사본. 심층 품질 평가는 아직 진행하지 않음.,1314 × 1751 px,N/A — 정지 이미지,MEDIUM,MEDIUM — KOREA TOUR : SEOUL,A,LOOKBOOK,SUPPORT,사진 속 제품의 현행 SKU·모델 초상 사용 조건 확인,NO — 신규 AI 보완 불필요. 크롭·색보정·현행 SKU/권리 확인만 수행.,원본: /Volumes/DESKTOP/XXX STUDIO/1) 디자인/04) SEOUL/6) 사진 촬영/2) 룩북 촬영/3) 셀렉 & 보정/2) 보정본/2) NIGHT/2) 착장2(믹스)/2) 여자모델/2) 자유/03155298 복사.jpg,CANDIDATE,REVIEWED,C,"관찰: NIGHT 검정 제품을 화이트 스튜디오에서 촬영한 최종 보정 룩북 컷으로, 개별 파일의 구도·레이아웃 변형이 확인된다. C 판정: 기록·보조 활용 가치는 있으나 더 명확한 대표 후보가 있다. 추천: LOOKBOOK / SUPPORT. 차별점: AST-0335, 파일명 '03155298 복사.jpg'의 개별 파일의 구도·레이아웃 변형에 해당한다.",2026-08-09,,UNKNOWN
AST-0336,01_INPUT(입력_원본)/04_SEOUL_NIGHT(서울_밤)/lookbook/final_retouched/2) 착장2(믹스)/2) 여자모델/2) 자유/03155304 복사.jpg,03155304 복사.jpg,jpg,룩북,NIGHT,승인된 COPY PLAN에 따라 복사한 원본 사본. 심층 품질 평가는 아직 진행하지 않음.,1340 × 1786 px,N/A — 정지 이미지,MEDIUM,MEDIUM — KOREA TOUR : SEOUL,A,LOOKBOOK,SUPPORT,사진 속 제품의 현행 SKU·모델 초상 사용 조건 확인,NO — 신규 AI 보완 불필요. 크롭·색보정·현행 SKU/권리 확인만 수행.,원본: /Volumes/DESKTOP/XXX STUDIO/1) 디자인/04) SEOUL/6) 사진 촬영/2) 룩북 촬영/3) 셀렉 & 보정/2) 보정본/2) NIGHT/2) 착장2(믹스)/2) 여자모델/2) 자유/03155304 복사.jpg,CANDIDATE,REVIEWED,C,"관찰: NIGHT 검정 제품을 화이트 스튜디오에서 촬영한 최종 보정 룩북 컷으로, 개별 파일의 구도·레이아웃 변형이 확인된다. C 판정: 기록·보조 활용 가치는 있으나 더 명확한 대표 후보가 있다. 추천: LOOKBOOK / SUPPORT. 차별점: AST-0336, 파일명 '03155304 복사.jpg'의 개별 파일의 구도·레이아웃 변형에 해당한다.",2026-08-09,,UNKNOWN
AST-0337,01_INPUT(입력_원본)/04_SEOUL_NIGHT(서울_밤)/lookbook/final_retouched/2) 착장2(믹스)/2) 여자모델/2) 자유/03155305 복사.jpg,03155305 복사.jpg,jpg,룩북,NIGHT,승인된 COPY PLAN에 따라 복사한 원본 사본. 심층 품질 평가는 아직 진행하지 않음.,1366 × 1822 px,N/A — 정지 이미지,MEDIUM,HIGH — KOREA TOUR : SEOUL,A,LOOKBOOK,SUPPORT / PRODUCT PROOF,사진 속 제품의 현행 SKU·모델 초상 사용 조건 확인,NO — 신규 AI 보완 불필요. 크롭·색보정·현행 SKU/권리 확인만 수행.,원본: /Volumes/DESKTOP/XXX STUDIO/1) 디자인/04) SEOUL/6) 사진 촬영/2) 룩북 촬영/3) 셀렉 & 보정/2) 보정본/2) NIGHT/2) 착장2(믹스)/2) 여자모델/2) 자유/03155305 복사.jpg,CANDIDATE,REVIEWED,B,"관찰: NIGHT 검정 제품을 화이트 스튜디오에서 촬영한 최종 보정 룩북 컷으로, 개별 파일의 구도·레이아웃 변형이 확인된다. B 판정: 상세페이지의 제품 증거 또는 보조 서사에는 강하지만, 단독 최상단 Hero 우선순위는 A보다 낮다. 추천: LOOKBOOK / SUPPORT / PRODUCT PROOF. 차별점: AST-0337, 파일명 '03155305 복사.jpg'의 개별 파일의 구도·레이아웃 변형에 해당한다.",2026-08-09,,UNKNOWN
AST-0338,01_INPUT(입력_원본)/04_SEOUL_NIGHT(서울_밤)/lookbook/final_retouched/2) 착장2(믹스)/2) 여자모델/2) 자유/03155311 복사.jpg,03155311 복사.jpg,jpg,룩북,NIGHT,승인된 COPY PLAN에 따라 복사한 원본 사본. 심층 품질 평가는 아직 진행하지 않음.,1366 × 1822 px,N/A — 정지 이미지,MEDIUM,MEDIUM — KOREA TOUR : SEOUL,A,LOOKBOOK,SUPPORT,사진 속 제품의 현행 SKU·모델 초상 사용 조건 확인,NO — 신규 AI 보완 불필요. 크롭·색보정·현행 SKU/권리 확인만 수행.,원본: /Volumes/DESKTOP/XXX STUDIO/1) 디자인/04) SEOUL/6) 사진 촬영/2) 룩북 촬영/3) 셀렉 & 보정/2) 보정본/2) NIGHT/2) 착장2(믹스)/2) 여자모델/2) 자유/03155311 복사.jpg,CANDIDATE,REVIEWED,C,"관찰: NIGHT 검정 제품을 화이트 스튜디오에서 촬영한 최종 보정 룩북 컷으로, 개별 파일의 구도·레이아웃 변형이 확인된다. C 판정: 기록·보조 활용 가치는 있으나 더 명확한 대표 후보가 있다. 추천: LOOKBOOK / SUPPORT. 차별점: AST-0338, 파일명 '03155311 복사.jpg'의 개별 파일의 구도·레이아웃 변형에 해당한다.",2026-08-09,,UNKNOWN
AST-0339,01_INPUT(입력_원본)/04_SEOUL_NIGHT(서울_밤)/lookbook/final_retouched/2) 착장2(믹스)/2) 여자모델/2) 자유/03155315 복사.jpg,03155315 복사.jpg,jpg,룩북,NIGHT,승인된 COPY PLAN에 따라 복사한 원본 사본. 심층 품질 평가는 아직 진행하지 않음.,1366 × 1821 px,N/A — 정지 이미지,MEDIUM,HIGH — KOREA TOUR : SEOUL,A,LOOKBOOK,SUPPORT / PRODUCT PROOF,사진 속 제품의 현행 SKU·모델 초상 사용 조건 확인,NO — 신규 AI 보완 불필요. 크롭·색보정·현행 SKU/권리 확인만 수행.,원본: /Volumes/DESKTOP/XXX STUDIO/1) 디자인/04) SEOUL/6) 사진 촬영/2) 룩북 촬영/3) 셀렉 & 보정/2) 보정본/2) NIGHT/2) 착장2(믹스)/2) 여자모델/2) 자유/03155315 복사.jpg,CANDIDATE,REVIEWED,B,"관찰: NIGHT 검정 제품을 화이트 스튜디오에서 촬영한 최종 보정 룩북 컷으로, 개별 파일의 구도·레이아웃 변형이 확인된다. B 판정: 상세페이지의 제품 증거 또는 보조 서사에는 강하지만, 단독 최상단 Hero 우선순위는 A보다 낮다. 추천: LOOKBOOK / SUPPORT / PRODUCT PROOF. 차별점: AST-0339, 파일명 '03155315 복사.jpg'의 개별 파일의 구도·레이아웃 변형에 해당한다.",2026-08-09,,UNKNOWN
AST-0340,01_INPUT(입력_원본)/04_SEOUL_NIGHT(서울_밤)/lookbook/final_retouched/2) 착장2(믹스)/2) 여자모델/2) 자유/03155330 복사.jpg,03155330 복사.jpg,jpg,룩북,NIGHT,승인된 COPY PLAN에 따라 복사한 원본 사본. 심층 품질 평가는 아직 진행하지 않음.,1366 × 1821 px,N/A — 정지 이미지,MEDIUM,MEDIUM — KOREA TOUR : SEOUL,A,LOOKBOOK,SUPPORT,사진 속 제품의 현행 SKU·모델 초상 사용 조건 확인,NO — 신규 AI 보완 불필요. 크롭·색보정·현행 SKU/권리 확인만 수행.,원본: /Volumes/DESKTOP/XXX STUDIO/1) 디자인/04) SEOUL/6) 사진 촬영/2) 룩북 촬영/3) 셀렉 & 보정/2) 보정본/2) NIGHT/2) 착장2(믹스)/2) 여자모델/2) 자유/03155330 복사.jpg,CANDIDATE,REVIEWED,C,"관찰: NIGHT 검정 제품을 화이트 스튜디오에서 촬영한 최종 보정 룩북 컷으로, 개별 파일의 구도·레이아웃 변형이 확인된다. C 판정: 기록·보조 활용 가치는 있으나 더 명확한 대표 후보가 있다. 추천: LOOKBOOK / SUPPORT. 차별점: AST-0340, 파일명 '03155330 복사.jpg'의 개별 파일의 구도·레이아웃 변형에 해당한다.",2026-08-09,,UNKNOWN
AST-0341,01_INPUT(입력_원본)/04_SEOUL_NIGHT(서울_밤)/lookbook/final_retouched/2) 착장2(믹스)/2) 여자모델/2) 자유/03155333 복사.jpg,03155333 복사.jpg,jpg,룩북,NIGHT,승인된 COPY PLAN에 따라 복사한 원본 사본. 심층 품질 평가는 아직 진행하지 않음.,1458 × 1944 px,N/A — 정지 이미지,MEDIUM,MEDIUM — KOREA TOUR : SEOUL,A,LOOKBOOK,SUPPORT,사진 속 제품의 현행 SKU·모델 초상 사용 조건 확인,NO — 신규 AI 보완 불필요. 크롭·색보정·현행 SKU/권리 확인만 수행.,원본: /Volumes/DESKTOP/XXX STUDIO/1) 디자인/04) SEOUL/6) 사진 촬영/2) 룩북 촬영/3) 셀렉 & 보정/2) 보정본/2) NIGHT/2) 착장2(믹스)/2) 여자모델/2) 자유/03155333 복사.jpg,CANDIDATE,REVIEWED,C,"관찰: NIGHT 검정 제품을 화이트 스튜디오에서 촬영한 최종 보정 룩북 컷으로, 개별 파일의 구도·레이아웃 변형이 확인된다. C 판정: 기록·보조 활용 가치는 있으나 더 명확한 대표 후보가 있다. 추천: LOOKBOOK / SUPPORT. 차별점: AST-0341, 파일명 '03155333 복사.jpg'의 개별 파일의 구도·레이아웃 변형에 해당한다.",2026-08-09,,UNKNOWN
AST-0342,01_INPUT(입력_원본)/04_SEOUL_NIGHT(서울_밤)/lookbook/final_retouched/2) 착장2(믹스)/2) 여자모델/2) 자유/03155335 복사.jpg,03155335 복사.jpg,jpg,룩북,NIGHT,승인된 COPY PLAN에 따라 복사한 원본 사본. 심층 품질 평가는 아직 진행하지 않음.,1440 × 1919 px,N/A — 정지 이미지,MEDIUM,MEDIUM — KOREA TOUR : SEOUL,A,LOOKBOOK,SUPPORT,사진 속 제품의 현행 SKU·모델 초상 사용 조건 확인,NO — 신규 AI 보완 불필요. 크롭·색보정·현행 SKU/권리 확인만 수행.,원본: /Volumes/DESKTOP/XXX STUDIO/1) 디자인/04) SEOUL/6) 사진 촬영/2) 룩북 촬영/3) 셀렉 & 보정/2) 보정본/2) NIGHT/2) 착장2(믹스)/2) 여자모델/2) 자유/03155335 복사.jpg,CANDIDATE,REVIEWED,C,"관찰: NIGHT 검정 제품을 화이트 스튜디오에서 촬영한 최종 보정 룩북 컷으로, 개별 파일의 구도·레이아웃 변형이 확인된다. C 판정: 기록·보조 활용 가치는 있으나 더 명확한 대표 후보가 있다. 추천: LOOKBOOK / SUPPORT. 차별점: AST-0342, 파일명 '03155335 복사.jpg'의 개별 파일의 구도·레이아웃 변형에 해당한다.",2026-08-09,,UNKNOWN
AST-0343,01_INPUT(입력_원본)/04_SEOUL_NIGHT(서울_밤)/lookbook/final_retouched/2) 착장2(믹스)/2) 여자모델/2) 자유/03155352 복사.jpg,03155352 복사.jpg,jpg,룩북,NIGHT,승인된 COPY PLAN에 따라 복사한 원본 사본. 심층 품질 평가는 아직 진행하지 않음.,1514 × 2018 px,N/A — 정지 이미지,HIGH,MEDIUM — KOREA TOUR : SEOUL,A,LOOKBOOK,SUPPORT,사진 속 제품의 현행 SKU·모델 초상 사용 조건 확인,NO — 신규 AI 보완 불필요. 크롭·색보정·현행 SKU/권리 확인만 수행.,원본: /Volumes/DESKTOP/XXX STUDIO/1) 디자인/04) SEOUL/6) 사진 촬영/2) 룩북 촬영/3) 셀렉 & 보정/2) 보정본/2) NIGHT/2) 착장2(믹스)/2) 여자모델/2) 자유/03155352 복사.jpg,CANDIDATE,REVIEWED,C,"관찰: NIGHT 검정 제품을 화이트 스튜디오에서 촬영한 최종 보정 룩북 컷으로, 개별 파일의 구도·레이아웃 변형이 확인된다. C 판정: 기록·보조 활용 가치는 있으나 더 명확한 대표 후보가 있다. 추천: LOOKBOOK / SUPPORT. 차별점: AST-0343, 파일명 '03155352 복사.jpg'의 개별 파일의 구도·레이아웃 변형에 해당한다.",2026-08-09,,UNKNOWN
AST-0344,01_INPUT(입력_원본)/04_SEOUL_NIGHT(서울_밤)/lookbook/final_retouched/2) 착장2(믹스)/2) 여자모델/2) 자유/03155359 복사.jpg,03155359 복사.jpg,jpg,룩북,NIGHT,승인된 COPY PLAN에 따라 복사한 원본 사본. 심층 품질 평가는 아직 진행하지 않음.,1482 × 1977 px,N/A — 정지 이미지,MEDIUM,MEDIUM — KOREA TOUR : SEOUL,A,LOOKBOOK,SUPPORT,사진 속 제품의 현행 SKU·모델 초상 사용 조건 확인,NO — 신규 AI 보완 불필요. 크롭·색보정·현행 SKU/권리 확인만 수행.,원본: /Volumes/DESKTOP/XXX STUDIO/1) 디자인/04) SEOUL/6) 사진 촬영/2) 룩북 촬영/3) 셀렉 & 보정/2) 보정본/2) NIGHT/2) 착장2(믹스)/2) 여자모델/2) 자유/03155359 복사.jpg,CANDIDATE,REVIEWED,C,"관찰: NIGHT 검정 제품을 화이트 스튜디오에서 촬영한 최종 보정 룩북 컷으로, 개별 파일의 구도·레이아웃 변형이 확인된다. C 판정: 기록·보조 활용 가치는 있으나 더 명확한 대표 후보가 있다. 추천: LOOKBOOK / SUPPORT. 차별점: AST-0344, 파일명 '03155359 복사.jpg'의 개별 파일의 구도·레이아웃 변형에 해당한다.",2026-08-09,,UNKNOWN
AST-0345,01_INPUT(입력_원본)/04_SEOUL_NIGHT(서울_밤)/lookbook/final_retouched/2) 착장2(믹스)/2) 여자모델/2) 자유/03155379 복사.jpg,03155379 복사.jpg,jpg,룩북,NIGHT,승인된 COPY PLAN에 따라 복사한 원본 사본. 심층 품질 평가는 아직 진행하지 않음.,1099 × 1466 px,N/A — 정지 이미지,MEDIUM,HIGH — KOREA TOUR : SEOUL,A,LOOKBOOK,SUPPORT / PRODUCT PROOF,사진 속 제품의 현행 SKU·모델 초상 사용 조건 확인,NO — 신규 AI 보완 불필요. 크롭·색보정·현행 SKU/권리 확인만 수행.,원본: /Volumes/DESKTOP/XXX STUDIO/1) 디자인/04) SEOUL/6) 사진 촬영/2) 룩북 촬영/3) 셀렉 & 보정/2) 보정본/2) NIGHT/2) 착장2(믹스)/2) 여자모델/2) 자유/03155379 복사.jpg,CANDIDATE,REVIEWED,B,"관찰: NIGHT 검정 제품을 화이트 스튜디오에서 촬영한 최종 보정 룩북 컷으로, 개별 파일의 구도·레이아웃 변형이 확인된다. B 판정: 상세페이지의 제품 증거 또는 보조 서사에는 강하지만, 단독 최상단 Hero 우선순위는 A보다 낮다. 추천: LOOKBOOK / SUPPORT / PRODUCT PROOF. 차별점: AST-0345, 파일명 '03155379 복사.jpg'의 개별 파일의 구도·레이아웃 변형에 해당한다.",2026-08-09,,UNKNOWN
AST-0346,01_INPUT(입력_원본)/04_SEOUL_NIGHT(서울_밤)/lookbook/final_retouched/2) 착장2(믹스)/2) 여자모델/2) 자유/03156407 복사.jpg,03156407 복사.jpg,jpg,룩북,NIGHT,승인된 COPY PLAN에 따라 복사한 원본 사본. 심층 품질 평가는 아직 진행하지 않음.,1380 × 1841 px,N/A — 정지 이미지,MEDIUM,MEDIUM — KOREA TOUR : SEOUL,A,LOOKBOOK,SUPPORT,사진 속 제품의 현행 SKU·모델 초상 사용 조건 확인,NO — 신규 AI 보완 불필요. 크롭·색보정·현행 SKU/권리 확인만 수행.,원본: /Volumes/DESKTOP/XXX STUDIO/1) 디자인/04) SEOUL/6) 사진 촬영/2) 룩북 촬영/3) 셀렉 & 보정/2) 보정본/2) NIGHT/2) 착장2(믹스)/2) 여자모델/2) 자유/03156407 복사.jpg,CANDIDATE,REVIEWED,C,"관찰: NIGHT 검정 제품을 화이트 스튜디오에서 촬영한 최종 보정 룩북 컷으로, 개별 파일의 구도·레이아웃 변형이 확인된다. C 판정: 기록·보조 활용 가치는 있으나 더 명확한 대표 후보가 있다. 추천: LOOKBOOK / SUPPORT. 차별점: AST-0346, 파일명 '03156407 복사.jpg'의 개별 파일의 구도·레이아웃 변형에 해당한다.",2026-08-09,,UNKNOWN
AST-0347,01_INPUT(입력_원본)/04_SEOUL_NIGHT(서울_밤)/lookbook/final_retouched/2) 착장2(믹스)/2) 여자모델/2) 자유/03156408 복사.jpg,03156408 복사.jpg,jpg,룩북,NIGHT,승인된 COPY PLAN에 따라 복사한 원본 사본. 심층 품질 평가는 아직 진행하지 않음.,1506 × 2008 px,N/A — 정지 이미지,HIGH,MEDIUM — KOREA TOUR : SEOUL,A,LOOKBOOK,SUPPORT,사진 속 제품의 현행 SKU·모델 초상 사용 조건 확인; 제3자 Supreme 상표가 보임,NO — 신규 AI 보완 불필요. 크롭·색보정·현행 SKU/권리 확인만 수행.,원본: /Volumes/DESKTOP/XXX STUDIO/1) 디자인/04) SEOUL/6) 사진 촬영/2) 룩북 촬영/3) 셀렉 & 보정/2) 보정본/2) NIGHT/2) 착장2(믹스)/2) 여자모델/2) 자유/03156408 복사.jpg,CANDIDATE,REVIEWED,HOLD,"관찰: NIGHT 검정 제품을 화이트 스튜디오에서 촬영한 최종 보정 룩북 컷으로, 개별 파일의 구도·레이아웃 변형이 확인된다. HOLD 판정: Creative 가치는 있으나 권리·현행 정보·영상 장면 확인이 선행돼야 한다. 추천: LOOKBOOK / SUPPORT. 차별점: AST-0347, 파일명 '03156408 복사.jpg'의 개별 파일의 구도·레이아웃 변형에 해당한다.",2026-08-09,,UNKNOWN
AST-0348,01_INPUT(입력_원본)/04_SEOUL_NIGHT(서울_밤)/lookbook/final_retouched/2) 착장2(믹스)/3) 트윈/03154150 복사.jpg,03154150 복사.jpg,jpg,룩북,NIGHT,승인된 COPY PLAN에 따라 복사한 원본 사본. 심층 품질 평가는 아직 진행하지 않음.,1328 × 1770 px,N/A — 정지 이미지,MEDIUM,HIGH — KOREA TOUR : SEOUL,A,LOOKBOOK,SUPPORT / PRODUCT PROOF,사진 속 제품의 현행 SKU·모델 초상 사용 조건 확인,NO — 신규 AI 보완 불필요. 크롭·색보정·현행 SKU/권리 확인만 수행.,원본: /Volumes/DESKTOP/XXX STUDIO/1) 디자인/04) SEOUL/6) 사진 촬영/2) 룩북 촬영/3) 셀렉 & 보정/2) 보정본/2) NIGHT/2) 착장2(믹스)/3) 트윈/03154150 복사.jpg,CANDIDATE,REVIEWED,B,"관찰: NIGHT 검정 제품을 화이트 스튜디오에서 촬영한 최종 보정 룩북 컷으로, 개별 파일의 구도·레이아웃 변형이 확인된다. B 판정: 상세페이지의 제품 증거 또는 보조 서사에는 강하지만, 단독 최상단 Hero 우선순위는 A보다 낮다. 추천: LOOKBOOK / SUPPORT / PRODUCT PROOF. 차별점: AST-0348, 파일명 '03154150 복사.jpg'의 개별 파일의 구도·레이아웃 변형에 해당한다.",2026-08-09,,UNKNOWN
AST-0349,01_INPUT(입력_원본)/04_SEOUL_NIGHT(서울_밤)/lookbook/final_retouched/2) 착장2(믹스)/3) 트윈/03154153 복사.jpg,03154153 복사.jpg,jpg,룩북,NIGHT,승인된 COPY PLAN에 따라 복사한 원본 사본. 심층 품질 평가는 아직 진행하지 않음.,1279 × 1705 px,N/A — 정지 이미지,MEDIUM,HIGH — KOREA TOUR : SEOUL,A,LOOKBOOK,SUPPORT / PRODUCT PROOF,사진 속 제품의 현행 SKU·모델 초상 사용 조건 확인,NO — 신규 AI 보완 불필요. 크롭·색보정·현행 SKU/권리 확인만 수행.,원본: /Volumes/DESKTOP/XXX STUDIO/1) 디자인/04) SEOUL/6) 사진 촬영/2) 룩북 촬영/3) 셀렉 & 보정/2) 보정본/2) NIGHT/2) 착장2(믹스)/3) 트윈/03154153 복사.jpg,CANDIDATE,REVIEWED,B,"관찰: NIGHT 검정 제품을 화이트 스튜디오에서 촬영한 최종 보정 룩북 컷으로, 개별 파일의 구도·레이아웃 변형이 확인된다. B 판정: 상세페이지의 제품 증거 또는 보조 서사에는 강하지만, 단독 최상단 Hero 우선순위는 A보다 낮다. 추천: LOOKBOOK / SUPPORT / PRODUCT PROOF. 차별점: AST-0349, 파일명 '03154153 복사.jpg'의 개별 파일의 구도·레이아웃 변형에 해당한다.",2026-08-09,,UNKNOWN
AST-0350,01_INPUT(입력_원본)/04_SEOUL_NIGHT(서울_밤)/lookbook/final_retouched/2) 착장2(믹스)/3) 트윈/03154157 복사.jpg,03154157 복사.jpg,jpg,룩북,NIGHT,승인된 COPY PLAN에 따라 복사한 원본 사본. 심층 품질 평가는 아직 진행하지 않음.,1322 × 1763 px,N/A — 정지 이미지,MEDIUM,HIGH — KOREA TOUR : SEOUL,A,LOOKBOOK,SUPPORT / PRODUCT PROOF,사진 속 제품의 현행 SKU·모델 초상 사용 조건 확인,NO — 신규 AI 보완 불필요. 크롭·색보정·현행 SKU/권리 확인만 수행.,원본: /Volumes/DESKTOP/XXX STUDIO/1) 디자인/04) SEOUL/6) 사진 촬영/2) 룩북 촬영/3) 셀렉 & 보정/2) 보정본/2) NIGHT/2) 착장2(믹스)/3) 트윈/03154157 복사.jpg,CANDIDATE,REVIEWED,B,"관찰: NIGHT 검정 제품을 화이트 스튜디오에서 촬영한 최종 보정 룩북 컷으로, 개별 파일의 구도·레이아웃 변형이 확인된다. B 판정: 상세페이지의 제품 증거 또는 보조 서사에는 강하지만, 단독 최상단 Hero 우선순위는 A보다 낮다. 추천: LOOKBOOK / SUPPORT / PRODUCT PROOF. 차별점: AST-0350, 파일명 '03154157 복사.jpg'의 개별 파일의 구도·레이아웃 변형에 해당한다.",2026-08-09,,UNKNOWN
AST-0351,01_INPUT(입력_원본)/04_SEOUL_NIGHT(서울_밤)/lookbook/final_retouched/2) 착장2(믹스)/3) 트윈/03154171 복사.jpg,03154171 복사.jpg,jpg,룩북,NIGHT,승인된 COPY PLAN에 따라 복사한 원본 사본. 심층 품질 평가는 아직 진행하지 않음.,1394 × 1860 px,N/A — 정지 이미지,MEDIUM,HIGH — KOREA TOUR : SEOUL,A,LOOKBOOK,SUPPORT / PRODUCT PROOF,사진 속 제품의 현행 SKU·모델 초상 사용 조건 확인,NO — 신규 AI 보완 불필요. 크롭·색보정·현행 SKU/권리 확인만 수행.,원본: /Volumes/DESKTOP/XXX STUDIO/1) 디자인/04) SEOUL/6) 사진 촬영/2) 룩북 촬영/3) 셀렉 & 보정/2) 보정본/2) NIGHT/2) 착장2(믹스)/3) 트윈/03154171 복사.jpg,CANDIDATE,REVIEWED,B,"관찰: NIGHT 검정 제품을 화이트 스튜디오에서 촬영한 최종 보정 룩북 컷으로, 개별 파일의 구도·레이아웃 변형이 확인된다. B 판정: 상세페이지의 제품 증거 또는 보조 서사에는 강하지만, 단독 최상단 Hero 우선순위는 A보다 낮다. 추천: LOOKBOOK / SUPPORT / PRODUCT PROOF. 차별점: AST-0351, 파일명 '03154171 복사.jpg'의 개별 파일의 구도·레이아웃 변형에 해당한다.",2026-08-09,,UNKNOWN
AST-0352,01_INPUT(입력_원본)/04_SEOUL_NIGHT(서울_밤)/lookbook/final_retouched/2) 착장2(믹스)/3) 트윈/03154178 복사.jpg,03154178 복사.jpg,jpg,룩북,NIGHT,승인된 COPY PLAN에 따라 복사한 원본 사본. 심층 품질 평가는 아직 진행하지 않음.,1366 × 1822 px,N/A — 정지 이미지,MEDIUM,HIGH — KOREA TOUR : SEOUL,A,LOOKBOOK,SUPPORT / PRODUCT PROOF,사진 속 제품의 현행 SKU·모델 초상 사용 조건 확인,NO — 신규 AI 보완 불필요. 크롭·색보정·현행 SKU/권리 확인만 수행.,원본: /Volumes/DESKTOP/XXX STUDIO/1) 디자인/04) SEOUL/6) 사진 촬영/2) 룩북 촬영/3) 셀렉 & 보정/2) 보정본/2) NIGHT/2) 착장2(믹스)/3) 트윈/03154178 복사.jpg,CANDIDATE,REVIEWED,B,"관찰: NIGHT 검정 제품을 화이트 스튜디오에서 촬영한 최종 보정 룩북 컷으로, 개별 파일의 구도·레이아웃 변형이 확인된다. B 판정: 상세페이지의 제품 증거 또는 보조 서사에는 강하지만, 단독 최상단 Hero 우선순위는 A보다 낮다. 추천: LOOKBOOK / SUPPORT / PRODUCT PROOF. 차별점: AST-0352, 파일명 '03154178 복사.jpg'의 개별 파일의 구도·레이아웃 변형에 해당한다.",2026-08-09,,UNKNOWN
AST-0353,01_INPUT(입력_원본)/04_SEOUL_NIGHT(서울_밤)/lookbook/final_retouched/2) 착장2(믹스)/3) 트윈/03154189 복사.jpg,03154189 복사.jpg,jpg,룩북,NIGHT,승인된 COPY PLAN에 따라 복사한 원본 사본. 심층 품질 평가는 아직 진행하지 않음.,1292 × 1723 px,N/A — 정지 이미지,MEDIUM,HIGH — KOREA TOUR : SEOUL,A,LOOKBOOK,SUPPORT / PRODUCT PROOF,사진 속 제품의 현행 SKU·모델 초상 사용 조건 확인,NO — 신규 AI 보완 불필요. 크롭·색보정·현행 SKU/권리 확인만 수행.,원본: /Volumes/DESKTOP/XXX STUDIO/1) 디자인/04) SEOUL/6) 사진 촬영/2) 룩북 촬영/3) 셀렉 & 보정/2) 보정본/2) NIGHT/2) 착장2(믹스)/3) 트윈/03154189 복사.jpg,CANDIDATE,REVIEWED,B,"관찰: NIGHT 검정 제품을 화이트 스튜디오에서 촬영한 최종 보정 룩북 컷으로, 개별 파일의 구도·레이아웃 변형이 확인된다. B 판정: 상세페이지의 제품 증거 또는 보조 서사에는 강하지만, 단독 최상단 Hero 우선순위는 A보다 낮다. 추천: LOOKBOOK / SUPPORT / PRODUCT PROOF. 차별점: AST-0353, 파일명 '03154189 복사.jpg'의 개별 파일의 구도·레이아웃 변형에 해당한다.",2026-08-09,,UNKNOWN
AST-0354,01_INPUT(입력_원본)/04_SEOUL_NIGHT(서울_밤)/lookbook/final_retouched/2) 착장2(믹스)/3) 트윈/03154195 복사.jpg,03154195 복사.jpg,jpg,룩북,NIGHT,승인된 COPY PLAN에 따라 복사한 원본 사본. 심층 품질 평가는 아직 진행하지 않음.,1468 × 1957 px,N/A — 정지 이미지,MEDIUM,HIGH — KOREA TOUR : SEOUL,A,LOOKBOOK,SUPPORT / PRODUCT PROOF,사진 속 제품의 현행 SKU·모델 초상 사용 조건 확인,NO — 신규 AI 보완 불필요. 크롭·색보정·현행 SKU/권리 확인만 수행.,원본: /Volumes/DESKTOP/XXX STUDIO/1) 디자인/04) SEOUL/6) 사진 촬영/2) 룩북 촬영/3) 셀렉 & 보정/2) 보정본/2) NIGHT/2) 착장2(믹스)/3) 트윈/03154195 복사.jpg,CANDIDATE,REVIEWED,B,"관찰: NIGHT 검정 제품을 화이트 스튜디오에서 촬영한 최종 보정 룩북 컷으로, 개별 파일의 구도·레이아웃 변형이 확인된다. B 판정: 상세페이지의 제품 증거 또는 보조 서사에는 강하지만, 단독 최상단 Hero 우선순위는 A보다 낮다. 추천: LOOKBOOK / SUPPORT / PRODUCT PROOF. 차별점: AST-0354, 파일명 '03154195 복사.jpg'의 개별 파일의 구도·레이아웃 변형에 해당한다.",2026-08-09,,UNKNOWN
AST-0355,01_INPUT(입력_원본)/04_SEOUL_NIGHT(서울_밤)/lookbook/final_retouched/2) 착장2(믹스)/3) 트윈/03154204 복사.jpg,03154204 복사.jpg,jpg,룩북,NIGHT,승인된 COPY PLAN에 따라 복사한 원본 사본. 심층 품질 평가는 아직 진행하지 않음.,1432 × 1910 px,N/A — 정지 이미지,MEDIUM,HIGH — KOREA TOUR : SEOUL,A,LOOKBOOK,SUPPORT / PRODUCT PROOF,사진 속 제품의 현행 SKU·모델 초상 사용 조건 확인,NO — 신규 AI 보완 불필요. 크롭·색보정·현행 SKU/권리 확인만 수행.,원본: /Volumes/DESKTOP/XXX STUDIO/1) 디자인/04) SEOUL/6) 사진 촬영/2) 룩북 촬영/3) 셀렉 & 보정/2) 보정본/2) NIGHT/2) 착장2(믹스)/3) 트윈/03154204 복사.jpg,CANDIDATE,REVIEWED,B,"관찰: NIGHT 검정 제품을 화이트 스튜디오에서 촬영한 최종 보정 룩북 컷으로, 개별 파일의 구도·레이아웃 변형이 확인된다. B 판정: 상세페이지의 제품 증거 또는 보조 서사에는 강하지만, 단독 최상단 Hero 우선순위는 A보다 낮다. 추천: LOOKBOOK / SUPPORT / PRODUCT PROOF. 차별점: AST-0355, 파일명 '03154204 복사.jpg'의 개별 파일의 구도·레이아웃 변형에 해당한다.",2026-08-09,,UNKNOWN
AST-0356,01_INPUT(입력_원본)/04_SEOUL_NIGHT(서울_밤)/lookbook/final_retouched/2) 착장2(믹스)/3) 트윈/03154241 복사.jpg,03154241 복사.jpg,jpg,룩북,NIGHT,승인된 COPY PLAN에 따라 복사한 원본 사본. 심층 품질 평가는 아직 진행하지 않음.,1340 × 1787 px,N/A — 정지 이미지,MEDIUM,HIGH — KOREA TOUR : SEOUL,A,LOOKBOOK,SUPPORT / PRODUCT PROOF,사진 속 제품의 현행 SKU·모델 초상 사용 조건 확인,NO — 신규 AI 보완 불필요. 크롭·색보정·현행 SKU/권리 확인만 수행.,원본: /Volumes/DESKTOP/XXX STUDIO/1) 디자인/04) SEOUL/6) 사진 촬영/2) 룩북 촬영/3) 셀렉 & 보정/2) 보정본/2) NIGHT/2) 착장2(믹스)/3) 트윈/03154241 복사.jpg,CANDIDATE,REVIEWED,B,"관찰: NIGHT 검정 제품을 화이트 스튜디오에서 촬영한 최종 보정 룩북 컷으로, 개별 파일의 구도·레이아웃 변형이 확인된다. B 판정: 상세페이지의 제품 증거 또는 보조 서사에는 강하지만, 단독 최상단 Hero 우선순위는 A보다 낮다. 추천: LOOKBOOK / SUPPORT / PRODUCT PROOF. 차별점: AST-0356, 파일명 '03154241 복사.jpg'의 개별 파일의 구도·레이아웃 변형에 해당한다.",2026-08-09,,UNKNOWN
AST-0357,01_INPUT(입력_원본)/03_SEOUL_DAY(서울_낮)/concept/seoul_background/A7M07688_6s.jpg,A7M07688_6s.jpg,jpg,배경 이미지,DAY,승인된 COPY PLAN에 따라 복사한 원본 사본. 심층 품질 평가는 아직 진행하지 않음.,4672 × 7008 px,N/A — 정지 이미지,HIGH,HIGH — KOREA TOUR : SEOUL,A,DAY / BACKGROUND,BACKGROUND / NARRATIVE,북촌·남산타워 장소/촬영 사용 조건 확인,NO — 신규 AI 보완 불필요. 크롭·색보정·현행 SKU/권리 확인만 수행.,원본: /Volumes/DESKTOP/XXX STUDIO/1) 디자인/04) SEOUL/서울 배경 사진/2) 보정/2) DSLR 보정/A7M07688_6s.jpg,CANDIDATE,REVIEWED,B,"관찰: 세로 북촌 골목·한옥 지붕·남산타워 사진이다. 장소성은 명확하나 의류는 프레임에 없다. B 판정: 상세페이지의 제품 증거 또는 보조 서사에는 강하지만, 단독 최상단 Hero 우선순위는 A보다 낮다. 추천: DAY / BACKGROUND / BACKGROUND / NARRATIVE. 차별점: AST-0357, 파일명 'A7M07688_6s.jpg'의 개별 파일의 구도·레이아웃 변형에 해당한다. PAIR: CITY SCENE — DAY AST-0357 ↔ NIGHT AST-0460.",2026-08-09,,UNKNOWN
AST-0358,01_INPUT(입력_원본)/03_SEOUL_DAY(서울_낮)/concept/seoul_background/alternates/A7M07688_2s.jpg,A7M07688_2s.jpg,jpg,배경 이미지,DAY,승인된 COPY PLAN에 따라 복사한 원본 사본. 심층 품질 평가는 아직 진행하지 않음.,4672 × 7008 px,N/A — 정지 이미지,HIGH,LOW — KOREA TOUR : SEOUL,B,DAY / BACKGROUND,BACKGROUND / NARRATIVE,중복/파생: 대표 후보 AST-0357와의 관계를 확인; 원본은 보존하고 직접 사용에서는 제외.,NO — 신규 편집 대신 대표 원본을 사용.,원본: /Volumes/DESKTOP/XXX STUDIO/1) 디자인/04) SEOUL/서울 배경 사진/2) 보정/2) DSLR 보정/A7M07688_2s.jpg,CANDIDATE,REVIEWED,EXCLUDE,"관찰: 세로 북촌 골목·한옥 지붕·남산타워 사진이다. 장소성은 명확하나 의류는 프레임에 없다. EXCLUDE 판정: 대표 원본과의 중복 또는 직접 사용 효용이 낮은 파생본이다. 추천: DAY / BACKGROUND / BACKGROUND / NARRATIVE. 차별점: AST-0358, 파일명 'A7M07688_2s.jpg'의 개별 파일의 구도·레이아웃 변형에 해당한다.",2026-08-09,,UNKNOWN
AST-0359,01_INPUT(입력_원본)/03_SEOUL_DAY(서울_낮)/design/campaign_assets/1) 이미지/THE DAY OF SEOUL.ai,THE DAY OF SEOUL.ai,ai,캠페인 그래픽,DAY,승인된 COPY PLAN에 따라 복사한 원본 사본. 심층 품질 평가는 아직 진행하지 않음.,N/A — Illustrator 벡터 원본: OS에서 아트보드 메타데이터를 확인할 수 없음,N/A — 정지 그래픽,HIGH,HIGH — KOREA TOUR : SEOUL,A,SEOUL INTRO / DAY,NARRATIVE / SECTION TRANSITION,현행 문구·QR·좌표 및 사용 목적 확인,YES — 신규 생성 없이 현행 날짜·카피·모바일 안전영역으로 리마스터.,원본: /Volumes/DESKTOP/XXX STUDIO/4) 영상 편집/4) DAY/1) 이미지/THE DAY OF SEOUL.ai,CANDIDATE,REVIEWED,A,"관찰: `THE DAY OF SEOUL`의 +82 / DAY / 02 / SEOUL 표식과 분절 바가 단색 벡터 마스터 안에 정리돼 있다. A 판정: 해당 자산군에서 가장 강한 제품·도시·표식 증거 중 하나다. 추천: SEOUL INTRO / DAY / NARRATIVE / SECTION TRANSITION. 차별점: AST-0359, 파일명 'THE DAY OF SEOUL.ai'의 개별 파일의 구도·레이아웃 변형에 해당한다. PAIR: SECTION TRANSITION — DAY AST-0359 ↔ NIGHT AST-0436/0437.",2026-08-09,,UNKNOWN
AST-0360,01_INPUT(입력_원본)/03_SEOUL_DAY(서울_낮)/design/campaign_assets/1) 이미지/THE-DAY-OF-SEOUL(글자만).png,THE-DAY-OF-SEOUL(글자만).png,png,캠페인 그래픽,DAY,승인된 COPY PLAN에 따라 복사한 원본 사본. 심층 품질 평가는 아직 진행하지 않음.,1080 × 1920 px,N/A — 정지 이미지,MEDIUM,HIGH — KOREA TOUR : SEOUL,A,DAY / SEOUL INTRO,NARRATIVE / SUPPORT,현행 문구·QR·좌표 및 사용 목적 확인,NO — 신규 AI 보완 불필요. 크롭·색보정·현행 SKU/권리 확인만 수행.,원본: /Volumes/DESKTOP/XXX STUDIO/4) 영상 편집/4) DAY/1) 이미지/THE-DAY-OF-SEOUL(글자만).png,CANDIDATE,REVIEWED,B,"관찰: 기존 캠페인 그래픽의 제품·도시·표식 레이아웃 변형을 확인했다. B 판정: 상세페이지의 제품 증거 또는 보조 서사에는 강하지만, 단독 최상단 Hero 우선순위는 A보다 낮다. 추천: DAY / SEOUL INTRO / NARRATIVE / SUPPORT. 차별점: AST-0360, 파일명 'THE-DAY-OF-SEOUL(글자만).png'의 개별 파일의 구도·레이아웃 변형에 해당한다. PAIR: SECTION TRANSITION — DAY AST-0360 ↔ NIGHT AST-0436/0437.",2026-08-09,,UNKNOWN
AST-0361,01_INPUT(입력_원본)/03_SEOUL_DAY(서울_낮)/design/campaign_assets/1) 이미지/THE-DAY-OF-SEOUL(빅).png,THE-DAY-OF-SEOUL(빅).png,png,캠페인 그래픽,DAY,승인된 COPY PLAN에 따라 복사한 원본 사본. 심층 품질 평가는 아직 진행하지 않음.,14400 × 14400 px,N/A — 정지 이미지,HIGH,MEDIUM — KOREA TOUR : SEOUL,A,DAY / SEOUL INTRO,NARRATIVE / SUPPORT,현행 문구·QR·좌표 및 사용 목적 확인,NO — 신규 AI 보완 불필요. 크롭·색보정·현행 SKU/권리 확인만 수행.,원본: /Volumes/DESKTOP/XXX STUDIO/4) 영상 편집/4) DAY/1) 이미지/THE-DAY-OF-SEOUL(빅).png,CANDIDATE,REVIEWED,C,"관찰: 기존 캠페인 그래픽의 제품·도시·표식 레이아웃 변형을 확인했다. C 판정: 기록·보조 활용 가치는 있으나 더 명확한 대표 후보가 있다. 추천: DAY / SEOUL INTRO / NARRATIVE / SUPPORT. 차별점: AST-0361, 파일명 'THE-DAY-OF-SEOUL(빅).png'의 개별 파일의 구도·레이아웃 변형에 해당한다.",2026-08-09,,UNKNOWN
AST-0362,01_INPUT(입력_원본)/03_SEOUL_DAY(서울_낮)/design/campaign_assets/1) 이미지/THE-DAY-OF-SEOUL.png,THE-DAY-OF-SEOUL.png,png,캠페인 그래픽,DAY,승인된 COPY PLAN에 따라 복사한 원본 사본. 심층 품질 평가는 아직 진행하지 않음.,14400 × 14400 px,N/A — 정지 이미지,HIGH,MEDIUM — KOREA TOUR : SEOUL,A,DAY / SEOUL INTRO,NARRATIVE / SUPPORT,현행 문구·QR·좌표 및 사용 목적 확인,NO — 신규 AI 보완 불필요. 크롭·색보정·현행 SKU/권리 확인만 수행.,원본: /Volumes/DESKTOP/XXX STUDIO/4) 영상 편집/4) DAY/1) 이미지/THE-DAY-OF-SEOUL.png,CANDIDATE,REVIEWED,C,"관찰: 기존 캠페인 그래픽의 제품·도시·표식 레이아웃 변형을 확인했다. C 판정: 기록·보조 활용 가치는 있으나 더 명확한 대표 후보가 있다. 추천: DAY / SEOUL INTRO / NARRATIVE / SUPPORT. 차별점: AST-0362, 파일명 'THE-DAY-OF-SEOUL.png'의 개별 파일의 구도·레이아웃 변형에 해당한다.",2026-08-09,,UNKNOWN
AST-0363,01_INPUT(입력_원본)/03_SEOUL_DAY(서울_낮)/design/campaign_assets/1) 이미지/북촌(로고).ai,북촌(로고).ai,ai,캠페인 그래픽,DAY,승인된 COPY PLAN에 따라 복사한 원본 사본. 심층 품질 평가는 아직 진행하지 않음.,N/A — Illustrator 벡터 원본: OS에서 아트보드 메타데이터를 확인할 수 없음,N/A — 정지 그래픽,HIGH,HIGH — KOREA TOUR : SEOUL,A,DAY / DESIGN STORY,BACKGROUND / NARRATIVE,북촌·남산타워 장소/촬영 사용 조건 확인,YES — 신규 생성 없이 현행 날짜·카피·모바일 안전영역으로 리마스터.,원본: /Volumes/DESKTOP/XXX STUDIO/4) 영상 편집/4) DAY/1) 이미지/북촌(로고).ai,CANDIDATE,REVIEWED,B,"관찰: 북촌 사진 또는 북촌 사진 위의 로고·교차선·좌표·제품 레이아웃을 확인했다. B 판정: 상세페이지의 제품 증거 또는 보조 서사에는 강하지만, 단독 최상단 Hero 우선순위는 A보다 낮다. 추천: DAY / DESIGN STORY / BACKGROUND / NARRATIVE. 차별점: AST-0363, 파일명 '북촌(로고).ai'의 북촌: 한옥 지붕·남산타워/표식 연결에 해당한다.",2026-08-09,,UNKNOWN
AST-0364,01_INPUT(입력_원본)/03_SEOUL_DAY(서울_낮)/design/campaign_assets/1) 이미지/북촌(로고).jpg,북촌(로고).jpg,jpg,캠페인 그래픽,DAY,승인된 COPY PLAN에 따라 복사한 원본 사본. 심층 품질 평가는 아직 진행하지 않음.,14400 × 14400 px,N/A — 정지 이미지,HIGH,HIGH — KOREA TOUR : SEOUL,A,DAY / DESIGN STORY,BACKGROUND / NARRATIVE,북촌·남산타워 장소/촬영 사용 조건 확인,NO — 신규 AI 보완 불필요. 크롭·색보정·현행 SKU/권리 확인만 수행.,원본: /Volumes/DESKTOP/XXX STUDIO/4) 영상 편집/4) DAY/1) 이미지/북촌(로고).jpg,CANDIDATE,REVIEWED,B,"관찰: 북촌 사진 또는 북촌 사진 위의 로고·교차선·좌표·제품 레이아웃을 확인했다. B 판정: 상세페이지의 제품 증거 또는 보조 서사에는 강하지만, 단독 최상단 Hero 우선순위는 A보다 낮다. 추천: DAY / DESIGN STORY / BACKGROUND / NARRATIVE. 차별점: AST-0364, 파일명 '북촌(로고).jpg'의 북촌: 한옥 지붕·남산타워/표식 연결에 해당한다.",2026-08-09,,UNKNOWN
AST-0365,01_INPUT(입력_원본)/03_SEOUL_DAY(서울_낮)/design/campaign_assets/1) 이미지/북촌(로고).psd,북촌(로고).psd,psd,캠페인 그래픽,DAY,승인된 COPY PLAN에 따라 복사한 원본 사본. 심층 품질 평가는 아직 진행하지 않음.,6964 × 4046 px,N/A — 정지 이미지,HIGH,LOW — KOREA TOUR : SEOUL,A,DAY / DESIGN STORY,BACKGROUND / NARRATIVE,중복/파생: 대표 후보 AST-0363와의 관계를 확인; 원본은 보존하고 직접 사용에서는 제외.,NO — 신규 편집 대신 대표 원본을 사용.,원본: /Volumes/DESKTOP/XXX STUDIO/4) 영상 편집/4) DAY/1) 이미지/북촌(로고).psd,CANDIDATE,REVIEWED,EXCLUDE,"관찰: 북촌 사진 또는 북촌 사진 위의 로고·교차선·좌표·제품 레이아웃을 확인했다. EXCLUDE 판정: 대표 원본과의 중복 또는 직접 사용 효용이 낮은 파생본이다. 추천: DAY / DESIGN STORY / BACKGROUND / NARRATIVE. 차별점: AST-0365, 파일명 '북촌(로고).psd'의 북촌: 한옥 지붕·남산타워/표식 연결에 해당한다.",2026-08-09,,UNKNOWN
AST-0366,01_INPUT(입력_원본)/03_SEOUL_DAY(서울_낮)/design/campaign_assets/1) 이미지/북촌(로고_불투명도50).ai,북촌(로고_불투명도50).ai,ai,캠페인 그래픽,DAY,승인된 COPY PLAN에 따라 복사한 원본 사본. 심층 품질 평가는 아직 진행하지 않음.,N/A — Illustrator 벡터 원본: OS에서 아트보드 메타데이터를 확인할 수 없음,N/A — 정지 그래픽,HIGH,MEDIUM — KOREA TOUR : SEOUL,A,DAY / DESIGN STORY,BACKGROUND / NARRATIVE,북촌·남산타워 장소/촬영 사용 조건 확인,YES — 신규 생성 없이 현행 날짜·카피·모바일 안전영역으로 리마스터.,원본: /Volumes/DESKTOP/XXX STUDIO/4) 영상 편집/4) DAY/1) 이미지/북촌(로고_불투명도50).ai,CANDIDATE,REVIEWED,C,"관찰: 북촌 사진 또는 북촌 사진 위의 로고·교차선·좌표·제품 레이아웃을 확인했다. C 판정: 기록·보조 활용 가치는 있으나 더 명확한 대표 후보가 있다. 추천: DAY / DESIGN STORY / BACKGROUND / NARRATIVE. 차별점: AST-0366, 파일명 '북촌(로고_불투명도50).ai'의 북촌: 한옥 지붕·남산타워/표식 연결에 해당한다.",2026-08-09,,UNKNOWN
AST-0367,01_INPUT(입력_원본)/03_SEOUL_DAY(서울_낮)/design/campaign_assets/1) 이미지/북촌(로고_불투명도50).jpg,북촌(로고_불투명도50).jpg,jpg,캠페인 그래픽,DAY,승인된 COPY PLAN에 따라 복사한 원본 사본. 심층 품질 평가는 아직 진행하지 않음.,1080 × 1920 px,N/A — 정지 이미지,MEDIUM,MEDIUM — KOREA TOUR : SEOUL,A,DAY / DESIGN STORY,BACKGROUND / NARRATIVE,북촌·남산타워 장소/촬영 사용 조건 확인,NO — 신규 AI 보완 불필요. 크롭·색보정·현행 SKU/권리 확인만 수행.,원본: /Volumes/DESKTOP/XXX STUDIO/4) 영상 편집/4) DAY/1) 이미지/북촌(로고_불투명도50).jpg,CANDIDATE,REVIEWED,C,"관찰: 북촌 사진 또는 북촌 사진 위의 로고·교차선·좌표·제품 레이아웃을 확인했다. C 판정: 기록·보조 활용 가치는 있으나 더 명확한 대표 후보가 있다. 추천: DAY / DESIGN STORY / BACKGROUND / NARRATIVE. 차별점: AST-0367, 파일명 '북촌(로고_불투명도50).jpg'의 북촌: 한옥 지붕·남산타워/표식 연결에 해당한다.",2026-08-09,,UNKNOWN
AST-0368,01_INPUT(입력_원본)/03_SEOUL_DAY(서울_낮)/design/campaign_assets/1) 이미지/북촌(로고_실선).ai,북촌(로고_실선).ai,ai,캠페인 그래픽,DAY,승인된 COPY PLAN에 따라 복사한 원본 사본. 심층 품질 평가는 아직 진행하지 않음.,N/A — Illustrator 벡터 원본: OS에서 아트보드 메타데이터를 확인할 수 없음,N/A — 정지 그래픽,HIGH,MEDIUM — KOREA TOUR : SEOUL,A,DAY / DESIGN STORY,BACKGROUND / NARRATIVE,북촌·남산타워 장소/촬영 사용 조건 확인,YES — 신규 생성 없이 현행 날짜·카피·모바일 안전영역으로 리마스터.,원본: /Volumes/DESKTOP/XXX STUDIO/4) 영상 편집/4) DAY/1) 이미지/북촌(로고_실선).ai,CANDIDATE,REVIEWED,C,"관찰: 북촌 사진 또는 북촌 사진 위의 로고·교차선·좌표·제품 레이아웃을 확인했다. C 판정: 기록·보조 활용 가치는 있으나 더 명확한 대표 후보가 있다. 추천: DAY / DESIGN STORY / BACKGROUND / NARRATIVE. 차별점: AST-0368, 파일명 '북촌(로고_실선).ai'의 북촌: 한옥 지붕·남산타워/표식 연결에 해당한다.",2026-08-09,,UNKNOWN
AST-0369,01_INPUT(입력_원본)/03_SEOUL_DAY(서울_낮)/design/campaign_assets/1) 이미지/북촌(로고_실선).jpg,북촌(로고_실선).jpg,jpg,캠페인 그래픽,DAY,승인된 COPY PLAN에 따라 복사한 원본 사본. 심층 품질 평가는 아직 진행하지 않음.,14400 × 14400 px,N/A — 정지 이미지,HIGH,MEDIUM — KOREA TOUR : SEOUL,A,DAY / DESIGN STORY,BACKGROUND / NARRATIVE,북촌·남산타워 장소/촬영 사용 조건 확인,NO — 신규 AI 보완 불필요. 크롭·색보정·현행 SKU/권리 확인만 수행.,원본: /Volumes/DESKTOP/XXX STUDIO/4) 영상 편집/4) DAY/1) 이미지/북촌(로고_실선).jpg,CANDIDATE,REVIEWED,C,"관찰: 북촌 사진 또는 북촌 사진 위의 로고·교차선·좌표·제품 레이아웃을 확인했다. C 판정: 기록·보조 활용 가치는 있으나 더 명확한 대표 후보가 있다. 추천: DAY / DESIGN STORY / BACKGROUND / NARRATIVE. 차별점: AST-0369, 파일명 '북촌(로고_실선).jpg'의 북촌: 한옥 지붕·남산타워/표식 연결에 해당한다.",2026-08-09,,UNKNOWN
AST-0370,01_INPUT(입력_원본)/03_SEOUL_DAY(서울_낮)/design/campaign_assets/1) 이미지/북촌(로고_잘림).ai,북촌(로고_잘림).ai,ai,캠페인 그래픽,DAY,승인된 COPY PLAN에 따라 복사한 원본 사본. 심층 품질 평가는 아직 진행하지 않음.,N/A — Illustrator 벡터 원본: OS에서 아트보드 메타데이터를 확인할 수 없음,N/A — 정지 그래픽,HIGH,MEDIUM — KOREA TOUR : SEOUL,A,DAY / DESIGN STORY,BACKGROUND / NARRATIVE,북촌·남산타워 장소/촬영 사용 조건 확인,YES — 신규 생성 없이 현행 날짜·카피·모바일 안전영역으로 리마스터.,원본: /Volumes/DESKTOP/XXX STUDIO/4) 영상 편집/4) DAY/1) 이미지/북촌(로고_잘림).ai,CANDIDATE,REVIEWED,C,"관찰: 북촌 사진 또는 북촌 사진 위의 로고·교차선·좌표·제품 레이아웃을 확인했다. C 판정: 기록·보조 활용 가치는 있으나 더 명확한 대표 후보가 있다. 추천: DAY / DESIGN STORY / BACKGROUND / NARRATIVE. 차별점: AST-0370, 파일명 '북촌(로고_잘림).ai'의 북촌: 한옥 지붕·남산타워/표식 연결에 해당한다.",2026-08-09,,UNKNOWN
AST-0371,01_INPUT(입력_원본)/03_SEOUL_DAY(서울_낮)/design/campaign_assets/1) 이미지/북촌(로고_잘림).jpg,북촌(로고_잘림).jpg,jpg,캠페인 그래픽,DAY,승인된 COPY PLAN에 따라 복사한 원본 사본. 심층 품질 평가는 아직 진행하지 않음.,14400 × 14400 px,N/A — 정지 이미지,HIGH,MEDIUM — KOREA TOUR : SEOUL,A,DAY / DESIGN STORY,BACKGROUND / NARRATIVE,북촌·남산타워 장소/촬영 사용 조건 확인,NO — 신규 AI 보완 불필요. 크롭·색보정·현행 SKU/권리 확인만 수행.,원본: /Volumes/DESKTOP/XXX STUDIO/4) 영상 편집/4) DAY/1) 이미지/북촌(로고_잘림).jpg,CANDIDATE,REVIEWED,C,"관찰: 북촌 사진 또는 북촌 사진 위의 로고·교차선·좌표·제품 레이아웃을 확인했다. C 판정: 기록·보조 활용 가치는 있으나 더 명확한 대표 후보가 있다. 추천: DAY / DESIGN STORY / BACKGROUND / NARRATIVE. 차별점: AST-0371, 파일명 '북촌(로고_잘림).jpg'의 북촌: 한옥 지붕·남산타워/표식 연결에 해당한다.",2026-08-09,,UNKNOWN
AST-0372,01_INPUT(입력_원본)/03_SEOUL_DAY(서울_낮)/design/campaign_assets/1) 이미지/북촌(로고_잘림).png,북촌(로고_잘림).png,png,캠페인 그래픽,DAY,승인된 COPY PLAN에 따라 복사한 원본 사본. 심층 품질 평가는 아직 진행하지 않음.,14400 × 14400 px,N/A — 정지 이미지,HIGH,MEDIUM — KOREA TOUR : SEOUL,A,DAY / DESIGN STORY,BACKGROUND / NARRATIVE,북촌·남산타워 장소/촬영 사용 조건 확인,NO — 신규 AI 보완 불필요. 크롭·색보정·현행 SKU/권리 확인만 수행.,원본: /Volumes/DESKTOP/XXX STUDIO/4) 영상 편집/4) DAY/1) 이미지/북촌(로고_잘림).png,CANDIDATE,REVIEWED,C,"관찰: 북촌 사진 또는 북촌 사진 위의 로고·교차선·좌표·제품 레이아웃을 확인했다. C 판정: 기록·보조 활용 가치는 있으나 더 명확한 대표 후보가 있다. 추천: DAY / DESIGN STORY / BACKGROUND / NARRATIVE. 차별점: AST-0372, 파일명 '북촌(로고_잘림).png'의 북촌: 한옥 지붕·남산타워/표식 연결에 해당한다.",2026-08-09,,UNKNOWN
AST-0373,01_INPUT(입력_원본)/03_SEOUL_DAY(서울_낮)/design/campaign_assets/1) 이미지/북촌(로고_잘림).psd,북촌(로고_잘림).psd,psd,캠페인 그래픽,DAY,승인된 COPY PLAN에 따라 복사한 원본 사본. 심층 품질 평가는 아직 진행하지 않음.,6591 × 6570 px,N/A — 정지 이미지,HIGH,MEDIUM — KOREA TOUR : SEOUL,A,DAY / DESIGN STORY,BACKGROUND / NARRATIVE,북촌·남산타워 장소/촬영 사용 조건 확인,NO — 신규 AI 보완 불필요. 크롭·색보정·현행 SKU/권리 확인만 수행.,원본: /Volumes/DESKTOP/XXX STUDIO/4) 영상 편집/4) DAY/1) 이미지/북촌(로고_잘림).psd,CANDIDATE,REVIEWED,C,"관찰: 북촌 사진 또는 북촌 사진 위의 로고·교차선·좌표·제품 레이아웃을 확인했다. C 판정: 기록·보조 활용 가치는 있으나 더 명확한 대표 후보가 있다. 추천: DAY / DESIGN STORY / BACKGROUND / NARRATIVE. 차별점: AST-0373, 파일명 '북촌(로고_잘림).psd'의 북촌: 한옥 지붕·남산타워/표식 연결에 해당한다.",2026-08-09,,UNKNOWN
AST-0374,01_INPUT(입력_원본)/03_SEOUL_DAY(서울_낮)/design/campaign_assets/1) 이미지/북촌(옷).ai,북촌(옷).ai,ai,캠페인 그래픽,DAY,승인된 COPY PLAN에 따라 복사한 원본 사본. 심층 품질 평가는 아직 진행하지 않음.,N/A — Illustrator 벡터 원본: OS에서 아트보드 메타데이터를 확인할 수 없음,N/A — 정지 그래픽,HIGH,HIGH — KOREA TOUR : SEOUL,A,DAY / DESIGN STORY,BACKGROUND / NARRATIVE,북촌·남산타워 장소/촬영 사용 조건 확인,YES — 신규 생성 없이 현행 날짜·카피·모바일 안전영역으로 리마스터.,원본: /Volumes/DESKTOP/XXX STUDIO/4) 영상 편집/4) DAY/1) 이미지/북촌(옷).ai,CANDIDATE,REVIEWED,B,"관찰: 북촌 사진 또는 북촌 사진 위의 로고·교차선·좌표·제품 레이아웃을 확인했다. B 판정: 상세페이지의 제품 증거 또는 보조 서사에는 강하지만, 단독 최상단 Hero 우선순위는 A보다 낮다. 추천: DAY / DESIGN STORY / BACKGROUND / NARRATIVE. 차별점: AST-0374, 파일명 '북촌(옷).ai'의 북촌: 한옥 지붕·남산타워/표식 연결에 해당한다.",2026-08-09,,UNKNOWN
AST-0375,01_INPUT(입력_원본)/03_SEOUL_DAY(서울_낮)/design/campaign_assets/1) 이미지/북촌(옷).png,북촌(옷).png,png,캠페인 그래픽,DAY,승인된 COPY PLAN에 따라 복사한 원본 사본. 심층 품질 평가는 아직 진행하지 않음.,14400 × 14400 px,N/A — 정지 이미지,HIGH,HIGH — KOREA TOUR : SEOUL,A,DAY / DESIGN STORY,BACKGROUND / NARRATIVE,북촌·남산타워 장소/촬영 사용 조건 확인,NO — 신규 AI 보완 불필요. 크롭·색보정·현행 SKU/권리 확인만 수행.,원본: /Volumes/DESKTOP/XXX STUDIO/4) 영상 편집/4) DAY/1) 이미지/북촌(옷).png,CANDIDATE,REVIEWED,B,"관찰: 북촌 사진 또는 북촌 사진 위의 로고·교차선·좌표·제품 레이아웃을 확인했다. B 판정: 상세페이지의 제품 증거 또는 보조 서사에는 강하지만, 단독 최상단 Hero 우선순위는 A보다 낮다. 추천: DAY / DESIGN STORY / BACKGROUND / NARRATIVE. 차별점: AST-0375, 파일명 '북촌(옷).png'의 북촌: 한옥 지붕·남산타워/표식 연결에 해당한다.",2026-08-09,,UNKNOWN
AST-0376,01_INPUT(입력_원본)/03_SEOUL_DAY(서울_낮)/design/campaign_assets/1) 이미지/북촌(옷사이즈).ai,북촌(옷사이즈).ai,ai,캠페인 그래픽,DAY,승인된 COPY PLAN에 따라 복사한 원본 사본. 심층 품질 평가는 아직 진행하지 않음.,N/A — Illustrator 벡터 원본: OS에서 아트보드 메타데이터를 확인할 수 없음,N/A — 정지 그래픽,HIGH,MEDIUM — KOREA TOUR : SEOUL,A,DAY / DESIGN STORY,BACKGROUND / NARRATIVE,북촌·남산타워 장소/촬영 사용 조건 확인,YES — 신규 생성 없이 현행 날짜·카피·모바일 안전영역으로 리마스터.,원본: /Volumes/DESKTOP/XXX STUDIO/4) 영상 편집/4) DAY/1) 이미지/북촌(옷사이즈).ai,CANDIDATE,REVIEWED,C,"관찰: 북촌 사진 또는 북촌 사진 위의 로고·교차선·좌표·제품 레이아웃을 확인했다. C 판정: 기록·보조 활용 가치는 있으나 더 명확한 대표 후보가 있다. 추천: DAY / DESIGN STORY / BACKGROUND / NARRATIVE. 차별점: AST-0376, 파일명 '북촌(옷사이즈).ai'의 북촌: 한옥 지붕·남산타워/표식 연결에 해당한다.",2026-08-09,,UNKNOWN
AST-0377,01_INPUT(입력_원본)/03_SEOUL_DAY(서울_낮)/design/campaign_assets/1) 이미지/북촌(옷사이즈).png,북촌(옷사이즈).png,png,캠페인 그래픽,DAY,승인된 COPY PLAN에 따라 복사한 원본 사본. 심층 품질 평가는 아직 진행하지 않음.,1080 × 1920 px,N/A — 정지 이미지,MEDIUM,MEDIUM — KOREA TOUR : SEOUL,A,DAY / DESIGN STORY,BACKGROUND / NARRATIVE,북촌·남산타워 장소/촬영 사용 조건 확인,NO — 신규 AI 보완 불필요. 크롭·색보정·현행 SKU/권리 확인만 수행.,원본: /Volumes/DESKTOP/XXX STUDIO/4) 영상 편집/4) DAY/1) 이미지/북촌(옷사이즈).png,CANDIDATE,REVIEWED,C,"관찰: 북촌 사진 또는 북촌 사진 위의 로고·교차선·좌표·제품 레이아웃을 확인했다. C 판정: 기록·보조 활용 가치는 있으나 더 명확한 대표 후보가 있다. 추천: DAY / DESIGN STORY / BACKGROUND / NARRATIVE. 차별점: AST-0377, 파일명 '북촌(옷사이즈).png'의 북촌: 한옥 지붕·남산타워/표식 연결에 해당한다.",2026-08-09,,UNKNOWN
AST-0378,01_INPUT(입력_원본)/03_SEOUL_DAY(서울_낮)/design/campaign_assets/1) 이미지/북촌(좌표).png,북촌(좌표).png,png,캠페인 그래픽,DAY,승인된 COPY PLAN에 따라 복사한 원본 사본. 심층 품질 평가는 아직 진행하지 않음.,14400 × 14400 px,N/A — 정지 이미지,HIGH,HIGH — KOREA TOUR : SEOUL,A,DAY / DESIGN STORY,BACKGROUND / NARRATIVE,북촌·남산타워 장소/촬영 사용 조건 확인,NO — 신규 AI 보완 불필요. 크롭·색보정·현행 SKU/권리 확인만 수행.,원본: /Volumes/DESKTOP/XXX STUDIO/4) 영상 편집/4) DAY/1) 이미지/북촌(좌표).png,CANDIDATE,REVIEWED,B,"관찰: 북촌 사진 또는 북촌 사진 위의 로고·교차선·좌표·제품 레이아웃을 확인했다. B 판정: 상세페이지의 제품 증거 또는 보조 서사에는 강하지만, 단독 최상단 Hero 우선순위는 A보다 낮다. 추천: DAY / DESIGN STORY / BACKGROUND / NARRATIVE. 차별점: AST-0378, 파일명 '북촌(좌표).png'의 북촌: 한옥 지붕·남산타워/표식 연결에 해당한다.",2026-08-09,,UNKNOWN
AST-0379,01_INPUT(입력_원본)/03_SEOUL_DAY(서울_낮)/design/campaign_assets/1) 이미지/북촌.jpg,북촌.jpg,jpg,캠페인 그래픽,DAY,승인된 COPY PLAN에 따라 복사한 원본 사본. 심층 품질 평가는 아직 진행하지 않음.,14400 × 14400 px,N/A — 정지 이미지,HIGH,HIGH — KOREA TOUR : SEOUL,A,DAY / DESIGN STORY,BACKGROUND / NARRATIVE,북촌·남산타워 장소/촬영 사용 조건 확인,NO — 신규 AI 보완 불필요. 크롭·색보정·현행 SKU/권리 확인만 수행.,원본: /Volumes/DESKTOP/XXX STUDIO/4) 영상 편집/4) DAY/1) 이미지/북촌.jpg,CANDIDATE,REVIEWED,B,"관찰: 북촌 사진 또는 북촌 사진 위의 로고·교차선·좌표·제품 레이아웃을 확인했다. B 판정: 상세페이지의 제품 증거 또는 보조 서사에는 강하지만, 단독 최상단 Hero 우선순위는 A보다 낮다. 추천: DAY / DESIGN STORY / BACKGROUND / NARRATIVE. 차별점: AST-0379, 파일명 '북촌.jpg'의 북촌: 한옥 지붕·남산타워/표식 연결에 해당한다.",2026-08-09,,UNKNOWN
AST-0380,01_INPUT(입력_원본)/03_SEOUL_DAY(서울_낮)/design/campaign_assets/1) 이미지/저용량/북촌(로고).ai,북촌(로고).ai,ai,캠페인 그래픽,DAY,승인된 COPY PLAN에 따라 복사한 원본 사본. 심층 품질 평가는 아직 진행하지 않음.,N/A — Illustrator 벡터 원본: OS에서 아트보드 메타데이터를 확인할 수 없음,N/A — 정지 그래픽,HIGH,MEDIUM — KOREA TOUR : SEOUL,A,DAY / DESIGN STORY,BACKGROUND / NARRATIVE,북촌·남산타워 장소/촬영 사용 조건 확인,YES — 신규 생성 없이 현행 날짜·카피·모바일 안전영역으로 리마스터.,원본: /Volumes/DESKTOP/XXX STUDIO/4) 영상 편집/4) DAY/1) 이미지/저용량/북촌(로고).ai,CANDIDATE,REVIEWED,C,"관찰: 북촌 사진 또는 북촌 사진 위의 로고·교차선·좌표·제품 레이아웃을 확인했다. C 판정: 기록·보조 활용 가치는 있으나 더 명확한 대표 후보가 있다. 추천: DAY / DESIGN STORY / BACKGROUND / NARRATIVE. 차별점: AST-0380, 파일명 '북촌(로고).ai'의 북촌: 한옥 지붕·남산타워/표식 연결에 해당한다.",2026-08-09,,UNKNOWN
AST-0381,01_INPUT(입력_원본)/03_SEOUL_DAY(서울_낮)/design/campaign_assets/1) 이미지/저용량/북촌(로고).png,북촌(로고).png,png,캠페인 그래픽,DAY,승인된 COPY PLAN에 따라 복사한 원본 사본. 심층 품질 평가는 아직 진행하지 않음.,14400 × 14400 px,N/A — 정지 이미지,HIGH,MEDIUM — KOREA TOUR : SEOUL,A,DAY / DESIGN STORY,BACKGROUND / NARRATIVE,북촌·남산타워 장소/촬영 사용 조건 확인,NO — 신규 AI 보완 불필요. 크롭·색보정·현행 SKU/권리 확인만 수행.,원본: /Volumes/DESKTOP/XXX STUDIO/4) 영상 편집/4) DAY/1) 이미지/저용량/북촌(로고).png,CANDIDATE,REVIEWED,C,"관찰: 북촌 사진 또는 북촌 사진 위의 로고·교차선·좌표·제품 레이아웃을 확인했다. C 판정: 기록·보조 활용 가치는 있으나 더 명확한 대표 후보가 있다. 추천: DAY / DESIGN STORY / BACKGROUND / NARRATIVE. 차별점: AST-0381, 파일명 '북촌(로고).png'의 북촌: 한옥 지붕·남산타워/표식 연결에 해당한다.",2026-08-09,,UNKNOWN
AST-0382,01_INPUT(입력_원본)/03_SEOUL_DAY(서울_낮)/design/campaign_assets/2) WHITE/DROP) SEOUL(세로_시간).ai,DROP) SEOUL(세로_시간).ai,ai,캠페인 그래픽,DAY,승인된 COPY PLAN에 따라 복사한 원본 사본. 심층 품질 평가는 아직 진행하지 않음.,N/A — Illustrator 벡터 원본: OS에서 아트보드 메타데이터를 확인할 수 없음,N/A — 정지 그래픽,HIGH,MEDIUM — KOREA TOUR : SEOUL,A,DAY / SECTION TRANSITION,NARRATIVE / SECTION TRANSITION,2024 Drop/오픈 문구를 현행 와디즈 표기로 교체,YES — 신규 생성 없이 현행 날짜·카피·모바일 안전영역으로 리마스터.,원본: /Volumes/DESKTOP/XXX STUDIO/4) 영상 편집/4) DAY/2) WHITE/DROP) SEOUL(세로_시간).ai,CANDIDATE,REVIEWED,HOLD,"관찰: 기존 캠페인 그래픽의 제품·도시·표식 레이아웃 변형을 확인했다. HOLD 판정: Creative 가치는 있으나 권리·현행 정보·영상 장면 확인이 선행돼야 한다. 추천: DAY / SECTION TRANSITION / NARRATIVE / SECTION TRANSITION. 차별점: AST-0382, 파일명 'DROP) SEOUL(세로_시간).ai'의 기존 Drop/오픈 표지에 해당한다.",2026-08-09,,UNKNOWN
AST-0383,01_INPUT(입력_원본)/03_SEOUL_DAY(서울_낮)/design/campaign_assets/2) WHITE/DROP) 세로_시간.ai,DROP) 세로_시간.ai,ai,캠페인 그래픽,DAY,승인된 COPY PLAN에 따라 복사한 원본 사본. 심층 품질 평가는 아직 진행하지 않음.,N/A — Illustrator 벡터 원본: OS에서 아트보드 메타데이터를 확인할 수 없음,N/A — 정지 그래픽,HIGH,MEDIUM — KOREA TOUR : SEOUL,A,DAY / SECTION TRANSITION,NARRATIVE / SECTION TRANSITION,2024 Drop/오픈 문구를 현행 와디즈 표기로 교체,YES — 신규 생성 없이 현행 날짜·카피·모바일 안전영역으로 리마스터.,원본: /Volumes/DESKTOP/XXX STUDIO/4) 영상 편집/4) DAY/2) WHITE/DROP) 세로_시간.ai,CANDIDATE,REVIEWED,HOLD,"관찰: 기존 캠페인 그래픽의 제품·도시·표식 레이아웃 변형을 확인했다. HOLD 판정: Creative 가치는 있으나 권리·현행 정보·영상 장면 확인이 선행돼야 한다. 추천: DAY / SECTION TRANSITION / NARRATIVE / SECTION TRANSITION. 차별점: AST-0383, 파일명 'DROP) 세로_시간.ai'의 기존 Drop/오픈 표지에 해당한다.",2026-08-09,,UNKNOWN
AST-0384,01_INPUT(입력_원본)/03_SEOUL_DAY(서울_낮)/design/campaign_assets/2) WHITE/DROP)-SEOUL(세로_시간).png,DROP)-SEOUL(세로_시간).png,png,캠페인 그래픽,DAY,승인된 COPY PLAN에 따라 복사한 원본 사본. 심층 품질 평가는 아직 진행하지 않음.,1080 × 1920 px,N/A — 정지 이미지,MEDIUM,MEDIUM — KOREA TOUR : SEOUL,A,DAY / SECTION TRANSITION,NARRATIVE / SECTION TRANSITION,2024 Drop/오픈 문구를 현행 와디즈 표기로 교체,YES — 신규 생성 없이 현행 날짜·카피·모바일 안전영역으로 리마스터.,원본: /Volumes/DESKTOP/XXX STUDIO/4) 영상 편집/4) DAY/2) WHITE/DROP)-SEOUL(세로_시간).png,CANDIDATE,REVIEWED,HOLD,"관찰: 기존 캠페인 그래픽의 제품·도시·표식 레이아웃 변형을 확인했다. HOLD 판정: Creative 가치는 있으나 권리·현행 정보·영상 장면 확인이 선행돼야 한다. 추천: DAY / SECTION TRANSITION / NARRATIVE / SECTION TRANSITION. 차별점: AST-0384, 파일명 'DROP)-SEOUL(세로_시간).png'의 기존 Drop/오픈 표지에 해당한다.",2026-08-09,,UNKNOWN
AST-0385,01_INPUT(입력_원본)/03_SEOUL_DAY(서울_낮)/design/campaign_assets/2) WHITE/DROP)-세로_시간.png,DROP)-세로_시간.png,png,캠페인 그래픽,DAY,승인된 COPY PLAN에 따라 복사한 원본 사본. 심층 품질 평가는 아직 진행하지 않음.,1080 × 1920 px,N/A — 정지 이미지,MEDIUM,MEDIUM — KOREA TOUR : SEOUL,A,DAY / SECTION TRANSITION,NARRATIVE / SECTION TRANSITION,2024 Drop/오픈 문구를 현행 와디즈 표기로 교체,YES — 신규 생성 없이 현행 날짜·카피·모바일 안전영역으로 리마스터.,원본: /Volumes/DESKTOP/XXX STUDIO/4) 영상 편집/4) DAY/2) WHITE/DROP)-세로_시간.png,CANDIDATE,REVIEWED,HOLD,"관찰: 기존 캠페인 그래픽의 제품·도시·표식 레이아웃 변형을 확인했다. HOLD 판정: Creative 가치는 있으나 권리·현행 정보·영상 장면 확인이 선행돼야 한다. 추천: DAY / SECTION TRANSITION / NARRATIVE / SECTION TRANSITION. 차별점: AST-0385, 파일명 'DROP)-세로_시간.png'의 기존 Drop/오픈 표지에 해당한다.",2026-08-09,,UNKNOWN
AST-0386,01_INPUT(입력_원본)/03_SEOUL_DAY(서울_낮)/design/campaign_assets/2) WHITE/OPEN) SITE(세로_시간).ai,OPEN) SITE(세로_시간).ai,ai,캠페인 그래픽,DAY,승인된 COPY PLAN에 따라 복사한 원본 사본. 심층 품질 평가는 아직 진행하지 않음.,N/A — Illustrator 벡터 원본: OS에서 아트보드 메타데이터를 확인할 수 없음,N/A — 정지 그래픽,HIGH,MEDIUM — KOREA TOUR : SEOUL,A,DAY / SECTION TRANSITION,NARRATIVE / SECTION TRANSITION,2024 Drop/오픈 문구를 현행 와디즈 표기로 교체,YES — 신규 생성 없이 현행 날짜·카피·모바일 안전영역으로 리마스터.,원본: /Volumes/DESKTOP/XXX STUDIO/4) 영상 편집/4) DAY/2) WHITE/OPEN) SITE(세로_시간).ai,CANDIDATE,REVIEWED,HOLD,"관찰: 기존 캠페인 그래픽의 제품·도시·표식 레이아웃 변형을 확인했다. HOLD 판정: Creative 가치는 있으나 권리·현행 정보·영상 장면 확인이 선행돼야 한다. 추천: DAY / SECTION TRANSITION / NARRATIVE / SECTION TRANSITION. 차별점: AST-0386, 파일명 'OPEN) SITE(세로_시간).ai'의 기존 Drop/오픈 표지에 해당한다.",2026-08-09,,UNKNOWN
AST-0387,01_INPUT(입력_원본)/03_SEOUL_DAY(서울_낮)/design/campaign_assets/2) WHITE/OPEN) SITE(정사각형).ai,OPEN) SITE(정사각형).ai,ai,캠페인 그래픽,DAY,승인된 COPY PLAN에 따라 복사한 원본 사본. 심층 품질 평가는 아직 진행하지 않음.,N/A — Illustrator 벡터 원본: OS에서 아트보드 메타데이터를 확인할 수 없음,N/A — 정지 그래픽,HIGH,MEDIUM — KOREA TOUR : SEOUL,A,DAY / SECTION TRANSITION,NARRATIVE / SECTION TRANSITION,2024 Drop/오픈 문구를 현행 와디즈 표기로 교체,YES — 신규 생성 없이 현행 날짜·카피·모바일 안전영역으로 리마스터.,원본: /Volumes/DESKTOP/XXX STUDIO/4) 영상 편집/4) DAY/2) WHITE/OPEN) SITE(정사각형).ai,CANDIDATE,REVIEWED,HOLD,"관찰: 기존 캠페인 그래픽의 제품·도시·표식 레이아웃 변형을 확인했다. HOLD 판정: Creative 가치는 있으나 권리·현행 정보·영상 장면 확인이 선행돼야 한다. 추천: DAY / SECTION TRANSITION / NARRATIVE / SECTION TRANSITION. 차별점: AST-0387, 파일명 'OPEN) SITE(정사각형).ai'의 기존 Drop/오픈 표지에 해당한다.",2026-08-09,,UNKNOWN
AST-0388,01_INPUT(입력_원본)/03_SEOUL_DAY(서울_낮)/design/campaign_assets/2) WHITE/OPEN)-SITE(세로_시간).png,OPEN)-SITE(세로_시간).png,png,캠페인 그래픽,DAY,승인된 COPY PLAN에 따라 복사한 원본 사본. 심층 품질 평가는 아직 진행하지 않음.,1080 × 1920 px,N/A — 정지 이미지,MEDIUM,MEDIUM — KOREA TOUR : SEOUL,A,DAY / SECTION TRANSITION,NARRATIVE / SECTION TRANSITION,2024 Drop/오픈 문구를 현행 와디즈 표기로 교체,YES — 신규 생성 없이 현행 날짜·카피·모바일 안전영역으로 리마스터.,원본: /Volumes/DESKTOP/XXX STUDIO/4) 영상 편집/4) DAY/2) WHITE/OPEN)-SITE(세로_시간).png,CANDIDATE,REVIEWED,HOLD,"관찰: 기존 캠페인 그래픽의 제품·도시·표식 레이아웃 변형을 확인했다. HOLD 판정: Creative 가치는 있으나 권리·현행 정보·영상 장면 확인이 선행돼야 한다. 추천: DAY / SECTION TRANSITION / NARRATIVE / SECTION TRANSITION. 차별점: AST-0388, 파일명 'OPEN)-SITE(세로_시간).png'의 기존 Drop/오픈 표지에 해당한다.",2026-08-09,,UNKNOWN
AST-0389,01_INPUT(입력_원본)/03_SEOUL_DAY(서울_낮)/design/campaign_assets/2) WHITE/OPEN)-SITE(정사각형).png,OPEN)-SITE(정사각형).png,png,캠페인 그래픽,DAY,승인된 COPY PLAN에 따라 복사한 원본 사본. 심층 품질 평가는 아직 진행하지 않음.,1080 × 1080 px,N/A — 정지 이미지,MEDIUM,MEDIUM — KOREA TOUR : SEOUL,A,DAY / SECTION TRANSITION,NARRATIVE / SECTION TRANSITION,2024 Drop/오픈 문구를 현행 와디즈 표기로 교체,YES — 신규 생성 없이 현행 날짜·카피·모바일 안전영역으로 리마스터.,원본: /Volumes/DESKTOP/XXX STUDIO/4) 영상 편집/4) DAY/2) WHITE/OPEN)-SITE(정사각형).png,CANDIDATE,REVIEWED,HOLD,"관찰: 기존 캠페인 그래픽의 제품·도시·표식 레이아웃 변형을 확인했다. HOLD 판정: Creative 가치는 있으나 권리·현행 정보·영상 장면 확인이 선행돼야 한다. 추천: DAY / SECTION TRANSITION / NARRATIVE / SECTION TRANSITION. 차별점: AST-0389, 파일명 'OPEN)-SITE(정사각형).png'의 기존 Drop/오픈 표지에 해당한다.",2026-08-09,,UNKNOWN
AST-0390,01_INPUT(입력_원본)/03_SEOUL_DAY(서울_낮)/design/campaign_assets/2) WHITE/RELEASE) SEOUL(세로_시간).ai,RELEASE) SEOUL(세로_시간).ai,ai,캠페인 그래픽,DAY,승인된 COPY PLAN에 따라 복사한 원본 사본. 심층 품질 평가는 아직 진행하지 않음.,N/A — Illustrator 벡터 원본: OS에서 아트보드 메타데이터를 확인할 수 없음,N/A — 정지 그래픽,HIGH,MEDIUM — KOREA TOUR : SEOUL,A,DAY / SECTION TRANSITION,NARRATIVE / SECTION TRANSITION,2024 Drop/오픈 문구를 현행 와디즈 표기로 교체,YES — 신규 생성 없이 현행 날짜·카피·모바일 안전영역으로 리마스터.,원본: /Volumes/DESKTOP/XXX STUDIO/4) 영상 편집/4) DAY/2) WHITE/RELEASE) SEOUL(세로_시간).ai,CANDIDATE,REVIEWED,HOLD,"관찰: 기존 캠페인 그래픽의 제품·도시·표식 레이아웃 변형을 확인했다. HOLD 판정: Creative 가치는 있으나 권리·현행 정보·영상 장면 확인이 선행돼야 한다. 추천: DAY / SECTION TRANSITION / NARRATIVE / SECTION TRANSITION. 차별점: AST-0390, 파일명 'RELEASE) SEOUL(세로_시간).ai'의 기존 Drop/오픈 표지에 해당한다.",2026-08-09,,UNKNOWN
AST-0391,01_INPUT(입력_원본)/03_SEOUL_DAY(서울_낮)/design/campaign_assets/2) WHITE/RELEASE) 세로_시간.ai,RELEASE) 세로_시간.ai,ai,캠페인 그래픽,DAY,승인된 COPY PLAN에 따라 복사한 원본 사본. 심층 품질 평가는 아직 진행하지 않음.,N/A — Illustrator 벡터 원본: OS에서 아트보드 메타데이터를 확인할 수 없음,N/A — 정지 그래픽,HIGH,MEDIUM — KOREA TOUR : SEOUL,A,DAY / SECTION TRANSITION,NARRATIVE / SECTION TRANSITION,2024 Drop/오픈 문구를 현행 와디즈 표기로 교체,YES — 신규 생성 없이 현행 날짜·카피·모바일 안전영역으로 리마스터.,원본: /Volumes/DESKTOP/XXX STUDIO/4) 영상 편집/4) DAY/2) WHITE/RELEASE) 세로_시간.ai,CANDIDATE,REVIEWED,HOLD,"관찰: 기존 캠페인 그래픽의 제품·도시·표식 레이아웃 변형을 확인했다. HOLD 판정: Creative 가치는 있으나 권리·현행 정보·영상 장면 확인이 선행돼야 한다. 추천: DAY / SECTION TRANSITION / NARRATIVE / SECTION TRANSITION. 차별점: AST-0391, 파일명 'RELEASE) 세로_시간.ai'의 기존 Drop/오픈 표지에 해당한다.",2026-08-09,,UNKNOWN
AST-0392,01_INPUT(입력_원본)/03_SEOUL_DAY(서울_낮)/design/campaign_assets/2) WHITE/RELEASE)-SEOUL(세로_시간).png,RELEASE)-SEOUL(세로_시간).png,png,캠페인 그래픽,DAY,승인된 COPY PLAN에 따라 복사한 원본 사본. 심층 품질 평가는 아직 진행하지 않음.,1080 × 1920 px,N/A — 정지 이미지,MEDIUM,MEDIUM — KOREA TOUR : SEOUL,A,DAY / SECTION TRANSITION,NARRATIVE / SECTION TRANSITION,2024 Drop/오픈 문구를 현행 와디즈 표기로 교체,YES — 신규 생성 없이 현행 날짜·카피·모바일 안전영역으로 리마스터.,원본: /Volumes/DESKTOP/XXX STUDIO/4) 영상 편집/4) DAY/2) WHITE/RELEASE)-SEOUL(세로_시간).png,CANDIDATE,REVIEWED,HOLD,"관찰: 기존 캠페인 그래픽의 제품·도시·표식 레이아웃 변형을 확인했다. HOLD 판정: Creative 가치는 있으나 권리·현행 정보·영상 장면 확인이 선행돼야 한다. 추천: DAY / SECTION TRANSITION / NARRATIVE / SECTION TRANSITION. 차별점: AST-0392, 파일명 'RELEASE)-SEOUL(세로_시간).png'의 기존 Drop/오픈 표지에 해당한다.",2026-08-09,,UNKNOWN
AST-0393,01_INPUT(입력_원본)/03_SEOUL_DAY(서울_낮)/design/campaign_assets/2) WHITE/북촌(옷_DROP).ai,북촌(옷_DROP).ai,ai,캠페인 그래픽,DAY,승인된 COPY PLAN에 따라 복사한 원본 사본. 심층 품질 평가는 아직 진행하지 않음.,N/A — Illustrator 벡터 원본: OS에서 아트보드 메타데이터를 확인할 수 없음,N/A — 정지 그래픽,HIGH,MEDIUM — KOREA TOUR : SEOUL,A,DAY / SECTION TRANSITION,NARRATIVE / SECTION TRANSITION,북촌·남산타워 장소/촬영 사용 조건 확인; 2024 Drop/오픈 문구를 현행 와디즈 표기로 교체,YES — 신규 생성 없이 현행 날짜·카피·모바일 안전영역으로 리마스터.,원본: /Volumes/DESKTOP/XXX STUDIO/4) 영상 편집/4) DAY/2) WHITE/북촌(옷_DROP).ai,CANDIDATE,REVIEWED,HOLD,"관찰: 북촌 사진 또는 북촌 사진 위의 로고·교차선·좌표·제품 레이아웃을 확인했다. HOLD 판정: Creative 가치는 있으나 권리·현행 정보·영상 장면 확인이 선행돼야 한다. 추천: DAY / SECTION TRANSITION / NARRATIVE / SECTION TRANSITION. 차별점: AST-0393, 파일명 '북촌(옷_DROP).ai'의 북촌: 한옥 지붕·남산타워/표식 연결에 해당한다.",2026-08-09,,UNKNOWN
AST-0394,01_INPUT(입력_원본)/03_SEOUL_DAY(서울_낮)/design/campaign_assets/2) WHITE/북촌(옷_DROP).png,북촌(옷_DROP).png,png,캠페인 그래픽,DAY,승인된 COPY PLAN에 따라 복사한 원본 사본. 심층 품질 평가는 아직 진행하지 않음.,14400 × 14400 px,N/A — 정지 이미지,HIGH,MEDIUM — KOREA TOUR : SEOUL,A,DAY / SECTION TRANSITION,NARRATIVE / SECTION TRANSITION,북촌·남산타워 장소/촬영 사용 조건 확인; 2024 Drop/오픈 문구를 현행 와디즈 표기로 교체,YES — 신규 생성 없이 현행 날짜·카피·모바일 안전영역으로 리마스터.,원본: /Volumes/DESKTOP/XXX STUDIO/4) 영상 편집/4) DAY/2) WHITE/북촌(옷_DROP).png,CANDIDATE,REVIEWED,HOLD,"관찰: 북촌 사진 또는 북촌 사진 위의 로고·교차선·좌표·제품 레이아웃을 확인했다. HOLD 판정: Creative 가치는 있으나 권리·현행 정보·영상 장면 확인이 선행돼야 한다. 추천: DAY / SECTION TRANSITION / NARRATIVE / SECTION TRANSITION. 차별점: AST-0394, 파일명 '북촌(옷_DROP).png'의 북촌: 한옥 지붕·남산타워/표식 연결에 해당한다.",2026-08-09,,UNKNOWN
AST-0395,01_INPUT(입력_원본)/03_SEOUL_DAY(서울_낮)/design/campaign_assets/3) DAY/DROP) SEOUL(표지).ai,DROP) SEOUL(표지).ai,ai,캠페인 그래픽,DAY,승인된 COPY PLAN에 따라 복사한 원본 사본. 심층 품질 평가는 아직 진행하지 않음.,N/A — Illustrator 벡터 원본: OS에서 아트보드 메타데이터를 확인할 수 없음,N/A — 정지 그래픽,HIGH,MEDIUM — KOREA TOUR : SEOUL,A,DAY / SECTION TRANSITION,NARRATIVE / SECTION TRANSITION,2024 Drop/오픈 문구를 현행 와디즈 표기로 교체,YES — 신규 생성 없이 현행 날짜·카피·모바일 안전영역으로 리마스터.,원본: /Volumes/DESKTOP/XXX STUDIO/4) 영상 편집/4) DAY/3) DAY/DROP) SEOUL(표지).ai,CANDIDATE,REVIEWED,HOLD,"관찰: 기존 캠페인 그래픽의 제품·도시·표식 레이아웃 변형을 확인했다. HOLD 판정: Creative 가치는 있으나 권리·현행 정보·영상 장면 확인이 선행돼야 한다. 추천: DAY / SECTION TRANSITION / NARRATIVE / SECTION TRANSITION. 차별점: AST-0395, 파일명 'DROP) SEOUL(표지).ai'의 기존 Drop/오픈 표지에 해당한다.",2026-08-09,,UNKNOWN
AST-0396,01_INPUT(입력_원본)/03_SEOUL_DAY(서울_낮)/design/campaign_assets/3) DAY/DROP) SEOUL(표지_흰색).ai,DROP) SEOUL(표지_흰색).ai,ai,캠페인 그래픽,DAY,승인된 COPY PLAN에 따라 복사한 원본 사본. 심층 품질 평가는 아직 진행하지 않음.,N/A — Illustrator 벡터 원본: OS에서 아트보드 메타데이터를 확인할 수 없음,N/A — 정지 그래픽,HIGH,MEDIUM — KOREA TOUR : SEOUL,A,DAY / SECTION TRANSITION,NARRATIVE / SECTION TRANSITION,2024 Drop/오픈 문구를 현행 와디즈 표기로 교체,YES — 신규 생성 없이 현행 날짜·카피·모바일 안전영역으로 리마스터.,원본: /Volumes/DESKTOP/XXX STUDIO/4) 영상 편집/4) DAY/3) DAY/DROP) SEOUL(표지_흰색).ai,CANDIDATE,REVIEWED,HOLD,"관찰: 기존 캠페인 그래픽의 제품·도시·표식 레이아웃 변형을 확인했다. HOLD 판정: Creative 가치는 있으나 권리·현행 정보·영상 장면 확인이 선행돼야 한다. 추천: DAY / SECTION TRANSITION / NARRATIVE / SECTION TRANSITION. 차별점: AST-0396, 파일명 'DROP) SEOUL(표지_흰색).ai'의 기존 Drop/오픈 표지에 해당한다.",2026-08-09,,UNKNOWN
AST-0397,01_INPUT(입력_원본)/03_SEOUL_DAY(서울_낮)/design/campaign_assets/3) DAY/DROP)-SEOUL(표지).png,DROP)-SEOUL(표지).png,png,캠페인 그래픽,DAY,승인된 COPY PLAN에 따라 복사한 원본 사본. 심층 품질 평가는 아직 진행하지 않음.,1080 × 1920 px,N/A — 정지 이미지,MEDIUM,MEDIUM — KOREA TOUR : SEOUL,A,DAY / SECTION TRANSITION,NARRATIVE / SECTION TRANSITION,2024 Drop/오픈 문구를 현행 와디즈 표기로 교체,YES — 신규 생성 없이 현행 날짜·카피·모바일 안전영역으로 리마스터.,원본: /Volumes/DESKTOP/XXX STUDIO/4) 영상 편집/4) DAY/3) DAY/DROP)-SEOUL(표지).png,CANDIDATE,REVIEWED,HOLD,"관찰: 기존 캠페인 그래픽의 제품·도시·표식 레이아웃 변형을 확인했다. HOLD 판정: Creative 가치는 있으나 권리·현행 정보·영상 장면 확인이 선행돼야 한다. 추천: DAY / SECTION TRANSITION / NARRATIVE / SECTION TRANSITION. 차별점: AST-0397, 파일명 'DROP)-SEOUL(표지).png'의 기존 Drop/오픈 표지에 해당한다.",2026-08-09,,UNKNOWN
AST-0398,01_INPUT(입력_원본)/03_SEOUL_DAY(서울_낮)/design/campaign_assets/3) DAY/DROP)-SEOUL(표지_흰색).png,DROP)-SEOUL(표지_흰색).png,png,캠페인 그래픽,DAY,승인된 COPY PLAN에 따라 복사한 원본 사본. 심층 품질 평가는 아직 진행하지 않음.,1080 × 1920 px,N/A — 정지 이미지,MEDIUM,MEDIUM — KOREA TOUR : SEOUL,A,DAY / SECTION TRANSITION,NARRATIVE / SECTION TRANSITION,2024 Drop/오픈 문구를 현행 와디즈 표기로 교체,YES — 신규 생성 없이 현행 날짜·카피·모바일 안전영역으로 리마스터.,원본: /Volumes/DESKTOP/XXX STUDIO/4) 영상 편집/4) DAY/3) DAY/DROP)-SEOUL(표지_흰색).png,CANDIDATE,REVIEWED,HOLD,"관찰: 기존 캠페인 그래픽의 제품·도시·표식 레이아웃 변형을 확인했다. HOLD 판정: Creative 가치는 있으나 권리·현행 정보·영상 장면 확인이 선행돼야 한다. 추천: DAY / SECTION TRANSITION / NARRATIVE / SECTION TRANSITION. 차별점: AST-0398, 파일명 'DROP)-SEOUL(표지_흰색).png'의 기존 Drop/오픈 표지에 해당한다.",2026-08-09,,UNKNOWN
AST-0399,01_INPUT(입력_원본)/03_SEOUL_DAY(서울_낮)/design/campaign_assets/3) DAY/DROP)-SEOUL(화이트).png,DROP)-SEOUL(화이트).png,png,캠페인 그래픽,DAY,승인된 COPY PLAN에 따라 복사한 원본 사본. 심층 품질 평가는 아직 진행하지 않음.,1080 × 1920 px,N/A — 정지 이미지,MEDIUM,MEDIUM — KOREA TOUR : SEOUL,A,DAY / SECTION TRANSITION,NARRATIVE / SECTION TRANSITION,2024 Drop/오픈 문구를 현행 와디즈 표기로 교체,YES — 신규 생성 없이 현행 날짜·카피·모바일 안전영역으로 리마스터.,원본: /Volumes/DESKTOP/XXX STUDIO/4) 영상 편집/4) DAY/3) DAY/DROP)-SEOUL(화이트).png,CANDIDATE,REVIEWED,HOLD,"관찰: 기존 캠페인 그래픽의 제품·도시·표식 레이아웃 변형을 확인했다. HOLD 판정: Creative 가치는 있으나 권리·현행 정보·영상 장면 확인이 선행돼야 한다. 추천: DAY / SECTION TRANSITION / NARRATIVE / SECTION TRANSITION. 차별점: AST-0399, 파일명 'DROP)-SEOUL(화이트).png'의 기존 Drop/오픈 표지에 해당한다.",2026-08-09,,UNKNOWN
AST-0400,01_INPUT(입력_원본)/03_SEOUL_DAY(서울_낮)/design/campaign_assets/3) DAY/THE DAY OF SEOUL(글자만).ai,THE DAY OF SEOUL(글자만).ai,ai,캠페인 그래픽,DAY,승인된 COPY PLAN에 따라 복사한 원본 사본. 심층 품질 평가는 아직 진행하지 않음.,N/A — Illustrator 벡터 원본: OS에서 아트보드 메타데이터를 확인할 수 없음,N/A — 정지 그래픽,HIGH,HIGH — KOREA TOUR : SEOUL,A,DAY / SEOUL INTRO,NARRATIVE / SUPPORT,현행 문구·QR·좌표 및 사용 목적 확인,YES — 신규 생성 없이 현행 날짜·카피·모바일 안전영역으로 리마스터.,원본: /Volumes/DESKTOP/XXX STUDIO/4) 영상 편집/4) DAY/3) DAY/THE DAY OF SEOUL(글자만).ai,CANDIDATE,REVIEWED,B,"관찰: DAY의 +82 / DAY / 02 / SEOUL 표식과 대문자 타이포를 단색으로 구성한 그래픽이다. B 판정: 상세페이지의 제품 증거 또는 보조 서사에는 강하지만, 단독 최상단 Hero 우선순위는 A보다 낮다. 추천: DAY / SEOUL INTRO / NARRATIVE / SUPPORT. 차별점: AST-0400, 파일명 'THE DAY OF SEOUL(글자만).ai'의 개별 파일의 구도·레이아웃 변형에 해당한다. PAIR: SECTION TRANSITION — DAY AST-0400 ↔ NIGHT AST-0436/0437.",2026-08-09,,UNKNOWN
AST-0401,01_INPUT(입력_원본)/03_SEOUL_DAY(서울_낮)/design/campaign_assets/3) DAY/THE-DAY-OF-SEOUL(글자만).png,THE-DAY-OF-SEOUL(글자만).png,png,캠페인 그래픽,DAY,승인된 COPY PLAN에 따라 복사한 원본 사본. 심층 품질 평가는 아직 진행하지 않음.,14400 × 14400 px,N/A — 정지 이미지,HIGH,HIGH — KOREA TOUR : SEOUL,A,DAY / SEOUL INTRO,NARRATIVE / SUPPORT,현행 문구·QR·좌표 및 사용 목적 확인,NO — 신규 AI 보완 불필요. 크롭·색보정·현행 SKU/권리 확인만 수행.,원본: /Volumes/DESKTOP/XXX STUDIO/4) 영상 편집/4) DAY/3) DAY/THE-DAY-OF-SEOUL(글자만).png,CANDIDATE,REVIEWED,B,"관찰: 기존 캠페인 그래픽의 제품·도시·표식 레이아웃 변형을 확인했다. B 판정: 상세페이지의 제품 증거 또는 보조 서사에는 강하지만, 단독 최상단 Hero 우선순위는 A보다 낮다. 추천: DAY / SEOUL INTRO / NARRATIVE / SUPPORT. 차별점: AST-0401, 파일명 'THE-DAY-OF-SEOUL(글자만).png'의 개별 파일의 구도·레이아웃 변형에 해당한다. PAIR: SECTION TRANSITION — DAY AST-0401 ↔ NIGHT AST-0436/0437.",2026-08-09,,UNKNOWN
AST-0402,01_INPUT(입력_원본)/03_SEOUL_DAY(서울_낮)/design/campaign_assets/3) DAY/THE-DAY-OF-SEOUL(빅3).png,THE-DAY-OF-SEOUL(빅3).png,png,캠페인 그래픽,DAY,승인된 COPY PLAN에 따라 복사한 원본 사본. 심층 품질 평가는 아직 진행하지 않음.,14400 × 14400 px,N/A — 정지 이미지,HIGH,MEDIUM — KOREA TOUR : SEOUL,A,DAY / SEOUL INTRO,NARRATIVE / SUPPORT,현행 문구·QR·좌표 및 사용 목적 확인,NO — 신규 AI 보완 불필요. 크롭·색보정·현행 SKU/권리 확인만 수행.,원본: /Volumes/DESKTOP/XXX STUDIO/4) 영상 편집/4) DAY/3) DAY/THE-DAY-OF-SEOUL(빅3).png,CANDIDATE,REVIEWED,C,"관찰: 기존 캠페인 그래픽의 제품·도시·표식 레이아웃 변형을 확인했다. C 판정: 기록·보조 활용 가치는 있으나 더 명확한 대표 후보가 있다. 추천: DAY / SEOUL INTRO / NARRATIVE / SUPPORT. 차별점: AST-0402, 파일명 'THE-DAY-OF-SEOUL(빅3).png'의 개별 파일의 구도·레이아웃 변형에 해당한다.",2026-08-09,,UNKNOWN
AST-0403,01_INPUT(입력_원본)/03_SEOUL_DAY(서울_낮)/design/campaign_assets/3) DAY/THE-DAY-OF-SEOUL(빅빅).png,THE-DAY-OF-SEOUL(빅빅).png,png,캠페인 그래픽,DAY,승인된 COPY PLAN에 따라 복사한 원본 사본. 심층 품질 평가는 아직 진행하지 않음.,14400 × 14400 px,N/A — 정지 이미지,HIGH,MEDIUM — KOREA TOUR : SEOUL,A,DAY / SEOUL INTRO,NARRATIVE / SUPPORT,현행 문구·QR·좌표 및 사용 목적 확인,NO — 신규 AI 보완 불필요. 크롭·색보정·현행 SKU/권리 확인만 수행.,원본: /Volumes/DESKTOP/XXX STUDIO/4) 영상 편집/4) DAY/3) DAY/THE-DAY-OF-SEOUL(빅빅).png,CANDIDATE,REVIEWED,C,"관찰: 기존 캠페인 그래픽의 제품·도시·표식 레이아웃 변형을 확인했다. C 판정: 기록·보조 활용 가치는 있으나 더 명확한 대표 후보가 있다. 추천: DAY / SEOUL INTRO / NARRATIVE / SUPPORT. 차별점: AST-0403, 파일명 'THE-DAY-OF-SEOUL(빅빅).png'의 개별 파일의 구도·레이아웃 변형에 해당한다.",2026-08-09,,UNKNOWN
AST-0404,01_INPUT(입력_원본)/03_SEOUL_DAY(서울_낮)/design/campaign_assets/3) DAY/THE-DAY-OF-SEOUL(빅빅빅).png,THE-DAY-OF-SEOUL(빅빅빅).png,png,캠페인 그래픽,DAY,승인된 COPY PLAN에 따라 복사한 원본 사본. 심층 품질 평가는 아직 진행하지 않음.,14400 × 14400 px,N/A — 정지 이미지,HIGH,MEDIUM — KOREA TOUR : SEOUL,A,DAY / SEOUL INTRO,NARRATIVE / SUPPORT,현행 문구·QR·좌표 및 사용 목적 확인,NO — 신규 AI 보완 불필요. 크롭·색보정·현행 SKU/권리 확인만 수행.,원본: /Volumes/DESKTOP/XXX STUDIO/4) 영상 편집/4) DAY/3) DAY/THE-DAY-OF-SEOUL(빅빅빅).png,CANDIDATE,REVIEWED,C,"관찰: 기존 캠페인 그래픽의 제품·도시·표식 레이아웃 변형을 확인했다. C 판정: 기록·보조 활용 가치는 있으나 더 명확한 대표 후보가 있다. 추천: DAY / SEOUL INTRO / NARRATIVE / SUPPORT. 차별점: AST-0404, 파일명 'THE-DAY-OF-SEOUL(빅빅빅).png'의 개별 파일의 구도·레이아웃 변형에 해당한다.",2026-08-09,,UNKNOWN
AST-0405,01_INPUT(입력_원본)/03_SEOUL_DAY(서울_낮)/design/campaign_assets/3) DAY/북촌(로고_블랙).ai,북촌(로고_블랙).ai,ai,캠페인 그래픽,DAY,승인된 COPY PLAN에 따라 복사한 원본 사본. 심층 품질 평가는 아직 진행하지 않음.,N/A — Illustrator 벡터 원본: OS에서 아트보드 메타데이터를 확인할 수 없음,N/A — 정지 그래픽,HIGH,HIGH — KOREA TOUR : SEOUL,A,DAY / DESIGN STORY,BACKGROUND / NARRATIVE,북촌·남산타워 장소/촬영 사용 조건 확인,YES — 신규 생성 없이 현행 날짜·카피·모바일 안전영역으로 리마스터.,원본: /Volumes/DESKTOP/XXX STUDIO/4) 영상 편집/4) DAY/3) DAY/북촌(로고_블랙).ai,CANDIDATE,REVIEWED,B,"관찰: 북촌 사진 또는 북촌 사진 위의 로고·교차선·좌표·제품 레이아웃을 확인했다. B 판정: 상세페이지의 제품 증거 또는 보조 서사에는 강하지만, 단독 최상단 Hero 우선순위는 A보다 낮다. 추천: DAY / DESIGN STORY / BACKGROUND / NARRATIVE. 차별점: AST-0405, 파일명 '북촌(로고_블랙).ai'의 북촌: 한옥 지붕·남산타워/표식 연결에 해당한다.",2026-08-09,,UNKNOWN
AST-0406,01_INPUT(입력_원본)/03_SEOUL_DAY(서울_낮)/design/campaign_assets/3) DAY/북촌(로고_블랙).png,북촌(로고_블랙).png,png,캠페인 그래픽,DAY,승인된 COPY PLAN에 따라 복사한 원본 사본. 심층 품질 평가는 아직 진행하지 않음.,1080 × 1920 px,N/A — 정지 이미지,MEDIUM,HIGH — KOREA TOUR : SEOUL,A,DAY / DESIGN STORY,BACKGROUND / NARRATIVE,북촌·남산타워 장소/촬영 사용 조건 확인,NO — 신규 AI 보완 불필요. 크롭·색보정·현행 SKU/권리 확인만 수행.,원본: /Volumes/DESKTOP/XXX STUDIO/4) 영상 편집/4) DAY/3) DAY/북촌(로고_블랙).png,CANDIDATE,REVIEWED,B,"관찰: 북촌 사진 또는 북촌 사진 위의 로고·교차선·좌표·제품 레이아웃을 확인했다. B 판정: 상세페이지의 제품 증거 또는 보조 서사에는 강하지만, 단독 최상단 Hero 우선순위는 A보다 낮다. 추천: DAY / DESIGN STORY / BACKGROUND / NARRATIVE. 차별점: AST-0406, 파일명 '북촌(로고_블랙).png'의 북촌: 한옥 지붕·남산타워/표식 연결에 해당한다.",2026-08-09,,UNKNOWN
AST-0407,01_INPUT(입력_원본)/03_SEOUL_DAY(서울_낮)/design/campaign_assets/3) DAY/북촌(로고만).ai,북촌(로고만).ai,ai,캠페인 그래픽,DAY,승인된 COPY PLAN에 따라 복사한 원본 사본. 심층 품질 평가는 아직 진행하지 않음.,N/A — Illustrator 벡터 원본: OS에서 아트보드 메타데이터를 확인할 수 없음,N/A — 정지 그래픽,HIGH,MEDIUM — KOREA TOUR : SEOUL,A,DAY / DESIGN STORY,BACKGROUND / NARRATIVE,북촌·남산타워 장소/촬영 사용 조건 확인,YES — 신규 생성 없이 현행 날짜·카피·모바일 안전영역으로 리마스터.,원본: /Volumes/DESKTOP/XXX STUDIO/4) 영상 편집/4) DAY/3) DAY/북촌(로고만).ai,CANDIDATE,REVIEWED,C,"관찰: 북촌 사진 또는 북촌 사진 위의 로고·교차선·좌표·제품 레이아웃을 확인했다. C 판정: 기록·보조 활용 가치는 있으나 더 명확한 대표 후보가 있다. 추천: DAY / DESIGN STORY / BACKGROUND / NARRATIVE. 차별점: AST-0407, 파일명 '북촌(로고만).ai'의 북촌: 한옥 지붕·남산타워/표식 연결에 해당한다.",2026-08-09,,UNKNOWN
AST-0408,01_INPUT(입력_원본)/03_SEOUL_DAY(서울_낮)/design/campaign_assets/3) DAY/북촌(로고만).png,북촌(로고만).png,png,캠페인 그래픽,DAY,승인된 COPY PLAN에 따라 복사한 원본 사본. 심층 품질 평가는 아직 진행하지 않음.,1080 × 1920 px,N/A — 정지 이미지,MEDIUM,MEDIUM — KOREA TOUR : SEOUL,A,DAY / DESIGN STORY,BACKGROUND / NARRATIVE,북촌·남산타워 장소/촬영 사용 조건 확인,NO — 신규 AI 보완 불필요. 크롭·색보정·현행 SKU/권리 확인만 수행.,원본: /Volumes/DESKTOP/XXX STUDIO/4) 영상 편집/4) DAY/3) DAY/북촌(로고만).png,CANDIDATE,REVIEWED,C,"관찰: 북촌 사진 또는 북촌 사진 위의 로고·교차선·좌표·제품 레이아웃을 확인했다. C 판정: 기록·보조 활용 가치는 있으나 더 명확한 대표 후보가 있다. 추천: DAY / DESIGN STORY / BACKGROUND / NARRATIVE. 차별점: AST-0408, 파일명 '북촌(로고만).png'의 북촌: 한옥 지붕·남산타워/표식 연결에 해당한다.",2026-08-09,,UNKNOWN
AST-0409,01_INPUT(입력_원본)/03_SEOUL_DAY(서울_낮)/design/campaign_assets/3) DAY/북촌(사진_로고).ai,북촌(사진_로고).ai,ai,캠페인 그래픽,DAY,승인된 COPY PLAN에 따라 복사한 원본 사본. 심층 품질 평가는 아직 진행하지 않음.,N/A — Illustrator 벡터 원본: OS에서 아트보드 메타데이터를 확인할 수 없음,N/A — 정지 그래픽,HIGH,HIGH — KOREA TOUR : SEOUL,A,DAY / DESIGN STORY,BACKGROUND / NARRATIVE,북촌·남산타워 장소/촬영 사용 조건 확인,YES — 신규 생성 없이 현행 날짜·카피·모바일 안전영역으로 리마스터.,원본: /Volumes/DESKTOP/XXX STUDIO/4) 영상 편집/4) DAY/3) DAY/북촌(사진_로고).ai,CANDIDATE,REVIEWED,B,"관찰: 북촌 사진 또는 북촌 사진 위의 로고·교차선·좌표·제품 레이아웃을 확인했다. B 판정: 상세페이지의 제품 증거 또는 보조 서사에는 강하지만, 단독 최상단 Hero 우선순위는 A보다 낮다. 추천: DAY / DESIGN STORY / BACKGROUND / NARRATIVE. 차별점: AST-0409, 파일명 '북촌(사진_로고).ai'의 북촌: 한옥 지붕·남산타워/표식 연결에 해당한다.",2026-08-09,,UNKNOWN
AST-0410,01_INPUT(입력_원본)/03_SEOUL_DAY(서울_낮)/design/campaign_assets/3) DAY/북촌(사진_로고).png,북촌(사진_로고).png,png,캠페인 그래픽,DAY,승인된 COPY PLAN에 따라 복사한 원본 사본. 심층 품질 평가는 아직 진행하지 않음.,1080 × 1920 px,N/A — 정지 이미지,MEDIUM,HIGH — KOREA TOUR : SEOUL,A,DAY / DESIGN STORY,BACKGROUND / NARRATIVE,북촌·남산타워 장소/촬영 사용 조건 확인,NO — 신규 AI 보완 불필요. 크롭·색보정·현행 SKU/권리 확인만 수행.,원본: /Volumes/DESKTOP/XXX STUDIO/4) 영상 편집/4) DAY/3) DAY/북촌(사진_로고).png,CANDIDATE,REVIEWED,B,"관찰: 북촌 사진 또는 북촌 사진 위의 로고·교차선·좌표·제품 레이아웃을 확인했다. B 판정: 상세페이지의 제품 증거 또는 보조 서사에는 강하지만, 단독 최상단 Hero 우선순위는 A보다 낮다. 추천: DAY / DESIGN STORY / BACKGROUND / NARRATIVE. 차별점: AST-0410, 파일명 '북촌(사진_로고).png'의 북촌: 한옥 지붕·남산타워/표식 연결에 해당한다.",2026-08-09,,UNKNOWN
AST-0411,01_INPUT(입력_원본)/03_SEOUL_DAY(서울_낮)/design/campaign_assets/3) DAY/북촌(사진_로고_블랙).ai,북촌(사진_로고_블랙).ai,ai,캠페인 그래픽,DAY,승인된 COPY PLAN에 따라 복사한 원본 사본. 심층 품질 평가는 아직 진행하지 않음.,N/A — Illustrator 벡터 원본: OS에서 아트보드 메타데이터를 확인할 수 없음,N/A — 정지 그래픽,HIGH,HIGH — KOREA TOUR : SEOUL,A,DAY / DESIGN STORY,BACKGROUND / NARRATIVE,북촌·남산타워 장소/촬영 사용 조건 확인,YES — 신규 생성 없이 현행 날짜·카피·모바일 안전영역으로 리마스터.,원본: /Volumes/DESKTOP/XXX STUDIO/4) 영상 편집/4) DAY/3) DAY/북촌(사진_로고_블랙).ai,CANDIDATE,REVIEWED,B,"관찰: 북촌 사진 또는 북촌 사진 위의 로고·교차선·좌표·제품 레이아웃을 확인했다. B 판정: 상세페이지의 제품 증거 또는 보조 서사에는 강하지만, 단독 최상단 Hero 우선순위는 A보다 낮다. 추천: DAY / DESIGN STORY / BACKGROUND / NARRATIVE. 차별점: AST-0411, 파일명 '북촌(사진_로고_블랙).ai'의 북촌: 한옥 지붕·남산타워/표식 연결에 해당한다.",2026-08-09,,UNKNOWN
AST-0412,01_INPUT(입력_원본)/03_SEOUL_DAY(서울_낮)/design/campaign_assets/3) DAY/북촌(사진_로고_블랙).png,북촌(사진_로고_블랙).png,png,캠페인 그래픽,DAY,승인된 COPY PLAN에 따라 복사한 원본 사본. 심층 품질 평가는 아직 진행하지 않음.,1080 × 1920 px,N/A — 정지 이미지,MEDIUM,HIGH — KOREA TOUR : SEOUL,A,DAY / DESIGN STORY,BACKGROUND / NARRATIVE,북촌·남산타워 장소/촬영 사용 조건 확인,NO — 신규 AI 보완 불필요. 크롭·색보정·현행 SKU/권리 확인만 수행.,원본: /Volumes/DESKTOP/XXX STUDIO/4) 영상 편집/4) DAY/3) DAY/북촌(사진_로고_블랙).png,CANDIDATE,REVIEWED,B,"관찰: 북촌 사진 또는 북촌 사진 위의 로고·교차선·좌표·제품 레이아웃을 확인했다. B 판정: 상세페이지의 제품 증거 또는 보조 서사에는 강하지만, 단독 최상단 Hero 우선순위는 A보다 낮다. 추천: DAY / DESIGN STORY / BACKGROUND / NARRATIVE. 차별점: AST-0412, 파일명 '북촌(사진_로고_블랙).png'의 북촌: 한옥 지붕·남산타워/표식 연결에 해당한다.",2026-08-09,,UNKNOWN
AST-0413,01_INPUT(입력_원본)/03_SEOUL_DAY(서울_낮)/design/campaign_assets/3) DAY/북촌(사진_로고_작게).ai,북촌(사진_로고_작게).ai,ai,캠페인 그래픽,DAY,승인된 COPY PLAN에 따라 복사한 원본 사본. 심층 품질 평가는 아직 진행하지 않음.,N/A — Illustrator 벡터 원본: OS에서 아트보드 메타데이터를 확인할 수 없음,N/A — 정지 그래픽,HIGH,MEDIUM — KOREA TOUR : SEOUL,A,DAY / DESIGN STORY,BACKGROUND / NARRATIVE,북촌·남산타워 장소/촬영 사용 조건 확인,YES — 신규 생성 없이 현행 날짜·카피·모바일 안전영역으로 리마스터.,원본: /Volumes/DESKTOP/XXX STUDIO/4) 영상 편집/4) DAY/3) DAY/북촌(사진_로고_작게).ai,CANDIDATE,REVIEWED,C,"관찰: 북촌 사진 또는 북촌 사진 위의 로고·교차선·좌표·제품 레이아웃을 확인했다. C 판정: 기록·보조 활용 가치는 있으나 더 명확한 대표 후보가 있다. 추천: DAY / DESIGN STORY / BACKGROUND / NARRATIVE. 차별점: AST-0413, 파일명 '북촌(사진_로고_작게).ai'의 북촌: 한옥 지붕·남산타워/표식 연결에 해당한다.",2026-08-09,,UNKNOWN
AST-0414,01_INPUT(입력_원본)/03_SEOUL_DAY(서울_낮)/design/campaign_assets/3) DAY/북촌(사진_로고_작게).png,북촌(사진_로고_작게).png,png,캠페인 그래픽,DAY,승인된 COPY PLAN에 따라 복사한 원본 사본. 심층 품질 평가는 아직 진행하지 않음.,1080 × 1920 px,N/A — 정지 이미지,MEDIUM,MEDIUM — KOREA TOUR : SEOUL,A,DAY / DESIGN STORY,BACKGROUND / NARRATIVE,북촌·남산타워 장소/촬영 사용 조건 확인,NO — 신규 AI 보완 불필요. 크롭·색보정·현행 SKU/권리 확인만 수행.,원본: /Volumes/DESKTOP/XXX STUDIO/4) 영상 편집/4) DAY/3) DAY/북촌(사진_로고_작게).png,CANDIDATE,REVIEWED,C,"관찰: 북촌 사진 또는 북촌 사진 위의 로고·교차선·좌표·제품 레이아웃을 확인했다. C 판정: 기록·보조 활용 가치는 있으나 더 명확한 대표 후보가 있다. 추천: DAY / DESIGN STORY / BACKGROUND / NARRATIVE. 차별점: AST-0414, 파일명 '북촌(사진_로고_작게).png'의 북촌: 한옥 지붕·남산타워/표식 연결에 해당한다.",2026-08-09,,UNKNOWN
AST-0415,01_INPUT(입력_원본)/03_SEOUL_DAY(서울_낮)/design/campaign_assets/3) DAY/북촌(사진_로고_화이트).ai,북촌(사진_로고_화이트).ai,ai,캠페인 그래픽,DAY,승인된 COPY PLAN에 따라 복사한 원본 사본. 심층 품질 평가는 아직 진행하지 않음.,N/A — Illustrator 벡터 원본: OS에서 아트보드 메타데이터를 확인할 수 없음,N/A — 정지 그래픽,HIGH,MEDIUM — KOREA TOUR : SEOUL,A,DAY / DESIGN STORY,BACKGROUND / NARRATIVE,북촌·남산타워 장소/촬영 사용 조건 확인,YES — 신규 생성 없이 현행 날짜·카피·모바일 안전영역으로 리마스터.,원본: /Volumes/DESKTOP/XXX STUDIO/4) 영상 편집/4) DAY/3) DAY/북촌(사진_로고_화이트).ai,CANDIDATE,REVIEWED,C,"관찰: 북촌 사진 또는 북촌 사진 위의 로고·교차선·좌표·제품 레이아웃을 확인했다. C 판정: 기록·보조 활용 가치는 있으나 더 명확한 대표 후보가 있다. 추천: DAY / DESIGN STORY / BACKGROUND / NARRATIVE. 차별점: AST-0415, 파일명 '북촌(사진_로고_화이트).ai'의 북촌: 한옥 지붕·남산타워/표식 연결에 해당한다.",2026-08-09,,UNKNOWN
AST-0416,01_INPUT(입력_원본)/03_SEOUL_DAY(서울_낮)/design/campaign_assets/3) DAY/북촌(사진_로고_화이트).png,북촌(사진_로고_화이트).png,png,캠페인 그래픽,DAY,승인된 COPY PLAN에 따라 복사한 원본 사본. 심층 품질 평가는 아직 진행하지 않음.,1080 × 1920 px,N/A — 정지 이미지,MEDIUM,MEDIUM — KOREA TOUR : SEOUL,A,DAY / DESIGN STORY,BACKGROUND / NARRATIVE,북촌·남산타워 장소/촬영 사용 조건 확인,NO — 신규 AI 보완 불필요. 크롭·색보정·현행 SKU/권리 확인만 수행.,원본: /Volumes/DESKTOP/XXX STUDIO/4) 영상 편집/4) DAY/3) DAY/북촌(사진_로고_화이트).png,CANDIDATE,REVIEWED,C,"관찰: 북촌 사진 또는 북촌 사진 위의 로고·교차선·좌표·제품 레이아웃을 확인했다. C 판정: 기록·보조 활용 가치는 있으나 더 명확한 대표 후보가 있다. 추천: DAY / DESIGN STORY / BACKGROUND / NARRATIVE. 차별점: AST-0416, 파일명 '북촌(사진_로고_화이트).png'의 북촌: 한옥 지붕·남산타워/표식 연결에 해당한다.",2026-08-09,,UNKNOWN
AST-0417,01_INPUT(입력_원본)/03_SEOUL_DAY(서울_낮)/design/campaign_assets/3) DAY/북촌(옷).ai,북촌(옷).ai,ai,캠페인 그래픽,DAY,승인된 COPY PLAN에 따라 복사한 원본 사본. 심층 품질 평가는 아직 진행하지 않음.,N/A — Illustrator 벡터 원본: OS에서 아트보드 메타데이터를 확인할 수 없음,N/A — 정지 그래픽,HIGH,HIGH — KOREA TOUR : SEOUL,A,DAY / DESIGN STORY,BACKGROUND / NARRATIVE,북촌·남산타워 장소/촬영 사용 조건 확인,YES — 신규 생성 없이 현행 날짜·카피·모바일 안전영역으로 리마스터.,원본: /Volumes/DESKTOP/XXX STUDIO/4) 영상 편집/4) DAY/3) DAY/북촌(옷).ai,CANDIDATE,REVIEWED,B,"관찰: 북촌 사진 또는 북촌 사진 위의 로고·교차선·좌표·제품 레이아웃을 확인했다. B 판정: 상세페이지의 제품 증거 또는 보조 서사에는 강하지만, 단독 최상단 Hero 우선순위는 A보다 낮다. 추천: DAY / DESIGN STORY / BACKGROUND / NARRATIVE. 차별점: AST-0417, 파일명 '북촌(옷).ai'의 북촌: 한옥 지붕·남산타워/표식 연결에 해당한다.",2026-08-09,,UNKNOWN
AST-0418,01_INPUT(입력_원본)/03_SEOUL_DAY(서울_낮)/design/campaign_assets/3) DAY/북촌(옷).png,북촌(옷).png,png,캠페인 그래픽,DAY,승인된 COPY PLAN에 따라 복사한 원본 사본. 심층 품질 평가는 아직 진행하지 않음.,1080 × 1920 px,N/A — 정지 이미지,MEDIUM,HIGH — KOREA TOUR : SEOUL,A,DAY / DESIGN STORY,BACKGROUND / NARRATIVE,북촌·남산타워 장소/촬영 사용 조건 확인,NO — 신규 AI 보완 불필요. 크롭·색보정·현행 SKU/권리 확인만 수행.,원본: /Volumes/DESKTOP/XXX STUDIO/4) 영상 편집/4) DAY/3) DAY/북촌(옷).png,CANDIDATE,REVIEWED,B,"관찰: 북촌 사진 또는 북촌 사진 위의 로고·교차선·좌표·제품 레이아웃을 확인했다. B 판정: 상세페이지의 제품 증거 또는 보조 서사에는 강하지만, 단독 최상단 Hero 우선순위는 A보다 낮다. 추천: DAY / DESIGN STORY / BACKGROUND / NARRATIVE. 차별점: AST-0418, 파일명 '북촌(옷).png'의 북촌: 한옥 지붕·남산타워/표식 연결에 해당한다.",2026-08-09,,UNKNOWN
AST-0419,01_INPUT(입력_원본)/03_SEOUL_DAY(서울_낮)/design/campaign_assets/3) DAY/북촌사진.png,북촌사진.png,png,캠페인 그래픽,DAY,승인된 COPY PLAN에 따라 복사한 원본 사본. 심층 품질 평가는 아직 진행하지 않음.,1080 × 1920 px,N/A — 정지 이미지,MEDIUM,HIGH — KOREA TOUR : SEOUL,A,DAY / DESIGN STORY,BACKGROUND / NARRATIVE,북촌·남산타워 장소/촬영 사용 조건 확인,NO — 신규 AI 보완 불필요. 크롭·색보정·현행 SKU/권리 확인만 수행.,원본: /Volumes/DESKTOP/XXX STUDIO/4) 영상 편집/4) DAY/3) DAY/북촌사진.png,CANDIDATE,REVIEWED,B,"관찰: 북촌 사진 또는 북촌 사진 위의 로고·교차선·좌표·제품 레이아웃을 확인했다. B 판정: 상세페이지의 제품 증거 또는 보조 서사에는 강하지만, 단독 최상단 Hero 우선순위는 A보다 낮다. 추천: DAY / DESIGN STORY / BACKGROUND / NARRATIVE. 차별점: AST-0419, 파일명 '북촌사진.png'의 북촌: 한옥 지붕·남산타워/표식 연결에 해당한다.",2026-08-09,,UNKNOWN
AST-0420,01_INPUT(입력_원본)/03_SEOUL_DAY(서울_낮)/design/campaign_assets/DROP) SEOUL(세로_시간).ai,DROP) SEOUL(세로_시간).ai,ai,캠페인 그래픽,DAY,승인된 COPY PLAN에 따라 복사한 원본 사본. 심층 품질 평가는 아직 진행하지 않음.,N/A — Illustrator 벡터 원본: OS에서 아트보드 메타데이터를 확인할 수 없음,N/A — 정지 그래픽,HIGH,MEDIUM — KOREA TOUR : SEOUL,A,DAY / SECTION TRANSITION,NARRATIVE / SECTION TRANSITION,2024 Drop/오픈 문구를 현행 와디즈 표기로 교체,YES — 신규 생성 없이 현행 날짜·카피·모바일 안전영역으로 리마스터.,원본: /Volumes/DESKTOP/XXX STUDIO/4) 영상 편집/4) DAY/DROP) SEOUL(세로_시간).ai,CANDIDATE,REVIEWED,HOLD,"관찰: 기존 캠페인 그래픽의 제품·도시·표식 레이아웃 변형을 확인했다. HOLD 판정: Creative 가치는 있으나 권리·현행 정보·영상 장면 확인이 선행돼야 한다. 추천: DAY / SECTION TRANSITION / NARRATIVE / SECTION TRANSITION. 차별점: AST-0420, 파일명 'DROP) SEOUL(세로_시간).ai'의 기존 Drop/오픈 표지에 해당한다.",2026-08-09,,UNKNOWN
AST-0421,01_INPUT(입력_원본)/03_SEOUL_DAY(서울_낮)/design/campaign_assets/DROP)-SEOUL(세로_시간).png,DROP)-SEOUL(세로_시간).png,png,캠페인 그래픽,DAY,승인된 COPY PLAN에 따라 복사한 원본 사본. 심층 품질 평가는 아직 진행하지 않음.,1080 × 1920 px,N/A — 정지 이미지,MEDIUM,MEDIUM — KOREA TOUR : SEOUL,A,DAY / SECTION TRANSITION,NARRATIVE / SECTION TRANSITION,2024 Drop/오픈 문구를 현행 와디즈 표기로 교체,YES — 신규 생성 없이 현행 날짜·카피·모바일 안전영역으로 리마스터.,원본: /Volumes/DESKTOP/XXX STUDIO/4) 영상 편집/4) DAY/DROP)-SEOUL(세로_시간).png,CANDIDATE,REVIEWED,HOLD,"관찰: 기존 캠페인 그래픽의 제품·도시·표식 레이아웃 변형을 확인했다. HOLD 판정: Creative 가치는 있으나 권리·현행 정보·영상 장면 확인이 선행돼야 한다. 추천: DAY / SECTION TRANSITION / NARRATIVE / SECTION TRANSITION. 차별점: AST-0421, 파일명 'DROP)-SEOUL(세로_시간).png'의 기존 Drop/오픈 표지에 해당한다.",2026-08-09,,UNKNOWN
AST-0422,01_INPUT(입력_원본)/03_SEOUL_DAY(서울_낮)/design/campaign_assets/NIGHT_옷.png,NIGHT_옷.png,png,캠페인 그래픽,DAY,승인된 COPY PLAN에 따라 복사한 원본 사본. 심층 품질 평가는 아직 진행하지 않음.,5772 × 6048 px,N/A — 정지 이미지,HIGH,MEDIUM — KOREA TOUR : SEOUL,A,DAY / SEOUL INTRO,NARRATIVE / SUPPORT,현행 문구·QR·좌표 및 사용 목적 확인,NO — 신규 AI 보완 불필요. 크롭·색보정·현행 SKU/권리 확인만 수행.,원본: /Volumes/DESKTOP/XXX STUDIO/4) 영상 편집/4) DAY/NIGHT_옷.png,CANDIDATE,REVIEWED,HOLD,"관찰: 기존 캠페인 그래픽의 제품·도시·표식 레이아웃 변형을 확인했다. HOLD 판정: Creative 가치는 있으나 권리·현행 정보·영상 장면 확인이 선행돼야 한다. 추천: DAY / SEOUL INTRO / NARRATIVE / SUPPORT. 차별점: AST-0422, 파일명 'NIGHT_옷.png'의 개별 파일의 구도·레이아웃 변형에 해당한다.",2026-08-09,,UNKNOWN
AST-0423,01_INPUT(입력_원본)/03_SEOUL_DAY(서울_낮)/design/campaign_assets/NIGT_옷_(WHITE).png,NIGT_옷_(WHITE).png,png,캠페인 그래픽,DAY,승인된 COPY PLAN에 따라 복사한 원본 사본. 심층 품질 평가는 아직 진행하지 않음.,1080 × 1920 px,N/A — 정지 이미지,MEDIUM,MEDIUM — KOREA TOUR : SEOUL,A,DAY / SEOUL INTRO,NARRATIVE / SUPPORT,현행 문구·QR·좌표 및 사용 목적 확인,NO — 신규 AI 보완 불필요. 크롭·색보정·현행 SKU/권리 확인만 수행.,원본: /Volumes/DESKTOP/XXX STUDIO/4) 영상 편집/4) DAY/NIGT_옷_(WHITE).png,CANDIDATE,REVIEWED,HOLD,"관찰: 기존 캠페인 그래픽의 제품·도시·표식 레이아웃 변형을 확인했다. HOLD 판정: Creative 가치는 있으나 권리·현행 정보·영상 장면 확인이 선행돼야 한다. 추천: DAY / SEOUL INTRO / NARRATIVE / SUPPORT. 차별점: AST-0423, 파일명 'NIGT_옷_(WHITE).png'의 개별 파일의 구도·레이아웃 변형에 해당한다.",2026-08-09,,UNKNOWN
AST-0424,01_INPUT(입력_원본)/03_SEOUL_DAY(서울_낮)/design/campaign_assets/NIGT_옷_DROP(WHITE).png,NIGT_옷_DROP(WHITE).png,png,캠페인 그래픽,DAY,승인된 COPY PLAN에 따라 복사한 원본 사본. 심층 품질 평가는 아직 진행하지 않음.,1080 × 1920 px,N/A — 정지 이미지,MEDIUM,MEDIUM — KOREA TOUR : SEOUL,A,DAY / SECTION TRANSITION,NARRATIVE / SECTION TRANSITION,2024 Drop/오픈 문구를 현행 와디즈 표기로 교체,YES — 신규 생성 없이 현행 날짜·카피·모바일 안전영역으로 리마스터.,원본: /Volumes/DESKTOP/XXX STUDIO/4) 영상 편집/4) DAY/NIGT_옷_DROP(WHITE).png,CANDIDATE,REVIEWED,HOLD,"관찰: 기존 캠페인 그래픽의 제품·도시·표식 레이아웃 변형을 확인했다. HOLD 판정: Creative 가치는 있으나 권리·현행 정보·영상 장면 확인이 선행돼야 한다. 추천: DAY / SECTION TRANSITION / NARRATIVE / SECTION TRANSITION. 차별점: AST-0424, 파일명 'NIGT_옷_DROP(WHITE).png'의 기존 Drop/오픈 표지에 해당한다.",2026-08-09,,UNKNOWN
AST-0425,01_INPUT(입력_원본)/03_SEOUL_DAY(서울_낮)/design/campaign_assets/NIGT_옷_DROP.png,NIGT_옷_DROP.png,png,캠페인 그래픽,DAY,승인된 COPY PLAN에 따라 복사한 원본 사본. 심층 품질 평가는 아직 진행하지 않음.,14400 × 14400 px,N/A — 정지 이미지,HIGH,MEDIUM — KOREA TOUR : SEOUL,A,DAY / SECTION TRANSITION,NARRATIVE / SECTION TRANSITION,2024 Drop/오픈 문구를 현행 와디즈 표기로 교체,YES — 신규 생성 없이 현행 날짜·카피·모바일 안전영역으로 리마스터.,원본: /Volumes/DESKTOP/XXX STUDIO/4) 영상 편집/4) DAY/NIGT_옷_DROP.png,CANDIDATE,REVIEWED,HOLD,"관찰: 기존 캠페인 그래픽의 제품·도시·표식 레이아웃 변형을 확인했다. HOLD 판정: Creative 가치는 있으나 권리·현행 정보·영상 장면 확인이 선행돼야 한다. 추천: DAY / SECTION TRANSITION / NARRATIVE / SECTION TRANSITION. 차별점: AST-0425, 파일명 'NIGT_옷_DROP.png'의 기존 Drop/오픈 표지에 해당한다.",2026-08-09,,UNKNOWN
AST-0426,01_INPUT(입력_원본)/03_SEOUL_DAY(서울_낮)/design/campaign_assets/OPEN) SITE(세로_시간).ai,OPEN) SITE(세로_시간).ai,ai,캠페인 그래픽,DAY,승인된 COPY PLAN에 따라 복사한 원본 사본. 심층 품질 평가는 아직 진행하지 않음.,N/A — Illustrator 벡터 원본: OS에서 아트보드 메타데이터를 확인할 수 없음,N/A — 정지 그래픽,HIGH,MEDIUM — KOREA TOUR : SEOUL,A,DAY / SECTION TRANSITION,NARRATIVE / SECTION TRANSITION,2024 Drop/오픈 문구를 현행 와디즈 표기로 교체,YES — 신규 생성 없이 현행 날짜·카피·모바일 안전영역으로 리마스터.,원본: /Volumes/DESKTOP/XXX STUDIO/4) 영상 편집/4) DAY/OPEN) SITE(세로_시간).ai,CANDIDATE,REVIEWED,HOLD,"관찰: 기존 캠페인 그래픽의 제품·도시·표식 레이아웃 변형을 확인했다. HOLD 판정: Creative 가치는 있으나 권리·현행 정보·영상 장면 확인이 선행돼야 한다. 추천: DAY / SECTION TRANSITION / NARRATIVE / SECTION TRANSITION. 차별점: AST-0426, 파일명 'OPEN) SITE(세로_시간).ai'의 기존 Drop/오픈 표지에 해당한다.",2026-08-09,,UNKNOWN
AST-0427,01_INPUT(입력_원본)/03_SEOUL_DAY(서울_낮)/design/campaign_assets/THE DAY OF SEOUL.ai,THE DAY OF SEOUL.ai,ai,캠페인 그래픽,DAY,승인된 COPY PLAN에 따라 복사한 원본 사본. 심층 품질 평가는 아직 진행하지 않음.,N/A — Illustrator 벡터 원본: OS에서 아트보드 메타데이터를 확인할 수 없음,N/A — 정지 그래픽,MEDIUM,LOW — KOREA TOUR : SEOUL,A,DAY / SEOUL INTRO,NARRATIVE / SUPPORT,중복/파생: 대표 후보 AST-0359와의 관계를 확인; 원본은 보존하고 직접 사용에서는 제외.,NO — 신규 편집 대신 대표 원본을 사용.,원본: /Volumes/DESKTOP/XXX STUDIO/4) 영상 편집/4) DAY/THE DAY OF SEOUL.ai,CANDIDATE,REVIEWED,EXCLUDE,"관찰: DAY의 +82 / DAY / 02 / SEOUL 표식과 대문자 타이포를 단색으로 구성한 그래픽이다. EXCLUDE 판정: 대표 원본과의 중복 또는 직접 사용 효용이 낮은 파생본이다. 추천: DAY / SEOUL INTRO / NARRATIVE / SUPPORT. 차별점: AST-0427, 파일명 'THE DAY OF SEOUL.ai'의 개별 파일의 구도·레이아웃 변형에 해당한다.",2026-08-09,,UNKNOWN
AST-0428,01_INPUT(입력_원본)/03_SEOUL_DAY(서울_낮)/design/campaign_assets/THE-DAY-OF-SEOUL.jpg,THE-DAY-OF-SEOUL.jpg,jpg,캠페인 그래픽,DAY,승인된 COPY PLAN에 따라 복사한 원본 사본. 심층 품질 평가는 아직 진행하지 않음.,14400 × 14400 px,N/A — 정지 이미지,HIGH,LOW — KOREA TOUR : SEOUL,A,DAY / SEOUL INTRO,NARRATIVE / SUPPORT,중복/파생: 대표 후보 AST-0360와의 관계를 확인; 원본은 보존하고 직접 사용에서는 제외.,NO — 신규 편집 대신 대표 원본을 사용.,원본: /Volumes/DESKTOP/XXX STUDIO/4) 영상 편집/4) DAY/THE-DAY-OF-SEOUL.jpg,CANDIDATE,REVIEWED,EXCLUDE,"관찰: 기존 캠페인 그래픽의 제품·도시·표식 레이아웃 변형을 확인했다. EXCLUDE 판정: 대표 원본과의 중복 또는 직접 사용 효용이 낮은 파생본이다. 추천: DAY / SEOUL INTRO / NARRATIVE / SUPPORT. 차별점: AST-0428, 파일명 'THE-DAY-OF-SEOUL.jpg'의 개별 파일의 구도·레이아웃 변형에 해당한다.",2026-08-09,,UNKNOWN
AST-0429,01_INPUT(입력_원본)/03_SEOUL_DAY(서울_낮)/reels/campaign_assets/3) DAY/THE FIRST DROP(DAY).mp4,THE FIRST DROP(DAY).mp4,mp4,캠페인 영상,DAY,승인된 COPY PLAN에 따라 복사한 원본 사본. 심층 품질 평가는 아직 진행하지 않음.,1920 × 1080 px,22.26s,MEDIUM,MEDIUM — KOREA TOUR : SEOUL,A,DAY / SECTION TRANSITION,NARRATIVE / SUPPORT,영상 장면·음원·출연자/장소 권리와 2024 표기 노출을 확인해야 함.,NO — AI 생성 대신 장면·권리 확인 후 필요한 구간만 편집.,원본: /Volumes/DESKTOP/XXX STUDIO/4) 영상 편집/4) DAY/3) DAY/THE FIRST DROP(DAY).mp4,CANDIDATE,REVIEWED,HOLD,"관찰: 영상 파일의 실제 프레임 크기와 재생 길이를 메타데이터로 확인했다. 이 환경에서는 장면·음원·초상/장소 권리의 최종 판독을 완료하지 않았다. HOLD 판정: Creative 가치는 있으나 권리·현행 정보·영상 장면 확인이 선행돼야 한다. 추천: DAY / SECTION TRANSITION / NARRATIVE / SUPPORT. 차별점: AST-0429, 파일명 'THE FIRST DROP(DAY).mp4'의 기존 Drop/오픈 표지에 해당한다.",2026-08-09,,UNKNOWN
AST-0430,01_INPUT(입력_원본)/03_SEOUL_DAY(서울_낮)/reels/campaign_assets/KakaoTalk_20240408_130647419.mp4,KakaoTalk_20240408_130647419.mp4,mp4,캠페인 영상,DAY,승인된 COPY PLAN에 따라 복사한 원본 사본. 심층 품질 평가는 아직 진행하지 않음.,588 × 1280 px,19.77s,MEDIUM,MEDIUM — KOREA TOUR : SEOUL,A,DAY / SECTION TRANSITION,NARRATIVE / SUPPORT,영상 장면·음원·출연자/장소 권리와 2024 표기 노출을 확인해야 함.,NO — AI 생성 대신 장면·권리 확인 후 필요한 구간만 편집.,원본: /Volumes/DESKTOP/XXX STUDIO/4) 영상 편집/4) DAY/KakaoTalk_20240408_130647419.mp4,CANDIDATE,REVIEWED,HOLD,"관찰: 영상 파일의 실제 프레임 크기와 재생 길이를 메타데이터로 확인했다. 이 환경에서는 장면·음원·초상/장소 권리의 최종 판독을 완료하지 않았다. HOLD 판정: Creative 가치는 있으나 권리·현행 정보·영상 장면 확인이 선행돼야 한다. 추천: DAY / SECTION TRANSITION / NARRATIVE / SUPPORT. 차별점: AST-0430, 파일명 'KakaoTalk_20240408_130647419.mp4'의 개별 파일의 구도·레이아웃 변형에 해당한다.",2026-08-09,,UNKNOWN
AST-0431,01_INPUT(입력_원본)/03_SEOUL_DAY(서울_낮)/reels/campaign_assets/시퀀스 01.mp4,시퀀스 01.mp4,mp4,캠페인 영상,DAY,승인된 COPY PLAN에 따라 복사한 원본 사본. 심층 품질 평가는 아직 진행하지 않음.,1920 × 1080 px,25.02s,MEDIUM,MEDIUM — KOREA TOUR : SEOUL,A,DAY / SECTION TRANSITION,NARRATIVE / SUPPORT,영상 장면·음원·출연자/장소 권리와 2024 표기 노출을 확인해야 함.,NO — AI 생성 대신 장면·권리 확인 후 필요한 구간만 편집.,원본: /Volumes/DESKTOP/XXX STUDIO/4) 영상 편집/4) DAY/시퀀스 01.mp4,CANDIDATE,REVIEWED,HOLD,"관찰: 영상 파일의 실제 프레임 크기와 재생 길이를 메타데이터로 확인했다. 이 환경에서는 장면·음원·초상/장소 권리의 최종 판독을 완료하지 않았다. HOLD 판정: Creative 가치는 있으나 권리·현행 정보·영상 장면 확인이 선행돼야 한다. 추천: DAY / SECTION TRANSITION / NARRATIVE / SUPPORT. 차별점: AST-0431, 파일명 '시퀀스 01.mp4'의 개별 파일의 구도·레이아웃 변형에 해당한다.",2026-08-09,,UNKNOWN
AST-0432,01_INPUT(입력_원본)/04_SEOUL_NIGHT(서울_밤)/design/campaign_assets/3(배경제거).png,3(배경제거).png,png,캠페인 그래픽,NIGHT,승인된 COPY PLAN에 따라 복사한 원본 사본. 심층 품질 평가는 아직 진행하지 않음.,5772 × 6048 px,N/A — 정지 이미지,HIGH,MEDIUM — KOREA TOUR : SEOUL,A,NIGHT / SEOUL INTRO,NARRATIVE / SUPPORT,현행 문구·QR·좌표 및 사용 목적 확인,NO — 신규 AI 보완 불필요. 크롭·색보정·현행 SKU/권리 확인만 수행.,원본: /Volumes/DESKTOP/XXX STUDIO/4) 영상 편집/5) NIGHT/3(배경제거).png,CANDIDATE,REVIEWED,C,"관찰: 기존 캠페인 그래픽의 제품·도시·표식 레이아웃 변형을 확인했다. C 판정: 기록·보조 활용 가치는 있으나 더 명확한 대표 후보가 있다. 추천: NIGHT / SEOUL INTRO / NARRATIVE / SUPPORT. 차별점: AST-0432, 파일명 '3(배경제거).png'의 개별 파일의 구도·레이아웃 변형에 해당한다.",2026-08-09,,UNKNOWN
AST-0433,01_INPUT(입력_원본)/04_SEOUL_NIGHT(서울_밤)/design/campaign_assets/4(배경-제거).png,4(배경-제거).png,png,캠페인 그래픽,NIGHT,승인된 COPY PLAN에 따라 복사한 원본 사본. 심층 품질 평가는 아직 진행하지 않음.,5772 × 6048 px,N/A — 정지 이미지,HIGH,MEDIUM — KOREA TOUR : SEOUL,A,NIGHT / SEOUL INTRO,NARRATIVE / SUPPORT,현행 문구·QR·좌표 및 사용 목적 확인,NO — 신규 AI 보완 불필요. 크롭·색보정·현행 SKU/권리 확인만 수행.,원본: /Volumes/DESKTOP/XXX STUDIO/4) 영상 편집/5) NIGHT/4(배경-제거).png,CANDIDATE,REVIEWED,C,"관찰: 기존 캠페인 그래픽의 제품·도시·표식 레이아웃 변형을 확인했다. C 판정: 기록·보조 활용 가치는 있으나 더 명확한 대표 후보가 있다. 추천: NIGHT / SEOUL INTRO / NARRATIVE / SUPPORT. 차별점: AST-0433, 파일명 '4(배경-제거).png'의 개별 파일의 구도·레이아웃 변형에 해당한다.",2026-08-09,,UNKNOWN
AST-0434,01_INPUT(입력_원본)/04_SEOUL_NIGHT(서울_밤)/design/campaign_assets/DROP) SEOUL(표지_흰색).ai,DROP) SEOUL(표지_흰색).ai,ai,캠페인 그래픽,NIGHT,승인된 COPY PLAN에 따라 복사한 원본 사본. 심층 품질 평가는 아직 진행하지 않음.,N/A — Illustrator 벡터 원본: OS에서 아트보드 메타데이터를 확인할 수 없음,N/A — 정지 그래픽,MEDIUM,LOW — KOREA TOUR : SEOUL,A,NIGHT / SECTION TRANSITION,NARRATIVE / SECTION TRANSITION,중복/파생: 대표 후보 AST-0436와의 관계를 확인; 원본은 보존하고 직접 사용에서는 제외.,NO — 신규 편집 대신 대표 원본을 사용.,원본: /Volumes/DESKTOP/XXX STUDIO/4) 영상 편집/5) NIGHT/DROP) SEOUL(표지_흰색).ai,CANDIDATE,REVIEWED,EXCLUDE,"관찰: NIGHT의 THE 1ST DROP 표지형 타이포와 검정/백색 대비를 확인했다. EXCLUDE 판정: 대표 원본과의 중복 또는 직접 사용 효용이 낮은 파생본이다. 추천: NIGHT / SECTION TRANSITION / NARRATIVE / SECTION TRANSITION. 차별점: AST-0434, 파일명 'DROP) SEOUL(표지_흰색).ai'의 기존 Drop/오픈 표지에 해당한다.",2026-08-09,,UNKNOWN
AST-0435,01_INPUT(입력_원본)/04_SEOUL_NIGHT(서울_밤)/design/campaign_assets/DROP) 세로_시간(검정).ai,DROP) 세로_시간(검정).ai,ai,캠페인 그래픽,NIGHT,승인된 COPY PLAN에 따라 복사한 원본 사본. 심층 품질 평가는 아직 진행하지 않음.,N/A — Illustrator 벡터 원본: OS에서 아트보드 메타데이터를 확인할 수 없음,N/A — 정지 그래픽,MEDIUM,LOW — KOREA TOUR : SEOUL,A,NIGHT / SECTION TRANSITION,NARRATIVE / SECTION TRANSITION,중복/파생: 대표 후보 AST-0438와의 관계를 확인; 원본은 보존하고 직접 사용에서는 제외.,NO — 신규 편집 대신 대표 원본을 사용.,원본: /Volumes/DESKTOP/XXX STUDIO/4) 영상 편집/5) NIGHT/DROP) 세로_시간(검정).ai,CANDIDATE,REVIEWED,EXCLUDE,"관찰: NIGHT의 THE 1ST DROP 표지형 타이포와 검정/백색 대비를 확인했다. EXCLUDE 판정: 대표 원본과의 중복 또는 직접 사용 효용이 낮은 파생본이다. 추천: NIGHT / SECTION TRANSITION / NARRATIVE / SECTION TRANSITION. 차별점: AST-0435, 파일명 'DROP) 세로_시간(검정).ai'의 기존 Drop/오픈 표지에 해당한다.",2026-08-09,,UNKNOWN
AST-0436,01_INPUT(입력_원본)/04_SEOUL_NIGHT(서울_밤)/design/campaign_assets/DROP)-SEOUL(표지_검정).png,DROP)-SEOUL(표지_검정).png,png,캠페인 그래픽,NIGHT,승인된 COPY PLAN에 따라 복사한 원본 사본. 심층 품질 평가는 아직 진행하지 않음.,1080 × 1920 px,N/A — 정지 이미지,MEDIUM,HIGH — KOREA TOUR : SEOUL,A,NIGHT / SECTION TRANSITION,NARRATIVE / SECTION TRANSITION,2024 Drop/오픈 문구를 현행 와디즈 표기로 교체,YES — 신규 생성 없이 현행 날짜·카피·모바일 안전영역으로 리마스터.,원본: /Volumes/DESKTOP/XXX STUDIO/4) 영상 편집/5) NIGHT/DROP)-SEOUL(표지_검정).png,CANDIDATE,REVIEWED,B,"관찰: NIGHT의 THE 1ST DROP 표지형 타이포와 검정/백색 대비를 확인했다. B 판정: 상세페이지의 제품 증거 또는 보조 서사에는 강하지만, 단독 최상단 Hero 우선순위는 A보다 낮다. 추천: NIGHT / SECTION TRANSITION / NARRATIVE / SECTION TRANSITION. 차별점: AST-0436, 파일명 'DROP)-SEOUL(표지_검정).png'의 기존 Drop/오픈 표지에 해당한다. PAIR: SECTION TRANSITION — DAY AST-0359/0360 ↔ NIGHT AST-0436.",2026-08-09,,UNKNOWN
AST-0437,01_INPUT(입력_원본)/04_SEOUL_NIGHT(서울_밤)/design/campaign_assets/DROP)-SEOUL(표지_흰색).png,DROP)-SEOUL(표지_흰색).png,png,캠페인 그래픽,NIGHT,승인된 COPY PLAN에 따라 복사한 원본 사본. 심층 품질 평가는 아직 진행하지 않음.,1080 × 1920 px,N/A — 정지 이미지,MEDIUM,HIGH — KOREA TOUR : SEOUL,A,NIGHT / SECTION TRANSITION,NARRATIVE / SECTION TRANSITION,2024 Drop/오픈 문구를 현행 와디즈 표기로 교체,YES — 신규 생성 없이 현행 날짜·카피·모바일 안전영역으로 리마스터.,원본: /Volumes/DESKTOP/XXX STUDIO/4) 영상 편집/5) NIGHT/DROP)-SEOUL(표지_흰색).png,CANDIDATE,REVIEWED,B,"관찰: NIGHT의 THE 1ST DROP 표지형 타이포와 검정/백색 대비를 확인했다. B 판정: 상세페이지의 제품 증거 또는 보조 서사에는 강하지만, 단독 최상단 Hero 우선순위는 A보다 낮다. 추천: NIGHT / SECTION TRANSITION / NARRATIVE / SECTION TRANSITION. 차별점: AST-0437, 파일명 'DROP)-SEOUL(표지_흰색).png'의 기존 Drop/오픈 표지에 해당한다. PAIR: SECTION TRANSITION — DAY AST-0359/0360 ↔ NIGHT AST-0437.",2026-08-09,,UNKNOWN
AST-0438,01_INPUT(입력_원본)/04_SEOUL_NIGHT(서울_밤)/design/campaign_assets/DROP)-세로_시간(검정).png,DROP)-세로_시간(검정).png,png,캠페인 그래픽,NIGHT,승인된 COPY PLAN에 따라 복사한 원본 사본. 심층 품질 평가는 아직 진행하지 않음.,1080 × 1920 px,N/A — 정지 이미지,MEDIUM,HIGH — KOREA TOUR : SEOUL,A,NIGHT / SECTION TRANSITION,NARRATIVE / SECTION TRANSITION,2024 Drop/오픈 문구를 현행 와디즈 표기로 교체,YES — 신규 생성 없이 현행 날짜·카피·모바일 안전영역으로 리마스터.,원본: /Volumes/DESKTOP/XXX STUDIO/4) 영상 편집/5) NIGHT/DROP)-세로_시간(검정).png,CANDIDATE,REVIEWED,B,"관찰: NIGHT의 THE 1ST DROP 표지형 타이포와 검정/백색 대비를 확인했다. B 판정: 상세페이지의 제품 증거 또는 보조 서사에는 강하지만, 단독 최상단 Hero 우선순위는 A보다 낮다. 추천: NIGHT / SECTION TRANSITION / NARRATIVE / SECTION TRANSITION. 차별점: AST-0438, 파일명 'DROP)-세로_시간(검정).png'의 기존 Drop/오픈 표지에 해당한다.",2026-08-09,,UNKNOWN
AST-0439,01_INPUT(입력_원본)/04_SEOUL_NIGHT(서울_밤)/design/campaign_assets/NIGHT_BACK(배경제거).png,NIGHT_BACK(배경제거).png,png,캠페인 그래픽,NIGHT,승인된 COPY PLAN에 따라 복사한 원본 사본. 심층 품질 평가는 아직 진행하지 않음.,2048 × 2048 px,N/A — 정지 이미지,HIGH,HIGH — KOREA TOUR : SEOUL,A,NIGHT / DESIGN STORY,DETAIL / PRODUCT PROOF,누끼 마스크 가장자리와 QR/좌표/문구 사실값 점검,YES — 신규 생성 없이 누끼 가장자리 정리와 현행 QR/정보 교체.,원본: /Volumes/DESKTOP/XXX STUDIO/4) 영상 편집/5) NIGHT/NIGHT_BACK(배경제거).png,CANDIDATE,REVIEWED,A,"관찰: 검정 제품의 등판 그래픽을 분리한 컷이다. 잠실·롯데월드타워 야경, 좌표/투어 정보, 창 구조가 실제 인쇄 요소로 판독된다. A 판정: 해당 자산군에서 가장 강한 제품·도시·표식 증거 중 하나다. 추천: NIGHT / DESIGN STORY / DETAIL / PRODUCT PROOF. 차별점: AST-0439, 파일명 'NIGHT_BACK(배경제거).png'의 개별 파일의 구도·레이아웃 변형에 해당한다. PAIR: DETAIL — DAY AST-0202/0203/0204 ↔ NIGHT AST-0439.",2026-08-09,,UNKNOWN
AST-0440,01_INPUT(입력_원본)/04_SEOUL_NIGHT(서울_밤)/design/campaign_assets/잠실(로고).ai,잠실(로고).ai,ai,캠페인 그래픽,NIGHT,승인된 COPY PLAN에 따라 복사한 원본 사본. 심층 품질 평가는 아직 진행하지 않음.,N/A — Illustrator 벡터 원본: OS에서 아트보드 메타데이터를 확인할 수 없음,N/A — 정지 그래픽,MEDIUM,LOW — KOREA TOUR : SEOUL,A,NIGHT / DESIGN STORY,BACKGROUND / NARRATIVE,중복/파생: 대표 후보 AST-0441와의 관계를 확인; 원본은 보존하고 직접 사용에서는 제외.,NO — 신규 편집 대신 대표 원본을 사용.,원본: /Volumes/DESKTOP/XXX STUDIO/4) 영상 편집/5) NIGHT/잠실(로고).ai,CANDIDATE,REVIEWED,EXCLUDE,"관찰: 잠실 야경·롯데월드타워와 로고/제품/배경 변형을 확인했다. EXCLUDE 판정: 대표 원본과의 중복 또는 직접 사용 효용이 낮은 파생본이다. 추천: NIGHT / DESIGN STORY / BACKGROUND / NARRATIVE. 차별점: AST-0440, 파일명 '잠실(로고).ai'의 잠실: 롯데월드타워·한강/표식 연결에 해당한다.",2026-08-09,,UNKNOWN
AST-0441,01_INPUT(입력_원본)/04_SEOUL_NIGHT(서울_밤)/design/campaign_assets/잠실(로고).png,잠실(로고).png,png,캠페인 그래픽,NIGHT,승인된 COPY PLAN에 따라 복사한 원본 사본. 심층 품질 평가는 아직 진행하지 않음.,1080 × 1920 px,N/A — 정지 이미지,MEDIUM,HIGH — KOREA TOUR : SEOUL,A,NIGHT / DESIGN STORY,BACKGROUND / NARRATIVE,잠실·롯데월드타워 장소/촬영 사용 조건 확인,NO — 신규 AI 보완 불필요. 크롭·색보정·현행 SKU/권리 확인만 수행.,원본: /Volumes/DESKTOP/XXX STUDIO/4) 영상 편집/5) NIGHT/잠실(로고).png,CANDIDATE,REVIEWED,B,"관찰: 잠실 야경·롯데월드타워와 로고/제품/배경 변형을 확인했다. B 판정: 상세페이지의 제품 증거 또는 보조 서사에는 강하지만, 단독 최상단 Hero 우선순위는 A보다 낮다. 추천: NIGHT / DESIGN STORY / BACKGROUND / NARRATIVE. 차별점: AST-0441, 파일명 '잠실(로고).png'의 잠실: 롯데월드타워·한강/표식 연결에 해당한다.",2026-08-09,,UNKNOWN
AST-0442,01_INPUT(입력_원본)/04_SEOUL_NIGHT(서울_밤)/design/campaign_assets/잠실(로고_소형).ai,잠실(로고_소형).ai,ai,캠페인 그래픽,NIGHT,승인된 COPY PLAN에 따라 복사한 원본 사본. 심층 품질 평가는 아직 진행하지 않음.,N/A — Illustrator 벡터 원본: OS에서 아트보드 메타데이터를 확인할 수 없음,N/A — 정지 그래픽,MEDIUM,LOW — KOREA TOUR : SEOUL,A,NIGHT / DESIGN STORY,BACKGROUND / NARRATIVE,중복/파생: 대표 후보 AST-0443와의 관계를 확인; 원본은 보존하고 직접 사용에서는 제외.,NO — 신규 편집 대신 대표 원본을 사용.,원본: /Volumes/DESKTOP/XXX STUDIO/4) 영상 편집/5) NIGHT/잠실(로고_소형).ai,CANDIDATE,REVIEWED,EXCLUDE,"관찰: 잠실 야경·롯데월드타워와 로고/제품/배경 변형을 확인했다. EXCLUDE 판정: 대표 원본과의 중복 또는 직접 사용 효용이 낮은 파생본이다. 추천: NIGHT / DESIGN STORY / BACKGROUND / NARRATIVE. 차별점: AST-0442, 파일명 '잠실(로고_소형).ai'의 잠실: 롯데월드타워·한강/표식 연결에 해당한다.",2026-08-09,,UNKNOWN
AST-0443,01_INPUT(입력_원본)/04_SEOUL_NIGHT(서울_밤)/design/campaign_assets/잠실(로고_소형).png,잠실(로고_소형).png,png,캠페인 그래픽,NIGHT,승인된 COPY PLAN에 따라 복사한 원본 사본. 심층 품질 평가는 아직 진행하지 않음.,1080 × 1920 px,N/A — 정지 이미지,MEDIUM,MEDIUM — KOREA TOUR : SEOUL,A,NIGHT / DESIGN STORY,BACKGROUND / NARRATIVE,잠실·롯데월드타워 장소/촬영 사용 조건 확인,NO — 신규 AI 보완 불필요. 크롭·색보정·현행 SKU/권리 확인만 수행.,원본: /Volumes/DESKTOP/XXX STUDIO/4) 영상 편집/5) NIGHT/잠실(로고_소형).png,CANDIDATE,REVIEWED,C,"관찰: 잠실 야경·롯데월드타워와 로고/제품/배경 변형을 확인했다. C 판정: 기록·보조 활용 가치는 있으나 더 명확한 대표 후보가 있다. 추천: NIGHT / DESIGN STORY / BACKGROUND / NARRATIVE. 차별점: AST-0443, 파일명 '잠실(로고_소형).png'의 잠실: 롯데월드타워·한강/표식 연결에 해당한다.",2026-08-09,,UNKNOWN
AST-0444,01_INPUT(입력_원본)/04_SEOUL_NIGHT(서울_밤)/design/campaign_assets/잠실(로고_수정).ai,잠실(로고_수정).ai,ai,캠페인 그래픽,NIGHT,승인된 COPY PLAN에 따라 복사한 원본 사본. 심층 품질 평가는 아직 진행하지 않음.,N/A — Illustrator 벡터 원본: OS에서 아트보드 메타데이터를 확인할 수 없음,N/A — 정지 그래픽,MEDIUM,LOW — KOREA TOUR : SEOUL,A,NIGHT / DESIGN STORY,BACKGROUND / NARRATIVE,중복/파생: 대표 후보 AST-0445와의 관계를 확인; 원본은 보존하고 직접 사용에서는 제외.,NO — 신규 편집 대신 대표 원본을 사용.,원본: /Volumes/DESKTOP/XXX STUDIO/4) 영상 편집/5) NIGHT/잠실(로고_수정).ai,CANDIDATE,REVIEWED,EXCLUDE,"관찰: 잠실 야경·롯데월드타워와 로고/제품/배경 변형을 확인했다. EXCLUDE 판정: 대표 원본과의 중복 또는 직접 사용 효용이 낮은 파생본이다. 추천: NIGHT / DESIGN STORY / BACKGROUND / NARRATIVE. 차별점: AST-0444, 파일명 '잠실(로고_수정).ai'의 잠실: 롯데월드타워·한강/표식 연결에 해당한다.",2026-08-09,,UNKNOWN
AST-0445,01_INPUT(입력_원본)/04_SEOUL_NIGHT(서울_밤)/design/campaign_assets/잠실(로고_수정).png,잠실(로고_수정).png,png,캠페인 그래픽,NIGHT,승인된 COPY PLAN에 따라 복사한 원본 사본. 심층 품질 평가는 아직 진행하지 않음.,1080 × 1920 px,N/A — 정지 이미지,MEDIUM,MEDIUM — KOREA TOUR : SEOUL,A,NIGHT / DESIGN STORY,BACKGROUND / NARRATIVE,잠실·롯데월드타워 장소/촬영 사용 조건 확인,NO — 신규 AI 보완 불필요. 크롭·색보정·현행 SKU/권리 확인만 수행.,원본: /Volumes/DESKTOP/XXX STUDIO/4) 영상 편집/5) NIGHT/잠실(로고_수정).png,CANDIDATE,REVIEWED,C,"관찰: 잠실 야경·롯데월드타워와 로고/제품/배경 변형을 확인했다. C 판정: 기록·보조 활용 가치는 있으나 더 명확한 대표 후보가 있다. 추천: NIGHT / DESIGN STORY / BACKGROUND / NARRATIVE. 차별점: AST-0445, 파일명 '잠실(로고_수정).png'의 잠실: 롯데월드타워·한강/표식 연결에 해당한다.",2026-08-09,,UNKNOWN
AST-0446,01_INPUT(입력_원본)/04_SEOUL_NIGHT(서울_밤)/design/campaign_assets/잠실(로고_풍경).ai,잠실(로고_풍경).ai,ai,캠페인 그래픽,NIGHT,승인된 COPY PLAN에 따라 복사한 원본 사본. 심층 품질 평가는 아직 진행하지 않음.,N/A — Illustrator 벡터 원본: OS에서 아트보드 메타데이터를 확인할 수 없음,N/A — 정지 그래픽,MEDIUM,LOW — KOREA TOUR : SEOUL,A,NIGHT / DESIGN STORY,BACKGROUND / NARRATIVE,중복/파생: 대표 후보 AST-0447와의 관계를 확인; 원본은 보존하고 직접 사용에서는 제외.,NO — 신규 편집 대신 대표 원본을 사용.,원본: /Volumes/DESKTOP/XXX STUDIO/4) 영상 편집/5) NIGHT/잠실(로고_풍경).ai,CANDIDATE,REVIEWED,EXCLUDE,"관찰: 잠실 야경·롯데월드타워와 로고/제품/배경 변형을 확인했다. EXCLUDE 판정: 대표 원본과의 중복 또는 직접 사용 효용이 낮은 파생본이다. 추천: NIGHT / DESIGN STORY / BACKGROUND / NARRATIVE. 차별점: AST-0446, 파일명 '잠실(로고_풍경).ai'의 잠실: 롯데월드타워·한강/표식 연결에 해당한다.",2026-08-09,,UNKNOWN
AST-0447,01_INPUT(입력_원본)/04_SEOUL_NIGHT(서울_밤)/design/campaign_assets/잠실(로고_풍경).png,잠실(로고_풍경).png,png,캠페인 그래픽,NIGHT,승인된 COPY PLAN에 따라 복사한 원본 사본. 심층 품질 평가는 아직 진행하지 않음.,1080 × 1920 px,N/A — 정지 이미지,MEDIUM,HIGH — KOREA TOUR : SEOUL,A,NIGHT / DESIGN STORY,BACKGROUND / NARRATIVE,잠실·롯데월드타워 장소/촬영 사용 조건 확인,NO — 신규 AI 보완 불필요. 크롭·색보정·현행 SKU/권리 확인만 수행.,원본: /Volumes/DESKTOP/XXX STUDIO/4) 영상 편집/5) NIGHT/잠실(로고_풍경).png,CANDIDATE,REVIEWED,B,"관찰: 잠실 야경·롯데월드타워와 로고/제품/배경 변형을 확인했다. B 판정: 상세페이지의 제품 증거 또는 보조 서사에는 강하지만, 단독 최상단 Hero 우선순위는 A보다 낮다. 추천: NIGHT / DESIGN STORY / BACKGROUND / NARRATIVE. 차별점: AST-0447, 파일명 '잠실(로고_풍경).png'의 잠실: 롯데월드타워·한강/표식 연결에 해당한다.",2026-08-09,,UNKNOWN
AST-0448,01_INPUT(입력_원본)/04_SEOUL_NIGHT(서울_밤)/design/campaign_assets/잠실(로고_풍경_블랙).ai,잠실(로고_풍경_블랙).ai,ai,캠페인 그래픽,NIGHT,승인된 COPY PLAN에 따라 복사한 원본 사본. 심층 품질 평가는 아직 진행하지 않음.,N/A — Illustrator 벡터 원본: OS에서 아트보드 메타데이터를 확인할 수 없음,N/A — 정지 그래픽,MEDIUM,LOW — KOREA TOUR : SEOUL,A,NIGHT / DESIGN STORY,BACKGROUND / NARRATIVE,중복/파생: 대표 후보 AST-0449와의 관계를 확인; 원본은 보존하고 직접 사용에서는 제외.,NO — 신규 편집 대신 대표 원본을 사용.,원본: /Volumes/DESKTOP/XXX STUDIO/4) 영상 편집/5) NIGHT/잠실(로고_풍경_블랙).ai,CANDIDATE,REVIEWED,EXCLUDE,"관찰: 잠실 야경·롯데월드타워와 로고/제품/배경 변형을 확인했다. EXCLUDE 판정: 대표 원본과의 중복 또는 직접 사용 효용이 낮은 파생본이다. 추천: NIGHT / DESIGN STORY / BACKGROUND / NARRATIVE. 차별점: AST-0448, 파일명 '잠실(로고_풍경_블랙).ai'의 잠실: 롯데월드타워·한강/표식 연결에 해당한다.",2026-08-09,,UNKNOWN
AST-0449,01_INPUT(입력_원본)/04_SEOUL_NIGHT(서울_밤)/design/campaign_assets/잠실(로고_풍경_블랙).png,잠실(로고_풍경_블랙).png,png,캠페인 그래픽,NIGHT,승인된 COPY PLAN에 따라 복사한 원본 사본. 심층 품질 평가는 아직 진행하지 않음.,1080 × 1920 px,N/A — 정지 이미지,MEDIUM,MEDIUM — KOREA TOUR : SEOUL,A,NIGHT / DESIGN STORY,BACKGROUND / NARRATIVE,잠실·롯데월드타워 장소/촬영 사용 조건 확인,NO — 신규 AI 보완 불필요. 크롭·색보정·현행 SKU/권리 확인만 수행.,원본: /Volumes/DESKTOP/XXX STUDIO/4) 영상 편집/5) NIGHT/잠실(로고_풍경_블랙).png,CANDIDATE,REVIEWED,C,"관찰: 잠실 야경·롯데월드타워와 로고/제품/배경 변형을 확인했다. C 판정: 기록·보조 활용 가치는 있으나 더 명확한 대표 후보가 있다. 추천: NIGHT / DESIGN STORY / BACKGROUND / NARRATIVE. 차별점: AST-0449, 파일명 '잠실(로고_풍경_블랙).png'의 잠실: 롯데월드타워·한강/표식 연결에 해당한다.",2026-08-09,,UNKNOWN
AST-0450,01_INPUT(입력_원본)/04_SEOUL_NIGHT(서울_밤)/design/campaign_assets/잠실(로고_풍경_화이트).ai,잠실(로고_풍경_화이트).ai,ai,캠페인 그래픽,NIGHT,승인된 COPY PLAN에 따라 복사한 원본 사본. 심층 품질 평가는 아직 진행하지 않음.,N/A — Illustrator 벡터 원본: OS에서 아트보드 메타데이터를 확인할 수 없음,N/A — 정지 그래픽,MEDIUM,LOW — KOREA TOUR : SEOUL,A,NIGHT / DESIGN STORY,BACKGROUND / NARRATIVE,중복/파생: 대표 후보 AST-0451와의 관계를 확인; 원본은 보존하고 직접 사용에서는 제외.,NO — 신규 편집 대신 대표 원본을 사용.,원본: /Volumes/DESKTOP/XXX STUDIO/4) 영상 편집/5) NIGHT/잠실(로고_풍경_화이트).ai,CANDIDATE,REVIEWED,EXCLUDE,"관찰: 잠실 야경·롯데월드타워와 로고/제품/배경 변형을 확인했다. EXCLUDE 판정: 대표 원본과의 중복 또는 직접 사용 효용이 낮은 파생본이다. 추천: NIGHT / DESIGN STORY / BACKGROUND / NARRATIVE. 차별점: AST-0450, 파일명 '잠실(로고_풍경_화이트).ai'의 잠실: 롯데월드타워·한강/표식 연결에 해당한다.",2026-08-09,,UNKNOWN
AST-0451,01_INPUT(입력_원본)/04_SEOUL_NIGHT(서울_밤)/design/campaign_assets/잠실(로고_풍경_화이트).png,잠실(로고_풍경_화이트).png,png,캠페인 그래픽,NIGHT,승인된 COPY PLAN에 따라 복사한 원본 사본. 심층 품질 평가는 아직 진행하지 않음.,1080 × 1920 px,N/A — 정지 이미지,MEDIUM,MEDIUM — KOREA TOUR : SEOUL,A,NIGHT / DESIGN STORY,BACKGROUND / NARRATIVE,잠실·롯데월드타워 장소/촬영 사용 조건 확인,NO — 신규 AI 보완 불필요. 크롭·색보정·현행 SKU/권리 확인만 수행.,원본: /Volumes/DESKTOP/XXX STUDIO/4) 영상 편집/5) NIGHT/잠실(로고_풍경_화이트).png,CANDIDATE,REVIEWED,C,"관찰: 잠실 야경·롯데월드타워와 로고/제품/배경 변형을 확인했다. C 판정: 기록·보조 활용 가치는 있으나 더 명확한 대표 후보가 있다. 추천: NIGHT / DESIGN STORY / BACKGROUND / NARRATIVE. 차별점: AST-0451, 파일명 '잠실(로고_풍경_화이트).png'의 잠실: 롯데월드타워·한강/표식 연결에 해당한다.",2026-08-09,,UNKNOWN
AST-0452,01_INPUT(입력_원본)/04_SEOUL_NIGHT(서울_밤)/design/campaign_assets/잠실(옷).png,잠실(옷).png,png,캠페인 그래픽,NIGHT,승인된 COPY PLAN에 따라 복사한 원본 사본. 심층 품질 평가는 아직 진행하지 않음.,1080 × 1920 px,N/A — 정지 이미지,MEDIUM,HIGH — KOREA TOUR : SEOUL,A,NIGHT / PRODUCT,HERO / PRODUCT PROOF,잠실·롯데월드타워 장소/촬영 사용 조건 확인; 누끼 마스크 가장자리와 QR/좌표/문구 사실값 점검,YES — 신규 생성 없이 누끼 가장자리 정리와 현행 QR/정보 교체.,원본: /Volumes/DESKTOP/XXX STUDIO/4) 영상 편집/5) NIGHT/잠실(옷).png,CANDIDATE,REVIEWED,A,"관찰: 검정 제품의 후면 누끼에서 등판의 잠실 야경 창, QR·좌표, 소매 표식까지 읽힌다. A 판정: 해당 자산군에서 가장 강한 제품·도시·표식 증거 중 하나다. 추천: NIGHT / PRODUCT / HERO / PRODUCT PROOF. 차별점: AST-0452, 파일명 '잠실(옷).png'의 잠실: 롯데월드타워·한강/표식 연결에 해당한다. PAIR: HERO / PRODUCT — DAY AST-0235 ↔ NIGHT AST-0452.",2026-08-09,,UNKNOWN
AST-0453,01_INPUT(입력_원본)/04_SEOUL_NIGHT(서울_밤)/design/campaign_assets/잠실(옷_DROP).ai,잠실(옷_DROP).ai,ai,캠페인 그래픽,NIGHT,승인된 COPY PLAN에 따라 복사한 원본 사본. 심층 품질 평가는 아직 진행하지 않음.,N/A — Illustrator 벡터 원본: OS에서 아트보드 메타데이터를 확인할 수 없음,N/A — 정지 그래픽,MEDIUM,LOW — KOREA TOUR : SEOUL,A,NIGHT / SECTION TRANSITION,NARRATIVE / SECTION TRANSITION,중복/파생: 대표 후보 AST-0454와의 관계를 확인; 원본은 보존하고 직접 사용에서는 제외.,NO — 신규 편집 대신 대표 원본을 사용.,원본: /Volumes/DESKTOP/XXX STUDIO/4) 영상 편집/5) NIGHT/잠실(옷_DROP).ai,CANDIDATE,REVIEWED,EXCLUDE,"관찰: 잠실 야경·롯데월드타워와 로고/제품/배경 변형을 확인했다. EXCLUDE 판정: 대표 원본과의 중복 또는 직접 사용 효용이 낮은 파생본이다. 추천: NIGHT / SECTION TRANSITION / NARRATIVE / SECTION TRANSITION. 차별점: AST-0453, 파일명 '잠실(옷_DROP).ai'의 잠실: 롯데월드타워·한강/표식 연결에 해당한다.",2026-08-09,,UNKNOWN
AST-0454,01_INPUT(입력_원본)/04_SEOUL_NIGHT(서울_밤)/design/campaign_assets/잠실(옷_DROP).png,잠실(옷_DROP).png,png,캠페인 그래픽,NIGHT,승인된 COPY PLAN에 따라 복사한 원본 사본. 심층 품질 평가는 아직 진행하지 않음.,1080 × 1920 px,N/A — 정지 이미지,MEDIUM,HIGH — KOREA TOUR : SEOUL,A,NIGHT / SECTION TRANSITION,NARRATIVE / SECTION TRANSITION,잠실·롯데월드타워 장소/촬영 사용 조건 확인; 2024 Drop/오픈 문구를 현행 와디즈 표기로 교체,YES — 신규 생성 없이 현행 날짜·카피·모바일 안전영역으로 리마스터.,원본: /Volumes/DESKTOP/XXX STUDIO/4) 영상 편집/5) NIGHT/잠실(옷_DROP).png,CANDIDATE,REVIEWED,B,"관찰: 잠실 야경·롯데월드타워와 로고/제품/배경 변형을 확인했다. B 판정: 상세페이지의 제품 증거 또는 보조 서사에는 강하지만, 단독 최상단 Hero 우선순위는 A보다 낮다. 추천: NIGHT / SECTION TRANSITION / NARRATIVE / SECTION TRANSITION. 차별점: AST-0454, 파일명 '잠실(옷_DROP).png'의 잠실: 롯데월드타워·한강/표식 연결에 해당한다.",2026-08-09,,UNKNOWN
AST-0455,01_INPUT(입력_원본)/04_SEOUL_NIGHT(서울_밤)/design/campaign_assets/잠실(옷_FRONT_블랙 배경).ai,잠실(옷_FRONT_블랙 배경).ai,ai,캠페인 그래픽,NIGHT,승인된 COPY PLAN에 따라 복사한 원본 사본. 심층 품질 평가는 아직 진행하지 않음.,N/A — Illustrator 벡터 원본: OS에서 아트보드 메타데이터를 확인할 수 없음,N/A — 정지 그래픽,MEDIUM,LOW — KOREA TOUR : SEOUL,A,NIGHT / DESIGN STORY,BACKGROUND / NARRATIVE,중복/파생: 대표 후보 AST-0456와의 관계를 확인; 원본은 보존하고 직접 사용에서는 제외.,NO — 신규 편집 대신 대표 원본을 사용.,원본: /Volumes/DESKTOP/XXX STUDIO/4) 영상 편집/5) NIGHT/잠실(옷_FRONT_블랙 배경).ai,CANDIDATE,REVIEWED,EXCLUDE,"관찰: 잠실 야경·롯데월드타워와 로고/제품/배경 변형을 확인했다. EXCLUDE 판정: 대표 원본과의 중복 또는 직접 사용 효용이 낮은 파생본이다. 추천: NIGHT / DESIGN STORY / BACKGROUND / NARRATIVE. 차별점: AST-0455, 파일명 '잠실(옷_FRONT_블랙 배경).ai'의 잠실: 롯데월드타워·한강/표식 연결에 해당한다.",2026-08-09,,UNKNOWN
AST-0456,01_INPUT(입력_원본)/04_SEOUL_NIGHT(서울_밤)/design/campaign_assets/잠실(옷_FRONT_블랙-배경).png,잠실(옷_FRONT_블랙-배경).png,png,캠페인 그래픽,NIGHT,승인된 COPY PLAN에 따라 복사한 원본 사본. 심층 품질 평가는 아직 진행하지 않음.,1080 × 1920 px,N/A — 정지 이미지,MEDIUM,HIGH — KOREA TOUR : SEOUL,A,NIGHT / DESIGN STORY,BACKGROUND / NARRATIVE,잠실·롯데월드타워 장소/촬영 사용 조건 확인; 누끼 마스크 가장자리와 QR/좌표/문구 사실값 점검,YES — 신규 생성 없이 누끼 가장자리 정리와 현행 QR/정보 교체.,원본: /Volumes/DESKTOP/XXX STUDIO/4) 영상 편집/5) NIGHT/잠실(옷_FRONT_블랙-배경).png,CANDIDATE,REVIEWED,B,"관찰: 잠실 야경·롯데월드타워와 로고/제품/배경 변형을 확인했다. B 판정: 상세페이지의 제품 증거 또는 보조 서사에는 강하지만, 단독 최상단 Hero 우선순위는 A보다 낮다. 추천: NIGHT / DESIGN STORY / BACKGROUND / NARRATIVE. 차별점: AST-0456, 파일명 '잠실(옷_FRONT_블랙-배경).png'의 잠실: 롯데월드타워·한강/표식 연결에 해당한다.",2026-08-09,,UNKNOWN
AST-0457,01_INPUT(입력_원본)/04_SEOUL_NIGHT(서울_밤)/design/campaign_assets/잠실(옷_블랙 배경).ai,잠실(옷_블랙 배경).ai,ai,캠페인 그래픽,NIGHT,승인된 COPY PLAN에 따라 복사한 원본 사본. 심층 품질 평가는 아직 진행하지 않음.,N/A — Illustrator 벡터 원본: OS에서 아트보드 메타데이터를 확인할 수 없음,N/A — 정지 그래픽,MEDIUM,LOW — KOREA TOUR : SEOUL,A,NIGHT / DESIGN STORY,BACKGROUND / NARRATIVE,중복/파생: 대표 후보 AST-0458와의 관계를 확인; 원본은 보존하고 직접 사용에서는 제외.,NO — 신규 편집 대신 대표 원본을 사용.,원본: /Volumes/DESKTOP/XXX STUDIO/4) 영상 편집/5) NIGHT/잠실(옷_블랙 배경).ai,CANDIDATE,REVIEWED,EXCLUDE,"관찰: 잠실 야경·롯데월드타워와 로고/제품/배경 변형을 확인했다. EXCLUDE 판정: 대표 원본과의 중복 또는 직접 사용 효용이 낮은 파생본이다. 추천: NIGHT / DESIGN STORY / BACKGROUND / NARRATIVE. 차별점: AST-0457, 파일명 '잠실(옷_블랙 배경).ai'의 잠실: 롯데월드타워·한강/표식 연결에 해당한다.",2026-08-09,,UNKNOWN
AST-0458,01_INPUT(입력_원본)/04_SEOUL_NIGHT(서울_밤)/design/campaign_assets/잠실(옷_블랙-배경).png,잠실(옷_블랙-배경).png,png,캠페인 그래픽,NIGHT,승인된 COPY PLAN에 따라 복사한 원본 사본. 심층 품질 평가는 아직 진행하지 않음.,1080 × 1920 px,N/A — 정지 이미지,MEDIUM,HIGH — KOREA TOUR : SEOUL,A,NIGHT / DESIGN STORY,BACKGROUND / NARRATIVE,잠실·롯데월드타워 장소/촬영 사용 조건 확인; 누끼 마스크 가장자리와 QR/좌표/문구 사실값 점검,YES — 신규 생성 없이 누끼 가장자리 정리와 현행 QR/정보 교체.,원본: /Volumes/DESKTOP/XXX STUDIO/4) 영상 편집/5) NIGHT/잠실(옷_블랙-배경).png,CANDIDATE,REVIEWED,B,"관찰: 잠실 야경·롯데월드타워와 로고/제품/배경 변형을 확인했다. B 판정: 상세페이지의 제품 증거 또는 보조 서사에는 강하지만, 단독 최상단 Hero 우선순위는 A보다 낮다. 추천: NIGHT / DESIGN STORY / BACKGROUND / NARRATIVE. 차별점: AST-0458, 파일명 '잠실(옷_블랙-배경).png'의 잠실: 롯데월드타워·한강/표식 연결에 해당한다.",2026-08-09,,UNKNOWN
AST-0459,01_INPUT(입력_원본)/04_SEOUL_NIGHT(서울_밤)/design/campaign_assets/잠실(풍경).ai,잠실(풍경).ai,ai,캠페인 그래픽,NIGHT,승인된 COPY PLAN에 따라 복사한 원본 사본. 심층 품질 평가는 아직 진행하지 않음.,N/A — Illustrator 벡터 원본: OS에서 아트보드 메타데이터를 확인할 수 없음,N/A — 정지 그래픽,MEDIUM,LOW — KOREA TOUR : SEOUL,A,NIGHT / DESIGN STORY,BACKGROUND / NARRATIVE,중복/파생: 대표 후보 AST-0460와의 관계를 확인; 원본은 보존하고 직접 사용에서는 제외.,NO — 신규 편집 대신 대표 원본을 사용.,원본: /Volumes/DESKTOP/XXX STUDIO/4) 영상 편집/5) NIGHT/잠실(풍경).ai,CANDIDATE,REVIEWED,EXCLUDE,"관찰: 잠실 야경·롯데월드타워와 로고/제품/배경 변형을 확인했다. EXCLUDE 판정: 대표 원본과의 중복 또는 직접 사용 효용이 낮은 파생본이다. 추천: NIGHT / DESIGN STORY / BACKGROUND / NARRATIVE. 차별점: AST-0459, 파일명 '잠실(풍경).ai'의 잠실: 롯데월드타워·한강/표식 연결에 해당한다.",2026-08-09,,UNKNOWN
AST-0460,01_INPUT(입력_원본)/04_SEOUL_NIGHT(서울_밤)/design/campaign_assets/잠실(풍경).png,잠실(풍경).png,png,캠페인 그래픽,NIGHT,승인된 COPY PLAN에 따라 복사한 원본 사본. 심층 품질 평가는 아직 진행하지 않음.,1080 × 1920 px,N/A — 정지 이미지,MEDIUM,HIGH — KOREA TOUR : SEOUL,A,NIGHT / BACKGROUND,HERO / NARRATIVE,잠실·롯데월드타워 장소/촬영 사용 조건 확인,NO — 신규 AI 보완 불필요. 크롭·색보정·현행 SKU/권리 확인만 수행.,원본: /Volumes/DESKTOP/XXX STUDIO/4) 영상 편집/5) NIGHT/잠실(풍경).png,CANDIDATE,REVIEWED,A,"관찰: 세로 잠실 야경에서 롯데월드타워·한강·교량이 중심축과 수평 레이어로 함께 보이며, NIGHT 등판 인쇄의 장소 이미지와 일치한다. A 판정: 해당 자산군에서 가장 강한 제품·도시·표식 증거 중 하나다. 추천: NIGHT / BACKGROUND / HERO / NARRATIVE. 차별점: AST-0460, 파일명 '잠실(풍경).png'의 잠실: 롯데월드타워·한강/표식 연결에 해당한다. PAIR: CITY SCENE — DAY AST-0357 ↔ NIGHT AST-0460.",2026-08-09,,UNKNOWN
AST-0461,01_INPUT(입력_원본)/04_SEOUL_NIGHT(서울_밤)/design/campaign_assets/잠실(풍경_하단수정).png,잠실(풍경_하단수정).png,png,캠페인 그래픽,NIGHT,승인된 COPY PLAN에 따라 복사한 원본 사본. 심층 품질 평가는 아직 진행하지 않음.,1080 × 1920 px,N/A — 정지 이미지,MEDIUM,HIGH — KOREA TOUR : SEOUL,A,NIGHT / DESIGN STORY,BACKGROUND / NARRATIVE,잠실·롯데월드타워 장소/촬영 사용 조건 확인,NO — 신규 AI 보완 불필요. 크롭·색보정·현행 SKU/권리 확인만 수행.,원본: /Volumes/DESKTOP/XXX STUDIO/4) 영상 편집/5) NIGHT/잠실(풍경_하단수정).png,CANDIDATE,REVIEWED,B,"관찰: 잠실 야경·롯데월드타워와 로고/제품/배경 변형을 확인했다. B 판정: 상세페이지의 제품 증거 또는 보조 서사에는 강하지만, 단독 최상단 Hero 우선순위는 A보다 낮다. 추천: NIGHT / DESIGN STORY / BACKGROUND / NARRATIVE. 차별점: AST-0461, 파일명 '잠실(풍경_하단수정).png'의 잠실: 롯데월드타워·한강/표식 연결에 해당한다.",2026-08-09,,UNKNOWN
AST-0462,01_INPUT(입력_원본)/04_SEOUL_NIGHT(서울_밤)/reels/campaign_assets/THE DAY OF NIGHT(블랙).mp4,THE DAY OF NIGHT(블랙).mp4,mp4,캠페인 영상,NIGHT,승인된 COPY PLAN에 따라 복사한 원본 사본. 심층 품질 평가는 아직 진행하지 않음.,1920 × 1080 px,22.26s,MEDIUM,MEDIUM — KOREA TOUR : SEOUL,A,NIGHT / SECTION TRANSITION,NARRATIVE / SUPPORT,영상 장면·음원·출연자/장소 권리와 2024 표기 노출을 확인해야 함.,NO — AI 생성 대신 장면·권리 확인 후 필요한 구간만 편집.,원본: /Volumes/DESKTOP/XXX STUDIO/4) 영상 편집/5) NIGHT/THE DAY OF NIGHT(블랙).mp4,CANDIDATE,REVIEWED,HOLD,"관찰: 영상 파일의 실제 프레임 크기와 재생 길이를 메타데이터로 확인했다. 이 환경에서는 장면·음원·초상/장소 권리의 최종 판독을 완료하지 않았다. HOLD 판정: Creative 가치는 있으나 권리·현행 정보·영상 장면 확인이 선행돼야 한다. 추천: NIGHT / SECTION TRANSITION / NARRATIVE / SUPPORT. 차별점: AST-0462, 파일명 'THE DAY OF NIGHT(블랙).mp4'의 개별 파일의 구도·레이아웃 변형에 해당한다.",2026-08-09,,UNKNOWN
AST-0463,01_INPUT(입력_원본)/04_SEOUL_NIGHT(서울_밤)/reels/campaign_assets/THE DAY OF NIGHT.mp4,THE DAY OF NIGHT.mp4,mp4,캠페인 영상,NIGHT,승인된 COPY PLAN에 따라 복사한 원본 사본. 심층 품질 평가는 아직 진행하지 않음.,1920 × 1080 px,22.26s,MEDIUM,MEDIUM — KOREA TOUR : SEOUL,A,NIGHT / SECTION TRANSITION,NARRATIVE / SUPPORT,영상 장면·음원·출연자/장소 권리와 2024 표기 노출을 확인해야 함.,NO — AI 생성 대신 장면·권리 확인 후 필요한 구간만 편집.,원본: /Volumes/DESKTOP/XXX STUDIO/4) 영상 편집/5) NIGHT/THE DAY OF NIGHT.mp4,CANDIDATE,REVIEWED,HOLD,"관찰: 영상 파일의 실제 프레임 크기와 재생 길이를 메타데이터로 확인했다. 이 환경에서는 장면·음원·초상/장소 권리의 최종 판독을 완료하지 않았다. HOLD 판정: Creative 가치는 있으나 권리·현행 정보·영상 장면 확인이 선행돼야 한다. 추천: NIGHT / SECTION TRANSITION / NARRATIVE / SUPPORT. 차별점: AST-0463, 파일명 'THE DAY OF NIGHT.mp4'의 개별 파일의 구도·레이아웃 변형에 해당한다.",2026-08-09,,UNKNOWN
AST-0464,01_INPUT(입력_원본)/10_LEGACY_WADIZ(기존_와디즈_자료)/1) 상세페이지/PRODUCT)-SOEUL.gif,PRODUCT)-SOEUL.gif,gif,기존 와디즈 자료,WADIZ,승인된 COPY PLAN에 따라 복사한 원본 사본. 심층 품질 평가는 아직 진행하지 않음.,906 × 1000 px,GIF,MEDIUM,MEDIUM — 제품군 개요,A,WADIZ / PRODUCT REFERENCE,PRODUCT OVERVIEW,[COMMERCIAL CLEARANCE: UNKNOWN] 자체 제작 가능성은 있으나 사진·그래픽 요소·현행 SKU·원본 권리의 연결을 확인해야 한다.,NO — 실제 인물·제품·서울 장면·제품 성능을 AI로 생성·변경하지 않음.,원본: /Volumes/DESKTOP/XXX STUDIO/6) 홍보/6) 와디즈/1) 상세페이지/PRODUCT)-SOEUL.gif,CANDIDATE,REVIEWED,C,실제 확인: DAY/NIGHT 의류와 모자 제품을 흰 배경에 병렬 배치한 과거 GIF다. 제품군을 빠르게 훑게 하지만 실물·핏·현행 SKU 증거가 약하다. [활용 방향: REMASTER] 2024 표기·좌표·QR·문구·모바일 크롭과 원본 권리를 확인한 뒤에만 재편집 검토.,2026-08-10,UNKNOWN,UNKNOWN
AST-0465,01_INPUT(입력_원본)/10_LEGACY_WADIZ(기존_와디즈_자료)/1) 상세페이지/PRODUCT)-THE-DAY-OF-SOEUL.ai,PRODUCT)-THE-DAY-OF-SOEUL.ai,ai,기존 와디즈 자료,WADIZ,승인된 COPY PLAN에 따라 복사한 원본 사본. 심층 품질 평가는 아직 진행하지 않음.,905 × 1000 px 미리보기,N/A — 벡터 그래픽,MEDIUM-HIGH,HIGH — DAY/NIGHT 제품 시스템,A,WADIZ / PRODUCT,PRODUCT OVERVIEW / SUPPORT,[COMMERCIAL CLEARANCE: UNKNOWN] 자체 제작 가능성은 있으나 사진·그래픽 요소·현행 SKU·원본 권리의 연결을 확인해야 한다.,NO — 실제 인물·제품·서울 장면·제품 성능을 AI로 생성·변경하지 않음.,원본: /Volumes/DESKTOP/XXX STUDIO/6) 홍보/6) 와디즈/1) 상세페이지/PRODUCT)-THE-DAY-OF-SOEUL.ai,CANDIDATE,REVIEWED,B,실제 확인: 흰 배경에서 DAY/NIGHT 상의·모자를 한 화면에 비교하는 제품 개요 마스터다. 구도는 유효하나 실제 판매 SKU와 제품 이미지를 다시 검증해야 한다. [활용 방향: REMASTER] 2024 표기·좌표·QR·문구·모바일 크롭과 원본 권리를 확인한 뒤에만 재편집 검토.,2026-08-10,UNKNOWN,UNKNOWN
AST-0466,01_INPUT(입력_원본)/10_LEGACY_WADIZ(기존_와디즈_자료)/1) 상세페이지/PRODUCT)-THE-DAY-OF-SOEUL.gif,PRODUCT)-THE-DAY-OF-SOEUL.gif,gif,기존 와디즈 자료,WADIZ,승인된 COPY PLAN에 따라 복사한 원본 사본. 심층 품질 평가는 아직 진행하지 않음.,773 × 1000 px,GIF,LOW,LOW — AST-0465 출력 파생,A,EXCLUDE / ARCHIVE,DERIVATIVE EXPORT,[COMMERCIAL CLEARANCE: UNKNOWN] 자체 제작 가능성은 있으나 사진·그래픽 요소·현행 SKU·원본 권리의 연결을 확인해야 한다.,NO — 실제 인물·제품·서울 장면·제품 성능을 AI로 생성·변경하지 않음.,원본: /Volumes/DESKTOP/XXX STUDIO/6) 홍보/6) 와디즈/1) 상세페이지/PRODUCT)-THE-DAY-OF-SOEUL.gif,CANDIDATE,REVIEWED,EXCLUDE,실제 확인: AST-0465 제품 개요의 GIF 출력 파생본이다. 움직임이 제품 증거를 늘리지 않아 대표 벡터 마스터만 보존한다. [활용 방향: DROP] 2026 Campaign 본문에는 사용하지 않고 원본 기록만 보존.,2026-08-10,UNKNOWN,UNKNOWN
AST-0467,01_INPUT(입력_원본)/10_LEGACY_WADIZ(기존_와디즈_자료)/1) 상세페이지/TITLE) PRODUCT(WHITE).ai,TITLE) PRODUCT(WHITE).ai,ai,기존 와디즈 자료,WADIZ,승인된 COPY PLAN에 따라 복사한 원본 사본. 심층 품질 평가는 아직 진행하지 않음.,1000 × 249 px 미리보기,N/A — 벡터 타이틀,MEDIUM-HIGH,HIGH — KOREA TOUR 표식 체계,A,WADIZ / WEBSITE / ORGANIC — SECTION LABEL,SECTION LABEL / EDITORIAL SUPPORT,[COMMERCIAL CLEARANCE: UNKNOWN] 자체 제작 가능성은 있으나 사진·그래픽 요소·현행 SKU·원본 권리의 연결을 확인해야 한다.,NO — 실제 인물·제품·서울 장면·제품 성능을 AI로 생성·변경하지 않음.,원본: /Volumes/DESKTOP/XXX STUDIO/6) 홍보/6) 와디즈/1) 상세페이지/TITLE) PRODUCT(WHITE).ai,CANDIDATE,REVIEWED,B,실제 확인: 밝은 PRODUCT 문구와 KOREA TOUR 표식을 넓은 가로 타이틀로 정리한 편집 마스터다. 밝은 화면 전환의 위계는 유효하나 과거 출력 비율·문구를 2026 모바일 기준으로 재조판해야 한다. [활용 방향: REMASTER] 2024 표기·좌표·QR·문구·모바일 크롭과 원본 권리를 확인한 뒤에만 재편집 검토.,2026-08-10,UNKNOWN,UNKNOWN
AST-0468,01_INPUT(입력_원본)/10_LEGACY_WADIZ(기존_와디즈_자료)/1) 상세페이지/TITLE) PRODUCT.ai,TITLE) PRODUCT.ai,ai,기존 와디즈 자료,WADIZ,승인된 COPY PLAN에 따라 복사한 원본 사본. 심층 품질 평가는 아직 진행하지 않음.,1000 × 249 px 미리보기,N/A — 벡터 타이틀,MEDIUM-HIGH,HIGH — KOREA TOUR 표식 체계,A,WADIZ / WEBSITE / ORGANIC — SECTION LABEL,SECTION LABEL / EDITORIAL SUPPORT,[COMMERCIAL CLEARANCE: UNKNOWN] 자체 제작 가능성은 있으나 사진·그래픽 요소·현행 SKU·원본 권리의 연결을 확인해야 한다.,NO — 실제 인물·제품·서울 장면·제품 성능을 AI로 생성·변경하지 않음.,원본: /Volumes/DESKTOP/XXX STUDIO/6) 홍보/6) 와디즈/1) 상세페이지/TITLE) PRODUCT.ai,CANDIDATE,REVIEWED,B,실제 확인: 어두운 PRODUCT 문구와 KOREA TOUR 표식을 넓은 가로 타이틀로 정리한 편집 마스터다. 검정 화면 전환의 위계는 유효하나 과거 출력 비율·문구를 2026 모바일 기준으로 재조판해야 한다. [활용 방향: REMASTER] 2024 표기·좌표·QR·문구·모바일 크롭과 원본 권리를 확인한 뒤에만 재편집 검토.,2026-08-10,UNKNOWN,UNKNOWN
AST-0469,01_INPUT(입력_원본)/10_LEGACY_WADIZ(기존_와디즈_자료)/1) 상세페이지/TITLE) THE DAY OF SEOUL.ai,TITLE) THE DAY OF SEOUL.ai,ai,기존 와디즈 자료,WADIZ,승인된 COPY PLAN에 따라 복사한 원본 사본. 심층 품질 평가는 아직 진행하지 않음.,1000 × 249 px 미리보기,N/A — 벡터 타이틀,MEDIUM-HIGH,HIGH — KOREA TOUR 표식 체계,A,WADIZ / WEBSITE / ORGANIC — SECTION LABEL,SECTION LABEL / EDITORIAL SUPPORT,[COMMERCIAL CLEARANCE: UNKNOWN] 자체 제작 가능성은 있으나 사진·그래픽 요소·현행 SKU·원본 권리의 연결을 확인해야 한다.,NO — 실제 인물·제품·서울 장면·제품 성능을 AI로 생성·변경하지 않음.,원본: /Volumes/DESKTOP/XXX STUDIO/6) 홍보/6) 와디즈/1) 상세페이지/TITLE) THE DAY OF SEOUL.ai,CANDIDATE,REVIEWED,B,실제 확인: THE DAY OF SEOUL 문구와 KOREA TOUR 표식을 넓은 가로 타이틀로 정리한 편집 마스터다. DAY 전환의 위계는 유효하나 과거 출력 비율·문구를 2026 모바일 기준으로 재조판해야 한다. [활용 방향: REMASTER] 2024 표기·좌표·QR·문구·모바일 크롭과 원본 권리를 확인한 뒤에만 재편집 검토.,2026-08-10,UNKNOWN,UNKNOWN
AST-0470,01_INPUT(입력_원본)/10_LEGACY_WADIZ(기존_와디즈_자료)/1) 상세페이지/TITLE) THE NIGHT OF SEOUL.ai,TITLE) THE NIGHT OF SEOUL.ai,ai,기존 와디즈 자료,WADIZ,승인된 COPY PLAN에 따라 복사한 원본 사본. 심층 품질 평가는 아직 진행하지 않음.,1000 × 249 px 미리보기,N/A — 벡터 타이틀,MEDIUM-HIGH,HIGH — KOREA TOUR 표식 체계,A,WADIZ / WEBSITE / ORGANIC — SECTION LABEL,SECTION LABEL / EDITORIAL SUPPORT,[COMMERCIAL CLEARANCE: UNKNOWN] 자체 제작 가능성은 있으나 사진·그래픽 요소·현행 SKU·원본 권리의 연결을 확인해야 한다.,NO — 실제 인물·제품·서울 장면·제품 성능을 AI로 생성·변경하지 않음.,원본: /Volumes/DESKTOP/XXX STUDIO/6) 홍보/6) 와디즈/1) 상세페이지/TITLE) THE NIGHT OF SEOUL.ai,CANDIDATE,REVIEWED,B,실제 확인: THE NIGHT OF SEOUL 문구와 KOREA TOUR 표식을 넓은 가로 타이틀로 정리한 편집 마스터다. NIGHT 전환의 위계는 유효하나 과거 출력 비율·문구를 2026 모바일 기준으로 재조판해야 한다. [활용 방향: REMASTER] 2024 표기·좌표·QR·문구·모바일 크롭과 원본 권리를 확인한 뒤에만 재편집 검토.,2026-08-10,UNKNOWN,UNKNOWN
AST-0471,01_INPUT(입력_원본)/10_LEGACY_WADIZ(기존_와디즈_자료)/1) 상세페이지/TITLE)-PRODUCT(WHITE).gif,TITLE)-PRODUCT(WHITE).gif,gif,기존 와디즈 자료,WADIZ,승인된 COPY PLAN에 따라 복사한 원본 사본. 심층 품질 평가는 아직 진행하지 않음.,1000 × 250 px,GIF,LOW,LOW — 벡터 타이틀 출력 파생,A,EXCLUDE / ARCHIVE,DERIVATIVE EXPORT,[COMMERCIAL CLEARANCE: UNKNOWN] 자체 제작 가능성은 있으나 사진·그래픽 요소·현행 SKU·원본 권리의 연결을 확인해야 한다.,NO — 실제 인물·제품·서울 장면·제품 성능을 AI로 생성·변경하지 않음.,원본: /Volumes/DESKTOP/XXX STUDIO/6) 홍보/6) 와디즈/1) 상세페이지/TITLE)-PRODUCT(WHITE).gif,CANDIDATE,REVIEWED,EXCLUDE,실제 확인: AST-0467의 GIF 출력 파생본이다. 단순 타이틀 움직임이 정보·Story를 보강하지 않아 2026 사용 후보에서 제외한다. [활용 방향: DROP] 2026 Campaign 본문에는 사용하지 않고 원본 기록만 보존.,2026-08-10,UNKNOWN,UNKNOWN
AST-0472,01_INPUT(입력_원본)/10_LEGACY_WADIZ(기존_와디즈_자료)/1) 상세페이지/TITLE)-PRODUCT.gif,TITLE)-PRODUCT.gif,gif,기존 와디즈 자료,WADIZ,승인된 COPY PLAN에 따라 복사한 원본 사본. 심층 품질 평가는 아직 진행하지 않음.,1000 × 250 px,GIF,LOW,LOW — 벡터 타이틀 출력 파생,A,EXCLUDE / ARCHIVE,DERIVATIVE EXPORT,[COMMERCIAL CLEARANCE: UNKNOWN] 자체 제작 가능성은 있으나 사진·그래픽 요소·현행 SKU·원본 권리의 연결을 확인해야 한다.,NO — 실제 인물·제품·서울 장면·제품 성능을 AI로 생성·변경하지 않음.,원본: /Volumes/DESKTOP/XXX STUDIO/6) 홍보/6) 와디즈/1) 상세페이지/TITLE)-PRODUCT.gif,CANDIDATE,REVIEWED,EXCLUDE,실제 확인: AST-0468의 GIF 출력 파생본이다. 단순 타이틀 움직임이 정보·Story를 보강하지 않아 2026 사용 후보에서 제외한다. [활용 방향: DROP] 2026 Campaign 본문에는 사용하지 않고 원본 기록만 보존.,2026-08-10,UNKNOWN,UNKNOWN
AST-0473,01_INPUT(입력_원본)/10_LEGACY_WADIZ(기존_와디즈_자료)/1) 상세페이지/TITLE)-THE-DAY-OF-SEOUL.gif,TITLE)-THE-DAY-OF-SEOUL.gif,gif,기존 와디즈 자료,WADIZ,승인된 COPY PLAN에 따라 복사한 원본 사본. 심층 품질 평가는 아직 진행하지 않음.,1000 × 250 px,GIF,LOW,LOW — 벡터 타이틀 출력 파생,A,EXCLUDE / ARCHIVE,DERIVATIVE EXPORT,[COMMERCIAL CLEARANCE: UNKNOWN] 자체 제작 가능성은 있으나 사진·그래픽 요소·현행 SKU·원본 권리의 연결을 확인해야 한다.,NO — 실제 인물·제품·서울 장면·제품 성능을 AI로 생성·변경하지 않음.,원본: /Volumes/DESKTOP/XXX STUDIO/6) 홍보/6) 와디즈/1) 상세페이지/TITLE)-THE-DAY-OF-SEOUL.gif,CANDIDATE,REVIEWED,EXCLUDE,실제 확인: AST-0469의 GIF 출력 파생본이다. 단순 타이틀 움직임이 정보·Story를 보강하지 않아 2026 사용 후보에서 제외한다. [활용 방향: DROP] 2026 Campaign 본문에는 사용하지 않고 원본 기록만 보존.,2026-08-10,UNKNOWN,UNKNOWN
AST-0474,01_INPUT(입력_원본)/10_LEGACY_WADIZ(기존_와디즈_자료)/1) 상세페이지/TITLE)-THE-NIGHT-OF-SEOUL.gif,TITLE)-THE-NIGHT-OF-SEOUL.gif,gif,기존 와디즈 자료,WADIZ,승인된 COPY PLAN에 따라 복사한 원본 사본. 심층 품질 평가는 아직 진행하지 않음.,1000 × 250 px,GIF,LOW,LOW — 벡터 타이틀 출력 파생,A,EXCLUDE / ARCHIVE,DERIVATIVE EXPORT,[COMMERCIAL CLEARANCE: UNKNOWN] 자체 제작 가능성은 있으나 사진·그래픽 요소·현행 SKU·원본 권리의 연결을 확인해야 한다.,NO — 실제 인물·제품·서울 장면·제품 성능을 AI로 생성·변경하지 않음.,원본: /Volumes/DESKTOP/XXX STUDIO/6) 홍보/6) 와디즈/1) 상세페이지/TITLE)-THE-NIGHT-OF-SEOUL.gif,CANDIDATE,REVIEWED,EXCLUDE,실제 확인: AST-0470의 GIF 출력 파생본이다. 단순 타이틀 움직임이 정보·Story를 보강하지 않아 2026 사용 후보에서 제외한다. [활용 방향: DROP] 2026 Campaign 본문에는 사용하지 않고 원본 기록만 보존.,2026-08-10,UNKNOWN,UNKNOWN
AST-0475,01_INPUT(입력_원본)/10_LEGACY_WADIZ(기존_와디즈_자료)/1) 상세페이지/안내형-봉투)-XXX-STUDIO_KOREA-TOUR(165x165).gif,안내형-봉투)-XXX-STUDIO_KOREA-TOUR(165x165).gif,gif,기존 와디즈 자료,WADIZ,승인된 COPY PLAN에 따라 복사한 원본 사본. 심층 품질 평가는 아직 진행하지 않음.,439 × 439 px,GIF,MEDIUM,HIGH — Invitation / KOREA TOUR,A,WADIZ / PACKAGE,INVITATION / PACKAGE SUPPORT,[COMMERCIAL CLEARANCE: UNKNOWN] 실제 봉투 규격·구성·현행 제작 여부와 그래픽 요소 권리를 확인해야 한다.,NO — 실제 인물·제품·서울 장면·제품 성능을 AI로 생성·변경하지 않음.,원본: /Volumes/DESKTOP/XXX STUDIO/6) 홍보/6) 와디즈/1) 상세페이지/안내형-봉투)-XXX-STUDIO_KOREA-TOUR(165x165).gif,CANDIDATE,REVIEWED,B,실제 확인: 흰 정방형 봉투 위 INVITATION·KOREA TOUR 표식과 교차 모티프를 보여준다. 패키지의 초대 구조는 강하지만 GIF 자체의 이점은 제한적이다. [활용 방향: REMASTER] 2024 표기·좌표·QR·문구·모바일 크롭과 원본 권리를 확인한 뒤에만 재편집 검토.,2026-08-10,UNKNOWN,UNKNOWN
AST-0476,01_INPUT(입력_원본)/10_LEGACY_WADIZ(기존_와디즈_자료)/KakaoTalk_20250907_235105601.jpg,KakaoTalk_20250907_235105601.jpg,jpg,기존 와디즈 자료,WADIZ,승인된 COPY PLAN에 따라 복사한 원본 사본. 심층 품질 평가는 아직 진행하지 않음.,805 × 1000 px,N/A — 정지 이미지,LOW,LOW — XXX STUDIO 연결 없음,A,EXCLUDE / ARCHIVE,UNRELATED REFERENCE,[COMMERCIAL CLEARANCE: HOLD] 인물·음악·촬영자·장소·상표·외부 이미지 또는 원본 사용범위가 확인되지 않았다.,NO — 실제 인물·제품·서울 장면·제품 성능을 AI로 생성·변경하지 않음.,원본: /Volumes/DESKTOP/XXX STUDIO/6) 홍보/6) 와디즈/KakaoTalk_20250907_235105601.jpg,CANDIDATE,REVIEWED,D,실제 확인: 여러 모델과 “FREE ORDER 30% SALE / JEOREY”가 적힌 제3자 판매 페이지 캡처다. XXX STUDIO 제품·KOREA TOUR 증거가 아니다. [활용 방향: DROP] 2026 Campaign 본문에는 사용하지 않고 원본 기록만 보존.,2026-08-10,HOLD,THIRD-PARTY SOURCE
AST-0477,01_INPUT(입력_원본)/10_LEGACY_WADIZ(기존_와디즈_자료)/KakaoTalk_20250909_234708041.png,KakaoTalk_20250909_234708041.png,png,기존 와디즈 자료,WADIZ,승인된 COPY PLAN에 따라 복사한 원본 사본. 심층 품질 평가는 아직 진행하지 않음.,461 × 1000 px,N/A — 정지 이미지,LOW-MEDIUM,LOW — 제품/브랜드 판독 제한,A,ARCHIVE / REFERENCE,OFFLINE REFERENCE,[COMMERCIAL CLEARANCE: UNKNOWN] 촬영 원본·실물 구성·현재 사용권을 확인해야 한다.,NO — 실제 인물·제품·서울 장면·제품 성능을 AI로 생성·변경하지 않음.,원본: /Volumes/DESKTOP/XXX STUDIO/6) 홍보/6) 와디즈/KakaoTalk_20250909_234708041.png,CANDIDATE,REVIEWED,C,실제 확인: 엽서·티켓류 실물 사진이 여러 장 놓인 기록 이미지다. 패키지 물성 참고는 가능하지만 현행 구성·제품 관계를 증명하지 않는다. [활용 방향: PRESERVE AS REFERENCE],2026-08-10,UNKNOWN,UNKNOWN
AST-0478,01_INPUT(입력_원본)/10_LEGACY_WADIZ(기존_와디즈_자료)/KakaoTalk_20250911_230303337.jpg,KakaoTalk_20250911_230303337.jpg,jpg,기존 와디즈 자료,WADIZ,승인된 COPY PLAN에 따라 복사한 원본 사본. 심층 품질 평가는 아직 진행하지 않음.,1000 × 1000 px,N/A — 정지 이미지,LOW,LOW — 외부 광고판 목업,A,EXCLUDE / ARCHIVE,EXTERNAL MOCKUP REFERENCE,[COMMERCIAL CLEARANCE: HOLD] 인물·음악·촬영자·장소·상표·외부 이미지 또는 원본 사용범위가 확인되지 않았다.,NO — 실제 인물·제품·서울 장면·제품 성능을 AI로 생성·변경하지 않음.,원본: /Volumes/DESKTOP/XXX STUDIO/6) 홍보/6) 와디즈/KakaoTalk_20250911_230303337.jpg,CANDIDATE,REVIEWED,D,실제 확인: 도심 광고판/초록 또는 빈 화면을 담은 외부 목업 이미지다. 실제 XXX STUDIO 공간·제품 증거가 아니며 AI 합성 배경으로도 쓰지 않는다. [활용 방향: DROP] 2026 Campaign 본문에는 사용하지 않고 원본 기록만 보존.,2026-08-10,HOLD,THIRD-PARTY SOURCE
AST-0479,01_INPUT(입력_원본)/10_LEGACY_WADIZ(기존_와디즈_자료)/KakaoTalk_20250911_230429126.png,KakaoTalk_20250911_230429126.png,png,기존 와디즈 자료,WADIZ,승인된 COPY PLAN에 따라 복사한 원본 사본. 심층 품질 평가는 아직 진행하지 않음.,1000 × 1000 px,N/A — 정지 이미지,LOW,LOW — 외부 광고판 목업,A,EXCLUDE / ARCHIVE,EXTERNAL MOCKUP REFERENCE,[COMMERCIAL CLEARANCE: HOLD] 인물·음악·촬영자·장소·상표·외부 이미지 또는 원본 사용범위가 확인되지 않았다.,NO — 실제 인물·제품·서울 장면·제품 성능을 AI로 생성·변경하지 않음.,원본: /Volumes/DESKTOP/XXX STUDIO/6) 홍보/6) 와디즈/KakaoTalk_20250911_230429126.png,CANDIDATE,REVIEWED,D,실제 확인: 도심 광고판/초록 또는 빈 화면을 담은 외부 목업 이미지다. 실제 XXX STUDIO 공간·제품 증거가 아니며 AI 합성 배경으로도 쓰지 않는다. [활용 방향: DROP] 2026 Campaign 본문에는 사용하지 않고 원본 기록만 보존.,2026-08-10,HOLD,THIRD-PARTY SOURCE
AST-0480,01_INPUT(입력_원본)/10_LEGACY_WADIZ(기존_와디즈_자료)/KakaoTalk_20250911_230632160.jpg,KakaoTalk_20250911_230632160.jpg,jpg,기존 와디즈 자료,WADIZ,승인된 COPY PLAN에 따라 복사한 원본 사본. 심층 품질 평가는 아직 진행하지 않음.,1000 × 1000 px,N/A — 정지 이미지,LOW,LOW — 외부 광고판 목업,A,EXCLUDE / ARCHIVE,EXTERNAL MOCKUP REFERENCE,[COMMERCIAL CLEARANCE: HOLD] 인물·음악·촬영자·장소·상표·외부 이미지 또는 원본 사용범위가 확인되지 않았다.,NO — 실제 인물·제품·서울 장면·제품 성능을 AI로 생성·변경하지 않음.,원본: /Volumes/DESKTOP/XXX STUDIO/6) 홍보/6) 와디즈/KakaoTalk_20250911_230632160.jpg,CANDIDATE,REVIEWED,D,실제 확인: 도심 광고판/초록 또는 빈 화면을 담은 외부 목업 이미지다. 실제 XXX STUDIO 공간·제품 증거가 아니며 AI 합성 배경으로도 쓰지 않는다. [활용 방향: DROP] 2026 Campaign 본문에는 사용하지 않고 원본 기록만 보존.,2026-08-10,HOLD,THIRD-PARTY SOURCE
AST-0481,01_INPUT(입력_원본)/10_LEGACY_WADIZ(기존_와디즈_자료)/NOTICE) 성수 팝업 스토어(사진).ai,NOTICE) 성수 팝업 스토어(사진).ai,ai,기존 와디즈 자료,WADIZ,승인된 COPY PLAN에 따라 복사한 원본 사본. 심층 품질 평가는 아직 진행하지 않음.,1000 × 1000 px 미리보기,N/A — 벡터 그래픽,MEDIUM-HIGH,HIGH — DAY/NIGHT / 전시형 서사,A,WADIZ / WEBSITE / ORGANIC,NARRATIVE / EVENT SUPPORT,[COMMERCIAL CLEARANCE: UNKNOWN] 자체 제작 가능성은 있으나 사진·그래픽 요소·현행 SKU·원본 권리의 연결을 확인해야 한다.,NO — 실제 인물·제품·서울 장면·제품 성능을 AI로 생성·변경하지 않음.,원본: /Volumes/DESKTOP/XXX STUDIO/6) 홍보/6) 와디즈/NOTICE) 성수 팝업 스토어(사진).ai,CANDIDATE,REVIEWED,B,"실제 확인: 밝은 질감 배경 위 SEOUL DAY/NIGHT 두 포스터를 병치한 팝업/전시형 구성이다. Invitation과 도시 포스터의 관계를 설명하는 아이디어는 유효하지만, 사진·장소·행사 사실과 2026 문구를 재검증해야 한다. [활용 방향: REMASTER] 2024 표기·좌표·QR·문구·모바일 크롭과 원본 권리를 확인한 뒤에만 재편집 검토.",2026-08-10,UNKNOWN,UNKNOWN
AST-0482,01_INPUT(입력_원본)/10_LEGACY_WADIZ(기존_와디즈_자료)/POSTER) THE DAY OF SEOUL.ai,POSTER) THE DAY OF SEOUL.ai,ai,기존 와디즈 자료,WADIZ,승인된 COPY PLAN에 따라 복사한 원본 사본. 심층 품질 평가는 아직 진행하지 않음.,857 × 1000 px 미리보기,N/A — 벡터 그래픽,MEDIUM-HIGH,HIGH — DAY 그래픽 시스템,A,WADIZ / WEBSITE / ORGANIC,DAY NARRATIVE / POSTER,[COMMERCIAL CLEARANCE: UNKNOWN] 자체 제작 가능성은 있으나 사진·그래픽 요소·현행 SKU·원본 권리의 연결을 확인해야 한다.,NO — 실제 인물·제품·서울 장면·제품 성능을 AI로 생성·변경하지 않음.,원본: /Volumes/DESKTOP/XXX STUDIO/6) 홍보/6) 와디즈/POSTER) THE DAY OF SEOUL.ai,CANDIDATE,REVIEWED,B,"실제 확인: 북촌·남산타워 사진, 교차선, 좌표 블록, THE DAY OF SEOUL을 세로 포스터로 결합한다. DAY 정체성은 명료하나 과거 좌표·사진 권리·현행 SKU를 확인해야 한다. [활용 방향: REMASTER] 2024 표기·좌표·QR·문구·모바일 크롭과 원본 권리를 확인한 뒤에만 재편집 검토.",2026-08-10,UNKNOWN,UNKNOWN
AST-0483,01_INPUT(입력_원본)/10_LEGACY_WADIZ(기존_와디즈_자료)/POSTER)-THE-DAY-OF-SEOUL.png,POSTER)-THE-DAY-OF-SEOUL.png,png,기존 와디즈 자료,WADIZ,승인된 COPY PLAN에 따라 복사한 원본 사본. 심층 품질 평가는 아직 진행하지 않음.,300 × 350 px,N/A — 정지 이미지,LOW,LOW — AST-0482 저해상도 출력,A,EXCLUDE / ARCHIVE,DERIVATIVE EXPORT,[COMMERCIAL CLEARANCE: UNKNOWN] 자체 제작 가능성은 있으나 사진·그래픽 요소·현행 SKU·원본 권리의 연결을 확인해야 한다.,NO — 실제 인물·제품·서울 장면·제품 성능을 AI로 생성·변경하지 않음.,원본: /Volumes/DESKTOP/XXX STUDIO/6) 홍보/6) 와디즈/POSTER)-THE-DAY-OF-SEOUL.png,CANDIDATE,REVIEWED,EXCLUDE,실제 확인: AST-0482의 저해상도 PNG 출력본이다. 편집 마스터와 중복되므로 제외한다. [활용 방향: DROP] 2026 Campaign 본문에는 사용하지 않고 원본 기록만 보존.,2026-08-10,UNKNOWN,UNKNOWN
AST-0484,01_INPUT(입력_원본)/10_LEGACY_WADIZ(기존_와디즈_자료)/iStock-2032466208(1200x675).psd,iStock-2032466208(1200x675).psd,psd,기존 와디즈 자료,WADIZ,승인된 COPY PLAN에 따라 복사한 원본 사본. 심층 품질 평가는 아직 진행하지 않음.,1000 × 562 px 미리보기,N/A — PSD,MEDIUM,LOW — iStock 배경,A,CONTENT CLEARANCE / REFERENCE,STOCK BACKGROUND REFERENCE,[COMMERCIAL CLEARANCE: HOLD] 인물·음악·촬영자·장소·상표·외부 이미지 또는 원본 사용범위가 확인되지 않았다.,NO — 실제 인물·제품·서울 장면·제품 성능을 AI로 생성·변경하지 않음.,원본: /Volumes/DESKTOP/XXX STUDIO/6) 홍보/6) 와디즈/iStock-2032466208(1200x675).psd,CANDIDATE,REVIEWED,HOLD,실제 확인: 비어 있는 밝은 질감/광원 배경의 iStock PSD다. 제품·서울·브랜드 증거가 아니며 라이선스 계정과 사용 범위 확인 전 상업 사용하지 않는다. [활용 방향: PRESERVE AS REFERENCE],2026-08-10,HOLD,THIRD-PARTY SOURCE
AST-0485,01_INPUT(입력_원본)/10_LEGACY_WADIZ(기존_와디즈_자료)/iStock-2032466208.gif,iStock-2032466208.gif,gif,기존 와디즈 자료,WADIZ,승인된 COPY PLAN에 따라 복사한 원본 사본. 심층 품질 평가는 아직 진행하지 않음.,1000 × 667 px 미리보기,GIF/PSD,LOW,LOW — AST-0484 변형·출력,A,EXCLUDE / ARCHIVE,STOCK DERIVATIVE,[COMMERCIAL CLEARANCE: HOLD] 인물·음악·촬영자·장소·상표·외부 이미지 또는 원본 사용범위가 확인되지 않았다.,NO — 실제 인물·제품·서울 장면·제품 성능을 AI로 생성·변경하지 않음.,원본: /Volumes/DESKTOP/XXX STUDIO/6) 홍보/6) 와디즈/iStock-2032466208.gif,CANDIDATE,REVIEWED,EXCLUDE,실제 확인: AST-0484 iStock 배경의 GIF 출력 파생본이다. 상업 근거가 없는 배경 변형으로 2026 후보에서 제외한다. [활용 방향: DROP] 2026 Campaign 본문에는 사용하지 않고 원본 기록만 보존.,2026-08-10,HOLD,THIRD-PARTY SOURCE
AST-0486,01_INPUT(입력_원본)/10_LEGACY_WADIZ(기존_와디즈_자료)/iStock-2032466208.psd,iStock-2032466208.psd,psd,기존 와디즈 자료,WADIZ,승인된 COPY PLAN에 따라 복사한 원본 사본. 심층 품질 평가는 아직 진행하지 않음.,1000 × 667 px 미리보기,GIF/PSD,LOW,LOW — AST-0484 변형·출력,A,EXCLUDE / ARCHIVE,STOCK DERIVATIVE,[COMMERCIAL CLEARANCE: HOLD] 인물·음악·촬영자·장소·상표·외부 이미지 또는 원본 사용범위가 확인되지 않았다.,NO — 실제 인물·제품·서울 장면·제품 성능을 AI로 생성·변경하지 않음.,원본: /Volumes/DESKTOP/XXX STUDIO/6) 홍보/6) 와디즈/iStock-2032466208.psd,CANDIDATE,REVIEWED,EXCLUDE,실제 확인: AST-0484 iStock 배경의 중복 PSD 파생본이다. 상업 근거가 없는 배경 변형으로 2026 후보에서 제외한다. [활용 방향: DROP] 2026 Campaign 본문에는 사용하지 않고 원본 기록만 보존.,2026-08-10,HOLD,THIRD-PARTY SOURCE
AST-0487,01_INPUT(입력_원본)/10_LEGACY_WADIZ(기존_와디즈_자료)/maeyossss_a_billboard_design_for_a_glass_cleaner_half_side_dirt_5d1c823a-681f-4cb7-9c82-77e5c6b3b02c.png,maeyossss_a_billboard_design_for_a_glass_cleaner_half_side_dirt_5d1c823a-681f-4cb7-9c82-77e5c6b3b02c.png,png,기존 와디즈 자료,WADIZ,승인된 COPY PLAN에 따라 복사한 원본 사본. 심층 품질 평가는 아직 진행하지 않음.,816–1000 px 미리보기,N/A — 정지 이미지,MEDIUM,LOW — 실제 공간/제품 증거 아님,A,EXCLUDE / ARCHIVE,AI / STOCK MOCKUP REFERENCE,[COMMERCIAL CLEARANCE: HOLD] 인물·음악·촬영자·장소·상표·외부 이미지 또는 원본 사용범위가 확인되지 않았다.,NO — 실제 인물·제품·서울 장면·제품 성능을 AI로 생성·변경하지 않음.,원본: /Volumes/DESKTOP/XXX STUDIO/6) 홍보/6) 와디즈/maeyossss_a_billboard_design_for_a_glass_cleaner_half_side_dirt_5d1c823a-681f-4cb7-9c82-77e5c6b3b02c.png,CANDIDATE,REVIEWED,D,실제 확인: AI 생성 표기가 있는 도심 유리 광고판이다. 실제 XXX STUDIO 공간·서울·제품을 오인하게 할 수 있어 Campaign 본문에는 사용하지 않는다. [활용 방향: DROP] 2026 Campaign 본문에는 사용하지 않고 원본 기록만 보존.,2026-08-10,HOLD,THIRD-PARTY SOURCE
AST-0488,01_INPUT(입력_원본)/10_LEGACY_WADIZ(기존_와디즈_자료)/sach23._front_view_empty_white_horizontal_advertising_16x9_digi_9f0bc0ec-645a-446d-8b3f-06eba738f50c.png,sach23._front_view_empty_white_horizontal_advertising_16x9_digi_9f0bc0ec-645a-446d-8b3f-06eba738f50c.png,png,기존 와디즈 자료,WADIZ,승인된 COPY PLAN에 따라 복사한 원본 사본. 심층 품질 평가는 아직 진행하지 않음.,816–1000 px 미리보기,N/A — 정지 이미지,MEDIUM,LOW — 실제 공간/제품 증거 아님,A,EXCLUDE / ARCHIVE,AI / STOCK MOCKUP REFERENCE,[COMMERCIAL CLEARANCE: HOLD] 인물·음악·촬영자·장소·상표·외부 이미지 또는 원본 사용범위가 확인되지 않았다.,NO — 실제 인물·제품·서울 장면·제품 성능을 AI로 생성·변경하지 않음.,원본: /Volumes/DESKTOP/XXX STUDIO/6) 홍보/6) 와디즈/sach23._front_view_empty_white_horizontal_advertising_16x9_digi_9f0bc0ec-645a-446d-8b3f-06eba738f50c.png,CANDIDATE,REVIEWED,D,실제 확인: 빈 지하철 광고판 목업이다. 실제 XXX STUDIO 공간·서울·제품을 오인하게 할 수 있어 Campaign 본문에는 사용하지 않는다. [활용 방향: DROP] 2026 Campaign 본문에는 사용하지 않고 원본 기록만 보존.,2026-08-10,HOLD,THIRD-PARTY SOURCE
AST-0489,01_INPUT(입력_원본)/10_LEGACY_WADIZ(기존_와디즈_자료)/u8471141352_Minimalist_high-end_exhibition_studio_luxury_fashio_4d00bb01-f65d-4cd2-be12-e2de60a1ebf2.png,u8471141352_Minimalist_high-end_exhibition_studio_luxury_fashio_4d00bb01-f65d-4cd2-be12-e2de60a1ebf2.png,png,기존 와디즈 자료,WADIZ,승인된 COPY PLAN에 따라 복사한 원본 사본. 심층 품질 평가는 아직 진행하지 않음.,816–1000 px 미리보기,N/A — 정지 이미지,MEDIUM,LOW — 실제 공간/제품 증거 아님,A,EXCLUDE / ARCHIVE,AI / STOCK MOCKUP REFERENCE,[COMMERCIAL CLEARANCE: HOLD] 인물·음악·촬영자·장소·상표·외부 이미지 또는 원본 사용범위가 확인되지 않았다.,NO — 실제 인물·제품·서울 장면·제품 성능을 AI로 생성·변경하지 않음.,원본: /Volumes/DESKTOP/XXX STUDIO/6) 홍보/6) 와디즈/u8471141352_Minimalist_high-end_exhibition_studio_luxury_fashio_4d00bb01-f65d-4cd2-be12-e2de60a1ebf2.png,CANDIDATE,REVIEWED,D,실제 확인: AI 생성 표기가 있는 고급 전시 공간 목업이다. 실제 XXX STUDIO 공간·서울·제품을 오인하게 할 수 있어 Campaign 본문에는 사용하지 않는다. [활용 방향: DROP] 2026 Campaign 본문에는 사용하지 않고 원본 기록만 보존.,2026-08-10,HOLD,THIRD-PARTY SOURCE
AST-0490,01_INPUT(입력_원본)/10_LEGACY_WADIZ(기존_와디즈_자료)/와디즈) 메인이미지.ai,와디즈) 메인이미지.ai,ai,기존 와디즈 자료,WADIZ,승인된 COPY PLAN에 따라 복사한 원본 사본. 심층 품질 평가는 아직 진행하지 않음.,1000 × 562 px 미리보기,N/A — 정지 이미지/벡터,MEDIUM,MEDIUM — 과거 WADIZ 레이아웃 참고,A,WADIZ / PROJECT REFERENCE,LAYOUT REFERENCE,[COMMERCIAL CLEARANCE: UNKNOWN] 자체 제작 가능성은 있으나 사진·그래픽 요소·현행 SKU·원본 권리의 연결을 확인해야 한다.,NO — 실제 인물·제품·서울 장면·제품 성능을 AI로 생성·변경하지 않음.,원본: /Volumes/DESKTOP/XXX STUDIO/6) 홍보/6) 와디즈/와디즈) 메인이미지.ai,CANDIDATE,REVIEWED,C,"실제 확인: 밝은 배경 포스터 병치 기반의 과거 WADIZ 시안이다. DAY/NIGHT 병치 아이디어는 참고 가능하지만, iStock/AI형 배경 의존과 제품·권리 증거 부족으로 현재 Hero/Proof에는 쓰지 않는다. [활용 방향: REMASTER] 2024 표기·좌표·QR·문구·모바일 크롭과 원본 권리를 확인한 뒤에만 재편집 검토.",2026-08-10,UNKNOWN,UNKNOWN
AST-0491,01_INPUT(입력_원본)/10_LEGACY_WADIZ(기존_와디즈_자료)/와디즈) 메인이미지2.ai,와디즈) 메인이미지2.ai,ai,기존 와디즈 자료,WADIZ,승인된 COPY PLAN에 따라 복사한 원본 사본. 심층 품질 평가는 아직 진행하지 않음.,1000 × 562 px 미리보기,N/A — 정지 이미지/벡터,MEDIUM,MEDIUM — 과거 WADIZ 레이아웃 참고,A,WADIZ / PROJECT REFERENCE,LAYOUT REFERENCE,[COMMERCIAL CLEARANCE: UNKNOWN] 자체 제작 가능성은 있으나 사진·그래픽 요소·현행 SKU·원본 권리의 연결을 확인해야 한다.,NO — 실제 인물·제품·서울 장면·제품 성능을 AI로 생성·변경하지 않음.,원본: /Volumes/DESKTOP/XXX STUDIO/6) 홍보/6) 와디즈/와디즈) 메인이미지2.ai,CANDIDATE,REVIEWED,C,"실제 확인: 전시 공간형 포스터 병치 기반의 과거 WADIZ 시안이다. DAY/NIGHT 병치 아이디어는 참고 가능하지만, iStock/AI형 배경 의존과 제품·권리 증거 부족으로 현재 Hero/Proof에는 쓰지 않는다. [활용 방향: REMASTER] 2024 표기·좌표·QR·문구·모바일 크롭과 원본 권리를 확인한 뒤에만 재편집 검토.",2026-08-10,UNKNOWN,UNKNOWN
AST-0492,01_INPUT(입력_원본)/10_LEGACY_WADIZ(기존_와디즈_자료)/와디즈)-메인이미지.png,와디즈)-메인이미지.png,png,기존 와디즈 자료,WADIZ,승인된 COPY PLAN에 따라 복사한 원본 사본. 심층 품질 평가는 아직 진행하지 않음.,1000 × 562 px,N/A — 정지 이미지,LOW,LOW — 편집 마스터 출력 파생,A,EXCLUDE / ARCHIVE,DERIVATIVE EXPORT,[COMMERCIAL CLEARANCE: UNKNOWN] 자체 제작 가능성은 있으나 사진·그래픽 요소·현행 SKU·원본 권리의 연결을 확인해야 한다.,NO — 실제 인물·제품·서울 장면·제품 성능을 AI로 생성·변경하지 않음.,원본: /Volumes/DESKTOP/XXX STUDIO/6) 홍보/6) 와디즈/와디즈)-메인이미지.png,CANDIDATE,REVIEWED,EXCLUDE,실제 확인: AST-0490의 PNG 출력 파생본이다. 중복이므로 제외한다. [활용 방향: DROP] 2026 Campaign 본문에는 사용하지 않고 원본 기록만 보존.,2026-08-10,UNKNOWN,UNKNOWN
AST-0493,01_INPUT(입력_원본)/10_LEGACY_WADIZ(기존_와디즈_자료)/와디즈)-메인이미지2.png,와디즈)-메인이미지2.png,png,기존 와디즈 자료,WADIZ,승인된 COPY PLAN에 따라 복사한 원본 사본. 심층 품질 평가는 아직 진행하지 않음.,1000 × 562 px,N/A — 정지 이미지,LOW,LOW — 편집 마스터 출력 파생,A,EXCLUDE / ARCHIVE,DERIVATIVE EXPORT,[COMMERCIAL CLEARANCE: UNKNOWN] 자체 제작 가능성은 있으나 사진·그래픽 요소·현행 SKU·원본 권리의 연결을 확인해야 한다.,NO — 실제 인물·제품·서울 장면·제품 성능을 AI로 생성·변경하지 않음.,원본: /Volumes/DESKTOP/XXX STUDIO/6) 홍보/6) 와디즈/와디즈)-메인이미지2.png,CANDIDATE,REVIEWED,EXCLUDE,실제 확인: AST-0491의 PNG 출력 파생본이다. 중복이므로 제외한다. [활용 방향: DROP] 2026 Campaign 본문에는 사용하지 않고 원본 기록만 보존.,2026-08-10,UNKNOWN,UNKNOWN
AST-0494,01_INPUT(입력_원본)/10_LEGACY_WADIZ(기존_와디즈_자료)/캡쳐_표지.jpg,캡쳐_표지.jpg,jpg,기존 와디즈 자료,WADIZ,승인된 COPY PLAN에 따라 복사한 원본 사본. 심층 품질 평가는 아직 진행하지 않음.,1000 × 1000 px,N/A — 정지 이미지/벡터,MEDIUM,MEDIUM — 과거 WADIZ 레이아웃 참고,A,WADIZ / PROJECT REFERENCE,LAYOUT REFERENCE,[COMMERCIAL CLEARANCE: UNKNOWN] 자체 제작 가능성은 있으나 사진·그래픽 요소·현행 SKU·원본 권리의 연결을 확인해야 한다.,NO — 실제 인물·제품·서울 장면·제품 성능을 AI로 생성·변경하지 않음.,원본: /Volumes/DESKTOP/XXX STUDIO/6) 홍보/6) 와디즈/캡쳐_표지.jpg,CANDIDATE,REVIEWED,C,"실제 확인: DAY/NIGHT 사진·제품 콜라주 표지 기반의 과거 WADIZ 시안이다. DAY/NIGHT 병치 아이디어는 참고 가능하지만, iStock/AI형 배경 의존과 제품·권리 증거 부족으로 현재 Hero/Proof에는 쓰지 않는다. [활용 방향: REMASTER] 2024 표기·좌표·QR·문구·모바일 크롭과 원본 권리를 확인한 뒤에만 재편집 검토.",2026-08-10,UNKNOWN,UNKNOWN
AST-0495,"01_INPUT(입력_원본)/06_SOCIAL_PROOF(실제착용_소셜증거)/celebrity/source_library/0) 디그니티/[K직캠] 디그니티, 뮤직뱅크 출동 '본격 데뷔'(1080).mp4","[K직캠] 디그니티, 뮤직뱅크 출동 '본격 데뷔'(1080).mp4",mp4,셀럽 착용,SOCIAL_PROOF,승인된 COPY PLAN에 따라 복사한 원본 사본. 심층 품질 평가는 아직 진행하지 않음.,1080 × 1920 px,98.8초,MEDIUM,MEDIUM — Archive 맥락,A,ARCHIVE / SUPPORT,PEOPLE / ARCHIVE,[COMMERCIAL CLEARANCE: HOLD] 인물명은 파일명·폴더명 등 비시각적 근거 범위에서만 기록한다. 착용·태그·게시를 협업·추천·앰배서더로 확대 표현하지 않는다.,NO — 실제 인물·제품·착용·권리 증거를 AI로 생성하거나 변경하지 않음. 승인 후 크롭·자막·색상 정리만 가능.,"원본: /Volumes/DESKTOP/XXX STUDIO/6) 홍보/4) 연예인 협찬/0) 디그니티/[K직캠] 디그니티, 뮤직뱅크 출동 '본격 데뷔'(1080).mp4",CANDIDATE,REVIEWED,C,"실제 확인: 세로 직캠 원본으로 무대·이동 장면이 중심이며, 샘플 프레임에서 XXX STUDIO 제품임을 안정적으로 판독할 수 없다. Creative 판정은 C. 상업사용 상태는 HOLD이며 Creative 등급과 별도다.",2026-08-09,HOLD,THIRD-PARTY SOURCE
AST-0496,"01_INPUT(입력_원본)/06_SOCIAL_PROOF(실제착용_소셜증거)/celebrity/source_library/0) 디그니티/[K직캠] 디그니티, 뮤직뱅크 출동 '본격 데뷔'.mp4","[K직캠] 디그니티, 뮤직뱅크 출동 '본격 데뷔'.mp4",mp4,셀럽 착용,SOCIAL_PROOF,승인된 COPY PLAN에 따라 복사한 원본 사본. 심층 품질 평가는 아직 진행하지 않음.,720 × 1280 px,49.4초,MEDIUM,MEDIUM — Archive 맥락,A,ARCHIVE / SUPPORT,PEOPLE / ARCHIVE,[COMMERCIAL CLEARANCE: HOLD] 인물명은 파일명·폴더명 등 비시각적 근거 범위에서만 기록한다. 착용·태그·게시를 협업·추천·앰배서더로 확대 표현하지 않는다.,NO — 실제 인물·제품·착용·권리 증거를 AI로 생성하거나 변경하지 않음. 승인 후 크롭·자막·색상 정리만 가능.,"원본: /Volumes/DESKTOP/XXX STUDIO/6) 홍보/4) 연예인 협찬/0) 디그니티/[K직캠] 디그니티, 뮤직뱅크 출동 '본격 데뷔'.mp4",CANDIDATE,REVIEWED,C,실제 확인: AST-0495의 저해상도·짧은 직캠 계열로 인물은 보이지만 제품 표식과 DAY/NIGHT 연결이 약하다. Creative 판정은 C. 상업사용 상태는 HOLD이며 Creative 등급과 별도다.,2026-08-09,HOLD,THIRD-PARTY SOURCE
AST-0497,01_INPUT(입력_원본)/06_SOCIAL_PROOF(실제착용_소셜증거)/celebrity/source_library/0) 디그니티/표지) 디그니티(블랙).ai,표지) 디그니티(블랙).ai,ai,셀럽 착용,SOCIAL_PROOF,승인된 COPY PLAN에 따라 복사한 원본 사본. 심층 품질 평가는 아직 진행하지 않음.,Illustrator 편집원본 — 아트보드 메타데이터 확인 불가,N/A — 정지 그래픽,MEDIUM,MEDIUM — Archive 맥락,A,ARCHIVE / SUPPORT,PEOPLE / ARCHIVE,[COMMERCIAL CLEARANCE: HOLD] 인물명은 파일명·폴더명 등 비시각적 근거 범위에서만 기록한다. 착용·태그·게시를 협업·추천·앰배서더로 확대 표현하지 않는다.,NO — 실제 인물·제품·착용·권리 증거를 AI로 생성하거나 변경하지 않음. 승인 후 크롭·자막·색상 정리만 가능.,원본: /Volumes/DESKTOP/XXX STUDIO/6) 홍보/4) 연예인 협찬/0) 디그니티/표지) 디그니티(블랙).ai,CANDIDATE,REVIEWED,C,"실제 확인: 직캠 이미지를 검정 세로 표지로 재조판한 Illustrator 원본이며, 제품 식별이 약한 소스를 보완하지는 못한다. Creative 판정은 C. 상업사용 상태는 HOLD이며 Creative 등급과 별도다.",2026-08-09,HOLD,THIRD-PARTY SOURCE
AST-0498,01_INPUT(입력_원본)/06_SOCIAL_PROOF(실제착용_소셜증거)/celebrity/source_library/0) 디그니티/표지)-디그니티(블랙).png,표지)-디그니티(블랙).png,png,셀럽 착용,SOCIAL_PROOF,승인된 COPY PLAN에 따라 복사한 원본 사본. 심층 품질 평가는 아직 진행하지 않음.,2160 × 3840 px,N/A — 정지 이미지,LOW,LOW — 제품·캠페인 연결 부족,A,ARCHIVE / SUPPORT,DERIVATIVE / ARCHIVE,[COMMERCIAL CLEARANCE: HOLD] 인물명은 파일명·폴더명 등 비시각적 근거 범위에서만 기록한다. 착용·태그·게시를 협업·추천·앰배서더로 확대 표현하지 않는다. 중복·출력 파생 또는 Creative 범위 밖이라 직접 사용 후보에서 제외한다.,NO — 직접 사용 후보가 아니며 제3자·파생 자산을 AI로 재구성하지 않음.,원본: /Volumes/DESKTOP/XXX STUDIO/6) 홍보/4) 연예인 협찬/0) 디그니티/표지)-디그니티(블랙).png,CANDIDATE,REVIEWED,EXCLUDE,실제 확인: AST-0497 표지의 고해상도 PNG 출력본으로 편집원본과 동일한 파생 자산이다. Creative 판정은 EXCLUDE. 상업사용 상태는 HOLD이며 Creative 등급과 별도다.,2026-08-09,HOLD,THIRD-PARTY SOURCE
AST-0499,01_INPUT(입력_원본)/06_SOCIAL_PROOF(실제착용_소셜증거)/celebrity/source_library/1) MA1/-8ljUQ1L2HTUsYts.mp4,-8ljUQ1L2HTUsYts.mp4,mp4,셀럽 착용,SOCIAL_PROOF,승인된 COPY PLAN에 따라 복사한 원본 사본. 심층 품질 평가는 아직 진행하지 않음.,1080 × 1920 px,19.3초,MEDIUM,MEDIUM — Archive 맥락,A,ARCHIVE / SUPPORT,PEOPLE / ARCHIVE,[COMMERCIAL CLEARANCE: HOLD] 인물명은 파일명·폴더명 등 비시각적 근거 범위에서만 기록한다. 착용·태그·게시를 협업·추천·앰배서더로 확대 표현하지 않는다. [사용권 재감사 2026-08-10] 사용자가 유료 마케팅 집행 및 납품물 재사용 가능을 확인했다. 이는 착용·유료 노출 사실의 사용 승인이지 Ambassador·공식 Collaboration·추천 관계의 근거가 아니다.,NO — 실제 인물·제품·착용·권리 증거를 AI로 생성하거나 변경하지 않음. 승인 후 크롭·자막·색상 정리만 가능.,원본: /Volumes/DESKTOP/XXX STUDIO/6) 홍보/4) 연예인 협찬/1) MA1/-8ljUQ1L2HTUsYts.mp4,CANDIDATE,REVIEWED,C,실제 확인: MA1 폴더의 세로 원본 영상으로 회색 재킷 안 흰색 상의의 작은 가슴 표식이 간헐적으로 보인다. Creative 판정은 C. 상업사용 상태는 HOLD이며 Creative 등급과 별도다.,2026-08-09,CLEARED,USER CONFIRMED PAID MARKETING
AST-0500,01_INPUT(입력_원본)/06_SOCIAL_PROOF(실제착용_소셜증거)/celebrity/source_library/1) MA1/A4SoXTAkh14xC7ia.mp4,A4SoXTAkh14xC7ia.mp4,mp4,셀럽 착용,SOCIAL_PROOF,승인된 COPY PLAN에 따라 복사한 원본 사본. 심층 품질 평가는 아직 진행하지 않음.,700 × 1280 px,2.3초,MEDIUM,MEDIUM — Archive 맥락,A,ARCHIVE / SUPPORT,PEOPLE / ARCHIVE,[COMMERCIAL CLEARANCE: HOLD] 인물명은 파일명·폴더명 등 비시각적 근거 범위에서만 기록한다. 착용·태그·게시를 협업·추천·앰배서더로 확대 표현하지 않는다. [사용권 재감사 2026-08-10] 사용자가 유료 마케팅 집행 및 납품물 재사용 가능을 확인했다. 이는 착용·유료 노출 사실의 사용 승인이지 Ambassador·공식 Collaboration·추천 관계의 근거가 아니다.,NO — 실제 인물·제품·착용·권리 증거를 AI로 생성하거나 변경하지 않음. 승인 후 크롭·자막·색상 정리만 가능.,원본: /Volumes/DESKTOP/XXX STUDIO/6) 홍보/4) 연예인 협찬/1) MA1/A4SoXTAkh14xC7ia.mp4,CANDIDATE,REVIEWED,C,실제 확인: 짧은 세로 클립으로 흰색 상의의 전면 표식이 보이지만 2.3초라 단독 증거력은 제한적이다. Creative 판정은 C. 상업사용 상태는 HOLD이며 Creative 등급과 별도다.,2026-08-09,CLEARED,USER CONFIRMED PAID MARKETING
AST-0501,01_INPUT(입력_원본)/06_SOCIAL_PROOF(실제착용_소셜증거)/celebrity/source_library/1) MA1/DaAEDoJtMgvjC7FW.mp4,DaAEDoJtMgvjC7FW.mp4,mp4,셀럽 착용,SOCIAL_PROOF,승인된 COPY PLAN에 따라 복사한 원본 사본. 심층 품질 평가는 아직 진행하지 않음.,720 × 1280 px,2.5초,MEDIUM-HIGH,MEDIUM-HIGH — 제품 착용 보조,A,WADIZ / WEBSITE / ORGANIC SOCIAL — PEOPLE & PRODUCT PROOF,PEOPLE / WORN / SUPPORT,[COMMERCIAL CLEARANCE: HOLD] 인물명은 파일명·폴더명 등 비시각적 근거 범위에서만 기록한다. 착용·태그·게시를 협업·추천·앰배서더로 확대 표현하지 않는다. [사용권 재감사 2026-08-10] 사용자가 유료 마케팅 집행 및 납품물 재사용 가능을 확인했다. 이는 착용·유료 노출 사실의 사용 승인이지 Ambassador·공식 Collaboration·추천 관계의 근거가 아니다.,NO — 실제 인물·제품·착용·권리 증거를 AI로 생성하거나 변경하지 않음. 승인 후 크롭·자막·색상 정리만 가능.,원본: /Volumes/DESKTOP/XXX STUDIO/6) 홍보/4) 연예인 협찬/1) MA1/DaAEDoJtMgvjC7FW.mp4,CANDIDATE,REVIEWED,B,실제 확인: 짧은 세로 클립에서 회색 재킷 안 흰색 XXX 상의의 가슴 표식이 비교적 선명하게 읽힌다. Creative 판정은 B. 상업사용 상태는 HOLD이며 Creative 등급과 별도다.,2026-08-09,CLEARED,USER CONFIRMED PAID MARKETING
AST-0502,01_INPUT(입력_원본)/06_SOCIAL_PROOF(실제착용_소셜증거)/celebrity/source_library/1) MA1/GT3jgPcaoAAr9J1.jpg,GT3jgPcaoAAr9J1.jpg,jpg,셀럽 착용,SOCIAL_PROOF,승인된 COPY PLAN에 따라 복사한 원본 사본. 심층 품질 평가는 아직 진행하지 않음.,895 × 1194 px,N/A — 정지 이미지,MEDIUM-HIGH,MEDIUM-HIGH — 제품 착용 보조,A,WADIZ / WEBSITE / ORGANIC SOCIAL — PEOPLE & PRODUCT PROOF,PEOPLE / WORN / SUPPORT,[COMMERCIAL CLEARANCE: HOLD] 인물명은 파일명·폴더명 등 비시각적 근거 범위에서만 기록한다. 착용·태그·게시를 협업·추천·앰배서더로 확대 표현하지 않는다. [사용권 재감사 2026-08-10] 사용자가 유료 마케팅 집행 및 납품물 재사용 가능을 확인했다. 이는 착용·유료 노출 사실의 사용 승인이지 Ambassador·공식 Collaboration·추천 관계의 근거가 아니다.,NO — 실제 인물·제품·착용·권리 증거를 AI로 생성하거나 변경하지 않음. 승인 후 크롭·자막·색상 정리만 가능.,원본: /Volumes/DESKTOP/XXX STUDIO/6) 홍보/4) 연예인 협찬/1) MA1/GT3jgPcaoAAr9J1.jpg,CANDIDATE,REVIEWED,B,실제 확인: 세로 사진에서 회색 재킷 안 흰색 제품의 전면 표식과 착용 실루엣이 함께 확인된다. Creative 판정은 B. 상업사용 상태는 HOLD이며 Creative 등급과 별도다.,2026-08-09,CLEARED,USER CONFIRMED PAID MARKETING
AST-0503,01_INPUT(입력_원본)/06_SOCIAL_PROOF(실제착용_소셜증거)/celebrity/source_library/1) MA1/GTpibJqa8AAIqM9.jpg,GTpibJqa8AAIqM9.jpg,jpg,셀럽 착용,SOCIAL_PROOF,승인된 COPY PLAN에 따라 복사한 원본 사본. 심층 품질 평가는 아직 진행하지 않음.,800 × 1065 px,N/A — 정지 이미지,MEDIUM-HIGH,MEDIUM-HIGH — 제품 착용 보조,A,WADIZ / WEBSITE / ORGANIC SOCIAL — PEOPLE & PRODUCT PROOF,PEOPLE / WORN / SUPPORT,[COMMERCIAL CLEARANCE: HOLD] 인물명은 파일명·폴더명 등 비시각적 근거 범위에서만 기록한다. 착용·태그·게시를 협업·추천·앰배서더로 확대 표현하지 않는다. [사용권 재감사 2026-08-10] 사용자가 유료 마케팅 집행 및 납품물 재사용 가능을 확인했다. 이는 착용·유료 노출 사실의 사용 승인이지 Ambassador·공식 Collaboration·추천 관계의 근거가 아니다.,NO — 실제 인물·제품·착용·권리 증거를 AI로 생성하거나 변경하지 않음. 승인 후 크롭·자막·색상 정리만 가능.,원본: /Volumes/DESKTOP/XXX STUDIO/6) 홍보/4) 연예인 협찬/1) MA1/GTpibJqa8AAIqM9.jpg,CANDIDATE,REVIEWED,B,실제 확인: 인물 중심 세로 사진이지만 흰색 제품의 가슴 표식이 명확해 WORN 보조 증거로 쓸 수 있다. Creative 판정은 B. 상업사용 상태는 HOLD이며 Creative 등급과 별도다.,2026-08-09,CLEARED,USER CONFIRMED PAID MARKETING
AST-0504,01_INPUT(입력_원본)/06_SOCIAL_PROOF(실제착용_소셜증거)/celebrity/source_library/1) MA1/GTpibJuacAAtVwf.jpg,GTpibJuacAAtVwf.jpg,jpg,셀럽 착용,SOCIAL_PROOF,승인된 COPY PLAN에 따라 복사한 원본 사본. 심층 품질 평가는 아직 진행하지 않음.,800 × 1065 px,N/A — 정지 이미지,MEDIUM-HIGH,MEDIUM-HIGH — 제품 착용 보조,A,WADIZ / WEBSITE / ORGANIC SOCIAL — PEOPLE & PRODUCT PROOF,PEOPLE / WORN / SUPPORT,[COMMERCIAL CLEARANCE: HOLD] 인물명은 파일명·폴더명 등 비시각적 근거 범위에서만 기록한다. 착용·태그·게시를 협업·추천·앰배서더로 확대 표현하지 않는다. [사용권 재감사 2026-08-10] 사용자가 유료 마케팅 집행 및 납품물 재사용 가능을 확인했다. 이는 착용·유료 노출 사실의 사용 승인이지 Ambassador·공식 Collaboration·추천 관계의 근거가 아니다.,NO — 실제 인물·제품·착용·권리 증거를 AI로 생성하거나 변경하지 않음. 승인 후 크롭·자막·색상 정리만 가능.,원본: /Volumes/DESKTOP/XXX STUDIO/6) 홍보/4) 연예인 협찬/1) MA1/GTpibJuacAAtVwf.jpg,CANDIDATE,REVIEWED,B,실제 확인: AST-0503과 다른 구도의 세로 사진으로 동일 흰색 제품의 전면 표식이 안정적으로 보인다. Creative 판정은 B. 상업사용 상태는 HOLD이며 Creative 등급과 별도다.,2026-08-09,CLEARED,USER CONFIRMED PAID MARKETING
AST-0505,01_INPUT(입력_원본)/06_SOCIAL_PROOF(실제착용_소셜증거)/celebrity/source_library/1) MA1/GuHt4HuffEI2XuaG.mp4,GuHt4HuffEI2XuaG.mp4,mp4,셀럽 착용,SOCIAL_PROOF,승인된 COPY PLAN에 따라 복사한 원본 사본. 심층 품질 평가는 아직 진행하지 않음.,1080 × 1440 px,25.2초,MEDIUM,MEDIUM — Archive 맥락,A,ARCHIVE / SUPPORT,PEOPLE / ARCHIVE,[COMMERCIAL CLEARANCE: HOLD] 인물명은 파일명·폴더명 등 비시각적 근거 범위에서만 기록한다. 착용·태그·게시를 협업·추천·앰배서더로 확대 표현하지 않는다. [사용권 재감사 2026-08-10] 사용자가 유료 마케팅 집행 및 납품물 재사용 가능을 확인했다. 이는 착용·유료 노출 사실의 사용 승인이지 Ambassador·공식 Collaboration·추천 관계의 근거가 아니다.,NO — 실제 인물·제품·착용·권리 증거를 AI로 생성하거나 변경하지 않음. 승인 후 크롭·자막·색상 정리만 가능.,원본: /Volumes/DESKTOP/XXX STUDIO/6) 홍보/4) 연예인 협찬/1) MA1/GuHt4HuffEI2XuaG.mp4,CANDIDATE,REVIEWED,C,실제 확인: 세로 원본 영상은 현장 분위기는 있으나 제품이 작고 장면 변화가 많아 상세 증거로는 약하다. Creative 판정은 C. 상업사용 상태는 HOLD이며 Creative 등급과 별도다.,2026-08-09,CLEARED,USER CONFIRMED PAID MARKETING
AST-0506,01_INPUT(입력_원본)/06_SOCIAL_PROOF(실제착용_소셜증거)/celebrity/source_library/1) MA1/MA1 로고.jpg,MA1 로고.jpg,jpg,셀럽 착용,SOCIAL_PROOF,승인된 COPY PLAN에 따라 복사한 원본 사본. 심층 품질 평가는 아직 진행하지 않음.,400 × 400 px,N/A — 정지 이미지,LOW,LOW — 제품·캠페인 연결 부족,A,ARCHIVE / SUPPORT,PEOPLE / ARCHIVE,[COMMERCIAL CLEARANCE: HOLD] 인물명은 파일명·폴더명 등 비시각적 근거 범위에서만 기록한다. 착용·태그·게시를 협업·추천·앰배서더로 확대 표현하지 않는다.,NO — 직접 사용 후보가 아니며 제3자·파생 자산을 AI로 재구성하지 않음.,원본: /Volumes/DESKTOP/XXX STUDIO/6) 홍보/4) 연예인 협찬/1) MA1/MA1 로고.jpg,CANDIDATE,REVIEWED,D,실제 확인: MA1 로고 단독 이미지로 XXX STUDIO 제품·착용·SEOUL 서사를 증명하지 않는다. Creative 판정은 D. 상업사용 상태는 HOLD이며 Creative 등급과 별도다.,2026-08-09,HOLD,THIRD-PARTY SOURCE
AST-0507,01_INPUT(입력_원본)/06_SOCIAL_PROOF(실제착용_소셜증거)/celebrity/source_library/1) MA1/MA1(음악수정).mp4,MA1(음악수정).mp4,mp4,셀럽 착용,SOCIAL_PROOF,승인된 COPY PLAN에 따라 복사한 원본 사본. 심층 품질 평가는 아직 진행하지 않음.,2160 × 3840 px,15.2초,HIGH,HIGH — 제품 착용 증거,A,WADIZ / WEBSITE / ORGANIC SOCIAL — PEOPLE & PRODUCT PROOF,WORN / SOCIAL PROOF / PRODUCT PROOF,[COMMERCIAL CLEARANCE: HOLD] 인물명은 파일명·폴더명 등 비시각적 근거 범위에서만 기록한다. 착용·태그·게시를 협업·추천·앰배서더로 확대 표현하지 않는다. [사용권 재감사 2026-08-10] 사용자가 유료 마케팅 집행 및 납품물 재사용 가능을 확인했다. 이는 착용·유료 노출 사실의 사용 승인이지 Ambassador·공식 Collaboration·추천 관계의 근거가 아니다.,NO — 실제 인물·제품·착용·권리 증거를 AI로 생성하거나 변경하지 않음. 승인 후 크롭·자막·색상 정리만 가능.,원본: /Volumes/DESKTOP/XXX STUDIO/6) 홍보/4) 연예인 협찬/1) MA1/MA1(음악수정).mp4,CANDIDATE,REVIEWED,A,"실제 확인: CELEB’S PICK 표지, 착용 장면, 제품 전·후면 카드를 15.2초 세로 영상으로 묶은 완성 편집본이다. Creative 판정은 A. 상업사용 상태는 HOLD이며 Creative 등급과 별도다.",2026-08-09,CLEARED,USER CONFIRMED PAID MARKETING
AST-0508,01_INPUT(입력_원본)/06_SOCIAL_PROOF(실제착용_소셜증거)/celebrity/source_library/1) MA1/MA1.mp4,MA1.mp4,mp4,셀럽 착용,SOCIAL_PROOF,승인된 COPY PLAN에 따라 복사한 원본 사본. 심층 품질 평가는 아직 진행하지 않음.,2160 × 3840 px,15.2초,LOW,LOW — 제품·캠페인 연결 부족,A,ARCHIVE / SUPPORT,DERIVATIVE / ARCHIVE,[COMMERCIAL CLEARANCE: HOLD] 인물명은 파일명·폴더명 등 비시각적 근거 범위에서만 기록한다. 착용·태그·게시를 협업·추천·앰배서더로 확대 표현하지 않는다. 중복·출력 파생 또는 Creative 범위 밖이라 직접 사용 후보에서 제외한다. [사용권 재감사 2026-08-10] 사용자가 유료 마케팅 집행 및 납품물 재사용 가능을 확인했다. 이는 착용·유료 노출 사실의 사용 승인이지 Ambassador·공식 Collaboration·추천 관계의 근거가 아니다.,NO — 직접 사용 후보가 아니며 제3자·파생 자산을 AI로 재구성하지 않음.,원본: /Volumes/DESKTOP/XXX STUDIO/6) 홍보/4) 연예인 협찬/1) MA1/MA1.mp4,CANDIDATE,REVIEWED,EXCLUDE,실제 확인: AST-0507과 같은 15.2초 구성의 음악 수정 전 버전으로 최신 편집본과 중복된다. Creative 판정은 EXCLUDE. 상업사용 상태는 HOLD이며 Creative 등급과 별도다.,2026-08-09,CLEARED,USER CONFIRMED PAID MARKETING
AST-0509,01_INPUT(입력_원본)/06_SOCIAL_PROOF(실제착용_소셜증거)/celebrity/source_library/1) MA1/MA1_안유섭2.jpg,MA1_안유섭2.jpg,jpg,셀럽 착용,SOCIAL_PROOF,승인된 COPY PLAN에 따라 복사한 원본 사본. 심층 품질 평가는 아직 진행하지 않음.,1080 × 1920 px,N/A — 정지 이미지,MEDIUM,MEDIUM — Archive 맥락,A,ARCHIVE / SUPPORT,PEOPLE / ARCHIVE,[COMMERCIAL CLEARANCE: HOLD] 인물명은 파일명·폴더명 등 비시각적 근거 범위에서만 기록한다. 착용·태그·게시를 협업·추천·앰배서더로 확대 표현하지 않는다. [사용권 재감사 2026-08-10] 사용자가 유료 마케팅 집행 및 납품물 재사용 가능을 확인했다. 이는 착용·유료 노출 사실의 사용 승인이지 Ambassador·공식 Collaboration·추천 관계의 근거가 아니다.,NO — 실제 인물·제품·착용·권리 증거를 AI로 생성하거나 변경하지 않음. 승인 후 크롭·자막·색상 정리만 가능.,원본: /Volumes/DESKTOP/XXX STUDIO/6) 홍보/4) 연예인 협찬/1) MA1/MA1_안유섭2.jpg,CANDIDATE,REVIEWED,C,실제 확인: 인물과 흰색 제품을 보여주는 세로 정지 이미지지만 가슴 표식의 판독력이 상위 사진보다 낮다. Creative 판정은 C. 상업사용 상태는 HOLD이며 Creative 등급과 별도다.,2026-08-09,CLEARED,USER CONFIRMED PAID MARKETING
AST-0510,01_INPUT(입력_원본)/06_SOCIAL_PROOF(실제착용_소셜증거)/celebrity/source_library/1) MA1/iwHhrY-8Cq35_Ydi.mp4,iwHhrY-8Cq35_Ydi.mp4,mp4,셀럽 착용,SOCIAL_PROOF,승인된 COPY PLAN에 따라 복사한 원본 사본. 심층 품질 평가는 아직 진행하지 않음.,1080 × 1920 px,3.5초,MEDIUM-HIGH,MEDIUM-HIGH — 제품 착용 보조,A,WADIZ / WEBSITE / ORGANIC SOCIAL — PEOPLE & PRODUCT PROOF,PEOPLE / WORN / SUPPORT,[COMMERCIAL CLEARANCE: HOLD] 인물명은 파일명·폴더명 등 비시각적 근거 범위에서만 기록한다. 착용·태그·게시를 협업·추천·앰배서더로 확대 표현하지 않는다. [사용권 재감사 2026-08-10] 사용자가 유료 마케팅 집행 및 납품물 재사용 가능을 확인했다. 이는 착용·유료 노출 사실의 사용 승인이지 Ambassador·공식 Collaboration·추천 관계의 근거가 아니다.,NO — 실제 인물·제품·착용·권리 증거를 AI로 생성하거나 변경하지 않음. 승인 후 크롭·자막·색상 정리만 가능.,원본: /Volumes/DESKTOP/XXX STUDIO/6) 홍보/4) 연예인 협찬/1) MA1/iwHhrY-8Cq35_Ydi.mp4,CANDIDATE,REVIEWED,B,실제 확인: 3.5초 세로 클립에서 흰색 제품 전면 표식이 보여 짧은 WORN 보조 컷으로 사용할 수 있다. Creative 판정은 B. 상업사용 상태는 HOLD이며 Creative 등급과 별도다.,2026-08-09,CLEARED,USER CONFIRMED PAID MARKETING
AST-0511,01_INPUT(입력_원본)/06_SOCIAL_PROOF(실제착용_소셜증거)/celebrity/source_library/1) MA1/릴스_협찬-양식(MA1).png,릴스_협찬-양식(MA1).png,png,셀럽 착용,SOCIAL_PROOF,승인된 COPY PLAN에 따라 복사한 원본 사본. 심층 품질 평가는 아직 진행하지 않음.,2160 × 3840 px,N/A — 정지 이미지,MEDIUM-HIGH,MEDIUM-HIGH — 제품 착용 보조,A,WADIZ / WEBSITE / ORGANIC SOCIAL — PEOPLE & PRODUCT PROOF,PEOPLE / WORN / SUPPORT,[COMMERCIAL CLEARANCE: HOLD] 인물명은 파일명·폴더명 등 비시각적 근거 범위에서만 기록한다. 착용·태그·게시를 협업·추천·앰배서더로 확대 표현하지 않는다. [사용권 재감사 2026-08-10] 사용자가 유료 마케팅 집행 및 납품물 재사용 가능을 확인했다. 이는 착용·유료 노출 사실의 사용 승인이지 Ambassador·공식 Collaboration·추천 관계의 근거가 아니다.,NO — 실제 인물·제품·착용·권리 증거를 AI로 생성하거나 변경하지 않음. 승인 후 크롭·자막·색상 정리만 가능.,원본: /Volumes/DESKTOP/XXX STUDIO/6) 홍보/4) 연예인 협찬/1) MA1/릴스_협찬-양식(MA1).png,CANDIDATE,REVIEWED,B,"실제 확인: 착용 사진과 제품 정보를 세로 카드로 정리한 완성 출력물로, 상품 증거 구간의 보조 그래픽에 적합하다. Creative 판정은 B. 상업사용 상태는 HOLD이며 Creative 등급과 별도다.",2026-08-09,CLEARED,USER CONFIRMED PAID MARKETING
AST-0512,01_INPUT(입력_원본)/06_SOCIAL_PROOF(실제착용_소셜증거)/celebrity/source_library/1) MA1/표지)MA1_안유섭.ai,표지)MA1_안유섭.ai,ai,셀럽 착용,SOCIAL_PROOF,승인된 COPY PLAN에 따라 복사한 원본 사본. 심층 품질 평가는 아직 진행하지 않음.,Illustrator 편집원본 — 아트보드 메타데이터 확인 불가,N/A — 정지 그래픽,MEDIUM,MEDIUM — Archive 맥락,A,ARCHIVE / SUPPORT,PEOPLE / ARCHIVE,[COMMERCIAL CLEARANCE: HOLD] 인물명은 파일명·폴더명 등 비시각적 근거 범위에서만 기록한다. 착용·태그·게시를 협업·추천·앰배서더로 확대 표현하지 않는다. [사용권 재감사 2026-08-10] 사용자가 유료 마케팅 집행 및 납품물 재사용 가능을 확인했다. 이는 착용·유료 노출 사실의 사용 승인이지 Ambassador·공식 Collaboration·추천 관계의 근거가 아니다.,NO — 실제 인물·제품·착용·권리 증거를 AI로 생성하거나 변경하지 않음. 승인 후 크롭·자막·색상 정리만 가능.,원본: /Volumes/DESKTOP/XXX STUDIO/6) 홍보/4) 연예인 협찬/1) MA1/표지)MA1_안유섭.ai,CANDIDATE,REVIEWED,C,실제 확인: MA1 인물 사진을 활용한 세로 표지 Illustrator 원본이며 독립 증거보다 편집 구성 요소에 가깝다. Creative 판정은 C. 상업사용 상태는 HOLD이며 Creative 등급과 별도다.,2026-08-09,CLEARED,USER CONFIRMED PAID MARKETING
AST-0513,01_INPUT(입력_원본)/06_SOCIAL_PROOF(실제착용_소셜증거)/celebrity/source_library/1) MA1/표지)MA1_안유섭.png,표지)MA1_안유섭.png,png,셀럽 착용,SOCIAL_PROOF,승인된 COPY PLAN에 따라 복사한 원본 사본. 심층 품질 평가는 아직 진행하지 않음.,2160 × 3840 px,N/A — 정지 이미지,LOW,LOW — 제품·캠페인 연결 부족,A,ARCHIVE / SUPPORT,DERIVATIVE / ARCHIVE,[COMMERCIAL CLEARANCE: HOLD] 인물명은 파일명·폴더명 등 비시각적 근거 범위에서만 기록한다. 착용·태그·게시를 협업·추천·앰배서더로 확대 표현하지 않는다. 중복·출력 파생 또는 Creative 범위 밖이라 직접 사용 후보에서 제외한다. [사용권 재감사 2026-08-10] 사용자가 유료 마케팅 집행 및 납품물 재사용 가능을 확인했다. 이는 착용·유료 노출 사실의 사용 승인이지 Ambassador·공식 Collaboration·추천 관계의 근거가 아니다.,NO — 직접 사용 후보가 아니며 제3자·파생 자산을 AI로 재구성하지 않음.,원본: /Volumes/DESKTOP/XXX STUDIO/6) 홍보/4) 연예인 협찬/1) MA1/표지)MA1_안유섭.png,CANDIDATE,REVIEWED,EXCLUDE,실제 확인: AST-0512 표지의 PNG 출력본으로 편집원본과 동일한 파생 자산이다. Creative 판정은 EXCLUDE. 상업사용 상태는 HOLD이며 Creative 등급과 별도다.,2026-08-09,CLEARED,USER CONFIRMED PAID MARKETING
AST-0514,01_INPUT(입력_원본)/06_SOCIAL_PROOF(실제착용_소셜증거)/celebrity/source_library/2) 코쿤/videoplayback.mp4,videoplayback.mp4,mp4,셀럽 착용,SOCIAL_PROOF,승인된 COPY PLAN에 따라 복사한 원본 사본. 심층 품질 평가는 아직 진행하지 않음.,1920 × 1080 px,401.7초,MEDIUM,MEDIUM — Archive 맥락,A,ARCHIVE / SUPPORT,PEOPLE / ARCHIVE,[COMMERCIAL CLEARANCE: HOLD] 인물명은 파일명·폴더명 등 비시각적 근거 범위에서만 기록한다. 착용·태그·게시를 협업·추천·앰배서더로 확대 표현하지 않는다.,NO — 실제 인물·제품·착용·권리 증거를 AI로 생성하거나 변경하지 않음. 승인 후 크롭·자막·색상 정리만 가능.,원본: /Volumes/DESKTOP/XXX STUDIO/6) 홍보/4) 연예인 협찬/2) 코쿤/videoplayback.mp4,CANDIDATE,REVIEWED,C,실제 확인: KOKOON 파일명의 6분대 가로 무대 영상으로 샘플 프레임에서 제품을 지속적으로 판독하기 어렵다. Creative 판정은 C. 상업사용 상태는 HOLD이며 Creative 등급과 별도다.,2026-08-09,HOLD,THIRD-PARTY SOURCE
AST-0515,01_INPUT(입력_원본)/06_SOCIAL_PROOF(실제착용_소셜증거)/celebrity/source_library/2) 코쿤/릴스_협찬 양식(KOKOON).ai,릴스_협찬 양식(KOKOON).ai,ai,셀럽 착용,SOCIAL_PROOF,승인된 COPY PLAN에 따라 복사한 원본 사본. 심층 품질 평가는 아직 진행하지 않음.,Illustrator 편집원본 — 아트보드 메타데이터 확인 불가,N/A — 정지 그래픽,MEDIUM,MEDIUM — Archive 맥락,A,ARCHIVE / SUPPORT,PEOPLE / ARCHIVE,[COMMERCIAL CLEARANCE: HOLD] 인물명은 파일명·폴더명 등 비시각적 근거 범위에서만 기록한다. 착용·태그·게시를 협업·추천·앰배서더로 확대 표현하지 않는다.,NO — 실제 인물·제품·착용·권리 증거를 AI로 생성하거나 변경하지 않음. 승인 후 크롭·자막·색상 정리만 가능.,원본: /Volumes/DESKTOP/XXX STUDIO/6) 홍보/4) 연예인 협찬/2) 코쿤/릴스_협찬 양식(KOKOON).ai,CANDIDATE,REVIEWED,C,실제 확인: 착용 이미지와 상품 카드를 결합한 KOKOON 세로 편집 양식 원본으로 직접 증거보다 조판 템플릿 성격이 강하다. Creative 판정은 C. 상업사용 상태는 HOLD이며 Creative 등급과 별도다.,2026-08-09,HOLD,THIRD-PARTY SOURCE
AST-0516,01_INPUT(입력_원본)/06_SOCIAL_PROOF(실제착용_소셜증거)/celebrity/source_library/2) 코쿤/릴스_협찬-양식(KOKOON).png,릴스_협찬-양식(KOKOON).png,png,셀럽 착용,SOCIAL_PROOF,승인된 COPY PLAN에 따라 복사한 원본 사본. 심층 품질 평가는 아직 진행하지 않음.,2160 × 3840 px,N/A — 정지 이미지,LOW,LOW — 제품·캠페인 연결 부족,A,ARCHIVE / SUPPORT,DERIVATIVE / ARCHIVE,[COMMERCIAL CLEARANCE: HOLD] 인물명은 파일명·폴더명 등 비시각적 근거 범위에서만 기록한다. 착용·태그·게시를 협업·추천·앰배서더로 확대 표현하지 않는다. 중복·출력 파생 또는 Creative 범위 밖이라 직접 사용 후보에서 제외한다.,NO — 직접 사용 후보가 아니며 제3자·파생 자산을 AI로 재구성하지 않음.,원본: /Volumes/DESKTOP/XXX STUDIO/6) 홍보/4) 연예인 협찬/2) 코쿤/릴스_협찬-양식(KOKOON).png,CANDIDATE,REVIEWED,EXCLUDE,실제 확인: AST-0515 양식의 PNG 출력본으로 동일 구성의 파생 자산이다. Creative 판정은 EXCLUDE. 상업사용 상태는 HOLD이며 Creative 등급과 별도다.,2026-08-09,HOLD,THIRD-PARTY SOURCE
AST-0517,01_INPUT(입력_원본)/06_SOCIAL_PROOF(실제착용_소셜증거)/celebrity/source_library/2) 코쿤/표지) 코쿤(블랙).ai,표지) 코쿤(블랙).ai,ai,셀럽 착용,SOCIAL_PROOF,승인된 COPY PLAN에 따라 복사한 원본 사본. 심층 품질 평가는 아직 진행하지 않음.,Illustrator 편집원본 — 아트보드 메타데이터 확인 불가,N/A — 정지 그래픽,MEDIUM-HIGH,MEDIUM-HIGH — 제품 착용 보조,A,WADIZ / WEBSITE / ORGANIC SOCIAL — PEOPLE & PRODUCT PROOF,PEOPLE / WORN / SUPPORT,[COMMERCIAL CLEARANCE: HOLD] 인물명은 파일명·폴더명 등 비시각적 근거 범위에서만 기록한다. 착용·태그·게시를 협업·추천·앰배서더로 확대 표현하지 않는다.,NO — 실제 인물·제품·착용·권리 증거를 AI로 생성하거나 변경하지 않음. 승인 후 크롭·자막·색상 정리만 가능.,원본: /Volumes/DESKTOP/XXX STUDIO/6) 홍보/4) 연예인 협찬/2) 코쿤/표지) 코쿤(블랙).ai,CANDIDATE,REVIEWED,B,실제 확인: 흰색 로고 상의를 입은 장면을 검정 세로 표지로 정리해 PEOPLE/WORN 도입부에 활용 가치가 있다. Creative 판정은 B. 상업사용 상태는 HOLD이며 Creative 등급과 별도다.,2026-08-09,HOLD,THIRD-PARTY SOURCE
AST-0518,01_INPUT(입력_원본)/06_SOCIAL_PROOF(실제착용_소셜증거)/celebrity/source_library/2) 코쿤/표지) 코쿤.ai,표지) 코쿤.ai,ai,셀럽 착용,SOCIAL_PROOF,승인된 COPY PLAN에 따라 복사한 원본 사본. 심층 품질 평가는 아직 진행하지 않음.,Illustrator 편집원본 — 아트보드 메타데이터 확인 불가,N/A — 정지 그래픽,MEDIUM,MEDIUM — Archive 맥락,A,ARCHIVE / SUPPORT,PEOPLE / ARCHIVE,[COMMERCIAL CLEARANCE: HOLD] 인물명은 파일명·폴더명 등 비시각적 근거 범위에서만 기록한다. 착용·태그·게시를 협업·추천·앰배서더로 확대 표현하지 않는다.,NO — 실제 인물·제품·착용·권리 증거를 AI로 생성하거나 변경하지 않음. 승인 후 크롭·자막·색상 정리만 가능.,원본: /Volumes/DESKTOP/XXX STUDIO/6) 홍보/4) 연예인 협찬/2) 코쿤/표지) 코쿤.ai,CANDIDATE,REVIEWED,C,실제 확인: AST-0517의 흰색 배경 변형으로 제품 표식 대비와 화면 힘이 검정 버전보다 약하다. Creative 판정은 C. 상업사용 상태는 HOLD이며 Creative 등급과 별도다.,2026-08-09,HOLD,THIRD-PARTY SOURCE
AST-0519,01_INPUT(입력_원본)/06_SOCIAL_PROOF(실제착용_소셜증거)/celebrity/source_library/2) 코쿤/표지)-코쿤(블랙).png,표지)-코쿤(블랙).png,png,셀럽 착용,SOCIAL_PROOF,승인된 COPY PLAN에 따라 복사한 원본 사본. 심층 품질 평가는 아직 진행하지 않음.,2160 × 3840 px,N/A — 정지 이미지,LOW,LOW — 제품·캠페인 연결 부족,A,ARCHIVE / SUPPORT,DERIVATIVE / ARCHIVE,[COMMERCIAL CLEARANCE: HOLD] 인물명은 파일명·폴더명 등 비시각적 근거 범위에서만 기록한다. 착용·태그·게시를 협업·추천·앰배서더로 확대 표현하지 않는다. 중복·출력 파생 또는 Creative 범위 밖이라 직접 사용 후보에서 제외한다.,NO — 직접 사용 후보가 아니며 제3자·파생 자산을 AI로 재구성하지 않음.,원본: /Volumes/DESKTOP/XXX STUDIO/6) 홍보/4) 연예인 협찬/2) 코쿤/표지)-코쿤(블랙).png,CANDIDATE,REVIEWED,EXCLUDE,실제 확인: AST-0517 검정 표지의 PNG 출력본으로 편집원본과 동일한 파생 자산이다. Creative 판정은 EXCLUDE. 상업사용 상태는 HOLD이며 Creative 등급과 별도다.,2026-08-09,HOLD,THIRD-PARTY SOURCE
AST-0520,01_INPUT(입력_원본)/06_SOCIAL_PROOF(실제착용_소셜증거)/celebrity/source_library/2) 코쿤/표지)-코쿤.png,표지)-코쿤.png,png,셀럽 착용,SOCIAL_PROOF,승인된 COPY PLAN에 따라 복사한 원본 사본. 심층 품질 평가는 아직 진행하지 않음.,2160 × 3840 px,N/A — 정지 이미지,LOW,LOW — 제품·캠페인 연결 부족,A,ARCHIVE / SUPPORT,DERIVATIVE / ARCHIVE,[COMMERCIAL CLEARANCE: HOLD] 인물명은 파일명·폴더명 등 비시각적 근거 범위에서만 기록한다. 착용·태그·게시를 협업·추천·앰배서더로 확대 표현하지 않는다. 중복·출력 파생 또는 Creative 범위 밖이라 직접 사용 후보에서 제외한다.,NO — 직접 사용 후보가 아니며 제3자·파생 자산을 AI로 재구성하지 않음.,원본: /Volumes/DESKTOP/XXX STUDIO/6) 홍보/4) 연예인 협찬/2) 코쿤/표지)-코쿤.png,CANDIDATE,REVIEWED,EXCLUDE,실제 확인: AST-0518 흰색 표지의 PNG 출력본으로 편집원본과 동일한 파생 자산이다. Creative 판정은 EXCLUDE. 상업사용 상태는 HOLD이며 Creative 등급과 별도다.,2026-08-09,HOLD,THIRD-PARTY SOURCE
AST-0521,01_INPUT(입력_원본)/06_SOCIAL_PROOF(실제착용_소셜증거)/celebrity/source_library/3) NOUERA/240922 NouerA - 일본 팬미팅 GMP 첫 출국 (장현준 Focus Fancam).mp4,240922 NouerA - 일본 팬미팅 GMP 첫 출국 (장현준 Focus Fancam).mp4,mp4,셀럽 착용,SOCIAL_PROOF,승인된 COPY PLAN에 따라 복사한 원본 사본. 심층 품질 평가는 아직 진행하지 않음.,1280 × 720 px,200.4초,MEDIUM,MEDIUM — Archive 맥락,A,ARCHIVE / SUPPORT,PEOPLE / ARCHIVE,[COMMERCIAL CLEARANCE: HOLD] 인물명은 파일명·폴더명 등 비시각적 근거 범위에서만 기록한다. 착용·태그·게시를 협업·추천·앰배서더로 확대 표현하지 않는다.,NO — 실제 인물·제품·착용·권리 증거를 AI로 생성하거나 변경하지 않음. 승인 후 크롭·자막·색상 정리만 가능.,원본: /Volumes/DESKTOP/XXX STUDIO/6) 홍보/4) 연예인 협찬/3) NOUERA/240922 NouerA - 일본 팬미팅 GMP 첫 출국 (장현준 Focus Fancam).mp4,CANDIDATE,REVIEWED,C,실제 확인: NOUERA 파일명의 공항 직캠으로 현장성은 있으나 인물·제품이 작고 영상 길이가 길어 직접 사용 효율이 낮다. Creative 판정은 C. 상업사용 상태는 HOLD이며 Creative 등급과 별도다.,2026-08-09,HOLD,THIRD-PARTY SOURCE
AST-0522,01_INPUT(입력_원본)/06_SOCIAL_PROOF(실제착용_소셜증거)/celebrity/source_library/3) NOUERA/기사사진_ETNEWS.jpg,기사사진_ETNEWS.jpg,jpg,셀럽 착용,SOCIAL_PROOF,승인된 COPY PLAN에 따라 복사한 원본 사본. 심층 품질 평가는 아직 진행하지 않음.,600 × 900 px,N/A — 정지 이미지,HIGH,HIGH — 제품 착용 증거,A,WADIZ / WEBSITE / ORGANIC SOCIAL — PEOPLE & PRODUCT PROOF,WORN / SOCIAL PROOF / PRODUCT PROOF,[COMMERCIAL CLEARANCE: HOLD] 인물명은 파일명·폴더명 등 비시각적 근거 범위에서만 기록한다. 착용·태그·게시를 협업·추천·앰배서더로 확대 표현하지 않는다.,NO — 실제 인물·제품·착용·권리 증거를 AI로 생성하거나 변경하지 않음. 승인 후 크롭·자막·색상 정리만 가능.,원본: /Volumes/DESKTOP/XXX STUDIO/6) 홍보/4) 연예인 협찬/3) NOUERA/기사사진_ETNEWS.jpg,CANDIDATE,REVIEWED,A,실제 확인: ETNEWS 파일명의 고해상도 기사 사진으로 파란 재킷 안 흰색 제품의 가슴 표식과 착용이 선명하다. Creative 판정은 A. 상업사용 상태는 HOLD이며 Creative 등급과 별도다.,2026-08-09,HOLD,THIRD-PARTY SOURCE
AST-0523,01_INPUT(입력_원본)/06_SOCIAL_PROOF(실제착용_소셜증거)/celebrity/source_library/3) NOUERA/기사사진_ETNEWS2.jpg,기사사진_ETNEWS2.jpg,jpg,셀럽 착용,SOCIAL_PROOF,승인된 COPY PLAN에 따라 복사한 원본 사본. 심층 품질 평가는 아직 진행하지 않음.,600 × 900 px,N/A — 정지 이미지,HIGH,HIGH — 제품 착용 증거,A,WADIZ / WEBSITE / ORGANIC SOCIAL — PEOPLE & PRODUCT PROOF,WORN / SOCIAL PROOF / PRODUCT PROOF,[COMMERCIAL CLEARANCE: HOLD] 인물명은 파일명·폴더명 등 비시각적 근거 범위에서만 기록한다. 착용·태그·게시를 협업·추천·앰배서더로 확대 표현하지 않는다.,NO — 실제 인물·제품·착용·권리 증거를 AI로 생성하거나 변경하지 않음. 승인 후 크롭·자막·색상 정리만 가능.,원본: /Volumes/DESKTOP/XXX STUDIO/6) 홍보/4) 연예인 협찬/3) NOUERA/기사사진_ETNEWS2.jpg,CANDIDATE,REVIEWED,A,실제 확인: ETNEWS 파일명의 다른 고해상도 기사 사진으로 제품 전면 표식과 착용 맥락이 함께 잘 읽힌다. Creative 판정은 A. 상업사용 상태는 HOLD이며 Creative 등급과 별도다.,2026-08-09,HOLD,THIRD-PARTY SOURCE
AST-0524,01_INPUT(입력_원본)/06_SOCIAL_PROOF(실제착용_소셜증거)/celebrity/source_library/3) NOUERA/기사사진_ETNEWS3.jpg,기사사진_ETNEWS3.jpg,jpg,셀럽 착용,SOCIAL_PROOF,승인된 COPY PLAN에 따라 복사한 원본 사본. 심층 품질 평가는 아직 진행하지 않음.,600 × 900 px,N/A — 정지 이미지,MEDIUM-HIGH,MEDIUM-HIGH — 제품 착용 보조,A,WADIZ / WEBSITE / ORGANIC SOCIAL — PEOPLE & PRODUCT PROOF,PEOPLE / WORN / SUPPORT,[COMMERCIAL CLEARANCE: HOLD] 인물명은 파일명·폴더명 등 비시각적 근거 범위에서만 기록한다. 착용·태그·게시를 협업·추천·앰배서더로 확대 표현하지 않는다.,NO — 실제 인물·제품·착용·권리 증거를 AI로 생성하거나 변경하지 않음. 승인 후 크롭·자막·색상 정리만 가능.,원본: /Volumes/DESKTOP/XXX STUDIO/6) 홍보/4) 연예인 협찬/3) NOUERA/기사사진_ETNEWS3.jpg,CANDIDATE,REVIEWED,B,실제 확인: ETNEWS 파일명의 추가 구도로 제품 전면이 보이지만 AST-0522/0523보다 표식과 구도가 약하다. Creative 판정은 B. 상업사용 상태는 HOLD이며 Creative 등급과 별도다.,2026-08-09,HOLD,THIRD-PARTY SOURCE
AST-0525,01_INPUT(입력_원본)/06_SOCIAL_PROOF(실제착용_소셜증거)/celebrity/source_library/3) NOUERA/기사사진_텐아시아.jpg,기사사진_텐아시아.jpg,jpg,셀럽 착용,SOCIAL_PROOF,승인된 COPY PLAN에 따라 복사한 원본 사본. 심층 품질 평가는 아직 진행하지 않음.,647 × 431 px,N/A — 정지 이미지,MEDIUM,MEDIUM — Archive 맥락,A,ARCHIVE / SUPPORT,PEOPLE / ARCHIVE,[COMMERCIAL CLEARANCE: HOLD] 인물명은 파일명·폴더명 등 비시각적 근거 범위에서만 기록한다. 착용·태그·게시를 협업·추천·앰배서더로 확대 표현하지 않는다.,NO — 실제 인물·제품·착용·권리 증거를 AI로 생성하거나 변경하지 않음. 승인 후 크롭·자막·색상 정리만 가능.,원본: /Volumes/DESKTOP/XXX STUDIO/6) 홍보/4) 연예인 협찬/3) NOUERA/기사사진_텐아시아.jpg,CANDIDATE,REVIEWED,C,실제 확인: 텐아시아 파일명의 단체 기사 사진으로 인물이 작아 개별 제품 증거력은 낮다. Creative 판정은 C. 상업사용 상태는 HOLD이며 Creative 등급과 별도다.,2026-08-09,HOLD,THIRD-PARTY SOURCE
AST-0526,01_INPUT(입력_원본)/06_SOCIAL_PROOF(실제착용_소셜증거)/celebrity/source_library/3) NOUERA/누에라-장현준.mp4,누에라-장현준.mp4,mp4,셀럽 착용,SOCIAL_PROOF,승인된 COPY PLAN에 따라 복사한 원본 사본. 심층 품질 평가는 아직 진행하지 않음.,2160 × 3840 px,15.2초,HIGH,HIGH — 제품 착용 증거,A,WADIZ / WEBSITE / ORGANIC SOCIAL — PEOPLE & PRODUCT PROOF,WORN / SOCIAL PROOF / PRODUCT PROOF,[COMMERCIAL CLEARANCE: HOLD] 인물명은 파일명·폴더명 등 비시각적 근거 범위에서만 기록한다. 착용·태그·게시를 협업·추천·앰배서더로 확대 표현하지 않는다.,NO — 실제 인물·제품·착용·권리 증거를 AI로 생성하거나 변경하지 않음. 승인 후 크롭·자막·색상 정리만 가능.,원본: /Volumes/DESKTOP/XXX STUDIO/6) 홍보/4) 연예인 협찬/3) NOUERA/누에라-장현준.mp4,CANDIDATE,REVIEWED,A,실제 확인: 기사 사진·셀피·제품 카드를 연결한 15.2초 세로 완성본으로 착용과 제품 정보를 동시에 전달한다. Creative 판정은 A. 상업사용 상태는 HOLD이며 Creative 등급과 별도다.,2026-08-09,HOLD,THIRD-PARTY SOURCE
AST-0527,01_INPUT(입력_원본)/06_SOCIAL_PROOF(실제착용_소셜증거)/celebrity/source_library/3) NOUERA/릴스_협찬 양식(NOUERA)_장현준.ai,릴스_협찬 양식(NOUERA)_장현준.ai,ai,셀럽 착용,SOCIAL_PROOF,승인된 COPY PLAN에 따라 복사한 원본 사본. 심층 품질 평가는 아직 진행하지 않음.,Illustrator 편집원본 — 아트보드 메타데이터 확인 불가,N/A — 정지 그래픽,MEDIUM,MEDIUM — Archive 맥락,A,ARCHIVE / SUPPORT,PEOPLE / ARCHIVE,[COMMERCIAL CLEARANCE: HOLD] 인물명은 파일명·폴더명 등 비시각적 근거 범위에서만 기록한다. 착용·태그·게시를 협업·추천·앰배서더로 확대 표현하지 않는다.,NO — 실제 인물·제품·착용·권리 증거를 AI로 생성하거나 변경하지 않음. 승인 후 크롭·자막·색상 정리만 가능.,원본: /Volumes/DESKTOP/XXX STUDIO/6) 홍보/4) 연예인 협찬/3) NOUERA/릴스_협찬 양식(NOUERA)_장현준.ai,CANDIDATE,REVIEWED,C,실제 확인: NOUERA 착용 사진과 상품 정보를 결합한 세로 양식 Illustrator 원본으로 직접 증거보다 편집 재료다. Creative 판정은 C. 상업사용 상태는 HOLD이며 Creative 등급과 별도다.,2026-08-09,HOLD,THIRD-PARTY SOURCE
AST-0528,01_INPUT(입력_원본)/06_SOCIAL_PROOF(실제착용_소셜증거)/celebrity/source_library/3) NOUERA/릴스_협찬-양식(NOUERA)_장현준.png,릴스_협찬-양식(NOUERA)_장현준.png,png,셀럽 착용,SOCIAL_PROOF,승인된 COPY PLAN에 따라 복사한 원본 사본. 심층 품질 평가는 아직 진행하지 않음.,2160 × 3840 px,N/A — 정지 이미지,LOW,LOW — 제품·캠페인 연결 부족,A,ARCHIVE / SUPPORT,DERIVATIVE / ARCHIVE,[COMMERCIAL CLEARANCE: HOLD] 인물명은 파일명·폴더명 등 비시각적 근거 범위에서만 기록한다. 착용·태그·게시를 협업·추천·앰배서더로 확대 표현하지 않는다. 중복·출력 파생 또는 Creative 범위 밖이라 직접 사용 후보에서 제외한다.,NO — 직접 사용 후보가 아니며 제3자·파생 자산을 AI로 재구성하지 않음.,원본: /Volumes/DESKTOP/XXX STUDIO/6) 홍보/4) 연예인 협찬/3) NOUERA/릴스_협찬-양식(NOUERA)_장현준.png,CANDIDATE,REVIEWED,EXCLUDE,실제 확인: AST-0527 양식의 PNG 출력본으로 편집원본과 동일한 파생 자산이다. Creative 판정은 EXCLUDE. 상업사용 상태는 HOLD이며 Creative 등급과 별도다.,2026-08-09,HOLD,THIRD-PARTY SOURCE
AST-0529,01_INPUT(입력_원본)/06_SOCIAL_PROOF(실제착용_소셜증거)/celebrity/source_library/3) NOUERA/장현준1(@junmisae).jpg,장현준1(@junmisae).jpg,jpg,셀럽 착용,SOCIAL_PROOF,승인된 COPY PLAN에 따라 복사한 원본 사본. 심층 품질 평가는 아직 진행하지 않음.,1080 × 1440 px,N/A — 정지 이미지,MEDIUM-HIGH,MEDIUM-HIGH — 제품 착용 보조,A,WADIZ / WEBSITE / ORGANIC SOCIAL — PEOPLE & PRODUCT PROOF,PEOPLE / WORN / SUPPORT,[COMMERCIAL CLEARANCE: HOLD] 인물명은 파일명·폴더명 등 비시각적 근거 범위에서만 기록한다. 착용·태그·게시를 협업·추천·앰배서더로 확대 표현하지 않는다. [사용권 재감사 2026-08-10] 사용자가 유료 마케팅 집행 및 납품물 재사용 가능을 확인했다. 이는 착용·유료 노출 사실의 사용 승인이지 Ambassador·공식 Collaboration·추천 관계의 근거가 아니다.,NO — 실제 인물·제품·착용·권리 증거를 AI로 생성하거나 변경하지 않음. 승인 후 크롭·자막·색상 정리만 가능.,원본: /Volumes/DESKTOP/XXX STUDIO/6) 홍보/4) 연예인 협찬/3) NOUERA/장현준1(@junmisae).jpg,CANDIDATE,REVIEWED,B,실제 확인: 파일명에 명시된 계정 출처의 셀피로 흰색 제품 전면과 가슴 표식이 비교적 잘 보인다. Creative 판정은 B. 상업사용 상태는 HOLD이며 Creative 등급과 별도다.,2026-08-09,CLEARED,USER CONFIRMED PAID MARKETING
AST-0530,01_INPUT(입력_원본)/06_SOCIAL_PROOF(실제착용_소셜증거)/celebrity/source_library/3) NOUERA/장현준1(@jyuniee2).jpg,장현준1(@jyuniee2).jpg,jpg,셀럽 착용,SOCIAL_PROOF,승인된 COPY PLAN에 따라 복사한 원본 사본. 심층 품질 평가는 아직 진행하지 않음.,900 × 600 px,N/A — 정지 이미지,MEDIUM,MEDIUM — Archive 맥락,A,ARCHIVE / SUPPORT,PEOPLE / ARCHIVE,[COMMERCIAL CLEARANCE: HOLD] 인물명은 파일명·폴더명 등 비시각적 근거 범위에서만 기록한다. 착용·태그·게시를 협업·추천·앰배서더로 확대 표현하지 않는다. [사용권 재감사 2026-08-10] 사용자가 유료 마케팅 집행 및 납품물 재사용 가능을 확인했다. 이는 착용·유료 노출 사실의 사용 승인이지 Ambassador·공식 Collaboration·추천 관계의 근거가 아니다.,NO — 실제 인물·제품·착용·권리 증거를 AI로 생성하거나 변경하지 않음. 승인 후 크롭·자막·색상 정리만 가능.,원본: /Volumes/DESKTOP/XXX STUDIO/6) 홍보/4) 연예인 협찬/3) NOUERA/장현준1(@jyuniee2).jpg,CANDIDATE,REVIEWED,C,실제 확인: 파일명에 명시된 계정 출처의 사진이지만 인물·제품이 작아 증거력이 낮다. Creative 판정은 C. 상업사용 상태는 HOLD이며 Creative 등급과 별도다.,2026-08-09,CLEARED,USER CONFIRMED PAID MARKETING
AST-0531,01_INPUT(입력_원본)/06_SOCIAL_PROOF(실제착용_소셜증거)/celebrity/source_library/3) NOUERA/장현준2(@junmisae).jpg,장현준2(@junmisae).jpg,jpg,셀럽 착용,SOCIAL_PROOF,승인된 COPY PLAN에 따라 복사한 원본 사본. 심층 품질 평가는 아직 진행하지 않음.,1080 × 1440 px,N/A — 정지 이미지,MEDIUM-HIGH,MEDIUM-HIGH — 제품 착용 보조,A,WADIZ / WEBSITE / ORGANIC SOCIAL — PEOPLE & PRODUCT PROOF,PEOPLE / WORN / SUPPORT,[COMMERCIAL CLEARANCE: HOLD] 인물명은 파일명·폴더명 등 비시각적 근거 범위에서만 기록한다. 착용·태그·게시를 협업·추천·앰배서더로 확대 표현하지 않는다. [사용권 재감사 2026-08-10] 사용자가 유료 마케팅 집행 및 납품물 재사용 가능을 확인했다. 이는 착용·유료 노출 사실의 사용 승인이지 Ambassador·공식 Collaboration·추천 관계의 근거가 아니다.,NO — 실제 인물·제품·착용·권리 증거를 AI로 생성하거나 변경하지 않음. 승인 후 크롭·자막·색상 정리만 가능.,원본: /Volumes/DESKTOP/XXX STUDIO/6) 홍보/4) 연예인 협찬/3) NOUERA/장현준2(@junmisae).jpg,CANDIDATE,REVIEWED,B,실제 확인: 두 인물이 함께 있는 셀피에서 흰색 제품의 전면 표식이 읽혀 PEOPLE 보조 컷으로 유효하다. Creative 판정은 B. 상업사용 상태는 HOLD이며 Creative 등급과 별도다.,2026-08-09,CLEARED,USER CONFIRMED PAID MARKETING
AST-0532,01_INPUT(입력_원본)/06_SOCIAL_PROOF(실제착용_소셜증거)/celebrity/source_library/3) NOUERA/장현준2(@jyuniee2).jpg,장현준2(@jyuniee2).jpg,jpg,셀럽 착용,SOCIAL_PROOF,승인된 COPY PLAN에 따라 복사한 원본 사본. 심층 품질 평가는 아직 진행하지 않음.,1706 × 2560 px,N/A — 정지 이미지,MEDIUM-HIGH,MEDIUM-HIGH — 제품 착용 보조,A,WADIZ / WEBSITE / ORGANIC SOCIAL — PEOPLE & PRODUCT PROOF,PEOPLE / WORN / SUPPORT,[COMMERCIAL CLEARANCE: HOLD] 인물명은 파일명·폴더명 등 비시각적 근거 범위에서만 기록한다. 착용·태그·게시를 협업·추천·앰배서더로 확대 표현하지 않는다. [사용권 재감사 2026-08-10] 사용자가 유료 마케팅 집행 및 납품물 재사용 가능을 확인했다. 이는 착용·유료 노출 사실의 사용 승인이지 Ambassador·공식 Collaboration·추천 관계의 근거가 아니다.,NO — 실제 인물·제품·착용·권리 증거를 AI로 생성하거나 변경하지 않음. 승인 후 크롭·자막·색상 정리만 가능.,원본: /Volumes/DESKTOP/XXX STUDIO/6) 홍보/4) 연예인 협찬/3) NOUERA/장현준2(@jyuniee2).jpg,CANDIDATE,REVIEWED,B,실제 확인: 세로 사진에서 파란 재킷 안 흰색 제품과 가슴 표식이 안정적으로 확인된다. Creative 판정은 B. 상업사용 상태는 HOLD이며 Creative 등급과 별도다.,2026-08-09,CLEARED,USER CONFIRMED PAID MARKETING
AST-0533,01_INPUT(입력_원본)/06_SOCIAL_PROOF(실제착용_소셜증거)/celebrity/source_library/3) NOUERA/장현준3(@jyuniee2).jpg,장현준3(@jyuniee2).jpg,jpg,셀럽 착용,SOCIAL_PROOF,승인된 COPY PLAN에 따라 복사한 원본 사본. 심층 품질 평가는 아직 진행하지 않음.,1706 × 2560 px,N/A — 정지 이미지,MEDIUM-HIGH,MEDIUM-HIGH — 제품 착용 보조,A,WADIZ / WEBSITE / ORGANIC SOCIAL — PEOPLE & PRODUCT PROOF,PEOPLE / WORN / SUPPORT,[COMMERCIAL CLEARANCE: HOLD] 인물명은 파일명·폴더명 등 비시각적 근거 범위에서만 기록한다. 착용·태그·게시를 협업·추천·앰배서더로 확대 표현하지 않는다. [사용권 재감사 2026-08-10] 사용자가 유료 마케팅 집행 및 납품물 재사용 가능을 확인했다. 이는 착용·유료 노출 사실의 사용 승인이지 Ambassador·공식 Collaboration·추천 관계의 근거가 아니다.,NO — 실제 인물·제품·착용·권리 증거를 AI로 생성하거나 변경하지 않음. 승인 후 크롭·자막·색상 정리만 가능.,원본: /Volumes/DESKTOP/XXX STUDIO/6) 홍보/4) 연예인 협찬/3) NOUERA/장현준3(@jyuniee2).jpg,CANDIDATE,REVIEWED,B,실제 확인: 다른 포즈의 세로 사진으로 제품 전면과 가슴 표식을 보조적으로 보여준다. Creative 판정은 B. 상업사용 상태는 HOLD이며 Creative 등급과 별도다.,2026-08-09,CLEARED,USER CONFIRMED PAID MARKETING
AST-0534,01_INPUT(입력_원본)/06_SOCIAL_PROOF(실제착용_소셜증거)/celebrity/source_library/3) NOUERA/장현준4(@jyuniee2).jpg,장현준4(@jyuniee2).jpg,jpg,셀럽 착용,SOCIAL_PROOF,승인된 COPY PLAN에 따라 복사한 원본 사본. 심층 품질 평가는 아직 진행하지 않음.,2560 × 1705 px,N/A — 정지 이미지,MEDIUM-HIGH,MEDIUM-HIGH — 제품 착용 보조,A,WADIZ / WEBSITE / ORGANIC SOCIAL — PEOPLE & PRODUCT PROOF,PEOPLE / WORN / SUPPORT,[COMMERCIAL CLEARANCE: HOLD] 인물명은 파일명·폴더명 등 비시각적 근거 범위에서만 기록한다. 착용·태그·게시를 협업·추천·앰배서더로 확대 표현하지 않는다. [사용권 재감사 2026-08-10] 사용자가 유료 마케팅 집행 및 납품물 재사용 가능을 확인했다. 이는 착용·유료 노출 사실의 사용 승인이지 Ambassador·공식 Collaboration·추천 관계의 근거가 아니다.,NO — 실제 인물·제품·착용·권리 증거를 AI로 생성하거나 변경하지 않음. 승인 후 크롭·자막·색상 정리만 가능.,원본: /Volumes/DESKTOP/XXX STUDIO/6) 홍보/4) 연예인 협찬/3) NOUERA/장현준4(@jyuniee2).jpg,CANDIDATE,REVIEWED,B,실제 확인: 인물 중심 세로 사진에서 흰색 제품의 전면 노출이 충분해 착용 증거로 쓸 수 있다. Creative 판정은 B. 상업사용 상태는 HOLD이며 Creative 등급과 별도다.,2026-08-09,CLEARED,USER CONFIRMED PAID MARKETING
AST-0535,01_INPUT(입력_원본)/06_SOCIAL_PROOF(실제착용_소셜증거)/celebrity/source_library/3) NOUERA/장현준_영상(@junmisae).mp4,장현준_영상(@junmisae).mp4,mp4,셀럽 착용,SOCIAL_PROOF,승인된 COPY PLAN에 따라 복사한 원본 사본. 심층 품질 평가는 아직 진행하지 않음.,720 × 1178 px,2.9초,MEDIUM-HIGH,MEDIUM-HIGH — 제품 착용 보조,A,WADIZ / WEBSITE / ORGANIC SOCIAL — PEOPLE & PRODUCT PROOF,PEOPLE / WORN / SUPPORT,[COMMERCIAL CLEARANCE: HOLD] 인물명은 파일명·폴더명 등 비시각적 근거 범위에서만 기록한다. 착용·태그·게시를 협업·추천·앰배서더로 확대 표현하지 않는다. [사용권 재감사 2026-08-10] 사용자가 유료 마케팅 집행 및 납품물 재사용 가능을 확인했다. 이는 착용·유료 노출 사실의 사용 승인이지 Ambassador·공식 Collaboration·추천 관계의 근거가 아니다.,NO — 실제 인물·제품·착용·권리 증거를 AI로 생성하거나 변경하지 않음. 승인 후 크롭·자막·색상 정리만 가능.,원본: /Volumes/DESKTOP/XXX STUDIO/6) 홍보/4) 연예인 협찬/3) NOUERA/장현준_영상(@junmisae).mp4,CANDIDATE,REVIEWED,B,실제 확인: 짧은 세로 영상에서 흰색 제품의 착용 장면이 확인돼 완성 릴스의 원본 보조 컷으로 유효하다. Creative 판정은 B. 상업사용 상태는 HOLD이며 Creative 등급과 별도다.,2026-08-09,CLEARED,USER CONFIRMED PAID MARKETING
AST-0536,01_INPUT(입력_원본)/06_SOCIAL_PROOF(실제착용_소셜증거)/celebrity/source_library/3) NOUERA/장현준_영상2(@junmisae).mp4,장현준_영상2(@junmisae).mp4,mp4,셀럽 착용,SOCIAL_PROOF,승인된 COPY PLAN에 따라 복사한 원본 사본. 심층 품질 평가는 아직 진행하지 않음.,560 × 872 px,3.2초,MEDIUM-HIGH,MEDIUM-HIGH — 제품 착용 보조,A,WADIZ / WEBSITE / ORGANIC SOCIAL — PEOPLE & PRODUCT PROOF,PEOPLE / WORN / SUPPORT,[COMMERCIAL CLEARANCE: HOLD] 인물명은 파일명·폴더명 등 비시각적 근거 범위에서만 기록한다. 착용·태그·게시를 협업·추천·앰배서더로 확대 표현하지 않는다. [사용권 재감사 2026-08-10] 사용자가 유료 마케팅 집행 및 납품물 재사용 가능을 확인했다. 이는 착용·유료 노출 사실의 사용 승인이지 Ambassador·공식 Collaboration·추천 관계의 근거가 아니다.,NO — 실제 인물·제품·착용·권리 증거를 AI로 생성하거나 변경하지 않음. 승인 후 크롭·자막·색상 정리만 가능.,원본: /Volumes/DESKTOP/XXX STUDIO/6) 홍보/4) 연예인 협찬/3) NOUERA/장현준_영상2(@junmisae).mp4,CANDIDATE,REVIEWED,B,실제 확인: AST-0535와 다른 짧은 세로 장면으로 제품 착용과 현장 맥락을 보완한다. Creative 판정은 B. 상업사용 상태는 HOLD이며 Creative 등급과 별도다.,2026-08-09,CLEARED,USER CONFIRMED PAID MARKETING
AST-0537,01_INPUT(입력_원본)/06_SOCIAL_PROOF(실제착용_소셜증거)/celebrity/source_library/3) NOUERA/표지) 누에라 장현준.ai,표지) 누에라 장현준.ai,ai,셀럽 착용,SOCIAL_PROOF,승인된 COPY PLAN에 따라 복사한 원본 사본. 심층 품질 평가는 아직 진행하지 않음.,Illustrator 편집원본 — 아트보드 메타데이터 확인 불가,N/A — 정지 그래픽,MEDIUM,MEDIUM — Archive 맥락,A,ARCHIVE / SUPPORT,PEOPLE / ARCHIVE,[COMMERCIAL CLEARANCE: HOLD] 인물명은 파일명·폴더명 등 비시각적 근거 범위에서만 기록한다. 착용·태그·게시를 협업·추천·앰배서더로 확대 표현하지 않는다.,NO — 실제 인물·제품·착용·권리 증거를 AI로 생성하거나 변경하지 않음. 승인 후 크롭·자막·색상 정리만 가능.,원본: /Volumes/DESKTOP/XXX STUDIO/6) 홍보/4) 연예인 협찬/3) NOUERA/표지) 누에라 장현준.ai,CANDIDATE,REVIEWED,C,실제 확인: NOUERA 인물 이미지를 사용한 세로 표지 Illustrator 원본으로 직접 증거보다는 도입 그래픽이다. Creative 판정은 C. 상업사용 상태는 HOLD이며 Creative 등급과 별도다.,2026-08-09,HOLD,THIRD-PARTY SOURCE
AST-0538,01_INPUT(입력_원본)/06_SOCIAL_PROOF(실제착용_소셜증거)/celebrity/source_library/3) NOUERA/표지)-누에라-장현준.png,표지)-누에라-장현준.png,png,셀럽 착용,SOCIAL_PROOF,승인된 COPY PLAN에 따라 복사한 원본 사본. 심층 품질 평가는 아직 진행하지 않음.,2160 × 3840 px,N/A — 정지 이미지,LOW,LOW — 제품·캠페인 연결 부족,A,ARCHIVE / SUPPORT,DERIVATIVE / ARCHIVE,[COMMERCIAL CLEARANCE: HOLD] 인물명은 파일명·폴더명 등 비시각적 근거 범위에서만 기록한다. 착용·태그·게시를 협업·추천·앰배서더로 확대 표현하지 않는다. 중복·출력 파생 또는 Creative 범위 밖이라 직접 사용 후보에서 제외한다.,NO — 직접 사용 후보가 아니며 제3자·파생 자산을 AI로 재구성하지 않음.,원본: /Volumes/DESKTOP/XXX STUDIO/6) 홍보/4) 연예인 협찬/3) NOUERA/표지)-누에라-장현준.png,CANDIDATE,REVIEWED,EXCLUDE,실제 확인: AST-0537 표지의 PNG 출력본으로 편집원본과 동일한 파생 자산이다. Creative 판정은 EXCLUDE. 상업사용 상태는 HOLD이며 Creative 등급과 별도다.,2026-08-09,HOLD,THIRD-PARTY SOURCE
AST-0539,01_INPUT(입력_원본)/06_SOCIAL_PROOF(실제착용_소셜증거)/celebrity/source_library/4) 맹꽁아/1727141698675_542777.jpg,1727141698675_542777.jpg,jpg,셀럽 착용,SOCIAL_PROOF,승인된 COPY PLAN에 따라 복사한 원본 사본. 심층 품질 평가는 아직 진행하지 않음.,2560 × 495 px,N/A — 정지 이미지,LOW,LOW — 제품·캠페인 연결 부족,A,ARCHIVE / SUPPORT,PEOPLE / ARCHIVE,[COMMERCIAL CLEARANCE: HOLD] 인물명은 파일명·폴더명 등 비시각적 근거 범위에서만 기록한다. 착용·태그·게시를 협업·추천·앰배서더로 확대 표현하지 않는다.,NO — 직접 사용 후보가 아니며 제3자·파생 자산을 AI로 재구성하지 않음.,원본: /Volumes/DESKTOP/XXX STUDIO/6) 홍보/4) 연예인 협찬/4) 맹꽁아/1727141698675_542777.jpg,CANDIDATE,REVIEWED,D,실제 확인: 행사·방송 관련 배너성 이미지로 제품 전·후면이나 XXX STUDIO 표식이 유효하게 보이지 않는다. Creative 판정은 D. 상업사용 상태는 HOLD이며 Creative 등급과 별도다.,2026-08-09,HOLD,THIRD-PARTY SOURCE
AST-0540,01_INPUT(입력_원본)/06_SOCIAL_PROOF(실제착용_소셜증거)/celebrity/source_library/4) 맹꽁아/2) 맨투맨/KakaoTalk_20241106_155855095.jpg,KakaoTalk_20241106_155855095.jpg,jpg,셀럽 착용,SOCIAL_PROOF,승인된 COPY PLAN에 따라 복사한 원본 사본. 심층 품질 평가는 아직 진행하지 않음.,1200 × 1200 px,N/A — 정지 이미지,MEDIUM-HIGH,MEDIUM-HIGH — 제품 착용 보조,A,WADIZ / WEBSITE / ORGANIC SOCIAL — PEOPLE & PRODUCT PROOF,PEOPLE / WORN / SUPPORT,[COMMERCIAL CLEARANCE: HOLD] 인물명은 파일명·폴더명 등 비시각적 근거 범위에서만 기록한다. 착용·태그·게시를 협업·추천·앰배서더로 확대 표현하지 않는다.,NO — 실제 인물·제품·착용·권리 증거를 AI로 생성하거나 변경하지 않음. 승인 후 크롭·자막·색상 정리만 가능.,원본: /Volumes/DESKTOP/XXX STUDIO/6) 홍보/4) 연예인 협찬/4) 맹꽁아/2) 맨투맨/KakaoTalk_20241106_155855095.jpg,CANDIDATE,REVIEWED,B,실제 확인: 방송 장면과 제품 착용을 한 화면에 정리한 이미지로 크림색 스웨트셔츠의 착용 맥락이 보인다. Creative 판정은 B. 상업사용 상태는 HOLD이며 Creative 등급과 별도다.,2026-08-09,HOLD,THIRD-PARTY SOURCE
AST-0541,01_INPUT(입력_원본)/06_SOCIAL_PROOF(실제착용_소셜증거)/celebrity/source_library/4) 맹꽁아/2) 맨투맨/KakaoTalk_20241106_155855095_01.png,KakaoTalk_20241106_155855095_01.png,png,셀럽 착용,SOCIAL_PROOF,승인된 COPY PLAN에 따라 복사한 원본 사본. 심층 품질 평가는 아직 진행하지 않음.,1920 × 1080 px,N/A — 정지 이미지,MEDIUM-HIGH,MEDIUM-HIGH — 제품 착용 보조,A,WADIZ / WEBSITE / ORGANIC SOCIAL — PEOPLE & PRODUCT PROOF,PEOPLE / WORN / SUPPORT,[COMMERCIAL CLEARANCE: HOLD] 인물명은 파일명·폴더명 등 비시각적 근거 범위에서만 기록한다. 착용·태그·게시를 협업·추천·앰배서더로 확대 표현하지 않는다.,NO — 실제 인물·제품·착용·권리 증거를 AI로 생성하거나 변경하지 않음. 승인 후 크롭·자막·색상 정리만 가능.,원본: /Volumes/DESKTOP/XXX STUDIO/6) 홍보/4) 연예인 협찬/4) 맹꽁아/2) 맨투맨/KakaoTalk_20241106_155855095_01.png,CANDIDATE,REVIEWED,B,실제 확인: 방송 정지 화면에서 크림색 스웨트셔츠 전면과 작은 가슴 표식이 확인된다. Creative 판정은 B. 상업사용 상태는 HOLD이며 Creative 등급과 별도다.,2026-08-09,HOLD,THIRD-PARTY SOURCE
AST-0542,01_INPUT(입력_원본)/06_SOCIAL_PROOF(실제착용_소셜증거)/celebrity/source_library/4) 맹꽁아/2) 맨투맨/KakaoTalk_20241106_155855095_02.png,KakaoTalk_20241106_155855095_02.png,png,셀럽 착용,SOCIAL_PROOF,승인된 COPY PLAN에 따라 복사한 원본 사본. 심층 품질 평가는 아직 진행하지 않음.,1920 × 1080 px,N/A — 정지 이미지,MEDIUM-HIGH,MEDIUM-HIGH — 제품 착용 보조,A,WADIZ / WEBSITE / ORGANIC SOCIAL — PEOPLE & PRODUCT PROOF,PEOPLE / WORN / SUPPORT,[COMMERCIAL CLEARANCE: HOLD] 인물명은 파일명·폴더명 등 비시각적 근거 범위에서만 기록한다. 착용·태그·게시를 협업·추천·앰배서더로 확대 표현하지 않는다.,NO — 실제 인물·제품·착용·권리 증거를 AI로 생성하거나 변경하지 않음. 승인 후 크롭·자막·색상 정리만 가능.,원본: /Volumes/DESKTOP/XXX STUDIO/6) 홍보/4) 연예인 협찬/4) 맹꽁아/2) 맨투맨/KakaoTalk_20241106_155855095_02.png,CANDIDATE,REVIEWED,B,실제 확인: 방송 정지 화면의 상반신 구도로 제품 전면 표식과 색상이 더 가까이 보인다. Creative 판정은 B. 상업사용 상태는 HOLD이며 Creative 등급과 별도다.,2026-08-09,HOLD,THIRD-PARTY SOURCE
AST-0543,01_INPUT(입력_원본)/06_SOCIAL_PROOF(실제착용_소셜증거)/celebrity/source_library/4) 맹꽁아/2) 맨투맨/KakaoTalk_20241106_155855095_03.png,KakaoTalk_20241106_155855095_03.png,png,셀럽 착용,SOCIAL_PROOF,승인된 COPY PLAN에 따라 복사한 원본 사본. 심층 품질 평가는 아직 진행하지 않음.,1920 × 1080 px,N/A — 정지 이미지,MEDIUM-HIGH,MEDIUM-HIGH — 제품 착용 보조,A,WADIZ / WEBSITE / ORGANIC SOCIAL — PEOPLE & PRODUCT PROOF,PEOPLE / WORN / SUPPORT,[COMMERCIAL CLEARANCE: HOLD] 인물명은 파일명·폴더명 등 비시각적 근거 범위에서만 기록한다. 착용·태그·게시를 협업·추천·앰배서더로 확대 표현하지 않는다.,NO — 실제 인물·제품·착용·권리 증거를 AI로 생성하거나 변경하지 않음. 승인 후 크롭·자막·색상 정리만 가능.,원본: /Volumes/DESKTOP/XXX STUDIO/6) 홍보/4) 연예인 협찬/4) 맹꽁아/2) 맨투맨/KakaoTalk_20241106_155855095_03.png,CANDIDATE,REVIEWED,B,실제 확인: 방송 정지 화면에서 크림색 스웨트셔츠 전면 착용과 실루엣이 안정적으로 확인된다. Creative 판정은 B. 상업사용 상태는 HOLD이며 Creative 등급과 별도다.,2026-08-09,HOLD,THIRD-PARTY SOURCE
AST-0544,01_INPUT(입력_원본)/06_SOCIAL_PROOF(실제착용_소셜증거)/celebrity/source_library/4) 맹꽁아/2) 맨투맨/KakaoTalk_20241106_155855095_04.png,KakaoTalk_20241106_155855095_04.png,png,셀럽 착용,SOCIAL_PROOF,승인된 COPY PLAN에 따라 복사한 원본 사본. 심층 품질 평가는 아직 진행하지 않음.,1920 × 1080 px,N/A — 정지 이미지,HIGH,HIGH — 제품 착용 증거,A,WADIZ / WEBSITE / ORGANIC SOCIAL — PEOPLE & PRODUCT PROOF,WORN / SOCIAL PROOF / PRODUCT PROOF,[COMMERCIAL CLEARANCE: HOLD] 인물명은 파일명·폴더명 등 비시각적 근거 범위에서만 기록한다. 착용·태그·게시를 협업·추천·앰배서더로 확대 표현하지 않는다.,NO — 실제 인물·제품·착용·권리 증거를 AI로 생성하거나 변경하지 않음. 승인 후 크롭·자막·색상 정리만 가능.,원본: /Volumes/DESKTOP/XXX STUDIO/6) 홍보/4) 연예인 협찬/4) 맹꽁아/2) 맨투맨/KakaoTalk_20241106_155855095_04.png,CANDIDATE,REVIEWED,A,실제 확인: 방송 정지 화면에서 크림색 스웨트셔츠 등판 그래픽이 가장 명확하게 보여 WORN/BACK 증거가 강하다. Creative 판정은 A. 상업사용 상태는 HOLD이며 Creative 등급과 별도다.,2026-08-09,HOLD,THIRD-PARTY SOURCE
AST-0545,01_INPUT(입력_원본)/06_SOCIAL_PROOF(실제착용_소셜증거)/celebrity/source_library/4) 맹꽁아/2) 맨투맨/KakaoTalk_20241106_155855095_05.png,KakaoTalk_20241106_155855095_05.png,png,셀럽 착용,SOCIAL_PROOF,승인된 COPY PLAN에 따라 복사한 원본 사본. 심층 품질 평가는 아직 진행하지 않음.,1920 × 1080 px,N/A — 정지 이미지,MEDIUM-HIGH,MEDIUM-HIGH — 제품 착용 보조,A,WADIZ / WEBSITE / ORGANIC SOCIAL — PEOPLE & PRODUCT PROOF,PEOPLE / WORN / SUPPORT,[COMMERCIAL CLEARANCE: HOLD] 인물명은 파일명·폴더명 등 비시각적 근거 범위에서만 기록한다. 착용·태그·게시를 협업·추천·앰배서더로 확대 표현하지 않는다.,NO — 실제 인물·제품·착용·권리 증거를 AI로 생성하거나 변경하지 않음. 승인 후 크롭·자막·색상 정리만 가능.,원본: /Volumes/DESKTOP/XXX STUDIO/6) 홍보/4) 연예인 협찬/4) 맹꽁아/2) 맨투맨/KakaoTalk_20241106_155855095_05.png,CANDIDATE,REVIEWED,B,실제 확인: 다른 방송 정지 화면에서 크림색 제품 전면과 착용 상태를 보조적으로 확인할 수 있다. Creative 판정은 B. 상업사용 상태는 HOLD이며 Creative 등급과 별도다.,2026-08-09,HOLD,THIRD-PARTY SOURCE
AST-0546,01_INPUT(입력_원본)/06_SOCIAL_PROOF(실제착용_소셜증거)/celebrity/source_library/4) 맹꽁아/2) 맨투맨/media (1).mp4,media (1).mp4,mp4,셀럽 착용,SOCIAL_PROOF,승인된 COPY PLAN에 따라 복사한 원본 사본. 심층 품질 평가는 아직 진행하지 않음.,1920 × 1080 px,1736.4초,MEDIUM,MEDIUM — Archive 맥락,A,ARCHIVE / SUPPORT,PEOPLE / ARCHIVE,[COMMERCIAL CLEARANCE: HOLD] 인물명은 파일명·폴더명 등 비시각적 근거 범위에서만 기록한다. 착용·태그·게시를 협업·추천·앰배서더로 확대 표현하지 않는다.,NO — 실제 인물·제품·착용·권리 증거를 AI로 생성하거나 변경하지 않음. 승인 후 크롭·자막·색상 정리만 가능.,원본: /Volumes/DESKTOP/XXX STUDIO/6) 홍보/4) 연예인 협찬/4) 맹꽁아/2) 맨투맨/media (1).mp4,CANDIDATE,REVIEWED,C,실제 확인: 28분대 방송 원본으로 제품 장면은 일부 있으나 제3자 프로그램 전체를 직접 사용하는 부담이 매우 크다. Creative 판정은 C. 상업사용 상태는 HOLD이며 Creative 등급과 별도다.,2026-08-09,HOLD,THIRD-PARTY SOURCE
AST-0547,01_INPUT(입력_원본)/06_SOCIAL_PROOF(실제착용_소셜증거)/celebrity/source_library/4) 맹꽁아/2) 맨투맨/릴스_협찬 양식(맹꽁아)_박상남_ 맨투맨.ai,릴스_협찬 양식(맹꽁아)_박상남_ 맨투맨.ai,ai,셀럽 착용,SOCIAL_PROOF,승인된 COPY PLAN에 따라 복사한 원본 사본. 심층 품질 평가는 아직 진행하지 않음.,Illustrator 편집원본 — 아트보드 메타데이터 확인 불가,N/A — 정지 그래픽,MEDIUM,MEDIUM — Archive 맥락,A,ARCHIVE / SUPPORT,PEOPLE / ARCHIVE,[COMMERCIAL CLEARANCE: HOLD] 인물명은 파일명·폴더명 등 비시각적 근거 범위에서만 기록한다. 착용·태그·게시를 협업·추천·앰배서더로 확대 표현하지 않는다.,NO — 실제 인물·제품·착용·권리 증거를 AI로 생성하거나 변경하지 않음. 승인 후 크롭·자막·색상 정리만 가능.,원본: /Volumes/DESKTOP/XXX STUDIO/6) 홍보/4) 연예인 협찬/4) 맹꽁아/2) 맨투맨/릴스_협찬 양식(맹꽁아)_박상남_ 맨투맨.ai,CANDIDATE,REVIEWED,C,실제 확인: 크림색 스웨트셔츠 착용과 제품 정보를 결합한 세로 양식 Illustrator 원본으로 조판 재료에 가깝다. Creative 판정은 C. 상업사용 상태는 HOLD이며 Creative 등급과 별도다.,2026-08-09,HOLD,THIRD-PARTY SOURCE
AST-0548,01_INPUT(입력_원본)/06_SOCIAL_PROOF(실제착용_소셜증거)/celebrity/source_library/4) 맹꽁아/2) 맨투맨/릴스_협찬(표지)_맹꽁이_맨투맨(블랙).ai,릴스_협찬(표지)_맹꽁이_맨투맨(블랙).ai,ai,셀럽 착용,SOCIAL_PROOF,승인된 COPY PLAN에 따라 복사한 원본 사본. 심층 품질 평가는 아직 진행하지 않음.,Illustrator 편집원본 — 아트보드 메타데이터 확인 불가,N/A — 정지 그래픽,MEDIUM,MEDIUM — Archive 맥락,A,ARCHIVE / SUPPORT,PEOPLE / ARCHIVE,[COMMERCIAL CLEARANCE: HOLD] 인물명은 파일명·폴더명 등 비시각적 근거 범위에서만 기록한다. 착용·태그·게시를 협업·추천·앰배서더로 확대 표현하지 않는다.,NO — 실제 인물·제품·착용·권리 증거를 AI로 생성하거나 변경하지 않음. 승인 후 크롭·자막·색상 정리만 가능.,원본: /Volumes/DESKTOP/XXX STUDIO/6) 홍보/4) 연예인 협찬/4) 맹꽁아/2) 맨투맨/릴스_협찬(표지)_맹꽁이_맨투맨(블랙).ai,CANDIDATE,REVIEWED,C,실제 확인: 크림색 스웨트셔츠용 검정 표지 Illustrator 원본으로 PEOPLE 도입부 후보이나 직접 증거는 아니다. Creative 판정은 C. 상업사용 상태는 HOLD이며 Creative 등급과 별도다.,2026-08-09,HOLD,THIRD-PARTY SOURCE
AST-0549,01_INPUT(입력_원본)/06_SOCIAL_PROOF(실제착용_소셜증거)/celebrity/source_library/4) 맹꽁아/2) 맨투맨/릴스_협찬(표지)_맹꽁이_맨투맨(블랙).png,릴스_협찬(표지)_맹꽁이_맨투맨(블랙).png,png,셀럽 착용,SOCIAL_PROOF,승인된 COPY PLAN에 따라 복사한 원본 사본. 심층 품질 평가는 아직 진행하지 않음.,2160 × 3840 px,N/A — 정지 이미지,LOW,LOW — 제품·캠페인 연결 부족,A,ARCHIVE / SUPPORT,DERIVATIVE / ARCHIVE,[COMMERCIAL CLEARANCE: HOLD] 인물명은 파일명·폴더명 등 비시각적 근거 범위에서만 기록한다. 착용·태그·게시를 협업·추천·앰배서더로 확대 표현하지 않는다. 중복·출력 파생 또는 Creative 범위 밖이라 직접 사용 후보에서 제외한다.,NO — 직접 사용 후보가 아니며 제3자·파생 자산을 AI로 재구성하지 않음.,원본: /Volumes/DESKTOP/XXX STUDIO/6) 홍보/4) 연예인 협찬/4) 맹꽁아/2) 맨투맨/릴스_협찬(표지)_맹꽁이_맨투맨(블랙).png,CANDIDATE,REVIEWED,EXCLUDE,실제 확인: AST-0548 검정 표지의 PNG 출력본으로 편집원본과 동일한 파생 자산이다. Creative 판정은 EXCLUDE. 상업사용 상태는 HOLD이며 Creative 등급과 별도다.,2026-08-09,HOLD,THIRD-PARTY SOURCE
AST-0550,01_INPUT(입력_원본)/06_SOCIAL_PROOF(실제착용_소셜증거)/celebrity/source_library/4) 맹꽁아/2) 맨투맨/릴스_협찬(표지)_맹꽁이_맨투맨(화이트).ai,릴스_협찬(표지)_맹꽁이_맨투맨(화이트).ai,ai,셀럽 착용,SOCIAL_PROOF,승인된 COPY PLAN에 따라 복사한 원본 사본. 심층 품질 평가는 아직 진행하지 않음.,Illustrator 편집원본 — 아트보드 메타데이터 확인 불가,N/A — 정지 그래픽,MEDIUM,MEDIUM — Archive 맥락,A,ARCHIVE / SUPPORT,PEOPLE / ARCHIVE,[COMMERCIAL CLEARANCE: HOLD] 인물명은 파일명·폴더명 등 비시각적 근거 범위에서만 기록한다. 착용·태그·게시를 협업·추천·앰배서더로 확대 표현하지 않는다.,NO — 실제 인물·제품·착용·권리 증거를 AI로 생성하거나 변경하지 않음. 승인 후 크롭·자막·색상 정리만 가능.,원본: /Volumes/DESKTOP/XXX STUDIO/6) 홍보/4) 연예인 협찬/4) 맹꽁아/2) 맨투맨/릴스_협찬(표지)_맹꽁이_맨투맨(화이트).ai,CANDIDATE,REVIEWED,C,실제 확인: 크림색 스웨트셔츠용 흰색 표지 Illustrator 원본으로 검정 버전보다 대비가 약하다. Creative 판정은 C. 상업사용 상태는 HOLD이며 Creative 등급과 별도다.,2026-08-09,HOLD,THIRD-PARTY SOURCE
AST-0551,01_INPUT(입력_원본)/06_SOCIAL_PROOF(실제착용_소셜증거)/celebrity/source_library/4) 맹꽁아/2) 맨투맨/릴스_협찬(표지)_맹꽁이_맨투맨(화이트).png,릴스_협찬(표지)_맹꽁이_맨투맨(화이트).png,png,셀럽 착용,SOCIAL_PROOF,승인된 COPY PLAN에 따라 복사한 원본 사본. 심층 품질 평가는 아직 진행하지 않음.,2160 × 3840 px,N/A — 정지 이미지,LOW,LOW — 제품·캠페인 연결 부족,A,ARCHIVE / SUPPORT,DERIVATIVE / ARCHIVE,[COMMERCIAL CLEARANCE: HOLD] 인물명은 파일명·폴더명 등 비시각적 근거 범위에서만 기록한다. 착용·태그·게시를 협업·추천·앰배서더로 확대 표현하지 않는다. 중복·출력 파생 또는 Creative 범위 밖이라 직접 사용 후보에서 제외한다.,NO — 직접 사용 후보가 아니며 제3자·파생 자산을 AI로 재구성하지 않음.,원본: /Volumes/DESKTOP/XXX STUDIO/6) 홍보/4) 연예인 협찬/4) 맹꽁아/2) 맨투맨/릴스_협찬(표지)_맹꽁이_맨투맨(화이트).png,CANDIDATE,REVIEWED,EXCLUDE,실제 확인: AST-0550 흰색 표지의 PNG 출력본으로 편집원본과 동일한 파생 자산이다. Creative 판정은 EXCLUDE. 상업사용 상태는 HOLD이며 Creative 등급과 별도다.,2026-08-09,HOLD,THIRD-PARTY SOURCE
AST-0552,01_INPUT(입력_원본)/06_SOCIAL_PROOF(실제착용_소셜증거)/celebrity/source_library/4) 맹꽁아/2) 맨투맨/릴스_협찬-양식(맹꽁아)_박상남_-맨투맨.png,릴스_협찬-양식(맹꽁아)_박상남_-맨투맨.png,png,셀럽 착용,SOCIAL_PROOF,승인된 COPY PLAN에 따라 복사한 원본 사본. 심층 품질 평가는 아직 진행하지 않음.,2160 × 3840 px,N/A — 정지 이미지,MEDIUM-HIGH,MEDIUM-HIGH — 제품 착용 보조,A,WADIZ / WEBSITE / ORGANIC SOCIAL — PEOPLE & PRODUCT PROOF,PEOPLE / WORN / SUPPORT,[COMMERCIAL CLEARANCE: HOLD] 인물명은 파일명·폴더명 등 비시각적 근거 범위에서만 기록한다. 착용·태그·게시를 협업·추천·앰배서더로 확대 표현하지 않는다. [사용권 재감사 2026-08-10] 사용자가 유료 마케팅 집행 및 납품물 재사용 가능을 확인했다. 이는 착용·유료 노출 사실의 사용 승인이지 Ambassador·공식 Collaboration·추천 관계의 근거가 아니다.,NO — 실제 인물·제품·착용·권리 증거를 AI로 생성하거나 변경하지 않음. 승인 후 크롭·자막·색상 정리만 가능.,원본: /Volumes/DESKTOP/XXX STUDIO/6) 홍보/4) 연예인 협찬/4) 맹꽁아/2) 맨투맨/릴스_협찬-양식(맹꽁아)_박상남_-맨투맨.png,CANDIDATE,REVIEWED,B,실제 확인: 크림색 스웨트셔츠 착용 장면과 제품 카드를 세로 화면에 결합한 완성 출력물이다. Creative 판정은 B. 상업사용 상태는 HOLD이며 Creative 등급과 별도다.,2026-08-09,CLEARED,USER CONFIRMED PAID MARKETING
AST-0553,01_INPUT(입력_원본)/06_SOCIAL_PROOF(실제착용_소셜증거)/celebrity/source_library/4) 맹꽁아/2) 맨투맨/맹꽁이2.mp4,맹꽁이2.mp4,mp4,셀럽 착용,SOCIAL_PROOF,승인된 COPY PLAN에 따라 복사한 원본 사본. 심층 품질 평가는 아직 진행하지 않음.,2160 × 3840 px,15.2초,HIGH,HIGH — 제품 착용 증거,A,WADIZ / WEBSITE / ORGANIC SOCIAL — PEOPLE & PRODUCT PROOF,WORN / SOCIAL PROOF / PRODUCT PROOF,[COMMERCIAL CLEARANCE: HOLD] 인물명은 파일명·폴더명 등 비시각적 근거 범위에서만 기록한다. 착용·태그·게시를 협업·추천·앰배서더로 확대 표현하지 않는다. [사용권 재감사 2026-08-10] 사용자가 유료 마케팅 집행 및 납품물 재사용 가능을 확인했다. 이는 착용·유료 노출 사실의 사용 승인이지 Ambassador·공식 Collaboration·추천 관계의 근거가 아니다.,NO — 실제 인물·제품·착용·권리 증거를 AI로 생성하거나 변경하지 않음. 승인 후 크롭·자막·색상 정리만 가능.,원본: /Volumes/DESKTOP/XXX STUDIO/6) 홍보/4) 연예인 협찬/4) 맹꽁아/2) 맨투맨/맹꽁이2.mp4,CANDIDATE,REVIEWED,A,실제 확인: 크림색 스웨트셔츠의 착용 장면과 전·후면 제품 카드를 15.2초 세로 영상으로 연결한다. Creative 판정은 A. 상업사용 상태는 HOLD이며 Creative 등급과 별도다.,2026-08-09,CLEARED,USER CONFIRMED PAID MARKETING
AST-0554,01_INPUT(입력_원본)/06_SOCIAL_PROOF(실제착용_소셜증거)/celebrity/source_library/4) 맹꽁아/릴스_협찬 양식(맹꽁아)_박상준_반팔.ai,릴스_협찬 양식(맹꽁아)_박상준_반팔.ai,ai,셀럽 착용,SOCIAL_PROOF,승인된 COPY PLAN에 따라 복사한 원본 사본. 심층 품질 평가는 아직 진행하지 않음.,Illustrator 편집원본 — 아트보드 메타데이터 확인 불가,N/A — 정지 그래픽,MEDIUM,MEDIUM — Archive 맥락,A,ARCHIVE / SUPPORT,PEOPLE / ARCHIVE,[COMMERCIAL CLEARANCE: HOLD] 인물명은 파일명·폴더명 등 비시각적 근거 범위에서만 기록한다. 착용·태그·게시를 협업·추천·앰배서더로 확대 표현하지 않는다.,NO — 실제 인물·제품·착용·권리 증거를 AI로 생성하거나 변경하지 않음. 승인 후 크롭·자막·색상 정리만 가능.,원본: /Volumes/DESKTOP/XXX STUDIO/6) 홍보/4) 연예인 협찬/4) 맹꽁아/릴스_협찬 양식(맹꽁아)_박상준_반팔.ai,CANDIDATE,REVIEWED,C,실제 확인: 검정 반팔 제품 착용과 상품 정보를 결합한 세로 양식 Illustrator 원본으로 편집 재료다. Creative 판정은 C. 상업사용 상태는 HOLD이며 Creative 등급과 별도다.,2026-08-09,HOLD,THIRD-PARTY SOURCE
AST-0555,01_INPUT(입력_원본)/06_SOCIAL_PROOF(실제착용_소셜증거)/celebrity/source_library/4) 맹꽁아/릴스_협찬(표지)_맹꽁이.ai,릴스_협찬(표지)_맹꽁이.ai,ai,셀럽 착용,SOCIAL_PROOF,승인된 COPY PLAN에 따라 복사한 원본 사본. 심층 품질 평가는 아직 진행하지 않음.,Illustrator 편집원본 — 아트보드 메타데이터 확인 불가,N/A — 정지 그래픽,MEDIUM,MEDIUM — Archive 맥락,A,ARCHIVE / SUPPORT,PEOPLE / ARCHIVE,[COMMERCIAL CLEARANCE: HOLD] 인물명은 파일명·폴더명 등 비시각적 근거 범위에서만 기록한다. 착용·태그·게시를 협업·추천·앰배서더로 확대 표현하지 않는다.,NO — 실제 인물·제품·착용·권리 증거를 AI로 생성하거나 변경하지 않음. 승인 후 크롭·자막·색상 정리만 가능.,원본: /Volumes/DESKTOP/XXX STUDIO/6) 홍보/4) 연예인 협찬/4) 맹꽁아/릴스_협찬(표지)_맹꽁이.ai,CANDIDATE,REVIEWED,C,실제 확인: 검정 반팔 제품용 세로 표지 Illustrator 원본으로 직접 증거보다 도입 그래픽에 가깝다. Creative 판정은 C. 상업사용 상태는 HOLD이며 Creative 등급과 별도다.,2026-08-09,HOLD,THIRD-PARTY SOURCE
AST-0556,01_INPUT(입력_원본)/06_SOCIAL_PROOF(실제착용_소셜증거)/celebrity/source_library/4) 맹꽁아/릴스_협찬(표지)_맹꽁이.png,릴스_협찬(표지)_맹꽁이.png,png,셀럽 착용,SOCIAL_PROOF,승인된 COPY PLAN에 따라 복사한 원본 사본. 심층 품질 평가는 아직 진행하지 않음.,2160 × 3840 px,N/A — 정지 이미지,LOW,LOW — 제품·캠페인 연결 부족,A,ARCHIVE / SUPPORT,DERIVATIVE / ARCHIVE,[COMMERCIAL CLEARANCE: HOLD] 인물명은 파일명·폴더명 등 비시각적 근거 범위에서만 기록한다. 착용·태그·게시를 협업·추천·앰배서더로 확대 표현하지 않는다. 중복·출력 파생 또는 Creative 범위 밖이라 직접 사용 후보에서 제외한다.,NO — 직접 사용 후보가 아니며 제3자·파생 자산을 AI로 재구성하지 않음.,원본: /Volumes/DESKTOP/XXX STUDIO/6) 홍보/4) 연예인 협찬/4) 맹꽁아/릴스_협찬(표지)_맹꽁이.png,CANDIDATE,REVIEWED,EXCLUDE,실제 확인: AST-0555 표지의 PNG 출력본으로 편집원본과 동일한 파생 자산이다. Creative 판정은 EXCLUDE. 상업사용 상태는 HOLD이며 Creative 등급과 별도다.,2026-08-09,HOLD,THIRD-PARTY SOURCE
AST-0557,01_INPUT(입력_원본)/06_SOCIAL_PROOF(실제착용_소셜증거)/celebrity/source_library/4) 맹꽁아/릴스_협찬-양식(맹꽁아)_박상준_반팔.png,릴스_협찬-양식(맹꽁아)_박상준_반팔.png,png,셀럽 착용,SOCIAL_PROOF,승인된 COPY PLAN에 따라 복사한 원본 사본. 심층 품질 평가는 아직 진행하지 않음.,2160 × 3840 px,N/A — 정지 이미지,MEDIUM-HIGH,MEDIUM-HIGH — 제품 착용 보조,A,WADIZ / WEBSITE / ORGANIC SOCIAL — PEOPLE & PRODUCT PROOF,PEOPLE / WORN / SUPPORT,[COMMERCIAL CLEARANCE: HOLD] 인물명은 파일명·폴더명 등 비시각적 근거 범위에서만 기록한다. 착용·태그·게시를 협업·추천·앰배서더로 확대 표현하지 않는다. [사용권 재감사 2026-08-10] 사용자가 유료 마케팅 집행 및 납품물 재사용 가능을 확인했다. 이는 착용·유료 노출 사실의 사용 승인이지 Ambassador·공식 Collaboration·추천 관계의 근거가 아니다.,NO — 실제 인물·제품·착용·권리 증거를 AI로 생성하거나 변경하지 않음. 승인 후 크롭·자막·색상 정리만 가능.,원본: /Volumes/DESKTOP/XXX STUDIO/6) 홍보/4) 연예인 협찬/4) 맹꽁아/릴스_협찬-양식(맹꽁아)_박상준_반팔.png,CANDIDATE,REVIEWED,B,실제 확인: 검정 반팔 제품의 착용 장면과 전·후면 카드를 결합한 세로 완성 출력물이다. Creative 판정은 B. 상업사용 상태는 HOLD이며 Creative 등급과 별도다.,2026-08-09,CLEARED,USER CONFIRMED PAID MARKETING
AST-0558,01_INPUT(입력_원본)/06_SOCIAL_PROOF(실제착용_소셜증거)/celebrity/source_library/4) 맹꽁아/박상준_서울반팔.mp4,박상준_서울반팔.mp4,mp4,셀럽 착용,SOCIAL_PROOF,승인된 COPY PLAN에 따라 복사한 원본 사본. 심층 품질 평가는 아직 진행하지 않음.,2160 × 3840 px,15.2초,HIGH,HIGH — 제품 착용 증거,A,WADIZ / WEBSITE / ORGANIC SOCIAL — PEOPLE & PRODUCT PROOF,WORN / SOCIAL PROOF / PRODUCT PROOF,[COMMERCIAL CLEARANCE: HOLD] 인물명은 파일명·폴더명 등 비시각적 근거 범위에서만 기록한다. 착용·태그·게시를 협업·추천·앰배서더로 확대 표현하지 않는다. [사용권 재감사 2026-08-10] 사용자가 유료 마케팅 집행 및 납품물 재사용 가능을 확인했다. 이는 착용·유료 노출 사실의 사용 승인이지 Ambassador·공식 Collaboration·추천 관계의 근거가 아니다.,NO — 실제 인물·제품·착용·권리 증거를 AI로 생성하거나 변경하지 않음. 승인 후 크롭·자막·색상 정리만 가능.,원본: /Volumes/DESKTOP/XXX STUDIO/6) 홍보/4) 연예인 협찬/4) 맹꽁아/박상준_서울반팔.mp4,CANDIDATE,REVIEWED,A,실제 확인: 검정 반팔 제품의 착용 장면과 전·후면 제품 카드를 15.2초 세로 영상으로 연결한다. Creative 판정은 A. 상업사용 상태는 HOLD이며 Creative 등급과 별도다.,2026-08-09,CLEARED,USER CONFIRMED PAID MARKETING
AST-0559,01_INPUT(입력_원본)/06_SOCIAL_PROOF(실제착용_소셜증거)/celebrity/source_library/7월 5주_stitch-it Weekly Report(드래그함).pdf,7월 5주_stitch-it Weekly Report(드래그함).pdf,pdf,셀럽 착용,SOCIAL_PROOF,승인된 COPY PLAN에 따라 복사한 원본 사본. 심층 품질 평가는 아직 진행하지 않음.,PDF 문서 — 페이지 프리뷰 확인,N/A — 문서,LOW,LOW — 제품·캠페인 연결 부족,A,ARCHIVE / SUPPORT,DERIVATIVE / ARCHIVE,[COMMERCIAL CLEARANCE: UNKNOWN] 인물명은 파일명·폴더명 등 비시각적 근거 범위에서만 기록한다. 착용·태그·게시를 협업·추천·앰배서더로 확대 표현하지 않는다. 중복·출력 파생 또는 Creative 범위 밖이라 직접 사용 후보에서 제외한다.,NO — 직접 사용 후보가 아니며 제3자·파생 자산을 AI로 재구성하지 않음.,원본: /Volumes/DESKTOP/XXX STUDIO/6) 홍보/4) 연예인 협찬/7월 5주_stitch-it Weekly Report(드래그함).pdf,CANDIDATE,REVIEWED,EXCLUDE,실제 확인: stitch-it Weekly Report 문서로 비용·진행 기록 성격이며 Social Proof Creative 자산이 아니다. Creative 판정은 EXCLUDE. 상업사용 상태는 UNKNOWN이며 Creative 등급과 별도다.,2026-08-09,UNKNOWN,DOCUMENTED
AST-0560,01_INPUT(입력_원본)/06_SOCIAL_PROOF(실제착용_소셜증거)/celebrity/source_library/zno/zno/KakaoTalk_20240809_114031769.png,KakaoTalk_20240809_114031769.png,png,셀럽 착용,SOCIAL_PROOF,승인된 COPY PLAN에 따라 복사한 원본 사본. 심층 품질 평가는 아직 진행하지 않음.,1920 × 1080 px,N/A — 정지 이미지,MEDIUM-HIGH,MEDIUM-HIGH — 제품 착용 보조,A,WADIZ / WEBSITE / ORGANIC SOCIAL — PEOPLE & PRODUCT PROOF,PEOPLE / WORN / SUPPORT,[COMMERCIAL CLEARANCE: HOLD] 인물명은 파일명·폴더명 등 비시각적 근거 범위에서만 기록한다. 착용·태그·게시를 협업·추천·앰배서더로 확대 표현하지 않는다. [사용권 재감사 2026-08-10] 사용자가 유료 마케팅 집행 및 납품물 재사용 가능을 확인했다. 이는 착용·유료 노출 사실의 사용 승인이지 Ambassador·공식 Collaboration·추천 관계의 근거가 아니다.,NO — 실제 인물·제품·착용·권리 증거를 AI로 생성하거나 변경하지 않음. 승인 후 크롭·자막·색상 정리만 가능.,원본: /Volumes/DESKTOP/XXX STUDIO/6) 홍보/4) 연예인 협찬/zno/zno/KakaoTalk_20240809_114031769.png,CANDIDATE,REVIEWED,B,실제 확인: 스튜디오 촬영 이미지에서 흰색 상의의 전면 표식과 착용이 명확하게 보인다. Creative 판정은 B. 상업사용 상태는 HOLD이며 Creative 등급과 별도다.,2026-08-09,CLEARED,USER CONFIRMED PAID MARKETING
AST-0561,01_INPUT(입력_원본)/06_SOCIAL_PROOF(실제착용_소셜증거)/celebrity/source_library/zno/zno/KakaoTalk_20240809_114035032.png,KakaoTalk_20240809_114035032.png,png,셀럽 착용,SOCIAL_PROOF,승인된 COPY PLAN에 따라 복사한 원본 사본. 심층 품질 평가는 아직 진행하지 않음.,1920 × 1080 px,N/A — 정지 이미지,MEDIUM-HIGH,MEDIUM-HIGH — 제품 착용 보조,A,WADIZ / WEBSITE / ORGANIC SOCIAL — PEOPLE & PRODUCT PROOF,PEOPLE / WORN / SUPPORT,[COMMERCIAL CLEARANCE: HOLD] 인물명은 파일명·폴더명 등 비시각적 근거 범위에서만 기록한다. 착용·태그·게시를 협업·추천·앰배서더로 확대 표현하지 않는다. [사용권 재감사 2026-08-10] 사용자가 유료 마케팅 집행 및 납품물 재사용 가능을 확인했다. 이는 착용·유료 노출 사실의 사용 승인이지 Ambassador·공식 Collaboration·추천 관계의 근거가 아니다.,NO — 실제 인물·제품·착용·권리 증거를 AI로 생성하거나 변경하지 않음. 승인 후 크롭·자막·색상 정리만 가능.,원본: /Volumes/DESKTOP/XXX STUDIO/6) 홍보/4) 연예인 협찬/zno/zno/KakaoTalk_20240809_114035032.png,CANDIDATE,REVIEWED,B,실제 확인: 다른 스튜디오 촬영 구도로 흰색 상의 전면과 착용 실루엣을 보완한다. Creative 판정은 B. 상업사용 상태는 HOLD이며 Creative 등급과 별도다.,2026-08-09,CLEARED,USER CONFIRMED PAID MARKETING
AST-0562,01_INPUT(입력_원본)/06_SOCIAL_PROOF(실제착용_소셜증거)/celebrity/source_library/zno/zno/KakaoTalk_20240812_105412552.png,KakaoTalk_20240812_105412552.png,png,셀럽 착용,SOCIAL_PROOF,승인된 COPY PLAN에 따라 복사한 원본 사본. 심층 품질 평가는 아직 진행하지 않음.,365 × 912 px,N/A — 정지 이미지,MEDIUM,MEDIUM — Archive 맥락,A,ARCHIVE / SUPPORT,PEOPLE / ARCHIVE,[COMMERCIAL CLEARANCE: HOLD] 인물명은 파일명·폴더명 등 비시각적 근거 범위에서만 기록한다. 착용·태그·게시를 협업·추천·앰배서더로 확대 표현하지 않는다. [사용권 재감사 2026-08-10] 사용자가 유료 마케팅 집행 및 납품물 재사용 가능을 확인했다. 이는 착용·유료 노출 사실의 사용 승인이지 Ambassador·공식 Collaboration·추천 관계의 근거가 아니다.,NO — 실제 인물·제품·착용·권리 증거를 AI로 생성하거나 변경하지 않음. 승인 후 크롭·자막·색상 정리만 가능.,원본: /Volumes/DESKTOP/XXX STUDIO/6) 홍보/4) 연예인 협찬/zno/zno/KakaoTalk_20240812_105412552.png,CANDIDATE,REVIEWED,C,실제 확인: 저해상도 세로 이미지에서 흰색 상의 착용은 보이지만 표식과 제품 판독력이 약하다. Creative 판정은 C. 상업사용 상태는 HOLD이며 Creative 등급과 별도다.,2026-08-09,CLEARED,USER CONFIRMED PAID MARKETING
AST-0563,01_INPUT(입력_원본)/06_SOCIAL_PROOF(실제착용_소셜증거)/celebrity/source_library/zno/zno/Screenshot 2024-08-12 at 10.39.39.JPG,Screenshot 2024-08-12 at 10.39.39.JPG,jpg,셀럽 착용,SOCIAL_PROOF,승인된 COPY PLAN에 따라 복사한 원본 사본. 심층 품질 평가는 아직 진행하지 않음.,858 × 453 px,N/A — 정지 이미지,MEDIUM,MEDIUM — Archive 맥락,A,ARCHIVE / SUPPORT,PEOPLE / ARCHIVE,[COMMERCIAL CLEARANCE: HOLD] 인물명은 파일명·폴더명 등 비시각적 근거 범위에서만 기록한다. 착용·태그·게시를 협업·추천·앰배서더로 확대 표현하지 않는다.,NO — 실제 인물·제품·착용·권리 증거를 AI로 생성하거나 변경하지 않음. 승인 후 크롭·자막·색상 정리만 가능.,원본: /Volumes/DESKTOP/XXX STUDIO/6) 홍보/4) 연예인 협찬/zno/zno/Screenshot 2024-08-12 at 10.39.39.JPG,CANDIDATE,REVIEWED,C,실제 확인: Instagram 화면 캡처로 게시·태그 정황은 남기지만 제품의 시각 증거와 출처 정보가 제한적이다. Creative 판정은 C. 상업사용 상태는 HOLD이며 Creative 등급과 별도다.,2026-08-09,HOLD,THIRD-PARTY SOURCE
AST-0564,01_INPUT(입력_원본)/06_SOCIAL_PROOF(실제착용_소셜증거)/celebrity/source_library/zno/zno/Screenshot 2024-08-12 at 10.42.44.JPG,Screenshot 2024-08-12 at 10.42.44.JPG,jpg,셀럽 착용,SOCIAL_PROOF,승인된 COPY PLAN에 따라 복사한 원본 사본. 심층 품질 평가는 아직 진행하지 않음.,852 × 450 px,N/A — 정지 이미지,MEDIUM-HIGH,MEDIUM-HIGH — 제품 착용 보조,A,WADIZ / WEBSITE / ORGANIC SOCIAL — PEOPLE & PRODUCT PROOF,PEOPLE / WORN / SUPPORT,[COMMERCIAL CLEARANCE: HOLD] 인물명은 파일명·폴더명 등 비시각적 근거 범위에서만 기록한다. 착용·태그·게시를 협업·추천·앰배서더로 확대 표현하지 않는다.,NO — 실제 인물·제품·착용·권리 증거를 AI로 생성하거나 변경하지 않음. 승인 후 크롭·자막·색상 정리만 가능.,원본: /Volumes/DESKTOP/XXX STUDIO/6) 홍보/4) 연예인 협찬/zno/zno/Screenshot 2024-08-12 at 10.42.44.JPG,CANDIDATE,REVIEWED,B,실제 확인: Instagram 화면 캡처 안에 흰색 제품 착용과 브랜드 연결 정황이 함께 보여 Archive Proof로 유효하다. Creative 판정은 B. 상업사용 상태는 HOLD이며 Creative 등급과 별도다.,2026-08-09,HOLD,THIRD-PARTY SOURCE
AST-0565,01_INPUT(입력_원본)/06_SOCIAL_PROOF(실제착용_소셜증거)/celebrity/source_library/지엔오 룩북.pdf,지엔오 룩북.pdf,pdf,셀럽 착용,SOCIAL_PROOF,승인된 COPY PLAN에 따라 복사한 원본 사본. 심층 품질 평가는 아직 진행하지 않음.,PDF 문서 — 페이지 프리뷰 확인,N/A — 문서,MEDIUM,MEDIUM — Archive 맥락,A,ARCHIVE / SUPPORT,PEOPLE / ARCHIVE,[COMMERCIAL CLEARANCE: HOLD] 인물명은 파일명·폴더명 등 비시각적 근거 범위에서만 기록한다. 착용·태그·게시를 협업·추천·앰배서더로 확대 표현하지 않는다.,NO — 실제 인물·제품·착용·권리 증거를 AI로 생성하거나 변경하지 않음. 승인 후 크롭·자막·색상 정리만 가능.,원본: /Volumes/DESKTOP/XXX STUDIO/6) 홍보/4) 연예인 협찬/지엔오 룩북.pdf,CANDIDATE,REVIEWED,C,실제 확인: 9쪽 ZnO 룩북 문서에 타 브랜드 의류 참고 이미지와 XXX STUDIO DAY/NIGHT 제품 누끼·착용 후보가 함께 정리돼 있다. Creative 판정은 C. 상업사용 상태는 HOLD이며 Creative 등급과 별도다.,2026-08-09,HOLD,THIRD-PARTY SOURCE
AST-0566,01_INPUT(입력_원본)/06_SOCIAL_PROOF(실제착용_소셜증거)/creators/source_library/1) 아이돌 촬영지/NewJeans (뉴진스) 'ASAP' Official MV.mp4,NewJeans (뉴진스) 'ASAP' Official MV.mp4,mp4,크리에이터 자료,SOCIAL_PROOF,승인된 COPY PLAN에 따라 복사한 원본 사본. 심층 품질 평가는 아직 진행하지 않음.,640 × 360 px,140.6초,LOW,LOW — 제품·캠페인 연결 부족,A,REFERENCE / ARCHIVE,EXTERNAL REFERENCE,[COMMERCIAL CLEARANCE: HOLD] 제3자 영상·이미지 레퍼런스이며 XXX STUDIO 제품·사용허가·추천 관계의 증거가 아니다.,NO — 직접 사용 후보가 아니며 제3자·파생 자산을 AI로 재구성하지 않음.,원본: /Volumes/DESKTOP/XXX STUDIO/6) 홍보/5) ROK/1) 아이돌 촬영지/NewJeans (뉴진스) 'ASAP' Official MV.mp4,CANDIDATE,REVIEWED,D,실제 확인: NewJeans ASAP Official MV 원본으로 XXX STUDIO 제품·착용·캠페인을 증명하지 않는 제3자 참고 영상이다. Creative 판정은 D. 상업사용 상태는 HOLD이며 Creative 등급과 별도다.,2026-08-09,HOLD,THIRD-PARTY SOURCE
AST-0567,01_INPUT(입력_원본)/06_SOCIAL_PROOF(실제착용_소셜증거)/creators/source_library/1) 아이돌 촬영지/SPOT(사각형).png,SPOT(사각형).png,png,크리에이터 자료,SOCIAL_PROOF,승인된 COPY PLAN에 따라 복사한 원본 사본. 심층 품질 평가는 아직 진행하지 않음.,2160 × 3840 px,N/A — 정지 이미지,MEDIUM,MEDIUM — Archive 맥락,A,REFERENCE / ARCHIVE,EXTERNAL REFERENCE,[COMMERCIAL CLEARANCE: HOLD] 제3자 영상·이미지 레퍼런스이며 XXX STUDIO 제품·사용허가·추천 관계의 증거가 아니다.,NO — 실제 인물·제품·착용·권리 증거를 AI로 생성하거나 변경하지 않음. 승인 후 크롭·자막·색상 정리만 가능.,원본: /Volumes/DESKTOP/XXX STUDIO/6) 홍보/5) ROK/1) 아이돌 촬영지/SPOT(사각형).png,CANDIDATE,REVIEWED,C,실제 확인: SPOT 사각형 그래픽은 외부 영상·장소 레퍼런스를 조판한 참고 카드이며 제품 증거가 아니다. Creative 판정은 C. 상업사용 상태는 HOLD이며 Creative 등급과 별도다.,2026-08-09,HOLD,THIRD-PARTY SOURCE
AST-0568,01_INPUT(입력_원본)/06_SOCIAL_PROOF(실제착용_소셜증거)/creators/source_library/1) 아이돌 촬영지/SPOT)-뉴진스.png,SPOT)-뉴진스.png,png,크리에이터 자료,SOCIAL_PROOF,승인된 COPY PLAN에 따라 복사한 원본 사본. 심층 품질 평가는 아직 진행하지 않음.,2160 × 3840 px,N/A — 정지 이미지,LOW,LOW — 제품·캠페인 연결 부족,A,REFERENCE / ARCHIVE,EXTERNAL REFERENCE / EXCLUDE,[COMMERCIAL CLEARANCE: HOLD] 제3자 영상·이미지 레퍼런스이며 XXX STUDIO 제품·사용허가·추천 관계의 증거가 아니다. 중복·출력 파생 또는 Creative 범위 밖이라 직접 사용 후보에서 제외한다.,NO — 직접 사용 후보가 아니며 제3자·파생 자산을 AI로 재구성하지 않음.,원본: /Volumes/DESKTOP/XXX STUDIO/6) 홍보/5) ROK/1) 아이돌 촬영지/SPOT)-뉴진스.png,CANDIDATE,REVIEWED,EXCLUDE,실제 확인: AST-0567 계열에 NewJeans 표기를 더한 출력물로 외부 참고를 캠페인 증거처럼 보이게 할 위험이 있다. Creative 판정은 EXCLUDE. 상업사용 상태는 HOLD이며 Creative 등급과 별도다.,2026-08-09,HOLD,THIRD-PARTY SOURCE
AST-0569,01_INPUT(입력_원본)/06_SOCIAL_PROOF(실제착용_소셜증거)/creators/source_library/1) 아이돌 촬영지/Slot_Tutorial/(Footage)/갤럭시_00000.jpg,갤럭시_00000.jpg,jpg,크리에이터 자료,SOCIAL_PROOF,승인된 COPY PLAN에 따라 복사한 원본 사본. 심층 품질 평가는 아직 진행하지 않음.,1920 × 1080 px,N/A — 정지 이미지,LOW,LOW — 제품·캠페인 연결 부족,A,REFERENCE / ARCHIVE,EXTERNAL REFERENCE,[COMMERCIAL CLEARANCE: HOLD] 제3자 영상·이미지 레퍼런스이며 XXX STUDIO 제품·사용허가·추천 관계의 증거가 아니다.,NO — 직접 사용 후보가 아니며 제3자·파생 자산을 AI로 재구성하지 않음.,원본: /Volumes/DESKTOP/XXX STUDIO/6) 홍보/5) ROK/1) 아이돌 촬영지/Slot_Tutorial/(Footage)/갤럭시_00000.jpg,CANDIDATE,REVIEWED,D,실제 확인: Galaxy 관련 정지 이미지로 XXX STUDIO 제품이나 SEOUL DAY/NIGHT 증거와 연결되지 않는다. Creative 판정은 D. 상업사용 상태는 HOLD이며 Creative 등급과 별도다.,2026-08-09,HOLD,THIRD-PARTY SOURCE
AST-0570,01_INPUT(입력_원본)/06_SOCIAL_PROOF(실제착용_소셜증거)/creators/source_library/1) 아이돌 촬영지/껍데기.png,껍데기.png,png,크리에이터 자료,SOCIAL_PROOF,승인된 COPY PLAN에 따라 복사한 원본 사본. 심층 품질 평가는 아직 진행하지 않음.,2160 × 3840 px,N/A — 정지 이미지,LOW,LOW — 제품·캠페인 연결 부족,A,REFERENCE / ARCHIVE,EXTERNAL REFERENCE,[COMMERCIAL CLEARANCE: HOLD] 제3자 영상·이미지 레퍼런스이며 XXX STUDIO 제품·사용허가·추천 관계의 증거가 아니다.,NO — 직접 사용 후보가 아니며 제3자·파생 자산을 AI로 재구성하지 않음.,원본: /Volumes/DESKTOP/XXX STUDIO/6) 홍보/5) ROK/1) 아이돌 촬영지/껍데기.png,CANDIDATE,REVIEWED,D,실제 확인: 빈 프레임·껍데기 형태의 합성 재료로 독립 Creative나 Social Proof 기능이 없다. Creative 판정은 D. 상업사용 상태는 HOLD이며 Creative 등급과 별도다.,2026-08-09,HOLD,THIRD-PARTY SOURCE
AST-0571,01_INPUT(입력_원본)/06_SOCIAL_PROOF(실제착용_소셜증거)/creators/source_library/1) 아이돌 촬영지/뉴진스_ASAP.mp4,뉴진스_ASAP.mp4,mp4,크리에이터 자료,SOCIAL_PROOF,승인된 COPY PLAN에 따라 복사한 원본 사본. 심층 품질 평가는 아직 진행하지 않음.,0 × 0 px,281.3초,LOW,LOW — 제품·캠페인 연결 부족,A,REFERENCE / ARCHIVE,EXTERNAL REFERENCE / EXCLUDE,[COMMERCIAL CLEARANCE: HOLD] 제3자 영상·이미지 레퍼런스이며 XXX STUDIO 제품·사용허가·추천 관계의 증거가 아니다. 중복·출력 파생 또는 Creative 범위 밖이라 직접 사용 후보에서 제외한다.,NO — 직접 사용 후보가 아니며 제3자·파생 자산을 AI로 재구성하지 않음.,원본: /Volumes/DESKTOP/XXX STUDIO/6) 홍보/5) ROK/1) 아이돌 촬영지/뉴진스_ASAP.mp4,CANDIDATE,REVIEWED,EXCLUDE,실제 확인: NewJeans ASAP 영상의 별도 저장본으로 AST-0566과 같은 외부 참고 자료다. Creative 판정은 EXCLUDE. 상업사용 상태는 HOLD이며 Creative 등급과 별도다.,2026-08-09,HOLD,THIRD-PARTY SOURCE
AST-0572,01_INPUT(입력_원본)/06_SOCIAL_PROOF(실제착용_소셜증거)/creators/source_library/1) 아이돌 촬영지/단체(1).png,단체(1).png,png,크리에이터 자료,SOCIAL_PROOF,승인된 COPY PLAN에 따라 복사한 원본 사본. 심층 품질 평가는 아직 진행하지 않음.,576 × 576 px,N/A — 정지 이미지,LOW,LOW — 제품·캠페인 연결 부족,A,REFERENCE / ARCHIVE,EXTERNAL REFERENCE,[COMMERCIAL CLEARANCE: HOLD] 제3자 영상·이미지 레퍼런스이며 XXX STUDIO 제품·사용허가·추천 관계의 증거가 아니다.,NO — 직접 사용 후보가 아니며 제3자·파생 자산을 AI로 재구성하지 않음.,원본: /Volumes/DESKTOP/XXX STUDIO/6) 홍보/5) ROK/1) 아이돌 촬영지/단체(1).png,CANDIDATE,REVIEWED,D,실제 확인: 뮤직비디오 단체 장면 출력물로 XXX STUDIO 제품·착용 근거가 없다. Creative 판정은 D. 상업사용 상태는 HOLD이며 Creative 등급과 별도다.,2026-08-09,HOLD,THIRD-PARTY SOURCE
AST-0573,01_INPUT(입력_원본)/06_SOCIAL_PROOF(실제착용_소셜증거)/creators/source_library/1) 아이돌 촬영지/단체.jpg,단체.jpg,jpg,크리에이터 자료,SOCIAL_PROOF,승인된 COPY PLAN에 따라 복사한 원본 사본. 심층 품질 평가는 아직 진행하지 않음.,1024 × 576 px,N/A — 정지 이미지,LOW,LOW — 제품·캠페인 연결 부족,A,REFERENCE / ARCHIVE,EXTERNAL REFERENCE / EXCLUDE,[COMMERCIAL CLEARANCE: HOLD] 제3자 영상·이미지 레퍼런스이며 XXX STUDIO 제품·사용허가·추천 관계의 증거가 아니다. 중복·출력 파생 또는 Creative 범위 밖이라 직접 사용 후보에서 제외한다.,NO — 직접 사용 후보가 아니며 제3자·파생 자산을 AI로 재구성하지 않음.,원본: /Volumes/DESKTOP/XXX STUDIO/6) 홍보/5) ROK/1) 아이돌 촬영지/단체.jpg,CANDIDATE,REVIEWED,EXCLUDE,실제 확인: AST-0572와 같은 장면 계열의 JPG 출력본으로 외부 참고 중복이다. Creative 판정은 EXCLUDE. 상업사용 상태는 HOLD이며 Creative 등급과 별도다.,2026-08-09,HOLD,THIRD-PARTY SOURCE
AST-0574,01_INPUT(입력_원본)/06_SOCIAL_PROOF(실제착용_소셜증거)/creators/source_library/1) 아이돌 촬영지/코뿔소.png,코뿔소.png,png,크리에이터 자료,SOCIAL_PROOF,승인된 COPY PLAN에 따라 복사한 원본 사본. 심층 품질 평가는 아직 진행하지 않음.,583 × 381 px,N/A — 정지 이미지,LOW,LOW — 제품·캠페인 연결 부족,A,REFERENCE / ARCHIVE,EXTERNAL REFERENCE,[COMMERCIAL CLEARANCE: HOLD] 제3자 영상·이미지 레퍼런스이며 XXX STUDIO 제품·사용허가·추천 관계의 증거가 아니다.,NO — 직접 사용 후보가 아니며 제3자·파생 자산을 AI로 재구성하지 않음.,원본: /Volumes/DESKTOP/XXX STUDIO/6) 홍보/5) ROK/1) 아이돌 촬영지/코뿔소.png,CANDIDATE,REVIEWED,D,실제 확인: 코뿔소 실루엣 합성 재료로 제품·브랜드·SEOUL 서사 증거가 없다. Creative 판정은 D. 상업사용 상태는 HOLD이며 Creative 등급과 별도다.,2026-08-09,HOLD,THIRD-PARTY SOURCE
AST-0575,01_INPUT(입력_원본)/06_SOCIAL_PROOF(실제착용_소셜증거)/creators/source_library/SPOT.ai,SPOT.ai,ai,크리에이터 자료,SOCIAL_PROOF,승인된 COPY PLAN에 따라 복사한 원본 사본. 심층 품질 평가는 아직 진행하지 않음.,Illustrator 편집원본 — 아트보드 메타데이터 확인 불가,N/A — 정지 그래픽,MEDIUM,MEDIUM — Archive 맥락,A,REFERENCE / ARCHIVE,EXTERNAL REFERENCE,[COMMERCIAL CLEARANCE: HOLD] 제3자 영상·이미지 레퍼런스이며 XXX STUDIO 제품·사용허가·추천 관계의 증거가 아니다.,NO — 실제 인물·제품·착용·권리 증거를 AI로 생성하거나 변경하지 않음. 승인 후 크롭·자막·색상 정리만 가능.,원본: /Volumes/DESKTOP/XXX STUDIO/6) 홍보/5) ROK/SPOT.ai,CANDIDATE,REVIEWED,C,실제 확인: SPOT Illustrator 원본은 aespa 관련 파일명 맥락의 장소·영상 레퍼런스 조판이며 실제 제품 증거가 아니다. Creative 판정은 C. 상업사용 상태는 HOLD이며 Creative 등급과 별도다.,2026-08-09,HOLD,THIRD-PARTY SOURCE
AST-0576,01_INPUT(입력_원본)/07_GLOBAL(글로벌_자료)/ishowspeed/HOLD/irl nightlife in South Korea 🇰🇷.mp4,irl nightlife in South Korea 🇰🇷.mp4,mp4,글로벌 자료,ISHOWSPEED,승인된 COPY PLAN에 따라 복사한 원본 사본. 심층 품질 평가는 아직 진행하지 않음.,1280 × 720 px,5시간 12분 8초,MEDIUM,LOW — XXX STUDIO 제품·KOREA TOUR 표식이 장면에서 확인되지 않음,B,ARCHIVE / GLOBAL CONTEXT ONLY,GLOBAL CONTEXT / ARCHIVE,[COMMERCIAL CLEARANCE: HOLD] 제3자 라이브스트림 화면·인물·음성·음악·플랫폼 UI가 포함된다. 사용자 제공 맥락의 제품 전달 사실을 이 파일만으로 협업·추천·공식 관계로 표현하지 않는다.,NO — 실제 인물·방송·제품 증거를 AI로 생성·변경하지 않음. 사용권 확인 후 필요한 범위의 정적 크롭만 검토.,원본: /Volumes/DESKTOP/XXX STUDIO/4) 영상 편집/6) 릴스/5) 아이쇼 스피드/irl nightlife in South Korea 🇰🇷.mp4,HOLD,REVIEWED,C,"실제 확인: 가로형 장시간 라이브스트림 원본으로, 한국 야간 거리·식당 장면과 IShowSpeed 계정 표식/채팅 UI가 반복된다. 샘플 장면에서 XXX STUDIO 제품·KOREA TOUR 연결은 판독되지 않는다. Global Context Archive로는 C, 상업사용은 HOLD다.",2026-08-10,HOLD,THIRD-PARTY SOURCE
AST-0577,01_INPUT(입력_원본)/07_GLOBAL(글로벌_자료)/ishowspeed/HOLD/vecteezy_gift-box-icons-collection-isolated-on-white-vector-image_4473900/Vecteezy-License-Information.pdf,Vecteezy-License-Information.pdf,pdf,글로벌 자료,ISHOWSPEED,승인된 COPY PLAN에 따라 복사한 원본 사본. 심층 품질 평가는 아직 진행하지 않음.,8쪽 PDF,N/A — 문서,MEDIUM,N/A — 외부 라이선스 문서,B,CONTENT CLEARANCE / REFERENCE,LICENSE RECORD,"[COMMERCIAL CLEARANCE: HOLD] Vecteezy 라이선스 정보 문서가 존재하나, 실제 다운로드 계정·라이선스 종류·사용 범위·대상 파일 일치를 별도로 확인해야 한다.",NO — 라이선스 문서나 외부 소스의 권리 상태를 AI로 보완할 수 없음.,원본: /Volumes/DESKTOP/XXX STUDIO/4) 영상 편집/6) 릴스/5) 아이쇼 스피드/vecteezy_gift-box-icons-collection-isolated-on-white-vector-image_4473900/Vecteezy-License-Information.pdf,HOLD,REVIEWED,HOLD,"실제 확인: Vecteezy License Information 8쪽 문서다. Creative 자산이 아니라 외부 선물 아이콘의 라이선스 검토 보조 근거이며, 대상 파일과 상업 사용범위의 연결이 아직 확인되지 않았다.",2026-08-10,HOLD,THIRD-PARTY SOURCE
AST-0578,01_INPUT(입력_원본)/07_GLOBAL(글로벌_자료)/ishowspeed/HOLD/vecteezy_gift-box-icons-collection-isolated-on-white-vector-image_4473900/vecteezy_gift-box-icons-collection-isolated-on-white-vector-image_.jpg,vecteezy_gift-box-icons-collection-isolated-on-white-vector-image_.jpg,jpg,글로벌 자료,ISHOWSPEED,승인된 COPY PLAN에 따라 복사한 원본 사본. 심층 품질 평가는 아직 진행하지 않음.,1920 × 1920 px,N/A — 정지 이미지,MEDIUM,LOW — 일반 외부 스톡 아이콘,B,EXCLUDE / REFERENCE ONLY,EXTERNAL GRAPHIC REFERENCE,"[COMMERCIAL CLEARANCE: HOLD] Vecteezy 외부 선물 아이콘. 개별 라이선스·다운로드 기록·상업 사용범위 미확인, XXX STUDIO 고유성도 없음.",NO — 외부 스톡 아이콘을 AI로 재생성·대체해 권리 문제를 우회하지 않음.,원본: /Volumes/DESKTOP/XXX STUDIO/4) 영상 편집/6) 릴스/5) 아이쇼 스피드/vecteezy_gift-box-icons-collection-isolated-on-white-vector-image_4473900/vecteezy_gift-box-icons-collection-isolated-on-white-vector-image_.jpg,HOLD,REVIEWED,EXCLUDE,실제 확인: 흰 배경에 검정 선물 상자 9종을 배치한 일반 스톡 아이콘 시트다. Gift 제목 카드의 보조 요소일 뿐 KOREA TOUR·제품·Global Proof를 만들지 못해 EXCLUDE한다.,2026-08-10,HOLD,THIRD-PARTY SOURCE
AST-0579,01_INPUT(입력_원본)/07_GLOBAL(글로벌_자료)/ishowspeed/HOLD/두번째 만남.mp4,두번째 만남.mp4,mp4,글로벌 자료,ISHOWSPEED,승인된 COPY PLAN에 따라 복사한 원본 사본. 심층 품질 평가는 아직 진행하지 않음.,1920 × 1080 px,1분 47초,MEDIUM-HIGH,MEDIUM — 실제 한국 현장·제품 전달 맥락,B,WEBSITE ARCHIVE / ORGANIC SOCIAL — GLOBAL CONTEXT,GLOBAL CONTEXT / EVENT RECORD / NARRATIVE SUPPORT,"[COMMERCIAL CLEARANCE: HOLD] IShowSpeed 및 동행인·촬영자·음성·거리 상표·음악/배경음·플랫폼 관련 권리가 미확인이다. 제품 전달 사실은 사용자 제공 맥락 및 현장 장면 범위에서만 기록하며, 추천·협업·후원·공식 관계로 확대하지 않는다. PAID MEDIA 추천 금지.",NO — 실제 인물·제품 전달 장면을 AI로 생성·변경하지 않음. 권리 확인 후 자막 없는 짧은 크롭·색상 정리만 검토.,원본: /Volumes/DESKTOP/XXX STUDIO/4) 영상 편집/6) 릴스/5) 아이쇼 스피드/두번째 만남.mp4,HOLD,REVIEWED,B,"실제 확인: 세로형 1분 47초 현장 영상이다. 한국 야간 거리에서 IShowSpeed에게 포장된 의류/물품을 건네는 장면이 확인된다. 시각상 제품 로고·SKU는 판독되지 않아 제품 증명으로는 쓰지 않으며, 확인 가능한 Global Encounter 기록으로만 B다.",2026-08-10,HOLD,THIRD-PARTY SOURCE
AST-0580,01_INPUT(입력_원본)/07_GLOBAL(글로벌_자료)/ishowspeed/HOLD/제목) Reunion.ai,제목) Reunion.ai,ai,글로벌 자료,ISHOWSPEED,승인된 COPY PLAN에 따라 복사한 원본 사본. 심층 품질 평가는 아직 진행하지 않음.,675 × 1200 px 미리보기,N/A — 벡터 그래픽,MEDIUM,LOW-MEDIUM — Global Encounter 제목 카드,B,ORGANIC SOCIAL / ARCHIVE TITLE,NARRATIVE TITLE / EDITORIAL SUPPORT,[COMMERCIAL CLEARANCE: HOLD] IShowSpeed 이름을 포함한 관계 서술은 원본 영상·인물·사용 범위 확인 전 상업적으로 사용하지 않는다.,NO — 제목 카드의 관계·사실을 AI로 과장하거나 인물 이미지를 생성하지 않음.,원본: /Volumes/DESKTOP/XXX STUDIO/4) 영상 편집/6) 릴스/5) 아이쇼 스피드/제목) Reunion.ai,HOLD,REVIEWED,C,"실제 확인: 흰 배경 중앙에 “Reunion with IShowSpeed”를 배치한 세로 벡터 제목 카드다. Global Encounter 편집의 장 구분에는 쓸 수 있으나, 협업 주장처럼 읽힐 수 있어 상업사용은 HOLD다.",2026-08-10,HOLD,THIRD-PARTY SOURCE
AST-0581,01_INPUT(입력_원본)/07_GLOBAL(글로벌_자료)/ishowspeed/HOLD/제목) welcome to korea.ai,제목) welcome to korea.ai,ai,글로벌 자료,ISHOWSPEED,승인된 COPY PLAN에 따라 복사한 원본 사본. 심층 품질 평가는 아직 진행하지 않음.,675 × 1200 px 미리보기,N/A — 벡터 그래픽,MEDIUM,LOW-MEDIUM — Global 방문 맥락 제목 카드,B,ORGANIC SOCIAL / ARCHIVE TITLE,NARRATIVE TITLE / EDITORIAL SUPPORT,[COMMERCIAL CLEARANCE: HOLD] “WELCOME TO KOREA”가 특정 인물·영상의 상업적 사용 허가를 의미하지 않는다.,NO — 실제 방문·인물 관계를 AI로 만들어 내지 않음.,원본: /Volumes/DESKTOP/XXX STUDIO/4) 영상 편집/6) 릴스/5) 아이쇼 스피드/제목) welcome to korea.ai,HOLD,REVIEWED,C,실제 확인: 흰 배경과 얇은 검정 테두리 안에 “WELCOME TO KOREA”를 배치한 세로 벡터 카드다. Global 방문 맥락의 보조 타이틀이지만 XXX STUDIO 제품 증거는 없다.,2026-08-10,HOLD,THIRD-PARTY SOURCE
AST-0582,01_INPUT(입력_원본)/07_GLOBAL(글로벌_자료)/ishowspeed/HOLD/제목) welcome.ai,제목) welcome.ai,ai,글로벌 자료,ISHOWSPEED,승인된 COPY PLAN에 따라 복사한 원본 사본. 심층 품질 평가는 아직 진행하지 않음.,675 × 1200 px 미리보기,N/A — 벡터 그래픽,LOW,LOW — 0581과 근접한 변형,B,EXCLUDE / ARCHIVE,DERIVATIVE TITLE,[COMMERCIAL CLEARANCE: HOLD] 특정 인물·영상의 상업적 사용권을 만들지 않는다.,NO — AI 보완 불필요.,원본: /Volumes/DESKTOP/XXX STUDIO/4) 영상 편집/6) 릴스/5) 아이쇼 스피드/제목) welcome.ai,HOLD,REVIEWED,D,실제 확인: “WELCOME TO KOREA” 문구의 근접한 흰 배경 변형이다. AST-0581보다 정보와 화면 완성도가 낮아 2026 활용은 권장하지 않는다.,2026-08-10,HOLD,THIRD-PARTY SOURCE
AST-0583,01_INPUT(입력_원본)/07_GLOBAL(글로벌_자료)/ishowspeed/HOLD/제목) 선물1.ai,제목) 선물1.ai,ai,글로벌 자료,ISHOWSPEED,승인된 COPY PLAN에 따라 복사한 원본 사본. 심층 품질 평가는 아직 진행하지 않음.,675 × 1200 px 미리보기,N/A — 벡터 그래픽,MEDIUM,LOW — 과거 Gift 제목 카드,B,ORGANIC SOCIAL / ARCHIVE TITLE,EDITORIAL SUPPORT,[COMMERCIAL CLEARANCE: HOLD] 외부 선물 아이콘·제품명·인물/영상 맥락의 사용범위를 확인해야 한다.,NO — 실제 제공물·제품을 AI로 생성하거나 변경하지 않음.,원본: /Volumes/DESKTOP/XXX STUDIO/4) 영상 편집/6) 릴스/5) 아이쇼 스피드/제목) 선물1.ai,HOLD,REVIEWED,C,실제 확인: 빨간 Gift 1 배지와 “SON7 UNIFORM & KOREA MUFFLER” 텍스트를 배치한 세로 벡터 카드다. 과거 영상의 구성 안내용으로만 의미가 있으며 현재 제품/오퍼 사실은 확인되지 않았다.,2026-08-10,HOLD,THIRD-PARTY SOURCE
AST-0584,01_INPUT(입력_원본)/07_GLOBAL(글로벌_자료)/ishowspeed/HOLD/제목) 선물2.ai,제목) 선물2.ai,ai,글로벌 자료,ISHOWSPEED,승인된 COPY PLAN에 따라 복사한 원본 사본. 심층 품질 평가는 아직 진행하지 않음.,675 × 1200 px 미리보기,N/A — 벡터 그래픽,MEDIUM,LOW — 과거 Gift 제목 카드,B,ORGANIC SOCIAL / ARCHIVE TITLE,EDITORIAL SUPPORT,[COMMERCIAL CLEARANCE: HOLD] 인물·영상 맥락과 제품명/현행 SKU 관계가 미확인이다.,NO — AI 보완 불필요.,원본: /Volumes/DESKTOP/XXX STUDIO/4) 영상 편집/6) 릴스/5) 아이쇼 스피드/제목) 선물2.ai,HOLD,REVIEWED,C,실제 확인: 빨간 Gift 2 배지와 “THE NIGHT OF SEOUL SWEATSHIRTS” 텍스트를 배치한 세로 카드다. 과거 영상 편집의 안내 역할은 있으나 현재 SKU·권리 확인 전 상업 사용 후보가 아니다.,2026-08-10,HOLD,THIRD-PARTY SOURCE
AST-0585,01_INPUT(입력_원본)/07_GLOBAL(글로벌_자료)/ishowspeed/HOLD/제목) 선물3.ai,제목) 선물3.ai,ai,글로벌 자료,ISHOWSPEED,승인된 COPY PLAN에 따라 복사한 원본 사본. 심층 품질 평가는 아직 진행하지 않음.,675 × 1200 px 미리보기,N/A — 벡터 그래픽,MEDIUM,LOW — 과거 Gift 제목 카드,B,ORGANIC SOCIAL / ARCHIVE TITLE,EDITORIAL SUPPORT,[COMMERCIAL CLEARANCE: HOLD] 인물·영상 맥락과 제품명/현행 SKU 관계가 미확인이다.,NO — AI 보완 불필요.,원본: /Volumes/DESKTOP/XXX STUDIO/4) 영상 편집/6) 릴스/5) 아이쇼 스피드/제목) 선물3.ai,HOLD,REVIEWED,C,실제 확인: 빨간 Gift 3 배지와 “THE DAY OF SEOUL SWEATSHIRTS” 텍스트를 배치한 세로 카드다. 과거 영상 편집의 안내 역할은 있으나 현재 SKU·권리 확인 전 상업 사용 후보가 아니다.,2026-08-10,HOLD,THIRD-PARTY SOURCE
AST-0586,01_INPUT(입력_원본)/07_GLOBAL(글로벌_자료)/ishowspeed/HOLD/제목) 이름이 뭐니.ai,제목) 이름이 뭐니.ai,ai,글로벌 자료,ISHOWSPEED,승인된 COPY PLAN에 따라 복사한 원본 사본. 심층 품질 평가는 아직 진행하지 않음.,675 × 1200 px 미리보기,N/A — 벡터 그래픽,LOW,LOW — 브랜드·제품 연결 없음,B,EXCLUDE / ARCHIVE,DERIVATIVE TITLE,[COMMERCIAL CLEARANCE: HOLD] 제3자 계정 표기와 영상 맥락 사용권 미확인.,NO — AI 보완 불필요.,원본: /Volumes/DESKTOP/XXX STUDIO/4) 영상 편집/6) 릴스/5) 아이쇼 스피드/제목) 이름이 뭐니.ai,HOLD,REVIEWED,D,실제 확인: “WHAT’S YOUR NAME? @bback__g”만 배치한 세로 제목 카드다. XXX STUDIO·KOREA TOUR·제품 연결이 없어 2026 Campaign에서는 사용을 권장하지 않는다.,2026-08-10,HOLD,THIRD-PARTY SOURCE
AST-0587,01_INPUT(입력_원본)/07_GLOBAL(글로벌_자료)/ishowspeed/HOLD/제목) 즐거운 시간 보내.ai,제목) 즐거운 시간 보내.ai,ai,글로벌 자료,ISHOWSPEED,승인된 COPY PLAN에 따라 복사한 원본 사본. 심층 품질 평가는 아직 진행하지 않음.,675 × 1200 px 미리보기,N/A — 벡터 그래픽,MEDIUM,LOW-MEDIUM — 이별/마감 제목 카드,B,ORGANIC SOCIAL / ARCHIVE TITLE,EDITORIAL SUPPORT,[COMMERCIAL CLEARANCE: HOLD] IShowSpeed 계정 언급과 영상 맥락의 사용 권리 미확인.,NO — AI 보완 불필요.,원본: /Volumes/DESKTOP/XXX STUDIO/4) 영상 편집/6) 릴스/5) 아이쇼 스피드/제목) 즐거운 시간 보내.ai,HOLD,REVIEWED,C,"실제 확인: “HAVE A GOODTIME @ISHOWSPEED”를 흰 박스에 배치한 세로 벡터 카드다. 과거 영상의 마감 역할은 가능하지만, Global Narrative의 독립 증거나 제품 증거는 아니다.",2026-08-10,HOLD,THIRD-PARTY SOURCE
AST-0588,01_INPUT(입력_원본)/07_GLOBAL(글로벌_자료)/ishowspeed/HOLD/제목)-Reunion.png,제목)-Reunion.png,png,글로벌 자료,ISHOWSPEED,승인된 COPY PLAN에 따라 복사한 원본 사본. 심층 품질 평가는 아직 진행하지 않음.,1080 × 1920 px,N/A — 정지 이미지,LOW,LOW — AST-0580 출력 파생,B,EXCLUDE / ARCHIVE,DERIVATIVE EXPORT,[COMMERCIAL CLEARANCE: HOLD] IShowSpeed 이름과 영상 맥락의 사용범위 미확인.,NO — AI 보완 불필요.,원본: /Volumes/DESKTOP/XXX STUDIO/4) 영상 편집/6) 릴스/5) 아이쇼 스피드/제목)-Reunion.png,HOLD,REVIEWED,EXCLUDE,실제 확인: AST-0580 “Reunion with IShowSpeed” 벡터 제목 카드의 PNG 출력본이다. 편집 마스터와 중복되는 파생본이므로 EXCLUDE한다.,2026-08-10,HOLD,THIRD-PARTY SOURCE
AST-0589,01_INPUT(입력_원본)/07_GLOBAL(글로벌_자료)/ishowspeed/HOLD/제목)-THE-DAY.png,제목)-THE-DAY.png,png,글로벌 자료,ISHOWSPEED,승인된 COPY PLAN에 따라 복사한 원본 사본. 심층 품질 평가는 아직 진행하지 않음.,1080 × 1920 px,N/A — 정지 이미지,MEDIUM,LOW-MEDIUM — DAY 제품명 제목 카드,B,ORGANIC SOCIAL / ARCHIVE TITLE,PRODUCT LABEL / EDITORIAL SUPPORT,[COMMERCIAL CLEARANCE: UNKNOWN] 자체 제작 출력으로 보이나 제품명·현행 SKU·영상 맥락의 사실과 권리를 확인해야 한다.,NO — 실제 제품을 AI로 생성·변경하지 않음.,원본: /Volumes/DESKTOP/XXX STUDIO/4) 영상 편집/6) 릴스/5) 아이쇼 스피드/제목)-THE-DAY.png,HOLD,REVIEWED,C,"실제 확인: 검정 배경에 “THE DAY OF SEOUL SWEATSHIRTS”를 배치한 세로 출력본이다. 과거 영상의 제품 장 제목으로만 기능하며, 실제 착용·현재 SKU·Global Proof는 보여주지 않는다.",2026-08-10,HOLD,THIRD-PARTY SOURCE
AST-0590,01_INPUT(입력_원본)/07_GLOBAL(글로벌_자료)/ishowspeed/HOLD/제목)-THE-NIGHT.png,제목)-THE-NIGHT.png,png,글로벌 자료,ISHOWSPEED,승인된 COPY PLAN에 따라 복사한 원본 사본. 심층 품질 평가는 아직 진행하지 않음.,1080 × 1920 px,N/A — 정지 이미지,MEDIUM,LOW-MEDIUM — NIGHT 제품명 제목 카드,B,ORGANIC SOCIAL / ARCHIVE TITLE,PRODUCT LABEL / EDITORIAL SUPPORT,[COMMERCIAL CLEARANCE: UNKNOWN] 자체 제작 출력으로 보이나 제품명·현행 SKU·영상 맥락의 사실과 권리를 확인해야 한다.,NO — 실제 제품을 AI로 생성·변경하지 않음.,원본: /Volumes/DESKTOP/XXX STUDIO/4) 영상 편집/6) 릴스/5) 아이쇼 스피드/제목)-THE-NIGHT.png,HOLD,REVIEWED,C,"실제 확인: 검정 배경에 “THE NIGHT OF SEOUL SWEATSHIRTS”를 배치한 세로 출력본이다. 과거 영상의 제품 장 제목으로만 기능하며, 실제 착용·현재 SKU·Global Proof는 보여주지 않는다.",2026-08-10,HOLD,THIRD-PARTY SOURCE
AST-0591,01_INPUT(입력_원본)/07_GLOBAL(글로벌_자료)/ishowspeed/HOLD/제목)-welcome-to-korea.png,제목)-welcome-to-korea.png,png,글로벌 자료,ISHOWSPEED,승인된 COPY PLAN에 따라 복사한 원본 사본. 심층 품질 평가는 아직 진행하지 않음.,1080 × 1920 px,N/A — 정지 이미지,LOW,LOW — AST-0581 출력 파생,B,EXCLUDE / ARCHIVE,DERIVATIVE EXPORT,[COMMERCIAL CLEARANCE: HOLD] 영상 맥락과 사용 범위 미확인.,NO — AI 보완 불필요.,원본: /Volumes/DESKTOP/XXX STUDIO/4) 영상 편집/6) 릴스/5) 아이쇼 스피드/제목)-welcome-to-korea.png,HOLD,REVIEWED,EXCLUDE,실제 확인: AST-0581 “WELCOME TO KOREA” 벡터 카드의 PNG 출력본이다. 편집 마스터와 중복되는 파생본이므로 EXCLUDE한다.,2026-08-10,HOLD,THIRD-PARTY SOURCE
AST-0592,01_INPUT(입력_원본)/07_GLOBAL(글로벌_자료)/ishowspeed/HOLD/제목)-선물1.png,제목)-선물1.png,png,글로벌 자료,ISHOWSPEED,승인된 COPY PLAN에 따라 복사한 원본 사본. 심층 품질 평가는 아직 진행하지 않음.,1080 × 1920 px,N/A — 정지 이미지,LOW,LOW — AST-0583 출력 파생,B,EXCLUDE / ARCHIVE,DERIVATIVE EXPORT,[COMMERCIAL CLEARANCE: HOLD] 외부 아이콘·영상 맥락의 사용 범위 미확인.,NO — AI 보완 불필요.,원본: /Volumes/DESKTOP/XXX STUDIO/4) 영상 편집/6) 릴스/5) 아이쇼 스피드/제목)-선물1.png,HOLD,REVIEWED,EXCLUDE,실제 확인: AST-0583 Gift 1 벡터 카드의 PNG 출력본이다. 편집 마스터와 중복되는 파생본이므로 EXCLUDE한다.,2026-08-10,HOLD,THIRD-PARTY SOURCE
AST-0593,01_INPUT(입력_원본)/07_GLOBAL(글로벌_자료)/ishowspeed/HOLD/제목)-선물2.png,제목)-선물2.png,png,글로벌 자료,ISHOWSPEED,승인된 COPY PLAN에 따라 복사한 원본 사본. 심층 품질 평가는 아직 진행하지 않음.,1080 × 1920 px,N/A — 정지 이미지,LOW,LOW — AST-0584 출력 파생,B,EXCLUDE / ARCHIVE,DERIVATIVE EXPORT,[COMMERCIAL CLEARANCE: HOLD] 외부 아이콘·영상 맥락의 사용 범위 미확인.,NO — AI 보완 불필요.,원본: /Volumes/DESKTOP/XXX STUDIO/4) 영상 편집/6) 릴스/5) 아이쇼 스피드/제목)-선물2.png,HOLD,REVIEWED,EXCLUDE,실제 확인: AST-0584 Gift 2 벡터 카드의 PNG 출력본이다. 편집 마스터와 중복되는 파생본이므로 EXCLUDE한다.,2026-08-10,HOLD,THIRD-PARTY SOURCE
AST-0594,01_INPUT(입력_원본)/07_GLOBAL(글로벌_자료)/ishowspeed/HOLD/제목)-선물3.png,제목)-선물3.png,png,글로벌 자료,ISHOWSPEED,승인된 COPY PLAN에 따라 복사한 원본 사본. 심층 품질 평가는 아직 진행하지 않음.,1080 × 1920 px,N/A — 정지 이미지,LOW,LOW — AST-0585 출력 파생,B,EXCLUDE / ARCHIVE,DERIVATIVE EXPORT,[COMMERCIAL CLEARANCE: HOLD] 외부 아이콘·영상 맥락의 사용 범위 미확인.,NO — AI 보완 불필요.,원본: /Volumes/DESKTOP/XXX STUDIO/4) 영상 편집/6) 릴스/5) 아이쇼 스피드/제목)-선물3.png,HOLD,REVIEWED,EXCLUDE,실제 확인: AST-0585 Gift 3 벡터 카드의 PNG 출력본이다. 편집 마스터와 중복되는 파생본이므로 EXCLUDE한다.,2026-08-10,HOLD,THIRD-PARTY SOURCE
AST-0595,01_INPUT(입력_원본)/07_GLOBAL(글로벌_자료)/ishowspeed/HOLD/제목)-이름이-뭐니.png,제목)-이름이-뭐니.png,png,글로벌 자료,ISHOWSPEED,승인된 COPY PLAN에 따라 복사한 원본 사본. 심층 품질 평가는 아직 진행하지 않음.,1080 × 1920 px,N/A — 정지 이미지,LOW,LOW — AST-0586 출력 파생,B,EXCLUDE / ARCHIVE,DERIVATIVE EXPORT,[COMMERCIAL CLEARANCE: HOLD] 제3자 계정 표기와 영상 맥락 사용권 미확인.,NO — AI 보완 불필요.,원본: /Volumes/DESKTOP/XXX STUDIO/4) 영상 편집/6) 릴스/5) 아이쇼 스피드/제목)-이름이-뭐니.png,HOLD,REVIEWED,EXCLUDE,실제 확인: AST-0586 계정 표기 제목 카드의 PNG 출력본이다. 편집 마스터와 중복되는 파생본이므로 EXCLUDE한다.,2026-08-10,HOLD,THIRD-PARTY SOURCE
AST-0596,01_INPUT(입력_원본)/07_GLOBAL(글로벌_자료)/ishowspeed/HOLD/제목)-즐거운-시간-보내.png,제목)-즐거운-시간-보내.png,png,글로벌 자료,ISHOWSPEED,승인된 COPY PLAN에 따라 복사한 원본 사본. 심층 품질 평가는 아직 진행하지 않음.,1080 × 1920 px,N/A — 정지 이미지,LOW,LOW — AST-0587 출력 파생,B,EXCLUDE / ARCHIVE,DERIVATIVE EXPORT,[COMMERCIAL CLEARANCE: HOLD] IShowSpeed 계정 언급과 영상 맥락의 사용 범위 미확인.,NO — AI 보완 불필요.,원본: /Volumes/DESKTOP/XXX STUDIO/4) 영상 편집/6) 릴스/5) 아이쇼 스피드/제목)-즐거운-시간-보내.png,HOLD,REVIEWED,EXCLUDE,실제 확인: AST-0587 마감 제목 카드의 PNG 출력본이다. 편집 마스터와 중복되는 파생본이므로 EXCLUDE한다.,2026-08-10,HOLD,THIRD-PARTY SOURCE
AST-0597,01_INPUT(입력_원본)/06_SOCIAL_PROOF(실제착용_소셜증거)/creators/instagram_mariana/KOREA-TOUR-로고(세로_블랙).png,KOREA-TOUR-로고(세로_블랙).png,png,소셜 증거,CREATOR,승인된 COPY PLAN에 따라 복사한 서울 캠페인 소스. 심층 품질 평가는 아직 진행하지 않음.,1080 × 1920 px,N/A — 정지 이미지,MEDIUM-HIGH,HIGH — KOREA TOUR : SEOUL,UNREVIEWED,ORGANIC SOCIAL / CAMPAIGN SYSTEM,BRAND SYSTEM / PRODUCT SUPPORT,[COMMERCIAL CLEARANCE: UNKNOWN] 자체 소셜 제작 소스로 보이나 원본 권리·사진 요소·현행 문구는 Content Clearance에서 확인한다.,NO — 실제 인물·제품·착용·권리 증거를 AI로 생성하거나 변경하지 않음. 승인 후 크롭·자막·색상 정리만 가능.,원본: 상위 XXX STUDIO 서울 캠페인 릴스/공식 인스타그램 소스,CANDIDATE,REVIEWED,B,실제 확인: 검정 바탕용 KOREA TOUR 세로 로고 출력으로 Organic Social의 장면 전환·브랜드 표식에 적합하다. Creative 판정은 B. 상업사용 상태는 UNKNOWN이며 Creative 등급과 별도다.,2026-08-09,UNKNOWN,UNKNOWN
AST-0598,01_INPUT(입력_원본)/06_SOCIAL_PROOF(실제착용_소셜증거)/creators/instagram_mariana/KOREA-TOUR-로고(세로_화이트).png,KOREA-TOUR-로고(세로_화이트).png,png,소셜 증거,CREATOR,승인된 COPY PLAN에 따라 복사한 서울 캠페인 소스. 심층 품질 평가는 아직 진행하지 않음.,1080 × 1920 px,N/A — 정지 이미지,MEDIUM-HIGH,HIGH — KOREA TOUR : SEOUL,UNREVIEWED,ORGANIC SOCIAL / CAMPAIGN SYSTEM,BRAND SYSTEM / PRODUCT SUPPORT,[COMMERCIAL CLEARANCE: UNKNOWN] 자체 소셜 제작 소스로 보이나 원본 권리·사진 요소·현행 문구는 Content Clearance에서 확인한다.,NO — 실제 인물·제품·착용·권리 증거를 AI로 생성하거나 변경하지 않음. 승인 후 크롭·자막·색상 정리만 가능.,원본: 상위 XXX STUDIO 서울 캠페인 릴스/공식 인스타그램 소스,CANDIDATE,REVIEWED,B,실제 확인: 흰색 바탕용 KOREA TOUR 세로 로고 출력으로 AST-0597의 배경 대응 변형이다. Creative 판정은 B. 상업사용 상태는 UNKNOWN이며 Creative 등급과 별도다.,2026-08-09,UNKNOWN,UNKNOWN
AST-0599,01_INPUT(입력_원본)/06_SOCIAL_PROOF(실제착용_소셜증거)/creators/instagram_mariana/LOGO)-XXX-STUDIO(세로_블랙).png,LOGO)-XXX-STUDIO(세로_블랙).png,png,소셜 증거,CREATOR,승인된 COPY PLAN에 따라 복사한 서울 캠페인 소스. 심층 품질 평가는 아직 진행하지 않음.,1080 × 1920 px,N/A — 정지 이미지,MEDIUM-HIGH,HIGH — KOREA TOUR : SEOUL,UNREVIEWED,ORGANIC SOCIAL / CAMPAIGN SYSTEM,BRAND SYSTEM / PRODUCT SUPPORT,[COMMERCIAL CLEARANCE: UNKNOWN] 자체 소셜 제작 소스로 보이나 원본 권리·사진 요소·현행 문구는 Content Clearance에서 확인한다.,NO — 실제 인물·제품·착용·권리 증거를 AI로 생성하거나 변경하지 않음. 승인 후 크롭·자막·색상 정리만 가능.,원본: 상위 XXX STUDIO 서울 캠페인 릴스/공식 인스타그램 소스,CANDIDATE,REVIEWED,B,실제 확인: 검정 바탕용 XXX STUDIO 세로 로고 출력으로 Social의 브랜드 도입·마감에 쓸 수 있다. Creative 판정은 B. 상업사용 상태는 UNKNOWN이며 Creative 등급과 별도다.,2026-08-09,UNKNOWN,UNKNOWN
AST-0600,01_INPUT(입력_원본)/06_SOCIAL_PROOF(실제착용_소셜증거)/creators/instagram_mariana/LOGO)-XXX-STUDIO(세로_화이트).png,LOGO)-XXX-STUDIO(세로_화이트).png,png,소셜 증거,CREATOR,승인된 COPY PLAN에 따라 복사한 서울 캠페인 소스. 심층 품질 평가는 아직 진행하지 않음.,1080 × 1920 px,N/A — 정지 이미지,MEDIUM-HIGH,HIGH — KOREA TOUR : SEOUL,UNREVIEWED,ORGANIC SOCIAL / CAMPAIGN SYSTEM,BRAND SYSTEM / PRODUCT SUPPORT,[COMMERCIAL CLEARANCE: UNKNOWN] 자체 소셜 제작 소스로 보이나 원본 권리·사진 요소·현행 문구는 Content Clearance에서 확인한다.,NO — 실제 인물·제품·착용·권리 증거를 AI로 생성하거나 변경하지 않음. 승인 후 크롭·자막·색상 정리만 가능.,원본: 상위 XXX STUDIO 서울 캠페인 릴스/공식 인스타그램 소스,CANDIDATE,REVIEWED,B,실제 확인: 흰색 바탕용 XXX STUDIO 세로 로고 출력으로 밝은 화면의 브랜드 도입·마감에 적합하다. Creative 판정은 B. 상업사용 상태는 UNKNOWN이며 Creative 등급과 별도다.,2026-08-09,UNKNOWN,UNKNOWN
AST-0601,01_INPUT(입력_원본)/06_SOCIAL_PROOF(실제착용_소셜증거)/creators/instagram_mariana/LOGO)-XXX-STUDIO(세로_화이트_500).png,LOGO)-XXX-STUDIO(세로_화이트_500).png,png,소셜 증거,CREATOR,승인된 COPY PLAN에 따라 복사한 서울 캠페인 소스. 심층 품질 평가는 아직 진행하지 않음.,1080 × 1920 px,N/A — 정지 이미지,LOW,LOW — KOREA TOUR : SEOUL,UNREVIEWED,REFERENCE / ARCHIVE,DERIVATIVE / ARCHIVE,[COMMERCIAL CLEARANCE: UNKNOWN] 자체 소셜 제작 소스로 보이나 원본 권리·사진 요소·현행 문구는 Content Clearance에서 확인한다. 중복·출력 파생 또는 Creative 범위 밖이라 직접 사용 후보에서 제외한다.,NO — 직접 사용 후보가 아니며 제3자·파생 자산을 AI로 재구성하지 않음.,원본: 상위 XXX STUDIO 서울 캠페인 릴스/공식 인스타그램 소스,CANDIDATE,REVIEWED,EXCLUDE,실제 확인: AST-0600과 같은 흰색 로고의 500 크기 파생 출력본이다. Creative 판정은 EXCLUDE. 상업사용 상태는 UNKNOWN이며 Creative 등급과 별도다.,2026-08-09,UNKNOWN,UNKNOWN
AST-0602,01_INPUT(입력_원본)/06_SOCIAL_PROOF(실제착용_소셜증거)/creators/instagram_mariana/LOGO)-XXX-STUDIO_도형(세로_블랙).png,LOGO)-XXX-STUDIO_도형(세로_블랙).png,png,소셜 증거,CREATOR,승인된 COPY PLAN에 따라 복사한 서울 캠페인 소스. 심층 품질 평가는 아직 진행하지 않음.,1080 × 1920 px,N/A — 정지 이미지,MEDIUM-HIGH,HIGH — KOREA TOUR : SEOUL,UNREVIEWED,ORGANIC SOCIAL / CAMPAIGN SYSTEM,BRAND SYSTEM / PRODUCT SUPPORT,[COMMERCIAL CLEARANCE: UNKNOWN] 자체 소셜 제작 소스로 보이나 원본 권리·사진 요소·현행 문구는 Content Clearance에서 확인한다.,NO — 실제 인물·제품·착용·권리 증거를 AI로 생성하거나 변경하지 않음. 승인 후 크롭·자막·색상 정리만 가능.,원본: 상위 XXX STUDIO 서울 캠페인 릴스/공식 인스타그램 소스,CANDIDATE,REVIEWED,B,실제 확인: 검정 바탕용 XXX STUDIO 도형 로고로 짧은 세로 전환에서 식별력이 좋다. Creative 판정은 B. 상업사용 상태는 UNKNOWN이며 Creative 등급과 별도다.,2026-08-09,UNKNOWN,UNKNOWN
AST-0603,01_INPUT(입력_원본)/06_SOCIAL_PROOF(실제착용_소셜증거)/creators/instagram_mariana/LOGO)-XXX-STUDIO_도형(세로_블랙_600).png,LOGO)-XXX-STUDIO_도형(세로_블랙_600).png,png,소셜 증거,CREATOR,승인된 COPY PLAN에 따라 복사한 서울 캠페인 소스. 심층 품질 평가는 아직 진행하지 않음.,1080 × 1920 px,N/A — 정지 이미지,LOW,LOW — KOREA TOUR : SEOUL,UNREVIEWED,REFERENCE / ARCHIVE,DERIVATIVE / ARCHIVE,[COMMERCIAL CLEARANCE: UNKNOWN] 자체 소셜 제작 소스로 보이나 원본 권리·사진 요소·현행 문구는 Content Clearance에서 확인한다. 중복·출력 파생 또는 Creative 범위 밖이라 직접 사용 후보에서 제외한다.,NO — 직접 사용 후보가 아니며 제3자·파생 자산을 AI로 재구성하지 않음.,원본: 상위 XXX STUDIO 서울 캠페인 릴스/공식 인스타그램 소스,CANDIDATE,REVIEWED,EXCLUDE,실제 확인: AST-0602와 같은 검정 도형 로고의 600 크기 파생 출력본이다. Creative 판정은 EXCLUDE. 상업사용 상태는 UNKNOWN이며 Creative 등급과 별도다.,2026-08-09,UNKNOWN,UNKNOWN
AST-0604,01_INPUT(입력_원본)/06_SOCIAL_PROOF(실제착용_소셜증거)/creators/instagram_mariana/LOGO)-XXX-STUDIO_도형(세로_화이트).png,LOGO)-XXX-STUDIO_도형(세로_화이트).png,png,소셜 증거,CREATOR,승인된 COPY PLAN에 따라 복사한 서울 캠페인 소스. 심층 품질 평가는 아직 진행하지 않음.,1080 × 1920 px,N/A — 정지 이미지,MEDIUM-HIGH,HIGH — KOREA TOUR : SEOUL,UNREVIEWED,ORGANIC SOCIAL / CAMPAIGN SYSTEM,BRAND SYSTEM / PRODUCT SUPPORT,[COMMERCIAL CLEARANCE: UNKNOWN] 자체 소셜 제작 소스로 보이나 원본 권리·사진 요소·현행 문구는 Content Clearance에서 확인한다.,NO — 실제 인물·제품·착용·권리 증거를 AI로 생성하거나 변경하지 않음. 승인 후 크롭·자막·색상 정리만 가능.,원본: 상위 XXX STUDIO 서울 캠페인 릴스/공식 인스타그램 소스,CANDIDATE,REVIEWED,B,실제 확인: 흰색 바탕용 XXX STUDIO 도형 로고로 밝은 소셜 화면의 전환 요소에 적합하다. Creative 판정은 B. 상업사용 상태는 UNKNOWN이며 Creative 등급과 별도다.,2026-08-09,UNKNOWN,UNKNOWN
AST-0605,01_INPUT(입력_원본)/06_SOCIAL_PROOF(실제착용_소셜증거)/creators/instagram_mariana/LOGO)-XXX-STUDIO_도형(세로_화이트_600).png,LOGO)-XXX-STUDIO_도형(세로_화이트_600).png,png,소셜 증거,CREATOR,승인된 COPY PLAN에 따라 복사한 서울 캠페인 소스. 심층 품질 평가는 아직 진행하지 않음.,1080 × 1920 px,N/A — 정지 이미지,LOW,LOW — KOREA TOUR : SEOUL,UNREVIEWED,REFERENCE / ARCHIVE,DERIVATIVE / ARCHIVE,[COMMERCIAL CLEARANCE: UNKNOWN] 자체 소셜 제작 소스로 보이나 원본 권리·사진 요소·현행 문구는 Content Clearance에서 확인한다. 중복·출력 파생 또는 Creative 범위 밖이라 직접 사용 후보에서 제외한다.,NO — 직접 사용 후보가 아니며 제3자·파생 자산을 AI로 재구성하지 않음.,원본: 상위 XXX STUDIO 서울 캠페인 릴스/공식 인스타그램 소스,CANDIDATE,REVIEWED,EXCLUDE,실제 확인: AST-0604와 같은 흰색 도형 로고의 600 크기 파생 출력본이다. Creative 판정은 EXCLUDE. 상업사용 상태는 UNKNOWN이며 Creative 등급과 별도다.,2026-08-09,UNKNOWN,UNKNOWN
AST-0606,01_INPUT(입력_원본)/06_SOCIAL_PROOF(실제착용_소셜증거)/creators/instagram_mariana/PROJECT)-KOREA-TOUR_DAY&NIGHT(기본_세로).png,PROJECT)-KOREA-TOUR_DAY&NIGHT(기본_세로).png,png,소셜 증거,CREATOR,승인된 COPY PLAN에 따라 복사한 서울 캠페인 소스. 심층 품질 평가는 아직 진행하지 않음.,1080 × 1920 px,N/A — 정지 이미지,MEDIUM-HIGH,HIGH — KOREA TOUR : SEOUL,UNREVIEWED,ORGANIC SOCIAL / CAMPAIGN SYSTEM,BRAND SYSTEM / PRODUCT SUPPORT,[COMMERCIAL CLEARANCE: UNKNOWN] 자체 소셜 제작 소스로 보이나 원본 권리·사진 요소·현행 문구는 Content Clearance에서 확인한다.,NO — 실제 인물·제품·착용·권리 증거를 AI로 생성하거나 변경하지 않음. 승인 후 크롭·자막·색상 정리만 가능.,원본: 상위 XXX STUDIO 서울 캠페인 릴스/공식 인스타그램 소스,CANDIDATE,REVIEWED,B,실제 확인: KOREA TOUR DAY&NIGHT 세로 표식이 +82·02·SEOUL 구조를 한 화면에 명확히 보여준다. Creative 판정은 B. 상업사용 상태는 UNKNOWN이며 Creative 등급과 별도다.,2026-08-09,UNKNOWN,UNKNOWN
AST-0607,01_INPUT(입력_원본)/06_SOCIAL_PROOF(실제착용_소셜증거)/creators/instagram_mariana/사진여러개.mp4,사진여러개.mp4,mp4,소셜 증거,CREATOR,승인된 COPY PLAN에 따라 복사한 서울 캠페인 소스. 심층 품질 평가는 아직 진행하지 않음.,406 × 720 px,3.2초,MEDIUM-HIGH,HIGH — KOREA TOUR : SEOUL,UNREVIEWED,ORGANIC SOCIAL / CAMPAIGN SYSTEM,BRAND SYSTEM / PRODUCT SUPPORT,[COMMERCIAL CLEARANCE: UNKNOWN] 자체 소셜 제작 소스로 보이나 원본 권리·사진 요소·현행 문구는 Content Clearance에서 확인한다.,NO — 실제 인물·제품·착용·권리 증거를 AI로 생성하거나 변경하지 않음. 승인 후 크롭·자막·색상 정리만 가능.,원본: 상위 XXX STUDIO 서울 캠페인 릴스/공식 인스타그램 소스,CANDIDATE,REVIEWED,B,실제 확인: 3.2초 저해상도 세로 영상으로 NIGHT 표식에서 검정 제품과 크림 제품 등판으로 빠르게 전환한다. Creative 판정은 B. 상업사용 상태는 UNKNOWN이며 Creative 등급과 별도다.,2026-08-09,UNKNOWN,UNKNOWN
AST-0608,01_INPUT(입력_원본)/06_SOCIAL_PROOF(실제착용_소셜증거)/creators/instagram_mariana/잠실(로고_풍경_블랙).png,잠실(로고_풍경_블랙).png,png,소셜 증거,CREATOR,승인된 COPY PLAN에 따라 복사한 서울 캠페인 소스. 심층 품질 평가는 아직 진행하지 않음.,1080 × 1920 px,N/A — 정지 이미지,MEDIUM-HIGH,HIGH — KOREA TOUR : SEOUL,UNREVIEWED,ORGANIC SOCIAL / CAMPAIGN SYSTEM,BRAND SYSTEM / PRODUCT SUPPORT,[COMMERCIAL CLEARANCE: UNKNOWN] 자체 소셜 제작 소스로 보이나 원본 권리·사진 요소·현행 문구는 Content Clearance에서 확인한다.,NO — 실제 인물·제품·착용·권리 증거를 AI로 생성하거나 변경하지 않음. 승인 후 크롭·자막·색상 정리만 가능.,원본: 상위 XXX STUDIO 서울 캠페인 릴스/공식 인스타그램 소스,CANDIDATE,REVIEWED,B,실제 확인: 잠실 야경·KOREA TOUR 표식을 검정 세로 레이아웃으로 묶어 NIGHT Social 서사에 적합하다. Creative 판정은 B. 상업사용 상태는 UNKNOWN이며 Creative 등급과 별도다.,2026-08-09,UNKNOWN,UNKNOWN
AST-0609,01_INPUT(입력_원본)/06_SOCIAL_PROOF(실제착용_소셜증거)/creators/instagram_mariana/잠실(옷_FRONT_블랙-배경).png,잠실(옷_FRONT_블랙-배경).png,png,소셜 증거,CREATOR,승인된 COPY PLAN에 따라 복사한 서울 캠페인 소스. 심층 품질 평가는 아직 진행하지 않음.,1080 × 1920 px,N/A — 정지 이미지,MEDIUM-HIGH,HIGH — KOREA TOUR : SEOUL,UNREVIEWED,ORGANIC SOCIAL / CAMPAIGN SYSTEM,BRAND SYSTEM / PRODUCT SUPPORT,[COMMERCIAL CLEARANCE: UNKNOWN] 자체 소셜 제작 소스로 보이나 원본 권리·사진 요소·현행 문구는 Content Clearance에서 확인한다.,NO — 실제 인물·제품·착용·권리 증거를 AI로 생성하거나 변경하지 않음. 승인 후 크롭·자막·색상 정리만 가능.,원본: 상위 XXX STUDIO 서울 캠페인 릴스/공식 인스타그램 소스,CANDIDATE,REVIEWED,B,실제 확인: 검정 제품 전면을 검정 배경에 배치한 세로 상품 카드로 제품 도입에 사용할 수 있다. Creative 판정은 B. 상업사용 상태는 UNKNOWN이며 Creative 등급과 별도다.,2026-08-09,UNKNOWN,UNKNOWN
AST-0610,01_INPUT(입력_원본)/06_SOCIAL_PROOF(실제착용_소셜증거)/creators/instagram_mariana/잠실(옷_블랙-배경).png,잠실(옷_블랙-배경).png,png,소셜 증거,CREATOR,승인된 COPY PLAN에 따라 복사한 서울 캠페인 소스. 심층 품질 평가는 아직 진행하지 않음.,1080 × 1920 px,N/A — 정지 이미지,MEDIUM-HIGH,HIGH — KOREA TOUR : SEOUL,UNREVIEWED,ORGANIC SOCIAL / CAMPAIGN SYSTEM,BRAND SYSTEM / PRODUCT SUPPORT,[COMMERCIAL CLEARANCE: UNKNOWN] 자체 소셜 제작 소스로 보이나 원본 권리·사진 요소·현행 문구는 Content Clearance에서 확인한다.,NO — 실제 인물·제품·착용·권리 증거를 AI로 생성하거나 변경하지 않음. 승인 후 크롭·자막·색상 정리만 가능.,원본: 상위 XXX STUDIO 서울 캠페인 릴스/공식 인스타그램 소스,CANDIDATE,REVIEWED,B,실제 확인: 검정 제품 후면과 NIGHT 도시 그래픽을 검정 배경에 배치해 제품 서사를 명확히 보여준다. Creative 판정은 B. 상업사용 상태는 UNKNOWN이며 Creative 등급과 별도다.,2026-08-09,UNKNOWN,UNKNOWN
AST-0611,01_INPUT(입력_원본)/06_SOCIAL_PROOF(실제착용_소셜증거)/creators/instagram_mariana/한글)-KOREA-TOUR_DAY&NIGT-(심플_지역번호_세로).png,한글)-KOREA-TOUR_DAY&NIGT-(심플_지역번호_세로).png,png,소셜 증거,CREATOR,승인된 COPY PLAN에 따라 복사한 서울 캠페인 소스. 심층 품질 평가는 아직 진행하지 않음.,1080 × 1920 px,N/A — 정지 이미지,LOW,LOW — KOREA TOUR : SEOUL,UNREVIEWED,REFERENCE / ARCHIVE,ARCHIVE / ERROR,[COMMERCIAL CLEARANCE: UNKNOWN] 자체 소셜 제작 소스로 보이나 원본 권리·사진 요소·현행 문구는 Content Clearance에서 확인한다.,NO — 직접 사용 후보가 아니며 제3자·파생 자산을 AI로 재구성하지 않음.,원본: 상위 XXX STUDIO 서울 캠페인 릴스/공식 인스타그램 소스,CANDIDATE,REVIEWED,D,실제 확인: DAY&NIGT로 표기된 세로 그래픽이며 NIGHT 철자 오류 때문에 현행 사용을 권장하지 않는다. Creative 판정은 D. 상업사용 상태는 UNKNOWN이며 Creative 등급과 별도다.,2026-08-09,UNKNOWN,UNKNOWN
AST-0612,01_INPUT(입력_원본)/06_SOCIAL_PROOF(실제착용_소셜증거)/creators/instagram_mariana/한글)-KOREA-TOUR_DAY(심플_지역번호_세로).png,한글)-KOREA-TOUR_DAY(심플_지역번호_세로).png,png,소셜 증거,CREATOR,승인된 COPY PLAN에 따라 복사한 서울 캠페인 소스. 심층 품질 평가는 아직 진행하지 않음.,1080 × 1920 px,N/A — 정지 이미지,MEDIUM-HIGH,HIGH — KOREA TOUR : SEOUL,UNREVIEWED,ORGANIC SOCIAL / CAMPAIGN SYSTEM,BRAND SYSTEM / PRODUCT SUPPORT,[COMMERCIAL CLEARANCE: UNKNOWN] 자체 소셜 제작 소스로 보이나 원본 권리·사진 요소·현행 문구는 Content Clearance에서 확인한다.,NO — 실제 인물·제품·착용·권리 증거를 AI로 생성하거나 변경하지 않음. 승인 후 크롭·자막·색상 정리만 가능.,원본: 상위 XXX STUDIO 서울 캠페인 릴스/공식 인스타그램 소스,CANDIDATE,REVIEWED,B,실제 확인: DAY 한글·지역번호 세로 표식으로 밝은 제품·북촌 콘텐츠의 장면 전환에 적합하다. Creative 판정은 B. 상업사용 상태는 UNKNOWN이며 Creative 등급과 별도다.,2026-08-09,UNKNOWN,UNKNOWN
AST-0613,01_INPUT(입력_원본)/06_SOCIAL_PROOF(실제착용_소셜증거)/creators/instagram_mariana/한글)-KOREA-TOUR_DAY(심플_지역번호_세로_화이트).png,한글)-KOREA-TOUR_DAY(심플_지역번호_세로_화이트).png,png,소셜 증거,CREATOR,승인된 COPY PLAN에 따라 복사한 서울 캠페인 소스. 심층 품질 평가는 아직 진행하지 않음.,1080 × 1920 px,N/A — 정지 이미지,MEDIUM-HIGH,HIGH — KOREA TOUR : SEOUL,UNREVIEWED,ORGANIC SOCIAL / CAMPAIGN SYSTEM,BRAND SYSTEM / PRODUCT SUPPORT,[COMMERCIAL CLEARANCE: UNKNOWN] 자체 소셜 제작 소스로 보이나 원본 권리·사진 요소·현행 문구는 Content Clearance에서 확인한다.,NO — 실제 인물·제품·착용·권리 증거를 AI로 생성하거나 변경하지 않음. 승인 후 크롭·자막·색상 정리만 가능.,원본: 상위 XXX STUDIO 서울 캠페인 릴스/공식 인스타그램 소스,CANDIDATE,REVIEWED,B,실제 확인: AST-0612의 흰색 배경 대응 변형으로 밝기 다른 소셜 장면에 사용할 수 있다. Creative 판정은 B. 상업사용 상태는 UNKNOWN이며 Creative 등급과 별도다.,2026-08-09,UNKNOWN,UNKNOWN
AST-0614,01_INPUT(입력_원본)/06_SOCIAL_PROOF(실제착용_소셜증거)/creators/instagram_mariana/한글)-KOREA-TOUR_DAY-&-NIGHT.png,한글)-KOREA-TOUR_DAY-&-NIGHT.png,png,소셜 증거,CREATOR,승인된 COPY PLAN에 따라 복사한 서울 캠페인 소스. 심층 품질 평가는 아직 진행하지 않음.,1080 × 1080 px,N/A — 정지 이미지,MEDIUM-HIGH,HIGH — KOREA TOUR : SEOUL,UNREVIEWED,ORGANIC SOCIAL / CAMPAIGN SYSTEM,BRAND SYSTEM / PRODUCT SUPPORT,[COMMERCIAL CLEARANCE: UNKNOWN] 자체 소셜 제작 소스로 보이나 원본 권리·사진 요소·현행 문구는 Content Clearance에서 확인한다.,NO — 실제 인물·제품·착용·권리 증거를 AI로 생성하거나 변경하지 않음. 승인 후 크롭·자막·색상 정리만 가능.,원본: 상위 XXX STUDIO 서울 캠페인 릴스/공식 인스타그램 소스,CANDIDATE,REVIEWED,B,실제 확인: DAY와 NIGHT 한글 표식을 정방형 한 화면에 결합해 두 컬렉션 비교 도입에 적합하다. Creative 판정은 B. 상업사용 상태는 UNKNOWN이며 Creative 등급과 별도다.,2026-08-09,UNKNOWN,UNKNOWN
AST-0615,01_INPUT(입력_원본)/06_SOCIAL_PROOF(실제착용_소셜증거)/creators/instagram_mariana/한글)-KOREA-TOUR_NIGHT(심플_지역번호_세로).png,한글)-KOREA-TOUR_NIGHT(심플_지역번호_세로).png,png,소셜 증거,CREATOR,승인된 COPY PLAN에 따라 복사한 서울 캠페인 소스. 심층 품질 평가는 아직 진행하지 않음.,1080 × 1920 px,N/A — 정지 이미지,MEDIUM-HIGH,HIGH — KOREA TOUR : SEOUL,UNREVIEWED,ORGANIC SOCIAL / CAMPAIGN SYSTEM,BRAND SYSTEM / PRODUCT SUPPORT,[COMMERCIAL CLEARANCE: UNKNOWN] 자체 소셜 제작 소스로 보이나 원본 권리·사진 요소·현행 문구는 Content Clearance에서 확인한다.,NO — 실제 인물·제품·착용·권리 증거를 AI로 생성하거나 변경하지 않음. 승인 후 크롭·자막·색상 정리만 가능.,원본: 상위 XXX STUDIO 서울 캠페인 릴스/공식 인스타그램 소스,CANDIDATE,REVIEWED,B,실제 확인: NIGHT 한글·지역번호 세로 표식으로 잠실·검정 제품 콘텐츠의 장면 전환에 적합하다. Creative 판정은 B. 상업사용 상태는 UNKNOWN이며 Creative 등급과 별도다.,2026-08-09,UNKNOWN,UNKNOWN
AST-0616,01_INPUT(입력_원본)/06_SOCIAL_PROOF(실제착용_소셜증거)/creators/instagram_mariana/한글)-KOREA-TOUR_NIGHT(심플_지역번호_세로_블랙).png,한글)-KOREA-TOUR_NIGHT(심플_지역번호_세로_블랙).png,png,소셜 증거,CREATOR,승인된 COPY PLAN에 따라 복사한 서울 캠페인 소스. 심층 품질 평가는 아직 진행하지 않음.,1080 × 1920 px,N/A — 정지 이미지,MEDIUM-HIGH,HIGH — KOREA TOUR : SEOUL,UNREVIEWED,ORGANIC SOCIAL / CAMPAIGN SYSTEM,BRAND SYSTEM / PRODUCT SUPPORT,[COMMERCIAL CLEARANCE: UNKNOWN] 자체 소셜 제작 소스로 보이나 원본 권리·사진 요소·현행 문구는 Content Clearance에서 확인한다.,NO — 실제 인물·제품·착용·권리 증거를 AI로 생성하거나 변경하지 않음. 승인 후 크롭·자막·색상 정리만 가능.,원본: 상위 XXX STUDIO 서울 캠페인 릴스/공식 인스타그램 소스,CANDIDATE,REVIEWED,B,실제 확인: NIGHT 한글·지역번호 표식의 검정 배경용 변형으로 어두운 콘텐츠에 적합하다. Creative 판정은 B. 상업사용 상태는 UNKNOWN이며 Creative 등급과 별도다.,2026-08-09,UNKNOWN,UNKNOWN
AST-0617,01_INPUT(입력_원본)/06_SOCIAL_PROOF(실제착용_소셜증거)/creators/instagram_mariana/한글)-KOREA-TOUR_NIGHT(심플_지역번호_세로_화이트).png,한글)-KOREA-TOUR_NIGHT(심플_지역번호_세로_화이트).png,png,소셜 증거,CREATOR,승인된 COPY PLAN에 따라 복사한 서울 캠페인 소스. 심층 품질 평가는 아직 진행하지 않음.,1080 × 1920 px,N/A — 정지 이미지,MEDIUM-HIGH,HIGH — KOREA TOUR : SEOUL,UNREVIEWED,ORGANIC SOCIAL / CAMPAIGN SYSTEM,BRAND SYSTEM / PRODUCT SUPPORT,[COMMERCIAL CLEARANCE: UNKNOWN] 자체 소셜 제작 소스로 보이나 원본 권리·사진 요소·현행 문구는 Content Clearance에서 확인한다.,NO — 실제 인물·제품·착용·권리 증거를 AI로 생성하거나 변경하지 않음. 승인 후 크롭·자막·색상 정리만 가능.,원본: 상위 XXX STUDIO 서울 캠페인 릴스/공식 인스타그램 소스,CANDIDATE,REVIEWED,B,실제 확인: NIGHT 한글·지역번호 표식의 흰색 배경용 변형으로 밝은 구간의 전환에 적합하다. Creative 판정은 B. 상업사용 상태는 UNKNOWN이며 Creative 등급과 별도다.,2026-08-09,UNKNOWN,UNKNOWN
AST-0618,01_INPUT(입력_원본)/09_VIDEO(영상)/reels/bukchon_jamsil_final/COVER) BUKCHON(1024_500).ai,COVER) BUKCHON(1024_500).ai,ai,영상,SEOUL_DAY_NIGHT,승인된 COPY PLAN에 따라 복사한 서울 캠페인 소스. 심층 품질 평가는 아직 진행하지 않음.,1024 px 계열 미리보기,N/A — 벡터/정지 커버,MEDIUM-HIGH,HIGH — DAY/NIGHT 도시 코드,UNREVIEWED,ORGANIC SOCIAL / WEBSITE — BUKCHON 가로 COVER,REEL COVER / SECTION LABEL,[COMMERCIAL CLEARANCE: UNKNOWN] 자체 제작 가능성은 있으나 사진·그래픽 요소·현행 SKU·원본 권리의 연결을 확인해야 한다.,NO — 실제 인물·제품·서울 장면·제품 성능을 AI로 생성·변경하지 않음.,원본: 상위 XXX STUDIO 서울 캠페인 릴스/공식 인스타그램 소스,CANDIDATE,REVIEWED,B,"실제 확인: 가로형 BUKCHON 가로 커버로 도시 사진 위 THE DAY/NIGHT OF SEOUL SWEATSHIRTS, ON-SITE, 좌표·QR을 겹친다. 도시-제품 연결은 좋지만 2024 표기·QR·사진 권리와 모바일 타이포를 갱신해야 한다. [활용 방향: REMASTER] 2024 표기·좌표·QR·문구·모바일 크롭과 원본 권리를 확인한 뒤에만 재편집 검토.",2026-08-10,UNKNOWN,UNKNOWN
AST-0619,01_INPUT(입력_원본)/09_VIDEO(영상)/reels/bukchon_jamsil_final/COVER) BUKCHON(세로).ai,COVER) BUKCHON(세로).ai,ai,영상,SEOUL_DAY_NIGHT,승인된 COPY PLAN에 따라 복사한 서울 캠페인 소스. 심층 품질 평가는 아직 진행하지 않음.,1024 px 계열 미리보기,N/A — 벡터/정지 커버,MEDIUM-HIGH,HIGH — DAY/NIGHT 도시 코드,UNREVIEWED,ORGANIC SOCIAL / WEBSITE — BUKCHON 세로 COVER,REEL COVER / SECTION LABEL,[COMMERCIAL CLEARANCE: UNKNOWN] 자체 제작 가능성은 있으나 사진·그래픽 요소·현행 SKU·원본 권리의 연결을 확인해야 한다.,NO — 실제 인물·제품·서울 장면·제품 성능을 AI로 생성·변경하지 않음.,원본: 상위 XXX STUDIO 서울 캠페인 릴스/공식 인스타그램 소스,CANDIDATE,REVIEWED,B,"실제 확인: 세로형 BUKCHON 세로 커버로 도시 사진 위 THE DAY/NIGHT OF SEOUL SWEATSHIRTS, ON-SITE, 좌표·QR을 겹친다. 도시-제품 연결은 좋지만 2024 표기·QR·사진 권리와 모바일 타이포를 갱신해야 한다. [활용 방향: REMASTER] 2024 표기·좌표·QR·문구·모바일 크롭과 원본 권리를 확인한 뒤에만 재편집 검토.",2026-08-10,UNKNOWN,UNKNOWN
AST-0620,01_INPUT(입력_원본)/09_VIDEO(영상)/reels/bukchon_jamsil_final/COVER) BUKCHON.ai,COVER) BUKCHON.ai,ai,영상,SEOUL_DAY_NIGHT,승인된 COPY PLAN에 따라 복사한 서울 캠페인 소스. 심층 품질 평가는 아직 진행하지 않음.,1024 px 계열 미리보기,N/A — 벡터/정지 커버,MEDIUM-HIGH,HIGH — DAY/NIGHT 도시 코드,UNREVIEWED,ORGANIC SOCIAL / WEBSITE — BUKCHON 기본 COVER,REEL COVER / SECTION LABEL,[COMMERCIAL CLEARANCE: UNKNOWN] 자체 제작 가능성은 있으나 사진·그래픽 요소·현행 SKU·원본 권리의 연결을 확인해야 한다.,NO — 실제 인물·제품·서울 장면·제품 성능을 AI로 생성·변경하지 않음.,원본: 상위 XXX STUDIO 서울 캠페인 릴스/공식 인스타그램 소스,CANDIDATE,REVIEWED,B,"실제 확인: 정방형/가로형 BUKCHON 기본 커버로 도시 사진 위 THE DAY/NIGHT OF SEOUL SWEATSHIRTS, ON-SITE, 좌표·QR을 겹친다. 도시-제품 연결은 좋지만 2024 표기·QR·사진 권리와 모바일 타이포를 갱신해야 한다. [활용 방향: REMASTER] 2024 표기·좌표·QR·문구·모바일 크롭과 원본 권리를 확인한 뒤에만 재편집 검토.",2026-08-10,UNKNOWN,UNKNOWN
AST-0621,01_INPUT(입력_원본)/09_VIDEO(영상)/reels/bukchon_jamsil_final/COVER) JAMSIL(1024).ai,COVER) JAMSIL(1024).ai,ai,영상,SEOUL_DAY_NIGHT,승인된 COPY PLAN에 따라 복사한 서울 캠페인 소스. 심층 품질 평가는 아직 진행하지 않음.,1024 px 계열 미리보기,N/A — 벡터/정지 커버,MEDIUM-HIGH,HIGH — DAY/NIGHT 도시 코드,UNREVIEWED,ORGANIC SOCIAL / WEBSITE — JAMSIL 기본 COVER,REEL COVER / SECTION LABEL,[COMMERCIAL CLEARANCE: UNKNOWN] 자체 제작 가능성은 있으나 사진·그래픽 요소·현행 SKU·원본 권리의 연결을 확인해야 한다.,NO — 실제 인물·제품·서울 장면·제품 성능을 AI로 생성·변경하지 않음.,원본: 상위 XXX STUDIO 서울 캠페인 릴스/공식 인스타그램 소스,CANDIDATE,REVIEWED,B,"실제 확인: 정방형 JAMSIL 기본 커버로 도시 사진 위 THE DAY/NIGHT OF SEOUL SWEATSHIRTS, ON-SITE, 좌표·QR을 겹친다. 도시-제품 연결은 좋지만 2024 표기·QR·사진 권리와 모바일 타이포를 갱신해야 한다. [활용 방향: REMASTER] 2024 표기·좌표·QR·문구·모바일 크롭과 원본 권리를 확인한 뒤에만 재편집 검토.",2026-08-10,UNKNOWN,UNKNOWN
AST-0622,01_INPUT(입력_원본)/09_VIDEO(영상)/reels/bukchon_jamsil_final/COVER)-BUKCHON(1024).png,COVER)-BUKCHON(1024).png,png,영상,SEOUL_DAY_NIGHT,승인된 COPY PLAN에 따라 복사한 서울 캠페인 소스. 심층 품질 평가는 아직 진행하지 않음.,1024 px 계열,N/A — PNG,LOW,LOW — 커버 출력 파생,UNREVIEWED,EXCLUDE / ARCHIVE,DERIVATIVE EXPORT,[COMMERCIAL CLEARANCE: UNKNOWN] 자체 제작 가능성은 있으나 사진·그래픽 요소·현행 SKU·원본 권리의 연결을 확인해야 한다.,NO — 실제 인물·제품·서울 장면·제품 성능을 AI로 생성·변경하지 않음.,원본: 상위 XXX STUDIO 서울 캠페인 릴스/공식 인스타그램 소스,CANDIDATE,REVIEWED,EXCLUDE,실제 확인: AST-0620 또는 동일 커버 계열의 PNG 출력 파생본이다. 대표 편집 마스터/후정본과 중복되어 제외한다. [활용 방향: DROP] 2026 Campaign 본문에는 사용하지 않고 원본 기록만 보존.,2026-08-10,UNKNOWN,UNKNOWN
AST-0623,01_INPUT(입력_원본)/09_VIDEO(영상)/reels/bukchon_jamsil_final/COVER)-BUKCHON(1024_500).png,COVER)-BUKCHON(1024_500).png,png,영상,SEOUL_DAY_NIGHT,승인된 COPY PLAN에 따라 복사한 서울 캠페인 소스. 심층 품질 평가는 아직 진행하지 않음.,1024 px 계열,N/A — PNG,LOW,LOW — 커버 출력 파생,UNREVIEWED,EXCLUDE / ARCHIVE,DERIVATIVE EXPORT,[COMMERCIAL CLEARANCE: UNKNOWN] 자체 제작 가능성은 있으나 사진·그래픽 요소·현행 SKU·원본 권리의 연결을 확인해야 한다.,NO — 실제 인물·제품·서울 장면·제품 성능을 AI로 생성·변경하지 않음.,원본: 상위 XXX STUDIO 서울 캠페인 릴스/공식 인스타그램 소스,CANDIDATE,REVIEWED,EXCLUDE,실제 확인: AST-0618 또는 동일 커버 계열의 PNG 출력 파생본이다. 대표 편집 마스터/후정본과 중복되어 제외한다. [활용 방향: DROP] 2026 Campaign 본문에는 사용하지 않고 원본 기록만 보존.,2026-08-10,UNKNOWN,UNKNOWN
AST-0624,01_INPUT(입력_원본)/09_VIDEO(영상)/reels/bukchon_jamsil_final/COVER)-BUKCHON(1024_테두리).png,COVER)-BUKCHON(1024_테두리).png,png,영상,SEOUL_DAY_NIGHT,승인된 COPY PLAN에 따라 복사한 서울 캠페인 소스. 심층 품질 평가는 아직 진행하지 않음.,1024 px 계열,N/A — PNG/벡터,MEDIUM,MEDIUM — 커버 변형,UNREVIEWED,ORGANIC SOCIAL / ARCHIVE,REEL COVER / VARIANT,[COMMERCIAL CLEARANCE: UNKNOWN] 자체 제작 가능성은 있으나 사진·그래픽 요소·현행 SKU·원본 권리의 연결을 확인해야 한다.,NO — 실제 인물·제품·서울 장면·제품 성능을 AI로 생성·변경하지 않음.,원본: 상위 XXX STUDIO 서울 캠페인 릴스/공식 인스타그램 소스,CANDIDATE,REVIEWED,C,실제 확인: 북촌/잠실 커버의 테두리 또는 소형 변형이다. 화면 용도는 있으나 대표 커버보다 정보량과 2026 완성도가 낮다. [활용 방향: REMASTER] 2024 표기·좌표·QR·문구·모바일 크롭과 원본 권리를 확인한 뒤에만 재편집 검토.,2026-08-10,UNKNOWN,UNKNOWN
AST-0625,01_INPUT(입력_원본)/09_VIDEO(영상)/reels/bukchon_jamsil_final/COVER)-BUKCHON.png,COVER)-BUKCHON.png,png,영상,SEOUL_DAY_NIGHT,승인된 COPY PLAN에 따라 복사한 서울 캠페인 소스. 심층 품질 평가는 아직 진행하지 않음.,1024 px 계열,N/A — PNG,LOW,LOW — 커버 출력 파생,UNREVIEWED,EXCLUDE / ARCHIVE,DERIVATIVE EXPORT,[COMMERCIAL CLEARANCE: UNKNOWN] 자체 제작 가능성은 있으나 사진·그래픽 요소·현행 SKU·원본 권리의 연결을 확인해야 한다.,NO — 실제 인물·제품·서울 장면·제품 성능을 AI로 생성·변경하지 않음.,원본: 상위 XXX STUDIO 서울 캠페인 릴스/공식 인스타그램 소스,CANDIDATE,REVIEWED,EXCLUDE,실제 확인: AST-0620 또는 동일 커버 계열의 PNG 출력 파생본이다. 대표 편집 마스터/후정본과 중복되어 제외한다. [활용 방향: DROP] 2026 Campaign 본문에는 사용하지 않고 원본 기록만 보존.,2026-08-10,UNKNOWN,UNKNOWN
AST-0626,01_INPUT(입력_원본)/09_VIDEO(영상)/reels/bukchon_jamsil_final/COVER)-JAMSIL(1024).png,COVER)-JAMSIL(1024).png,png,영상,SEOUL_DAY_NIGHT,승인된 COPY PLAN에 따라 복사한 서울 캠페인 소스. 심층 품질 평가는 아직 진행하지 않음.,1024 px 계열,N/A — PNG,LOW,LOW — 커버 출력 파생,UNREVIEWED,EXCLUDE / ARCHIVE,DERIVATIVE EXPORT,[COMMERCIAL CLEARANCE: UNKNOWN] 자체 제작 가능성은 있으나 사진·그래픽 요소·현행 SKU·원본 권리의 연결을 확인해야 한다.,NO — 실제 인물·제품·서울 장면·제품 성능을 AI로 생성·변경하지 않음.,원본: 상위 XXX STUDIO 서울 캠페인 릴스/공식 인스타그램 소스,CANDIDATE,REVIEWED,EXCLUDE,실제 확인: AST-0621 또는 동일 커버 계열의 PNG 출력 파생본이다. 대표 편집 마스터/후정본과 중복되어 제외한다. [활용 방향: DROP] 2026 Campaign 본문에는 사용하지 않고 원본 기록만 보존.,2026-08-10,UNKNOWN,UNKNOWN
AST-0627,01_INPUT(입력_원본)/09_VIDEO(영상)/reels/bukchon_jamsil_final/DJI_20240401143718_0100_D.MP4,DJI_20240401143718_0100_D.MP4,mp4,영상,SEOUL_DAY_NIGHT,승인된 COPY PLAN에 따라 복사한 서울 캠페인 소스. 심층 품질 평가는 아직 진행하지 않음.,1728 × 3072 px,27초,MEDIUM-HIGH,HIGH — 티켓/북촌 실제 장면,UNREVIEWED,ORGANIC SOCIAL / WEBSITE / WADIZ SUPPORT,SCENE / TICKET / NARRATIVE,[COMMERCIAL CLEARANCE: HOLD] 인물·음악·촬영자·장소·상표·외부 이미지 또는 원본 사용범위가 확인되지 않았다.,NO — 실제 장소·티켓·사람 장면을 AI로 생성·변경하지 않음. 승인 후 컷 편집·색보정만 검토.,원본: 상위 XXX STUDIO 서울 캠페인 릴스/공식 인스타그램 소스,CANDIDATE,REVIEWED,B,"실제 확인: 세로 DJI 원본으로 첫 1초에 북촌 배경 위 손에 든 KOREA TOUR 티켓이 보이고, 이후 북촌 거리와 티켓 클로즈업이 이어진다. RAW 원본이라 편집 템포·음악은 없지만 Scene → Ticket 연결 근거가 강하다. [활용 방향: PRESERVE]",2026-08-10,HOLD,THIRD-PARTY SOURCE
AST-0628,01_INPUT(입력_원본)/09_VIDEO(영상)/reels/bukchon_jamsil_final/OFFICIAL) 북촌 & 잠실 COUPLE.mp4,OFFICIAL) 북촌 & 잠실 COUPLE.mp4,mp4,영상,SEOUL_DAY_NIGHT,승인된 COPY PLAN에 따라 복사한 서울 캠페인 소스. 심층 품질 평가는 아직 진행하지 않음.,1920 × 1080 px,16초,MEDIUM,MEDIUM-HIGH — DAY/NIGHT 착용 대비,UNREVIEWED,WEBSITE / ORGANIC / WADIZ SUPPORT,WORN / DAY-NIGHT NARRATIVE,[COMMERCIAL CLEARANCE: HOLD] 인물·음악·촬영자·장소·상표·외부 이미지 또는 원본 사용범위가 확인되지 않았다.,NO — 실제 인물·제품·음원을 AI로 바꾸지 않음.,원본: 상위 XXX STUDIO 서울 캠페인 릴스/공식 인스타그램 소스,CANDIDATE,REVIEWED,B,"실제 확인: 가로형 짧은 영상으로 북촌과 잠실, 밝은/검정 제품의 뒷면 도시 그래픽을 교차 편집한다. 16:9라 모바일 Hero에는 약하지만 DAY↔NIGHT 대비와 실착 맥락은 유효하다. [활용 방향: REMASTER] 2024 표기·좌표·QR·문구·모바일 크롭과 원본 권리를 확인한 뒤에만 재편집 검토.",2026-08-10,HOLD,THIRD-PARTY SOURCE
AST-0629,01_INPUT(입력_원본)/09_VIDEO(영상)/reels/bukchon_jamsil_final/광고) THE DAY OF NIGHT_ON-SITE.mp4,광고) THE DAY OF NIGHT_ON-SITE.mp4,mp4,영상,SEOUL_DAY_NIGHT,승인된 COPY PLAN에 따라 복사한 서울 캠페인 소스. 심층 품질 평가는 아직 진행하지 않음.,1920 × 1080 px,22초,MEDIUM-HIGH,HIGH — DAY 제품/도시,UNREVIEWED,WADIZ SUPPORT / ORGANIC SOCIAL,PRODUCT PROOF / DAY NARRATIVE,[COMMERCIAL CLEARANCE: HOLD] 인물·음악·촬영자·장소·상표·외부 이미지 또는 원본 사용범위가 확인되지 않았다.,NO — 실제품·인물·음원을 AI로 생성/변경하지 않음.,원본: 상위 XXX STUDIO 서울 캠페인 릴스/공식 인스타그램 소스,CANDIDATE,REVIEWED,B,"실제 확인: 첫 1초 검정 화면 뒤 북촌 포스터/그래픽, DAY 등판 착용, 단품 카드가 순서대로 나온다. 제품 읽힘은 좋으나 ON-SITE·과거 타이포·음악을 현행화해야 한다. [활용 방향: REMASTER] 2024 표기·좌표·QR·문구·모바일 크롭과 원본 권리를 확인한 뒤에만 재편집 검토.",2026-08-10,HOLD,THIRD-PARTY SOURCE
AST-0630,01_INPUT(입력_원본)/09_VIDEO(영상)/reels/bukchon_jamsil_final/광고) THE NIGHT OF SEOUL_ON-SITE.mp4,광고) THE NIGHT OF SEOUL_ON-SITE.mp4,mp4,영상,SEOUL_DAY_NIGHT,승인된 COPY PLAN에 따라 복사한 서울 캠페인 소스. 심층 품질 평가는 아직 진행하지 않음.,1920 × 1080 px,21초,MEDIUM-HIGH,HIGH — NIGHT 제품/도시,UNREVIEWED,WADIZ SUPPORT / ORGANIC SOCIAL,PRODUCT PROOF / NIGHT NARRATIVE,[COMMERCIAL CLEARANCE: HOLD] 인물·음악·촬영자·장소·상표·외부 이미지 또는 원본 사용범위가 확인되지 않았다.,NO — 실제품·인물·음원을 AI로 생성/변경하지 않음.,원본: 상위 XXX STUDIO 서울 캠페인 릴스/공식 인스타그램 소스,CANDIDATE,REVIEWED,B,"실제 확인: 첫 1초 검정 화면 뒤 NIGHT 등판 착용, 제품 카드, 검정 제품 단독 화면을 연결한다. NIGHT의 제품 가독성은 좋으나 2024형 온사이트 문법과 음원·인물 권리 확인이 필요하다. [활용 방향: REMASTER] 2024 표기·좌표·QR·문구·모바일 크롭과 원본 권리를 확인한 뒤에만 재편집 검토.",2026-08-10,HOLD,THIRD-PARTY SOURCE
AST-0631,01_INPUT(입력_원본)/09_VIDEO(영상)/reels/package_final/KOREA TOUR_PACAKGE_릴스.mp4,KOREA TOUR_PACAKGE_릴스.mp4,mp4,영상,KOREA_TOUR,승인된 COPY PLAN에 따라 복사한 서울 캠페인 소스. 심층 품질 평가는 아직 진행하지 않음.,3840 × 2160 px,22초,HIGH,HIGH — Invitation / Package,UNREVIEWED,WADIZ / WEBSITE / ORGANIC SOCIAL,PACKAGE / UNBOXING / NARRATIVE,[COMMERCIAL CLEARANCE: HOLD] 인물·음악·촬영자·장소·상표·외부 이미지 또는 원본 사용범위가 확인되지 않았다.,NO — 실제 패키지·인쇄물·음원을 AI로 생성/변경하지 않음. 승인 후 자막/사실값 교체만 검토.,원본: 상위 XXX STUDIO 서울 캠페인 릴스/공식 인스타그램 소스,CANDIDATE,REVIEWED,A,"실제 확인: 첫 1초 흰 바탕의 INVITATION PACKAGE 구성표로 시작해 티켓/포스트카드, 카드 뒷면, 검정 격자 포장물을 빠르게 보여주는 세로 중심 편집이다. Package가 여행 시스템의 물성으로 읽히며 기존 Invitation·Ticket A급 자산과 가장 직접적으로 연결된다. [활용 방향: PRESERVE]",2026-08-10,HOLD,THIRD-PARTY SOURCE
AST-0632,01_INPUT(입력_원본)/09_VIDEO(영상)/reels/package_final/KOREA_TOUR_PACKAGE(1080)mp4.mp4,KOREA_TOUR_PACKAGE(1080)mp4.mp4,mp4,영상,KOREA_TOUR,승인된 COPY PLAN에 따라 복사한 서울 캠페인 소스. 심층 품질 평가는 아직 진행하지 않음.,1920 × 1080 px,22초,MEDIUM,MEDIUM — AST-0631 축소 출력,UNREVIEWED,EXCLUDE / ARCHIVE,DERIVATIVE VIDEO EXPORT,[COMMERCIAL CLEARANCE: HOLD] 인물·음악·촬영자·장소·상표·외부 이미지 또는 원본 사용범위가 확인되지 않았다.,NO — 실제 인물·제품·서울 장면·제품 성능을 AI로 생성·변경하지 않음.,원본: 상위 XXX STUDIO 서울 캠페인 릴스/공식 인스타그램 소스,CANDIDATE,REVIEWED,EXCLUDE,실제 확인: AST-0631과 동일한 Invitation Package 편집의 1080 출력본이다. 고해상도 대표본을 보존하고 중복 출력은 제외한다. [활용 방향: DROP] 2026 Campaign 본문에는 사용하지 않고 원본 기록만 보존.,2026-08-10,HOLD,THIRD-PARTY SOURCE
AST-0635,01_INPUT(입력_원본)/09_VIDEO(영상)/reels/bukchon_jamsil_final/COVER)-BUKCHON(1024_수정).png,COVER)-BUKCHON(1024_수정).png,png,영상,SEOUL_DAY_NIGHT,승인된 COPY PLAN에 따라 복사한 서울 캠페인 소스. 심층 품질 평가는 아직 진행하지 않음.,1024 px 계열 미리보기,N/A — 벡터/정지 커버,MEDIUM-HIGH,HIGH — DAY/NIGHT 도시 코드,UNREVIEWED,ORGANIC SOCIAL / WEBSITE — BUKCHON 후정 COVER,REEL COVER / SECTION LABEL,[COMMERCIAL CLEARANCE: UNKNOWN] 자체 제작 가능성은 있으나 사진·그래픽 요소·현행 SKU·원본 권리의 연결을 확인해야 한다.,NO — 실제 인물·제품·서울 장면·제품 성능을 AI로 생성·변경하지 않음.,원본: /Volumes/DESKTOP/XXX STUDIO/4) 영상 편집/6) 릴스/2) 북촌_SHORT/COVER)-BUKCHON(1024_수정).png,CANDIDATE,REVIEWED,B,"실제 확인: 수정 세로형 BUKCHON 후정 커버로 도시 사진 위 THE DAY/NIGHT OF SEOUL SWEATSHIRTS, ON-SITE, 좌표·QR을 겹친다. 도시-제품 연결은 좋지만 2024 표기·QR·사진 권리와 모바일 타이포를 갱신해야 한다. [활용 방향: REMASTER] 2024 표기·좌표·QR·문구·모바일 크롭과 원본 권리를 확인한 뒤에만 재편집 검토.",2026-08-10,UNKNOWN,UNKNOWN
AST-0637,01_INPUT(입력_원본)/09_VIDEO(영상)/reels/bukchon_jamsil_final/COVER)-JAMSIL(1024_수정).png,COVER)-JAMSIL(1024_수정).png,png,영상,SEOUL_DAY_NIGHT,승인된 COPY PLAN에 따라 복사한 서울 캠페인 소스. 심층 품질 평가는 아직 진행하지 않음.,1024 px 계열 미리보기,N/A — 벡터/정지 커버,MEDIUM-HIGH,HIGH — DAY/NIGHT 도시 코드,UNREVIEWED,ORGANIC SOCIAL / WEBSITE — JAMSIL 후정 COVER,REEL COVER / SECTION LABEL,[COMMERCIAL CLEARANCE: UNKNOWN] 자체 제작 가능성은 있으나 사진·그래픽 요소·현행 SKU·원본 권리의 연결을 확인해야 한다.,NO — 실제 인물·제품·서울 장면·제품 성능을 AI로 생성·변경하지 않음.,원본: /Volumes/DESKTOP/XXX STUDIO/4) 영상 편집/6) 릴스/2) 북촌_SHORT/COVER)-JAMSIL(1024_수정).png,CANDIDATE,REVIEWED,B,"실제 확인: 수정 정방형 JAMSIL 후정 커버로 도시 사진 위 THE DAY/NIGHT OF SEOUL SWEATSHIRTS, ON-SITE, 좌표·QR을 겹친다. 도시-제품 연결은 좋지만 2024 표기·QR·사진 권리와 모바일 타이포를 갱신해야 한다. [활용 방향: REMASTER] 2024 표기·좌표·QR·문구·모바일 크롭과 원본 권리를 확인한 뒤에만 재편집 검토.",2026-08-10,UNKNOWN,UNKNOWN
AST-0638,01_INPUT(입력_원본)/09_VIDEO(영상)/reels/bukchon_jamsil_final/COVER) JAMSIL(1024_SMALL).ai,COVER) JAMSIL(1024_SMALL).ai,ai,영상,SEOUL_DAY_NIGHT,승인된 COPY PLAN에 따라 복사한 서울 캠페인 소스. 심층 품질 평가는 아직 진행하지 않음.,1024 px 계열,N/A — PNG/벡터,MEDIUM,MEDIUM — 커버 변형,UNREVIEWED,ORGANIC SOCIAL / ARCHIVE,REEL COVER / VARIANT,[COMMERCIAL CLEARANCE: UNKNOWN] 자체 제작 가능성은 있으나 사진·그래픽 요소·현행 SKU·원본 권리의 연결을 확인해야 한다.,NO — 실제 인물·제품·서울 장면·제품 성능을 AI로 생성·변경하지 않음.,원본: /Volumes/DESKTOP/XXX STUDIO/4) 영상 편집/6) 릴스/2) 북촌_SHORT/COVER) JAMSIL(1024_SMALL).ai,CANDIDATE,REVIEWED,C,실제 확인: 북촌/잠실 커버의 테두리 또는 소형 변형이다. 화면 용도는 있으나 대표 커버보다 정보량과 2026 완성도가 낮다. [활용 방향: REMASTER] 2024 표기·좌표·QR·문구·모바일 크롭과 원본 권리를 확인한 뒤에만 재편집 검토.,2026-08-10,UNKNOWN,UNKNOWN
AST-0633,01_INPUT(입력_원본)/09_VIDEO(영상)/reels/bukchon_jamsil_final/COVER)-BUKCHON(1024_SMALL).png,COVER)-BUKCHON(1024_SMALL).png,png,영상,SEOUL_DAY_NIGHT,승인된 COPY PLAN에 따라 복사한 서울 캠페인 소스. 심층 품질 평가는 아직 진행하지 않음.,1024 px 계열,N/A — PNG,LOW,LOW — 커버 출력 파생,UNREVIEWED,EXCLUDE / ARCHIVE,DERIVATIVE EXPORT,[COMMERCIAL CLEARANCE: UNKNOWN] 자체 제작 가능성은 있으나 사진·그래픽 요소·현행 SKU·원본 권리의 연결을 확인해야 한다.,NO — 실제 인물·제품·서울 장면·제품 성능을 AI로 생성·변경하지 않음.,원본: /Volumes/DESKTOP/XXX STUDIO/4) 영상 편집/6) 릴스/2) 북촌_SHORT/COVER)-BUKCHON(1024_SMALL).png,CANDIDATE,REVIEWED,EXCLUDE,실제 확인: AST-0634 또는 동일 커버 계열의 PNG 출력 파생본이다. 대표 편집 마스터/후정본과 중복되어 제외한다. [활용 방향: DROP] 2026 Campaign 본문에는 사용하지 않고 원본 기록만 보존.,2026-08-10,UNKNOWN,UNKNOWN
AST-0634,01_INPUT(입력_원본)/09_VIDEO(영상)/reels/bukchon_jamsil_final/COVER) BUKCHON(1024_SMALL).ai,COVER) BUKCHON(1024_SMALL).ai,ai,영상,SEOUL_DAY_NIGHT,승인된 COPY PLAN에 따라 복사한 서울 캠페인 소스. 심층 품질 평가는 아직 진행하지 않음.,1024 px 계열,N/A — PNG/벡터,MEDIUM,MEDIUM — 커버 변형,UNREVIEWED,ORGANIC SOCIAL / ARCHIVE,REEL COVER / VARIANT,[COMMERCIAL CLEARANCE: UNKNOWN] 자체 제작 가능성은 있으나 사진·그래픽 요소·현행 SKU·원본 권리의 연결을 확인해야 한다.,NO — 실제 인물·제품·서울 장면·제품 성능을 AI로 생성·변경하지 않음.,원본: /Volumes/DESKTOP/XXX STUDIO/4) 영상 편집/6) 릴스/2) 북촌_SHORT/COVER) BUKCHON(1024_SMALL).ai,CANDIDATE,REVIEWED,C,실제 확인: 북촌/잠실 커버의 테두리 또는 소형 변형이다. 화면 용도는 있으나 대표 커버보다 정보량과 2026 완성도가 낮다. [활용 방향: REMASTER] 2024 표기·좌표·QR·문구·모바일 크롭과 원본 권리를 확인한 뒤에만 재편집 검토.,2026-08-10,UNKNOWN,UNKNOWN
AST-0636,01_INPUT(입력_원본)/09_VIDEO(영상)/reels/bukchon_jamsil_final/색상 매트 (Color Matte).mp4,색상 매트 (Color Matte).mp4,mp4,영상,SEOUL_DAY_NIGHT,승인된 COPY PLAN에 따라 복사한 서울 캠페인 소스. 심층 품질 평가는 아직 진행하지 않음.,1080 × 1920 px,16초,LOW,LOW — 편집용 매트,UNREVIEWED,EXCLUDE / ARCHIVE,EDITING UTILITY,[COMMERCIAL CLEARANCE: UNKNOWN] 자체 제작 가능성은 있으나 사진·그래픽 요소·현행 SKU·원본 권리의 연결을 확인해야 한다.,NO — 실제 인물·제품·서울 장면·제품 성능을 AI로 생성·변경하지 않음.,원본: /Volumes/DESKTOP/XXX STUDIO/4) 영상 편집/6) 릴스/2) 북촌_SHORT/색상 매트 (Color Matte).mp4,CANDIDATE,REVIEWED,D,실제 확인: DAY/NIGHT 사진과 제품을 작은 프레임에 넣은 색상 매트 편집용 영상이다. 완성 콘텐츠가 아니라 타임라인 보조용이므로 2026 Campaign 후보에서 제외한다. [활용 방향: DROP] 2026 Campaign 본문에는 사용하지 않고 원본 기록만 보존.,2026-08-10,UNKNOWN,UNKNOWN
AST-0639,01_INPUT(입력_원본)/06_SOCIAL_PROOF(실제착용_소셜증거)/paid_marketing_todaylook/고나나_kk0rr_162cm_52kg_2024-09-08 18_41/0TGorW8Z3AIltz5UWCrTqV20WhmJ46VlyYBwG28KI6qJPmb9Z0nWDjSrlaH7v3cq.jpg,0TGorW8Z3AIltz5UWCrTqV20WhmJ46VlyYBwG28KI6qJPmb9Z0nWDjSrlaH7v3cq.jpg,jpg,유료 마케팅 착용,DAY,고나나_kk0rr 유료 마케팅 납품 T-SHIRT DAY 전면 및 착용 증거 사진,2580×3292,N/A — 정지 이미지,HIGH,HIGH,MEDIUM,SOCIAL PROOF / PRODUCT PROOF,TRUST AMPLIFIER / WORN PROOF / FRONT PROOF,[CURRENT SKU MATCH NEEDS VERIFICATION] 2026 판매 재고와 동일 SKU·사양인지 확인 필요.,NO — 실제 제품·핏·인물은 생성형 AI로 변경하지 않고 크롭·색보정·먼지 정리만 허용.,"A-011B 신규 수집 TL-001; 원본 유지, 사전·사후 SHA-256 일치.",CANDIDATE,REVIEWED,B,실제 확인: DAY T-SHIRT의 전면 및 착용 증거가 보이는 오늘룩 유료 납품 사진이다. 전면·후면·소매·핏 중 하나를 실제로 보여 주는 보조 Product/Worn Proof다. 상업사용 범위는 사용자 확인으로 CLEARED 처리하되 현재 판매 SKU 동일성은 별도 검증한다.,2026-08-10,CLEARED,USER CONFIRMED PAID MARKETING
AST-0640,01_INPUT(입력_원본)/06_SOCIAL_PROOF(실제착용_소셜증거)/paid_marketing_todaylook/고나나_kk0rr_162cm_52kg_2024-09-08 18_41/6w92nnz6FVcaius98lWnvhBOVeom5BZvLXQW0ftMriKj85GjqJq74amGQMIzcEnt.jpg,6w92nnz6FVcaius98lWnvhBOVeom5BZvLXQW0ftMriKj85GjqJq74amGQMIzcEnt.jpg,jpg,유료 마케팅 착용,DAY,고나나_kk0rr 유료 마케팅 납품 T-SHIRT DAY 디테일 증거 사진,2580×3292,N/A — 정지 이미지,HIGH,HIGH,MEDIUM,SOCIAL PROOF / PRODUCT PROOF,TRUST AMPLIFIER / WORN PROOF / DETAIL PROOF,[CURRENT SKU MATCH NEEDS VERIFICATION] 2026 판매 재고와 동일 SKU·사양인지 확인 필요.,NO — 실제 제품·핏·인물은 생성형 AI로 변경하지 않고 크롭·색보정·먼지 정리만 허용.,"A-011B 신규 수집 TL-002; 원본 유지, 사전·사후 SHA-256 일치.",CANDIDATE,REVIEWED,B,실제 확인: DAY T-SHIRT의 디테일 증거가 보이는 오늘룩 유료 납품 사진이다. 전면·후면·소매·핏 중 하나를 실제로 보여 주는 보조 Product/Worn Proof다. 상업사용 범위는 사용자 확인으로 CLEARED 처리하되 현재 판매 SKU 동일성은 별도 검증한다.,2026-08-10,CLEARED,USER CONFIRMED PAID MARKETING
AST-0641,01_INPUT(입력_원본)/06_SOCIAL_PROOF(실제착용_소셜증거)/paid_marketing_todaylook/고나나_kk0rr_162cm_52kg_2024-09-08 18_41/9OwVaXLAKqsJfOhJKbe7hMoMKoEHnCXUonXcCTdkMt4DkT7xKgmtntAE70xdlB6B.jpg,9OwVaXLAKqsJfOhJKbe7hMoMKoEHnCXUonXcCTdkMt4DkT7xKgmtntAE70xdlB6B.jpg,jpg,유료 마케팅 착용,DAY,고나나_kk0rr 유료 마케팅 납품 T-SHIRT DAY 전면 및 착용 증거 사진,2580×3291,N/A — 정지 이미지,HIGH,HIGH,MEDIUM,SOCIAL PROOF / PRODUCT PROOF,TRUST AMPLIFIER / WORN PROOF / FRONT PROOF,[CURRENT SKU MATCH NEEDS VERIFICATION] 2026 판매 재고와 동일 SKU·사양인지 확인 필요.,NO — 실제 제품·핏·인물은 생성형 AI로 변경하지 않고 크롭·색보정·먼지 정리만 허용.,"A-011B 신규 수집 TL-003; 원본 유지, 사전·사후 SHA-256 일치.",CANDIDATE,REVIEWED,B,실제 확인: DAY T-SHIRT의 전면 및 착용 증거가 보이는 오늘룩 유료 납품 사진이다. 전면·후면·소매·핏 중 하나를 실제로 보여 주는 보조 Product/Worn Proof다. 상업사용 범위는 사용자 확인으로 CLEARED 처리하되 현재 판매 SKU 동일성은 별도 검증한다.,2026-08-10,CLEARED,USER CONFIRMED PAID MARKETING
AST-0642,01_INPUT(입력_원본)/06_SOCIAL_PROOF(실제착용_소셜증거)/paid_marketing_todaylook/고나나_kk0rr_162cm_52kg_2024-09-08 18_41/LOT6mglxtprr5weYcMa7cZq3xfy63DIepEKkAz8ijQgxSGvbgw7bOSAg8V8WNVcn.jpg,LOT6mglxtprr5weYcMa7cZq3xfy63DIepEKkAz8ijQgxSGvbgw7bOSAg8V8WNVcn.jpg,jpg,유료 마케팅 착용,DAY,고나나_kk0rr 유료 마케팅 납품 T-SHIRT DAY 디테일 증거 사진,2580×3292,N/A — 정지 이미지,HIGH,HIGH,MEDIUM,SOCIAL PROOF / PRODUCT PROOF,TRUST AMPLIFIER / WORN PROOF / DETAIL PROOF,[CURRENT SKU MATCH NEEDS VERIFICATION] 2026 판매 재고와 동일 SKU·사양인지 확인 필요.,NO — 실제 제품·핏·인물은 생성형 AI로 변경하지 않고 크롭·색보정·먼지 정리만 허용.,"A-011B 신규 수집 TL-004; 원본 유지, 사전·사후 SHA-256 일치.",CANDIDATE,REVIEWED,B,실제 확인: DAY T-SHIRT의 디테일 증거가 보이는 오늘룩 유료 납품 사진이다. 전면·후면·소매·핏 중 하나를 실제로 보여 주는 보조 Product/Worn Proof다. 상업사용 범위는 사용자 확인으로 CLEARED 처리하되 현재 판매 SKU 동일성은 별도 검증한다.,2026-08-10,CLEARED,USER CONFIRMED PAID MARKETING
AST-0643,01_INPUT(입력_원본)/06_SOCIAL_PROOF(실제착용_소셜증거)/paid_marketing_todaylook/고나나_kk0rr_162cm_52kg_2024-09-08 18_41/TvhlFW5BnP9fXW4wzis6Mp4rEgYsqwn813SzOO8N6LKN0gCAuj6zZJunlX5pGM5y.jpg,TvhlFW5BnP9fXW4wzis6Mp4rEgYsqwn813SzOO8N6LKN0gCAuj6zZJunlX5pGM5y.jpg,jpg,유료 마케팅 착용,DAY,고나나_kk0rr 유료 마케팅 납품 T-SHIRT DAY 디테일 증거 사진,2580×3292,N/A — 정지 이미지,HIGH,HIGH,MEDIUM,SOCIAL PROOF / PRODUCT PROOF,TRUST AMPLIFIER / WORN PROOF / DETAIL PROOF,[CURRENT SKU MATCH NEEDS VERIFICATION] 2026 판매 재고와 동일 SKU·사양인지 확인 필요.,NO — 실제 제품·핏·인물은 생성형 AI로 변경하지 않고 크롭·색보정·먼지 정리만 허용.,"A-011B 신규 수집 TL-005; 원본 유지, 사전·사후 SHA-256 일치.",CANDIDATE,REVIEWED,B,실제 확인: DAY T-SHIRT의 디테일 증거가 보이는 오늘룩 유료 납품 사진이다. 전면·후면·소매·핏 중 하나를 실제로 보여 주는 보조 Product/Worn Proof다. 상업사용 범위는 사용자 확인으로 CLEARED 처리하되 현재 판매 SKU 동일성은 별도 검증한다.,2026-08-10,CLEARED,USER CONFIRMED PAID MARKETING
AST-0644,01_INPUT(입력_원본)/06_SOCIAL_PROOF(실제착용_소셜증거)/paid_marketing_todaylook/고나나_kk0rr_162cm_52kg_2024-09-08 18_41/gXWeCm30xo4hEjCgHwBHkodx1L89JSMGpVdWA7DUH0YwncMBRiA34BwyGSAxLJ9y.jpg,gXWeCm30xo4hEjCgHwBHkodx1L89JSMGpVdWA7DUH0YwncMBRiA34BwyGSAxLJ9y.jpg,jpg,유료 마케팅 착용,DAY,고나나_kk0rr 유료 마케팅 납품 T-SHIRT DAY 전면 및 착용 증거 사진,2580×3292,N/A — 정지 이미지,MEDIUM,MEDIUM,LOW,SOCIAL SUPPORT / ARCHIVE,TRUST AMPLIFIER / WORN PROOF / FRONT PROOF,[CURRENT SKU MATCH NEEDS VERIFICATION] 2026 판매 재고와 동일 SKU·사양인지 확인 필요.,NO — 실제 제품·핏·인물은 생성형 AI로 변경하지 않고 크롭·색보정·먼지 정리만 허용.,"A-011B 신규 수집 TL-006; 원본 유지, 사전·사후 SHA-256 일치.",CANDIDATE,REVIEWED,C,실제 확인: DAY T-SHIRT의 전면 및 착용 증거가 보이는 오늘룩 유료 납품 사진이다. 유사 구도 반복 또는 제품 비중이 낮아 핵심보다 보조/기록용 우선순위가 맞다. 상업사용 범위는 사용자 확인으로 CLEARED 처리하되 현재 판매 SKU 동일성은 별도 검증한다.,2026-08-10,CLEARED,USER CONFIRMED PAID MARKETING
AST-0645,01_INPUT(입력_원본)/06_SOCIAL_PROOF(실제착용_소셜증거)/paid_marketing_todaylook/고나나_kk0rr_162cm_52kg_2024-09-08 18_41/nUkpP3BmpuuOXrVfP2E0FVYWPBxxZDhvEeekvtxOos9hoc5nWQknLCC1xOAUiXtX.jpg,nUkpP3BmpuuOXrVfP2E0FVYWPBxxZDhvEeekvtxOos9hoc5nWQknLCC1xOAUiXtX.jpg,jpg,유료 마케팅 착용,DAY,고나나_kk0rr 유료 마케팅 납품 T-SHIRT DAY 후면 및 그래픽 증거 사진,2580×3292,N/A — 정지 이미지,HIGH,HIGH,HIGH,SOCIAL PROOF / PRODUCT PROOF,TRUST AMPLIFIER / WORN PROOF / BACK PROOF,[CURRENT SKU MATCH NEEDS VERIFICATION] 2026 판매 재고와 동일 SKU·사양인지 확인 필요.,NO — 실제 제품·핏·인물은 생성형 AI로 변경하지 않고 크롭·색보정·먼지 정리만 허용.,"A-011B 신규 수집 TL-007; 원본 유지, 사전·사후 SHA-256 일치.",CANDIDATE,REVIEWED,A,실제 확인: DAY T-SHIRT의 후면 및 그래픽 증거가 보이는 오늘룩 유료 납품 사진이다. 제품 후면 그래픽과 실제 착용 장면이 동시에 명확해 유료/유기적 소셜의 핵심 Trust Amplifier 후보다. 상업사용 범위는 사용자 확인으로 CLEARED 처리하되 현재 판매 SKU 동일성은 별도 검증한다.,2026-08-10,CLEARED,USER CONFIRMED PAID MARKETING
AST-0646,01_INPUT(입력_원본)/06_SOCIAL_PROOF(실제착용_소셜증거)/paid_marketing_todaylook/고나나_kk0rr_162cm_52kg_2024-09-08 18_41/uCp6Q28Lyppu2pgxgFGkr43sjqujs34WqKcvWnwC1TrHOfzRW2VjZdXL9bn0weEn.jpg,uCp6Q28Lyppu2pgxgFGkr43sjqujs34WqKcvWnwC1TrHOfzRW2VjZdXL9bn0weEn.jpg,jpg,유료 마케팅 착용,DAY,고나나_kk0rr 유료 마케팅 납품 T-SHIRT DAY 전면 및 착용 증거 사진,2580×3292,N/A — 정지 이미지,MEDIUM,MEDIUM,LOW,SOCIAL SUPPORT / ARCHIVE,TRUST AMPLIFIER / WORN PROOF / FRONT PROOF,[CURRENT SKU MATCH NEEDS VERIFICATION] 2026 판매 재고와 동일 SKU·사양인지 확인 필요.,NO — 실제 제품·핏·인물은 생성형 AI로 변경하지 않고 크롭·색보정·먼지 정리만 허용.,"A-011B 신규 수집 TL-008; 원본 유지, 사전·사후 SHA-256 일치.",CANDIDATE,REVIEWED,C,실제 확인: DAY T-SHIRT의 전면 및 착용 증거가 보이는 오늘룩 유료 납품 사진이다. 유사 구도 반복 또는 제품 비중이 낮아 핵심보다 보조/기록용 우선순위가 맞다. 상업사용 범위는 사용자 확인으로 CLEARED 처리하되 현재 판매 SKU 동일성은 별도 검증한다.,2026-08-10,CLEARED,USER CONFIRMED PAID MARKETING
AST-0647,01_INPUT(입력_원본)/06_SOCIAL_PROOF(실제착용_소셜증거)/paid_marketing_todaylook/고나나_kk0rr_162cm_52kg_2024-09-08 18_41/vEuy7XR0mD1ck1FismqEkwpKZeU2IvXyVATbZktGtFTeTlZO9i2HXdsGCdexw1G0.jpg,vEuy7XR0mD1ck1FismqEkwpKZeU2IvXyVATbZktGtFTeTlZO9i2HXdsGCdexw1G0.jpg,jpg,유료 마케팅 착용,DAY,고나나_kk0rr 유료 마케팅 납품 T-SHIRT DAY 전면 및 착용 증거 사진,2580×3292,N/A — 정지 이미지,MEDIUM,MEDIUM,LOW,SOCIAL SUPPORT / ARCHIVE,TRUST AMPLIFIER / WORN PROOF / FRONT PROOF,[CURRENT SKU MATCH NEEDS VERIFICATION] 2026 판매 재고와 동일 SKU·사양인지 확인 필요.,NO — 실제 제품·핏·인물은 생성형 AI로 변경하지 않고 크롭·색보정·먼지 정리만 허용.,"A-011B 신규 수집 TL-009; 원본 유지, 사전·사후 SHA-256 일치.",CANDIDATE,REVIEWED,C,실제 확인: DAY T-SHIRT의 전면 및 착용 증거가 보이는 오늘룩 유료 납품 사진이다. 유사 구도 반복 또는 제품 비중이 낮아 핵심보다 보조/기록용 우선순위가 맞다. 상업사용 범위는 사용자 확인으로 CLEARED 처리하되 현재 판매 SKU 동일성은 별도 검증한다.,2026-08-10,CLEARED,USER CONFIRMED PAID MARKETING
AST-0648,01_INPUT(입력_원본)/06_SOCIAL_PROOF(실제착용_소셜증거)/paid_marketing_todaylook/김경민_aprycotkr_175cm_75kg_2024-09-08 18_40/99185iPg3IhwpkKAOykNWiHL6XxEthM63grK8KSTKqAeBFAivtdBTrJ4BAAsXulB.jpg,99185iPg3IhwpkKAOykNWiHL6XxEthM63grK8KSTKqAeBFAivtdBTrJ4BAAsXulB.jpg,jpg,유료 마케팅 착용,DAY,김경민_aprycotkr 유료 마케팅 납품 SWEATSHIRT DAY 전면 및 착용 증거 사진,1500×1915,N/A — 정지 이미지,HIGH,HIGH,MEDIUM,SOCIAL PROOF / PRODUCT PROOF,TRUST AMPLIFIER / WORN PROOF / FRONT PROOF,[CURRENT SKU MATCH NEEDS VERIFICATION] 2026 판매 재고와 동일 SKU·사양인지 확인 필요.,NO — 실제 제품·핏·인물은 생성형 AI로 변경하지 않고 크롭·색보정·먼지 정리만 허용.,"A-011B 신규 수집 TL-010; 원본 유지, 사전·사후 SHA-256 일치.",CANDIDATE,REVIEWED,B,실제 확인: DAY SWEATSHIRT의 전면 및 착용 증거가 보이는 오늘룩 유료 납품 사진이다. 전면·후면·소매·핏 중 하나를 실제로 보여 주는 보조 Product/Worn Proof다. 상업사용 범위는 사용자 확인으로 CLEARED 처리하되 현재 판매 SKU 동일성은 별도 검증한다.,2026-08-10,CLEARED,USER CONFIRMED PAID MARKETING
AST-0649,01_INPUT(입력_원본)/06_SOCIAL_PROOF(실제착용_소셜증거)/paid_marketing_todaylook/김경민_aprycotkr_175cm_75kg_2024-09-08 18_40/LDrWKDn4X7pYKALuSr81MDWrotRpCUcUO9GuffFAEJtPhmK0rHyU3SP0qUmFNJnI.jpg,LDrWKDn4X7pYKALuSr81MDWrotRpCUcUO9GuffFAEJtPhmK0rHyU3SP0qUmFNJnI.jpg,jpg,유료 마케팅 착용,DAY,김경민_aprycotkr 유료 마케팅 납품 SWEATSHIRT DAY 디테일 증거 사진,1500×1915,N/A — 정지 이미지,HIGH,HIGH,MEDIUM,SOCIAL PROOF / PRODUCT PROOF,TRUST AMPLIFIER / WORN PROOF / DETAIL PROOF,[CURRENT SKU MATCH NEEDS VERIFICATION] 2026 판매 재고와 동일 SKU·사양인지 확인 필요.,NO — 실제 제품·핏·인물은 생성형 AI로 변경하지 않고 크롭·색보정·먼지 정리만 허용.,"A-011B 신규 수집 TL-011; 원본 유지, 사전·사후 SHA-256 일치.",CANDIDATE,REVIEWED,B,실제 확인: DAY SWEATSHIRT의 디테일 증거가 보이는 오늘룩 유료 납품 사진이다. 전면·후면·소매·핏 중 하나를 실제로 보여 주는 보조 Product/Worn Proof다. 상업사용 범위는 사용자 확인으로 CLEARED 처리하되 현재 판매 SKU 동일성은 별도 검증한다.,2026-08-10,CLEARED,USER CONFIRMED PAID MARKETING
AST-0650,01_INPUT(입력_원본)/06_SOCIAL_PROOF(실제착용_소셜증거)/paid_marketing_todaylook/김경민_aprycotkr_175cm_75kg_2024-09-08 18_40/QVQNP6jItwgY9SOM9TvLfh1CeWjnHlNc45jGjB52UGIvVDIPY2bHtVuEVPfIl9P9.jpg,QVQNP6jItwgY9SOM9TvLfh1CeWjnHlNc45jGjB52UGIvVDIPY2bHtVuEVPfIl9P9.jpg,jpg,유료 마케팅 착용,DAY,김경민_aprycotkr 유료 마케팅 납품 SWEATSHIRT DAY 후면 및 그래픽 증거 사진,1500×1915,N/A — 정지 이미지,HIGH,HIGH,MEDIUM,SOCIAL PROOF / PRODUCT PROOF,TRUST AMPLIFIER / WORN PROOF / BACK PROOF,[CURRENT SKU MATCH NEEDS VERIFICATION] 2026 판매 재고와 동일 SKU·사양인지 확인 필요.,NO — 실제 제품·핏·인물은 생성형 AI로 변경하지 않고 크롭·색보정·먼지 정리만 허용.,"A-011B 신규 수집 TL-012; 원본 유지, 사전·사후 SHA-256 일치.",CANDIDATE,REVIEWED,B,실제 확인: DAY SWEATSHIRT의 후면 및 그래픽 증거가 보이는 오늘룩 유료 납품 사진이다. 전면·후면·소매·핏 중 하나를 실제로 보여 주는 보조 Product/Worn Proof다. 상업사용 범위는 사용자 확인으로 CLEARED 처리하되 현재 판매 SKU 동일성은 별도 검증한다.,2026-08-10,CLEARED,USER CONFIRMED PAID MARKETING
AST-0651,01_INPUT(입력_원본)/06_SOCIAL_PROOF(실제착용_소셜증거)/paid_marketing_todaylook/김경민_aprycotkr_175cm_75kg_2024-09-08 18_40/VUMCV1JuUuDoEp49XvU27xNxEmMiN1u9YOCdM0AqGYUJb19fiGhUhbKWGlHhX4hf.jpg,VUMCV1JuUuDoEp49XvU27xNxEmMiN1u9YOCdM0AqGYUJb19fiGhUhbKWGlHhX4hf.jpg,jpg,유료 마케팅 착용,DAY,김경민_aprycotkr 유료 마케팅 납품 SWEATSHIRT DAY 전면 및 착용 증거 사진,1500×1915,N/A — 정지 이미지,MEDIUM,MEDIUM,LOW,SOCIAL SUPPORT / ARCHIVE,TRUST AMPLIFIER / WORN PROOF / FRONT PROOF,[CURRENT SKU MATCH NEEDS VERIFICATION] 2026 판매 재고와 동일 SKU·사양인지 확인 필요.,NO — 실제 제품·핏·인물은 생성형 AI로 변경하지 않고 크롭·색보정·먼지 정리만 허용.,"A-011B 신규 수집 TL-013; 원본 유지, 사전·사후 SHA-256 일치.",CANDIDATE,REVIEWED,C,실제 확인: DAY SWEATSHIRT의 전면 및 착용 증거가 보이는 오늘룩 유료 납품 사진이다. 유사 구도 반복 또는 제품 비중이 낮아 핵심보다 보조/기록용 우선순위가 맞다. 상업사용 범위는 사용자 확인으로 CLEARED 처리하되 현재 판매 SKU 동일성은 별도 검증한다.,2026-08-10,CLEARED,USER CONFIRMED PAID MARKETING
AST-0652,01_INPUT(입력_원본)/06_SOCIAL_PROOF(실제착용_소셜증거)/paid_marketing_todaylook/김경민_aprycotkr_175cm_75kg_2024-09-08 18_40/YpMcztSGT4fKnBFof2eKUeTP9TNBZ3Gv8hjQBMENfSeS1sRKk3FBhjSYuY27Jns3.jpg,YpMcztSGT4fKnBFof2eKUeTP9TNBZ3Gv8hjQBMENfSeS1sRKk3FBhjSYuY27Jns3.jpg,jpg,유료 마케팅 착용,DAY,김경민_aprycotkr 유료 마케팅 납품 SWEATSHIRT DAY 디테일 증거 사진,1500×1915,N/A — 정지 이미지,HIGH,HIGH,MEDIUM,SOCIAL PROOF / PRODUCT PROOF,TRUST AMPLIFIER / WORN PROOF / DETAIL PROOF,[CURRENT SKU MATCH NEEDS VERIFICATION] 2026 판매 재고와 동일 SKU·사양인지 확인 필요.,NO — 실제 제품·핏·인물은 생성형 AI로 변경하지 않고 크롭·색보정·먼지 정리만 허용.,"A-011B 신규 수집 TL-014; 원본 유지, 사전·사후 SHA-256 일치.",CANDIDATE,REVIEWED,B,실제 확인: DAY SWEATSHIRT의 디테일 증거가 보이는 오늘룩 유료 납품 사진이다. 전면·후면·소매·핏 중 하나를 실제로 보여 주는 보조 Product/Worn Proof다. 상업사용 범위는 사용자 확인으로 CLEARED 처리하되 현재 판매 SKU 동일성은 별도 검증한다.,2026-08-10,CLEARED,USER CONFIRMED PAID MARKETING
AST-0653,01_INPUT(입력_원본)/06_SOCIAL_PROOF(실제착용_소셜증거)/paid_marketing_todaylook/김경민_aprycotkr_175cm_75kg_2024-09-08 18_40/jhnAMPpYxCplWFN3G2f3Pi3NcUcXHdkwP6vpDX89IE1NencRKBCeqnUjs3GN456i.jpg,jhnAMPpYxCplWFN3G2f3Pi3NcUcXHdkwP6vpDX89IE1NencRKBCeqnUjs3GN456i.jpg,jpg,유료 마케팅 착용,DAY,김경민_aprycotkr 유료 마케팅 납품 SWEATSHIRT DAY 전면 및 착용 증거 사진,1500×1915,N/A — 정지 이미지,MEDIUM,MEDIUM,LOW,SOCIAL SUPPORT / ARCHIVE,TRUST AMPLIFIER / WORN PROOF / FRONT PROOF,[CURRENT SKU MATCH NEEDS VERIFICATION] 2026 판매 재고와 동일 SKU·사양인지 확인 필요.,NO — 실제 제품·핏·인물은 생성형 AI로 변경하지 않고 크롭·색보정·먼지 정리만 허용.,"A-011B 신규 수집 TL-015; 원본 유지, 사전·사후 SHA-256 일치.",CANDIDATE,REVIEWED,C,실제 확인: DAY SWEATSHIRT의 전면 및 착용 증거가 보이는 오늘룩 유료 납품 사진이다. 유사 구도 반복 또는 제품 비중이 낮아 핵심보다 보조/기록용 우선순위가 맞다. 상업사용 범위는 사용자 확인으로 CLEARED 처리하되 현재 판매 SKU 동일성은 별도 검증한다.,2026-08-10,CLEARED,USER CONFIRMED PAID MARKETING
AST-0654,01_INPUT(입력_원본)/06_SOCIAL_PROOF(실제착용_소셜증거)/paid_marketing_todaylook/김경민_aprycotkr_175cm_75kg_2024-09-08 18_40/mnU4O034Ncz63RbVEQAN67YDTe9eiJmzlWOEOAhAb659DmMYqcQ4Ukvv4lRk5GXJ.jpg,mnU4O034Ncz63RbVEQAN67YDTe9eiJmzlWOEOAhAb659DmMYqcQ4Ukvv4lRk5GXJ.jpg,jpg,유료 마케팅 착용,DAY,김경민_aprycotkr 유료 마케팅 납품 SWEATSHIRT DAY 후면 및 그래픽 증거 사진,1500×1915,N/A — 정지 이미지,HIGH,HIGH,MEDIUM,SOCIAL PROOF / PRODUCT PROOF,TRUST AMPLIFIER / WORN PROOF / BACK PROOF,[CURRENT SKU MATCH NEEDS VERIFICATION] 2026 판매 재고와 동일 SKU·사양인지 확인 필요.,NO — 실제 제품·핏·인물은 생성형 AI로 변경하지 않고 크롭·색보정·먼지 정리만 허용.,"A-011B 신규 수집 TL-016; 원본 유지, 사전·사후 SHA-256 일치.",CANDIDATE,REVIEWED,B,실제 확인: DAY SWEATSHIRT의 후면 및 그래픽 증거가 보이는 오늘룩 유료 납품 사진이다. 전면·후면·소매·핏 중 하나를 실제로 보여 주는 보조 Product/Worn Proof다. 상업사용 범위는 사용자 확인으로 CLEARED 처리하되 현재 판매 SKU 동일성은 별도 검증한다.,2026-08-10,CLEARED,USER CONFIRMED PAID MARKETING
AST-0655,01_INPUT(입력_원본)/06_SOCIAL_PROOF(실제착용_소셜증거)/paid_marketing_todaylook/김경민_aprycotkr_175cm_75kg_2024-09-08 18_40/tHGt57fJxDpANyyQdlX3rwmxk104anKt9SYGLgOyxKeMxTKevdI7UFYxlB9hBBkp.jpg,tHGt57fJxDpANyyQdlX3rwmxk104anKt9SYGLgOyxKeMxTKevdI7UFYxlB9hBBkp.jpg,jpg,유료 마케팅 착용,DAY,김경민_aprycotkr 유료 마케팅 납품 SWEATSHIRT DAY 전면 및 착용 증거 사진,1500×1915,N/A — 정지 이미지,MEDIUM,MEDIUM,LOW,SOCIAL SUPPORT / ARCHIVE,TRUST AMPLIFIER / WORN PROOF / FRONT PROOF,[CURRENT SKU MATCH NEEDS VERIFICATION] 2026 판매 재고와 동일 SKU·사양인지 확인 필요.,NO — 실제 제품·핏·인물은 생성형 AI로 변경하지 않고 크롭·색보정·먼지 정리만 허용.,"A-011B 신규 수집 TL-017; 원본 유지, 사전·사후 SHA-256 일치.",CANDIDATE,REVIEWED,C,실제 확인: DAY SWEATSHIRT의 전면 및 착용 증거가 보이는 오늘룩 유료 납품 사진이다. 유사 구도 반복 또는 제품 비중이 낮아 핵심보다 보조/기록용 우선순위가 맞다. 상업사용 범위는 사용자 확인으로 CLEARED 처리하되 현재 판매 SKU 동일성은 별도 검증한다.,2026-08-10,CLEARED,USER CONFIRMED PAID MARKETING
AST-0656,01_INPUT(입력_원본)/06_SOCIAL_PROOF(실제착용_소셜증거)/paid_marketing_todaylook/남병민_bangbang._.2_171cm_71kg_2024-10-11 08_55/9zh1R3afYP4pwM8D9YOvygcEVcg19aUH4MRuKo7f9LKYB4VYMuwjIgrrGorTdgir.jpg,9zh1R3afYP4pwM8D9YOvygcEVcg19aUH4MRuKo7f9LKYB4VYMuwjIgrrGorTdgir.jpg,jpg,유료 마케팅 착용,DAY,남병민_bangbang. 유료 마케팅 납품 T-SHIRT DAY 전면 및 착용 증거 사진,2358×3009,N/A — 정지 이미지,HIGH,HIGH,MEDIUM,SOCIAL PROOF / PRODUCT PROOF,TRUST AMPLIFIER / WORN PROOF / FRONT PROOF,[CURRENT SKU MATCH NEEDS VERIFICATION] 2026 판매 재고와 동일 SKU·사양인지 확인 필요.,NO — 실제 제품·핏·인물은 생성형 AI로 변경하지 않고 크롭·색보정·먼지 정리만 허용.,"A-011B 신규 수집 TL-018; 원본 유지, 사전·사후 SHA-256 일치.",CANDIDATE,REVIEWED,B,실제 확인: DAY T-SHIRT의 전면 및 착용 증거가 보이는 오늘룩 유료 납품 사진이다. 전면·후면·소매·핏 중 하나를 실제로 보여 주는 보조 Product/Worn Proof다. 상업사용 범위는 사용자 확인으로 CLEARED 처리하되 현재 판매 SKU 동일성은 별도 검증한다.,2026-08-10,CLEARED,USER CONFIRMED PAID MARKETING
AST-0657,01_INPUT(입력_원본)/06_SOCIAL_PROOF(실제착용_소셜증거)/paid_marketing_todaylook/남병민_bangbang._.2_171cm_71kg_2024-10-11 08_55/DJoQiMIAy3dGGLt1O2wkue5cQO0Gxbu8knz7FXFTSvzDpaPJrqQI57it0g3qHKHv.jpg,DJoQiMIAy3dGGLt1O2wkue5cQO0Gxbu8knz7FXFTSvzDpaPJrqQI57it0g3qHKHv.jpg,jpg,유료 마케팅 착용,DAY,남병민_bangbang. 유료 마케팅 납품 T-SHIRT DAY 후면 및 그래픽 증거 사진,2358×3010,N/A — 정지 이미지,HIGH,HIGH,HIGH,SOCIAL PROOF / PRODUCT PROOF,TRUST AMPLIFIER / WORN PROOF / BACK PROOF,[CURRENT SKU MATCH NEEDS VERIFICATION] 2026 판매 재고와 동일 SKU·사양인지 확인 필요.,NO — 실제 제품·핏·인물은 생성형 AI로 변경하지 않고 크롭·색보정·먼지 정리만 허용.,"A-011B 신규 수집 TL-019; 원본 유지, 사전·사후 SHA-256 일치.",CANDIDATE,REVIEWED,A,실제 확인: DAY T-SHIRT의 후면 및 그래픽 증거가 보이는 오늘룩 유료 납품 사진이다. 제품 후면 그래픽과 실제 착용 장면이 동시에 명확해 유료/유기적 소셜의 핵심 Trust Amplifier 후보다. 상업사용 범위는 사용자 확인으로 CLEARED 처리하되 현재 판매 SKU 동일성은 별도 검증한다.,2026-08-10,CLEARED,USER CONFIRMED PAID MARKETING
AST-0658,01_INPUT(입력_원본)/06_SOCIAL_PROOF(실제착용_소셜증거)/paid_marketing_todaylook/남병민_bangbang._.2_171cm_71kg_2024-10-11 08_55/FFk3bc7thMimBdRYMXKva6qEDNwG6l2d1jABsfbplLBiPW0PhGobGG1iu4noPjjU.jpg,FFk3bc7thMimBdRYMXKva6qEDNwG6l2d1jABsfbplLBiPW0PhGobGG1iu4noPjjU.jpg,jpg,유료 마케팅 착용,DAY,남병민_bangbang. 유료 마케팅 납품 T-SHIRT DAY 디테일 증거 사진,2358×3010,N/A — 정지 이미지,HIGH,HIGH,MEDIUM,SOCIAL PROOF / PRODUCT PROOF,TRUST AMPLIFIER / WORN PROOF / DETAIL PROOF,[CURRENT SKU MATCH NEEDS VERIFICATION] 2026 판매 재고와 동일 SKU·사양인지 확인 필요.,NO — 실제 제품·핏·인물은 생성형 AI로 변경하지 않고 크롭·색보정·먼지 정리만 허용.,"A-011B 신규 수집 TL-020; 원본 유지, 사전·사후 SHA-256 일치.",CANDIDATE,REVIEWED,B,실제 확인: DAY T-SHIRT의 디테일 증거가 보이는 오늘룩 유료 납품 사진이다. 전면·후면·소매·핏 중 하나를 실제로 보여 주는 보조 Product/Worn Proof다. 상업사용 범위는 사용자 확인으로 CLEARED 처리하되 현재 판매 SKU 동일성은 별도 검증한다.,2026-08-10,CLEARED,USER CONFIRMED PAID MARKETING
AST-0659,01_INPUT(입력_원본)/06_SOCIAL_PROOF(실제착용_소셜증거)/paid_marketing_todaylook/남병민_bangbang._.2_171cm_71kg_2024-10-11 08_55/Gwk1rtoOVizE0Mgi2P82mHZ2th2fuYS4EJbyfWaWiv1DlMQasUGH1BKknPVj466x.jpg,Gwk1rtoOVizE0Mgi2P82mHZ2th2fuYS4EJbyfWaWiv1DlMQasUGH1BKknPVj466x.jpg,jpg,유료 마케팅 착용,DAY,남병민_bangbang. 유료 마케팅 납품 T-SHIRT DAY 디테일 증거 사진,2358×3010,N/A — 정지 이미지,HIGH,HIGH,MEDIUM,SOCIAL PROOF / PRODUCT PROOF,TRUST AMPLIFIER / WORN PROOF / DETAIL PROOF,[CURRENT SKU MATCH NEEDS VERIFICATION] 2026 판매 재고와 동일 SKU·사양인지 확인 필요.,NO — 실제 제품·핏·인물은 생성형 AI로 변경하지 않고 크롭·색보정·먼지 정리만 허용.,"A-011B 신규 수집 TL-021; 원본 유지, 사전·사후 SHA-256 일치.",CANDIDATE,REVIEWED,B,실제 확인: DAY T-SHIRT의 디테일 증거가 보이는 오늘룩 유료 납품 사진이다. 전면·후면·소매·핏 중 하나를 실제로 보여 주는 보조 Product/Worn Proof다. 상업사용 범위는 사용자 확인으로 CLEARED 처리하되 현재 판매 SKU 동일성은 별도 검증한다.,2026-08-10,CLEARED,USER CONFIRMED PAID MARKETING
AST-0660,01_INPUT(입력_원본)/06_SOCIAL_PROOF(실제착용_소셜증거)/paid_marketing_todaylook/남병민_bangbang._.2_171cm_71kg_2024-10-11 08_55/KrqV8wCBSxBSDasdtkg6PHcfhscVE7bErqquYg5JZSQ3S9gYAIMhJX9V6PWfhfrP.jpg,KrqV8wCBSxBSDasdtkg6PHcfhscVE7bErqquYg5JZSQ3S9gYAIMhJX9V6PWfhfrP.jpg,jpg,유료 마케팅 착용,DAY,남병민_bangbang. 유료 마케팅 납품 T-SHIRT DAY 디테일 증거 사진,2358×3010,N/A — 정지 이미지,MEDIUM,MEDIUM,LOW,SOCIAL SUPPORT / ARCHIVE,TRUST AMPLIFIER / WORN PROOF / DETAIL PROOF,[CURRENT SKU MATCH NEEDS VERIFICATION] 2026 판매 재고와 동일 SKU·사양인지 확인 필요.,NO — 실제 제품·핏·인물은 생성형 AI로 변경하지 않고 크롭·색보정·먼지 정리만 허용.,"A-011B 신규 수집 TL-022; 원본 유지, 사전·사후 SHA-256 일치.",CANDIDATE,REVIEWED,C,실제 확인: DAY T-SHIRT의 디테일 증거가 보이는 오늘룩 유료 납품 사진이다. 유사 구도 반복 또는 제품 비중이 낮아 핵심보다 보조/기록용 우선순위가 맞다. 상업사용 범위는 사용자 확인으로 CLEARED 처리하되 현재 판매 SKU 동일성은 별도 검증한다.,2026-08-10,CLEARED,USER CONFIRMED PAID MARKETING
AST-0661,01_INPUT(입력_원본)/06_SOCIAL_PROOF(실제착용_소셜증거)/paid_marketing_todaylook/남병민_bangbang._.2_171cm_71kg_2024-10-11 08_55/LW1sPo5j0iX7UzFnhwIgc39pGVMi2AqHf5hvQqEZ6M9aAjCYMSMR8cECGYKGjERs.jpg,LW1sPo5j0iX7UzFnhwIgc39pGVMi2AqHf5hvQqEZ6M9aAjCYMSMR8cECGYKGjERs.jpg,jpg,유료 마케팅 착용,DAY,남병민_bangbang. 유료 마케팅 납품 T-SHIRT DAY 디테일 증거 사진,2358×3010,N/A — 정지 이미지,HIGH,HIGH,MEDIUM,SOCIAL PROOF / PRODUCT PROOF,TRUST AMPLIFIER / WORN PROOF / DETAIL PROOF,[CURRENT SKU MATCH NEEDS VERIFICATION] 2026 판매 재고와 동일 SKU·사양인지 확인 필요.,NO — 실제 제품·핏·인물은 생성형 AI로 변경하지 않고 크롭·색보정·먼지 정리만 허용.,"A-011B 신규 수집 TL-023; 원본 유지, 사전·사후 SHA-256 일치.",CANDIDATE,REVIEWED,B,실제 확인: DAY T-SHIRT의 디테일 증거가 보이는 오늘룩 유료 납품 사진이다. 전면·후면·소매·핏 중 하나를 실제로 보여 주는 보조 Product/Worn Proof다. 상업사용 범위는 사용자 확인으로 CLEARED 처리하되 현재 판매 SKU 동일성은 별도 검증한다.,2026-08-10,CLEARED,USER CONFIRMED PAID MARKETING
AST-0662,01_INPUT(입력_원본)/06_SOCIAL_PROOF(실제착용_소셜증거)/paid_marketing_todaylook/남병민_bangbang._.2_171cm_71kg_2024-10-11 08_55/YDlfjIcbmnuFj8G4KFwVAPAGJ7RDInBIoPp94gSpOQMe81pz5IjCI16Sx1DZqDCZ.jpg,YDlfjIcbmnuFj8G4KFwVAPAGJ7RDInBIoPp94gSpOQMe81pz5IjCI16Sx1DZqDCZ.jpg,jpg,유료 마케팅 착용,DAY,남병민_bangbang. 유료 마케팅 납품 T-SHIRT DAY 후면 및 그래픽 증거 사진,2358×3010,N/A — 정지 이미지,HIGH,HIGH,MEDIUM,SOCIAL PROOF / PRODUCT PROOF,TRUST AMPLIFIER / WORN PROOF / BACK PROOF,[CURRENT SKU MATCH NEEDS VERIFICATION] 2026 판매 재고와 동일 SKU·사양인지 확인 필요.,NO — 실제 제품·핏·인물은 생성형 AI로 변경하지 않고 크롭·색보정·먼지 정리만 허용.,"A-011B 신규 수집 TL-024; 원본 유지, 사전·사후 SHA-256 일치.",CANDIDATE,REVIEWED,B,실제 확인: DAY T-SHIRT의 후면 및 그래픽 증거가 보이는 오늘룩 유료 납품 사진이다. 전면·후면·소매·핏 중 하나를 실제로 보여 주는 보조 Product/Worn Proof다. 상업사용 범위는 사용자 확인으로 CLEARED 처리하되 현재 판매 SKU 동일성은 별도 검증한다.,2026-08-10,CLEARED,USER CONFIRMED PAID MARKETING
AST-0663,01_INPUT(입력_원본)/06_SOCIAL_PROOF(실제착용_소셜증거)/paid_marketing_todaylook/남병민_bangbang._.2_171cm_71kg_2024-10-11 08_55/crARD87KRmRd7ZR7Ru6tsFjA27gbtZM2Lv2gIVChY7bpVcEQFxKYKA400ckJiTnV.jpg,crARD87KRmRd7ZR7Ru6tsFjA27gbtZM2Lv2gIVChY7bpVcEQFxKYKA400ckJiTnV.jpg,jpg,유료 마케팅 착용,DAY,남병민_bangbang. 유료 마케팅 납품 T-SHIRT DAY 디테일 증거 사진,2358×3010,N/A — 정지 이미지,HIGH,HIGH,MEDIUM,SOCIAL PROOF / PRODUCT PROOF,TRUST AMPLIFIER / WORN PROOF / DETAIL PROOF,[CURRENT SKU MATCH NEEDS VERIFICATION] 2026 판매 재고와 동일 SKU·사양인지 확인 필요.,NO — 실제 제품·핏·인물은 생성형 AI로 변경하지 않고 크롭·색보정·먼지 정리만 허용.,"A-011B 신규 수집 TL-025; 원본 유지, 사전·사후 SHA-256 일치.",CANDIDATE,REVIEWED,B,실제 확인: DAY T-SHIRT의 디테일 증거가 보이는 오늘룩 유료 납품 사진이다. 전면·후면·소매·핏 중 하나를 실제로 보여 주는 보조 Product/Worn Proof다. 상업사용 범위는 사용자 확인으로 CLEARED 처리하되 현재 판매 SKU 동일성은 별도 검증한다.,2026-08-10,CLEARED,USER CONFIRMED PAID MARKETING
AST-0664,01_INPUT(입력_원본)/06_SOCIAL_PROOF(실제착용_소셜증거)/paid_marketing_todaylook/남병민_bangbang._.2_171cm_71kg_2024-10-11 08_55/dBxnCbTBAPAwycDZWpx3mUPBo88nhMnL3033LyZeBqeC6TdNShcsq3vQlI0gIpOW.jpg,dBxnCbTBAPAwycDZWpx3mUPBo88nhMnL3033LyZeBqeC6TdNShcsq3vQlI0gIpOW.jpg,jpg,유료 마케팅 착용,DAY,남병민_bangbang. 유료 마케팅 납품 T-SHIRT DAY 디테일 증거 사진,2358×3011,N/A — 정지 이미지,HIGH,HIGH,MEDIUM,SOCIAL PROOF / PRODUCT PROOF,TRUST AMPLIFIER / WORN PROOF / DETAIL PROOF,[CURRENT SKU MATCH NEEDS VERIFICATION] 2026 판매 재고와 동일 SKU·사양인지 확인 필요.,NO — 실제 제품·핏·인물은 생성형 AI로 변경하지 않고 크롭·색보정·먼지 정리만 허용.,"A-011B 신규 수집 TL-026; 원본 유지, 사전·사후 SHA-256 일치.",CANDIDATE,REVIEWED,B,실제 확인: DAY T-SHIRT의 디테일 증거가 보이는 오늘룩 유료 납품 사진이다. 전면·후면·소매·핏 중 하나를 실제로 보여 주는 보조 Product/Worn Proof다. 상업사용 범위는 사용자 확인으로 CLEARED 처리하되 현재 판매 SKU 동일성은 별도 검증한다.,2026-08-10,CLEARED,USER CONFIRMED PAID MARKETING
AST-0665,01_INPUT(입력_원본)/06_SOCIAL_PROOF(실제착용_소셜증거)/paid_marketing_todaylook/남병민_bangbang._.2_171cm_71kg_2024-10-11 08_55/dHgDd1tRrmOkbxxx6LNTLkI0NocKJtJ9L743vMRhW94dZwPXHp51gqSeWn8odV1X.jpg,dHgDd1tRrmOkbxxx6LNTLkI0NocKJtJ9L743vMRhW94dZwPXHp51gqSeWn8odV1X.jpg,jpg,유료 마케팅 착용,DAY,남병민_bangbang. 유료 마케팅 납품 T-SHIRT DAY 전면 및 착용 증거 사진,2358×3010,N/A — 정지 이미지,HIGH,HIGH,MEDIUM,SOCIAL PROOF / PRODUCT PROOF,TRUST AMPLIFIER / WORN PROOF / FRONT PROOF,[CURRENT SKU MATCH NEEDS VERIFICATION] 2026 판매 재고와 동일 SKU·사양인지 확인 필요.,NO — 실제 제품·핏·인물은 생성형 AI로 변경하지 않고 크롭·색보정·먼지 정리만 허용.,"A-011B 신규 수집 TL-027; 원본 유지, 사전·사후 SHA-256 일치.",CANDIDATE,REVIEWED,B,실제 확인: DAY T-SHIRT의 전면 및 착용 증거가 보이는 오늘룩 유료 납품 사진이다. 전면·후면·소매·핏 중 하나를 실제로 보여 주는 보조 Product/Worn Proof다. 상업사용 범위는 사용자 확인으로 CLEARED 처리하되 현재 판매 SKU 동일성은 별도 검증한다.,2026-08-10,CLEARED,USER CONFIRMED PAID MARKETING
AST-0666,01_INPUT(입력_원본)/06_SOCIAL_PROOF(실제착용_소셜증거)/paid_marketing_todaylook/남병민_bangbang._.2_171cm_71kg_2024-10-11 08_55/gnJ3Bg4m49FZDeC7JpIlIJMdhAIgFD2TFWdgjVuRAZ4ZZLz8xKaNWfG12PpSPvSt.jpg,gnJ3Bg4m49FZDeC7JpIlIJMdhAIgFD2TFWdgjVuRAZ4ZZLz8xKaNWfG12PpSPvSt.jpg,jpg,유료 마케팅 착용,DAY,남병민_bangbang. 유료 마케팅 납품 T-SHIRT DAY 전면 및 착용 증거 사진,2358×3010,N/A — 정지 이미지,MEDIUM,MEDIUM,LOW,SOCIAL SUPPORT / ARCHIVE,TRUST AMPLIFIER / WORN PROOF / FRONT PROOF,[CURRENT SKU MATCH NEEDS VERIFICATION] 2026 판매 재고와 동일 SKU·사양인지 확인 필요.,NO — 실제 제품·핏·인물은 생성형 AI로 변경하지 않고 크롭·색보정·먼지 정리만 허용.,"A-011B 신규 수집 TL-028; 원본 유지, 사전·사후 SHA-256 일치.",CANDIDATE,REVIEWED,C,실제 확인: DAY T-SHIRT의 전면 및 착용 증거가 보이는 오늘룩 유료 납품 사진이다. 유사 구도 반복 또는 제품 비중이 낮아 핵심보다 보조/기록용 우선순위가 맞다. 상업사용 범위는 사용자 확인으로 CLEARED 처리하되 현재 판매 SKU 동일성은 별도 검증한다.,2026-08-10,CLEARED,USER CONFIRMED PAID MARKETING
AST-0667,01_INPUT(입력_원본)/06_SOCIAL_PROOF(실제착용_소셜증거)/paid_marketing_todaylook/남병민_bangbang._.2_171cm_71kg_2024-10-11 08_55/krkIlyw1xwMvJFl8Clgmdz71WJtl2WBNHchjfnaBR2ucy4QR3auQjGHZKn3pNU7p.jpg,krkIlyw1xwMvJFl8Clgmdz71WJtl2WBNHchjfnaBR2ucy4QR3auQjGHZKn3pNU7p.jpg,jpg,유료 마케팅 착용,DAY,남병민_bangbang. 유료 마케팅 납품 T-SHIRT DAY 디테일 증거 사진,2358×3010,N/A — 정지 이미지,HIGH,HIGH,MEDIUM,SOCIAL PROOF / PRODUCT PROOF,TRUST AMPLIFIER / WORN PROOF / DETAIL PROOF,[CURRENT SKU MATCH NEEDS VERIFICATION] 2026 판매 재고와 동일 SKU·사양인지 확인 필요.,NO — 실제 제품·핏·인물은 생성형 AI로 변경하지 않고 크롭·색보정·먼지 정리만 허용.,"A-011B 신규 수집 TL-029; 원본 유지, 사전·사후 SHA-256 일치.",CANDIDATE,REVIEWED,B,실제 확인: DAY T-SHIRT의 디테일 증거가 보이는 오늘룩 유료 납품 사진이다. 전면·후면·소매·핏 중 하나를 실제로 보여 주는 보조 Product/Worn Proof다. 상업사용 범위는 사용자 확인으로 CLEARED 처리하되 현재 판매 SKU 동일성은 별도 검증한다.,2026-08-10,CLEARED,USER CONFIRMED PAID MARKETING
AST-0668,01_INPUT(입력_원본)/06_SOCIAL_PROOF(실제착용_소셜증거)/paid_marketing_todaylook/남병민_bangbang._.2_171cm_71kg_2024-10-11 08_55/lAxJyvLHP2pkFSMs6baDROOzX9Ni6zLSeNbR65wvxz8V9wqsrWOZfgMk8s1lbYzN.jpg,lAxJyvLHP2pkFSMs6baDROOzX9Ni6zLSeNbR65wvxz8V9wqsrWOZfgMk8s1lbYzN.jpg,jpg,유료 마케팅 착용,DAY,남병민_bangbang. 유료 마케팅 납품 T-SHIRT DAY 전면 및 착용 증거 사진,2358×3010,N/A — 정지 이미지,MEDIUM,MEDIUM,LOW,SOCIAL SUPPORT / ARCHIVE,TRUST AMPLIFIER / WORN PROOF / FRONT PROOF,[CURRENT SKU MATCH NEEDS VERIFICATION] 2026 판매 재고와 동일 SKU·사양인지 확인 필요.,NO — 실제 제품·핏·인물은 생성형 AI로 변경하지 않고 크롭·색보정·먼지 정리만 허용.,"A-011B 신규 수집 TL-030; 원본 유지, 사전·사후 SHA-256 일치.",CANDIDATE,REVIEWED,C,실제 확인: DAY T-SHIRT의 전면 및 착용 증거가 보이는 오늘룩 유료 납품 사진이다. 유사 구도 반복 또는 제품 비중이 낮아 핵심보다 보조/기록용 우선순위가 맞다. 상업사용 범위는 사용자 확인으로 CLEARED 처리하되 현재 판매 SKU 동일성은 별도 검증한다.,2026-08-10,CLEARED,USER CONFIRMED PAID MARKETING
AST-0669,01_INPUT(입력_원본)/06_SOCIAL_PROOF(실제착용_소셜증거)/paid_marketing_todaylook/남병민_bangbang._.2_171cm_71kg_2024-10-11 08_55/zgJYBqxUCiQr7T7qFejmyc84RxH7JY6HXvw7PI8U6wr4z3mpBYji2fOgZYwpSihB.jpg,zgJYBqxUCiQr7T7qFejmyc84RxH7JY6HXvw7PI8U6wr4z3mpBYji2fOgZYwpSihB.jpg,jpg,유료 마케팅 착용,DAY,남병민_bangbang. 유료 마케팅 납품 T-SHIRT DAY 디테일 증거 사진,2358×3010,N/A — 정지 이미지,MEDIUM,MEDIUM,LOW,SOCIAL SUPPORT / ARCHIVE,TRUST AMPLIFIER / WORN PROOF / DETAIL PROOF,[CURRENT SKU MATCH NEEDS VERIFICATION] 2026 판매 재고와 동일 SKU·사양인지 확인 필요.,NO — 실제 제품·핏·인물은 생성형 AI로 변경하지 않고 크롭·색보정·먼지 정리만 허용.,"A-011B 신규 수집 TL-031; 원본 유지, 사전·사후 SHA-256 일치.",CANDIDATE,REVIEWED,C,실제 확인: DAY T-SHIRT의 디테일 증거가 보이는 오늘룩 유료 납품 사진이다. 유사 구도 반복 또는 제품 비중이 낮아 핵심보다 보조/기록용 우선순위가 맞다. 상업사용 범위는 사용자 확인으로 CLEARED 처리하되 현재 판매 SKU 동일성은 별도 검증한다.,2026-08-10,CLEARED,USER CONFIRMED PAID MARKETING
AST-0670,01_INPUT(입력_원본)/06_SOCIAL_PROOF(실제착용_소셜증거)/paid_marketing_todaylook/류혜연_hye5mii_171cm_61kg_2024-09-08 18_40/8JQXa5iYDlo6UfE9NGGSqRs7QdXY4oPbtWenHG4loHsgLHiD7TwFFSFJruwWpvWq.jpg,8JQXa5iYDlo6UfE9NGGSqRs7QdXY4oPbtWenHG4loHsgLHiD7TwFFSFJruwWpvWq.jpg,jpg,유료 마케팅 착용,NIGHT,류혜연_hye5mii 유료 마케팅 납품 SWEATSHIRT NIGHT 디테일 증거 사진,2340×2986,N/A — 정지 이미지,HIGH,HIGH,MEDIUM,SOCIAL PROOF / PRODUCT PROOF,TRUST AMPLIFIER / WORN PROOF / DETAIL PROOF,[CURRENT SKU MATCH NEEDS VERIFICATION] 2026 판매 재고와 동일 SKU·사양인지 확인 필요.,NO — 실제 제품·핏·인물은 생성형 AI로 변경하지 않고 크롭·색보정·먼지 정리만 허용.,"A-011B 신규 수집 TL-032; 원본 유지, 사전·사후 SHA-256 일치.",CANDIDATE,REVIEWED,B,실제 확인: NIGHT SWEATSHIRT의 디테일 증거가 보이는 오늘룩 유료 납품 사진이다. 전면·후면·소매·핏 중 하나를 실제로 보여 주는 보조 Product/Worn Proof다. 상업사용 범위는 사용자 확인으로 CLEARED 처리하되 현재 판매 SKU 동일성은 별도 검증한다.,2026-08-10,CLEARED,USER CONFIRMED PAID MARKETING
AST-0671,01_INPUT(입력_원본)/06_SOCIAL_PROOF(실제착용_소셜증거)/paid_marketing_todaylook/류혜연_hye5mii_171cm_61kg_2024-09-08 18_40/OxnfqSIHfNd8nx8T3ffMNaUlX6NjcH3suXOTSsipkWJT9NNfOFkb4kqgOKjNKMTx.jpg,OxnfqSIHfNd8nx8T3ffMNaUlX6NjcH3suXOTSsipkWJT9NNfOFkb4kqgOKjNKMTx.jpg,jpg,유료 마케팅 착용,NIGHT,류혜연_hye5mii 유료 마케팅 납품 SWEATSHIRT NIGHT 전면 및 착용 증거 사진,2340×2987,N/A — 정지 이미지,HIGH,HIGH,MEDIUM,SOCIAL PROOF / PRODUCT PROOF,TRUST AMPLIFIER / WORN PROOF / FRONT PROOF,[CURRENT SKU MATCH NEEDS VERIFICATION] 2026 판매 재고와 동일 SKU·사양인지 확인 필요.,NO — 실제 제품·핏·인물은 생성형 AI로 변경하지 않고 크롭·색보정·먼지 정리만 허용.,"A-011B 신규 수집 TL-033; 원본 유지, 사전·사후 SHA-256 일치.",CANDIDATE,REVIEWED,B,실제 확인: NIGHT SWEATSHIRT의 전면 및 착용 증거가 보이는 오늘룩 유료 납품 사진이다. 전면·후면·소매·핏 중 하나를 실제로 보여 주는 보조 Product/Worn Proof다. 상업사용 범위는 사용자 확인으로 CLEARED 처리하되 현재 판매 SKU 동일성은 별도 검증한다.,2026-08-10,CLEARED,USER CONFIRMED PAID MARKETING
AST-0672,01_INPUT(입력_원본)/06_SOCIAL_PROOF(실제착용_소셜증거)/paid_marketing_todaylook/류혜연_hye5mii_171cm_61kg_2024-09-08 18_40/PSFcMRRtMUb0TQ9eXHrugDgJDG3r83620SW5AKR5E1R0yieNmvfdL02WsTLDUiyn.jpg,PSFcMRRtMUb0TQ9eXHrugDgJDG3r83620SW5AKR5E1R0yieNmvfdL02WsTLDUiyn.jpg,jpg,유료 마케팅 착용,NIGHT,류혜연_hye5mii 유료 마케팅 납품 SWEATSHIRT NIGHT 디테일 증거 사진,2340×2986,N/A — 정지 이미지,HIGH,HIGH,MEDIUM,SOCIAL PROOF / PRODUCT PROOF,TRUST AMPLIFIER / WORN PROOF / DETAIL PROOF,[CURRENT SKU MATCH NEEDS VERIFICATION] 2026 판매 재고와 동일 SKU·사양인지 확인 필요.,NO — 실제 제품·핏·인물은 생성형 AI로 변경하지 않고 크롭·색보정·먼지 정리만 허용.,"A-011B 신규 수집 TL-034; 원본 유지, 사전·사후 SHA-256 일치.",CANDIDATE,REVIEWED,B,실제 확인: NIGHT SWEATSHIRT의 디테일 증거가 보이는 오늘룩 유료 납품 사진이다. 전면·후면·소매·핏 중 하나를 실제로 보여 주는 보조 Product/Worn Proof다. 상업사용 범위는 사용자 확인으로 CLEARED 처리하되 현재 판매 SKU 동일성은 별도 검증한다.,2026-08-10,CLEARED,USER CONFIRMED PAID MARKETING
AST-0673,01_INPUT(입력_원본)/06_SOCIAL_PROOF(실제착용_소셜증거)/paid_marketing_todaylook/류혜연_hye5mii_171cm_61kg_2024-09-08 18_40/buXsLC4tnj352tqTiW18ifGDB3GjqQxAUwADIxMghdEMMQXB6C0vd3CCChoL0JGe.jpg,buXsLC4tnj352tqTiW18ifGDB3GjqQxAUwADIxMghdEMMQXB6C0vd3CCChoL0JGe.jpg,jpg,유료 마케팅 착용,NIGHT,류혜연_hye5mii 유료 마케팅 납품 SWEATSHIRT NIGHT 전면 및 착용 증거 사진,2340×2987,N/A — 정지 이미지,HIGH,HIGH,MEDIUM,SOCIAL PROOF / PRODUCT PROOF,TRUST AMPLIFIER / WORN PROOF / FRONT PROOF,[CURRENT SKU MATCH NEEDS VERIFICATION] 2026 판매 재고와 동일 SKU·사양인지 확인 필요.,NO — 실제 제품·핏·인물은 생성형 AI로 변경하지 않고 크롭·색보정·먼지 정리만 허용.,"A-011B 신규 수집 TL-035; 원본 유지, 사전·사후 SHA-256 일치.",CANDIDATE,REVIEWED,B,실제 확인: NIGHT SWEATSHIRT의 전면 및 착용 증거가 보이는 오늘룩 유료 납품 사진이다. 전면·후면·소매·핏 중 하나를 실제로 보여 주는 보조 Product/Worn Proof다. 상업사용 범위는 사용자 확인으로 CLEARED 처리하되 현재 판매 SKU 동일성은 별도 검증한다.,2026-08-10,CLEARED,USER CONFIRMED PAID MARKETING
AST-0674,01_INPUT(입력_원본)/06_SOCIAL_PROOF(실제착용_소셜증거)/paid_marketing_todaylook/류혜연_hye5mii_171cm_61kg_2024-09-08 18_40/e8URZac0iSSnp9amo1jhnI33wnWC2r4E9F28suIGlNbxf4u1Kw2qc23tS2cDDmxz.jpg,e8URZac0iSSnp9amo1jhnI33wnWC2r4E9F28suIGlNbxf4u1Kw2qc23tS2cDDmxz.jpg,jpg,유료 마케팅 착용,NIGHT,류혜연_hye5mii 유료 마케팅 납품 SWEATSHIRT NIGHT 전면 및 착용 증거 사진,2340×2987,N/A — 정지 이미지,MEDIUM,MEDIUM,LOW,SOCIAL SUPPORT / ARCHIVE,TRUST AMPLIFIER / WORN PROOF / FRONT PROOF,[CURRENT SKU MATCH NEEDS VERIFICATION] 2026 판매 재고와 동일 SKU·사양인지 확인 필요.,NO — 실제 제품·핏·인물은 생성형 AI로 변경하지 않고 크롭·색보정·먼지 정리만 허용.,"A-011B 신규 수집 TL-036; 원본 유지, 사전·사후 SHA-256 일치.",CANDIDATE,REVIEWED,C,실제 확인: NIGHT SWEATSHIRT의 전면 및 착용 증거가 보이는 오늘룩 유료 납품 사진이다. 유사 구도 반복 또는 제품 비중이 낮아 핵심보다 보조/기록용 우선순위가 맞다. 상업사용 범위는 사용자 확인으로 CLEARED 처리하되 현재 판매 SKU 동일성은 별도 검증한다.,2026-08-10,CLEARED,USER CONFIRMED PAID MARKETING
AST-0675,01_INPUT(입력_원본)/06_SOCIAL_PROOF(실제착용_소셜증거)/paid_marketing_todaylook/류혜연_hye5mii_171cm_61kg_2024-09-08 18_40/kuyxktooP7pnLuMGKngZYaf9aTSmJh0eQUUPsCaveexHkNQk4JpF3ywdV4HC28Ba.jpg,kuyxktooP7pnLuMGKngZYaf9aTSmJh0eQUUPsCaveexHkNQk4JpF3ywdV4HC28Ba.jpg,jpg,유료 마케팅 착용,NIGHT,류혜연_hye5mii 유료 마케팅 납품 SWEATSHIRT NIGHT 전면 및 착용 증거 사진,2340×2987,N/A — 정지 이미지,MEDIUM,MEDIUM,LOW,SOCIAL SUPPORT / ARCHIVE,TRUST AMPLIFIER / WORN PROOF / FRONT PROOF,[CURRENT SKU MATCH NEEDS VERIFICATION] 2026 판매 재고와 동일 SKU·사양인지 확인 필요.,NO — 실제 제품·핏·인물은 생성형 AI로 변경하지 않고 크롭·색보정·먼지 정리만 허용.,"A-011B 신규 수집 TL-037; 원본 유지, 사전·사후 SHA-256 일치.",CANDIDATE,REVIEWED,C,실제 확인: NIGHT SWEATSHIRT의 전면 및 착용 증거가 보이는 오늘룩 유료 납품 사진이다. 유사 구도 반복 또는 제품 비중이 낮아 핵심보다 보조/기록용 우선순위가 맞다. 상업사용 범위는 사용자 확인으로 CLEARED 처리하되 현재 판매 SKU 동일성은 별도 검증한다.,2026-08-10,CLEARED,USER CONFIRMED PAID MARKETING
AST-0676,01_INPUT(입력_원본)/06_SOCIAL_PROOF(실제착용_소셜증거)/paid_marketing_todaylook/류혜연_hye5mii_171cm_61kg_2024-09-08 18_40/oHH8K5klsJlfRioUoFuqAy1flwTNLQFOjO7nbmljb36c6iEv3EtJ8RmyzoZUb7ox.jpg,oHH8K5klsJlfRioUoFuqAy1flwTNLQFOjO7nbmljb36c6iEv3EtJ8RmyzoZUb7ox.jpg,jpg,유료 마케팅 착용,NIGHT,류혜연_hye5mii 유료 마케팅 납품 SWEATSHIRT NIGHT 후면 및 그래픽 증거 사진,2340×2987,N/A — 정지 이미지,HIGH,HIGH,HIGH,SOCIAL PROOF / PRODUCT PROOF,TRUST AMPLIFIER / WORN PROOF / BACK PROOF,[CURRENT SKU MATCH NEEDS VERIFICATION] 2026 판매 재고와 동일 SKU·사양인지 확인 필요.,NO — 실제 제품·핏·인물은 생성형 AI로 변경하지 않고 크롭·색보정·먼지 정리만 허용.,"A-011B 신규 수집 TL-038; 원본 유지, 사전·사후 SHA-256 일치.",CANDIDATE,REVIEWED,A,실제 확인: NIGHT SWEATSHIRT의 후면 및 그래픽 증거가 보이는 오늘룩 유료 납품 사진이다. 제품 후면 그래픽과 실제 착용 장면이 동시에 명확해 유료/유기적 소셜의 핵심 Trust Amplifier 후보다. 상업사용 범위는 사용자 확인으로 CLEARED 처리하되 현재 판매 SKU 동일성은 별도 검증한다.,2026-08-10,CLEARED,USER CONFIRMED PAID MARKETING
AST-0677,01_INPUT(입력_원본)/06_SOCIAL_PROOF(실제착용_소셜증거)/paid_marketing_todaylook/류혜연_hye5mii_171cm_61kg_2024-09-08 18_40/silCKbbBYqhJ71kW220TnNMSOXAAfJbFzLwRKxb3klldZft33atMxBQVJxLSjkOn.jpg,silCKbbBYqhJ71kW220TnNMSOXAAfJbFzLwRKxb3klldZft33atMxBQVJxLSjkOn.jpg,jpg,유료 마케팅 착용,NIGHT,류혜연_hye5mii 유료 마케팅 납품 SWEATSHIRT NIGHT 디테일 증거 사진,2340×2986,N/A — 정지 이미지,HIGH,HIGH,MEDIUM,SOCIAL PROOF / PRODUCT PROOF,TRUST AMPLIFIER / WORN PROOF / DETAIL PROOF,[CURRENT SKU MATCH NEEDS VERIFICATION] 2026 판매 재고와 동일 SKU·사양인지 확인 필요.,NO — 실제 제품·핏·인물은 생성형 AI로 변경하지 않고 크롭·색보정·먼지 정리만 허용.,"A-011B 신규 수집 TL-039; 원본 유지, 사전·사후 SHA-256 일치.",CANDIDATE,REVIEWED,B,실제 확인: NIGHT SWEATSHIRT의 디테일 증거가 보이는 오늘룩 유료 납품 사진이다. 전면·후면·소매·핏 중 하나를 실제로 보여 주는 보조 Product/Worn Proof다. 상업사용 범위는 사용자 확인으로 CLEARED 처리하되 현재 판매 SKU 동일성은 별도 검증한다.,2026-08-10,CLEARED,USER CONFIRMED PAID MARKETING
AST-0678,01_INPUT(입력_원본)/06_SOCIAL_PROOF(실제착용_소셜증거)/paid_marketing_todaylook/류혜연_hye5mii_171cm_61kg_2024-09-08 18_40 (1)/2nHzmI61v5RrrIoJorF1PstIett2JMyCkbdfLPDc9kGd1R1WD965uZE1Cm76ujBB.jpg,2nHzmI61v5RrrIoJorF1PstIett2JMyCkbdfLPDc9kGd1R1WD965uZE1Cm76ujBB.jpg,jpg,유료 마케팅 착용,DAY,류혜연_hye5mii 유료 마케팅 납품 SWEATSHIRT DAY 디테일 증거 사진,2340×2987,N/A — 정지 이미지,HIGH,HIGH,MEDIUM,SOCIAL PROOF / PRODUCT PROOF,TRUST AMPLIFIER / WORN PROOF / DETAIL PROOF,[CURRENT SKU MATCH NEEDS VERIFICATION] 2026 판매 재고와 동일 SKU·사양인지 확인 필요.,NO — 실제 제품·핏·인물은 생성형 AI로 변경하지 않고 크롭·색보정·먼지 정리만 허용.,"A-011B 신규 수집 TL-040; 원본 유지, 사전·사후 SHA-256 일치.",CANDIDATE,REVIEWED,B,실제 확인: DAY SWEATSHIRT의 디테일 증거가 보이는 오늘룩 유료 납품 사진이다. 전면·후면·소매·핏 중 하나를 실제로 보여 주는 보조 Product/Worn Proof다. 상업사용 범위는 사용자 확인으로 CLEARED 처리하되 현재 판매 SKU 동일성은 별도 검증한다.,2026-08-10,CLEARED,USER CONFIRMED PAID MARKETING
AST-0679,01_INPUT(입력_원본)/06_SOCIAL_PROOF(실제착용_소셜증거)/paid_marketing_todaylook/류혜연_hye5mii_171cm_61kg_2024-09-08 18_40 (1)/3TphFVpFozXo7oKecRXhmBPe6R5c1BtMAm5DUCLiDpQqEuCFfi019Px9Bug0mlUA.jpg,3TphFVpFozXo7oKecRXhmBPe6R5c1BtMAm5DUCLiDpQqEuCFfi019Px9Bug0mlUA.jpg,jpg,유료 마케팅 착용,DAY,류혜연_hye5mii 유료 마케팅 납품 SWEATSHIRT DAY 디테일 증거 사진,2340×2986,N/A — 정지 이미지,HIGH,HIGH,MEDIUM,SOCIAL PROOF / PRODUCT PROOF,TRUST AMPLIFIER / WORN PROOF / DETAIL PROOF,[CURRENT SKU MATCH NEEDS VERIFICATION] 2026 판매 재고와 동일 SKU·사양인지 확인 필요.,NO — 실제 제품·핏·인물은 생성형 AI로 변경하지 않고 크롭·색보정·먼지 정리만 허용.,"A-011B 신규 수집 TL-041; 원본 유지, 사전·사후 SHA-256 일치.",CANDIDATE,REVIEWED,B,실제 확인: DAY SWEATSHIRT의 디테일 증거가 보이는 오늘룩 유료 납품 사진이다. 전면·후면·소매·핏 중 하나를 실제로 보여 주는 보조 Product/Worn Proof다. 상업사용 범위는 사용자 확인으로 CLEARED 처리하되 현재 판매 SKU 동일성은 별도 검증한다.,2026-08-10,CLEARED,USER CONFIRMED PAID MARKETING
AST-0680,01_INPUT(입력_원본)/06_SOCIAL_PROOF(실제착용_소셜증거)/paid_marketing_todaylook/류혜연_hye5mii_171cm_61kg_2024-09-08 18_40 (1)/9IabSoF8eXwNAklMWAjCCoH3UOrPMcDJi967lUV3IGOnA5fo2VdL20AUPFdNy8Pz.jpg,9IabSoF8eXwNAklMWAjCCoH3UOrPMcDJi967lUV3IGOnA5fo2VdL20AUPFdNy8Pz.jpg,jpg,유료 마케팅 착용,DAY,류혜연_hye5mii 유료 마케팅 납품 SWEATSHIRT DAY 전면 및 착용 증거 사진,2340×2987,N/A — 정지 이미지,HIGH,HIGH,MEDIUM,SOCIAL PROOF / PRODUCT PROOF,TRUST AMPLIFIER / WORN PROOF / FRONT PROOF,[CURRENT SKU MATCH NEEDS VERIFICATION] 2026 판매 재고와 동일 SKU·사양인지 확인 필요.,NO — 실제 제품·핏·인물은 생성형 AI로 변경하지 않고 크롭·색보정·먼지 정리만 허용.,"A-011B 신규 수집 TL-042; 원본 유지, 사전·사후 SHA-256 일치.",CANDIDATE,REVIEWED,B,실제 확인: DAY SWEATSHIRT의 전면 및 착용 증거가 보이는 오늘룩 유료 납품 사진이다. 전면·후면·소매·핏 중 하나를 실제로 보여 주는 보조 Product/Worn Proof다. 상업사용 범위는 사용자 확인으로 CLEARED 처리하되 현재 판매 SKU 동일성은 별도 검증한다.,2026-08-10,CLEARED,USER CONFIRMED PAID MARKETING
AST-0681,01_INPUT(입력_원본)/06_SOCIAL_PROOF(실제착용_소셜증거)/paid_marketing_todaylook/류혜연_hye5mii_171cm_61kg_2024-09-08 18_40 (1)/LmVP2sizjT5QrOwcMh0EtZxBIDlzsqLT8SeDkDlapbzfjegubWhLAg32QsNZsVU8.jpg,LmVP2sizjT5QrOwcMh0EtZxBIDlzsqLT8SeDkDlapbzfjegubWhLAg32QsNZsVU8.jpg,jpg,유료 마케팅 착용,DAY,류혜연_hye5mii 유료 마케팅 납품 SWEATSHIRT DAY 전면 및 착용 증거 사진,2340×2987,N/A — 정지 이미지,MEDIUM,MEDIUM,LOW,SOCIAL SUPPORT / ARCHIVE,TRUST AMPLIFIER / WORN PROOF / FRONT PROOF,[CURRENT SKU MATCH NEEDS VERIFICATION] 2026 판매 재고와 동일 SKU·사양인지 확인 필요.,NO — 실제 제품·핏·인물은 생성형 AI로 변경하지 않고 크롭·색보정·먼지 정리만 허용.,"A-011B 신규 수집 TL-043; 원본 유지, 사전·사후 SHA-256 일치.",CANDIDATE,REVIEWED,C,실제 확인: DAY SWEATSHIRT의 전면 및 착용 증거가 보이는 오늘룩 유료 납품 사진이다. 유사 구도 반복 또는 제품 비중이 낮아 핵심보다 보조/기록용 우선순위가 맞다. 상업사용 범위는 사용자 확인으로 CLEARED 처리하되 현재 판매 SKU 동일성은 별도 검증한다.,2026-08-10,CLEARED,USER CONFIRMED PAID MARKETING
AST-0682,01_INPUT(입력_원본)/06_SOCIAL_PROOF(실제착용_소셜증거)/paid_marketing_todaylook/류혜연_hye5mii_171cm_61kg_2024-09-08 18_40 (1)/RomaCUtKKKhCl5KFdXu3umJYlnwJMlKWG5PccA1KkcYOdIr6vkvjVF8OZRFMWE4D.jpg,RomaCUtKKKhCl5KFdXu3umJYlnwJMlKWG5PccA1KkcYOdIr6vkvjVF8OZRFMWE4D.jpg,jpg,유료 마케팅 착용,DAY,류혜연_hye5mii 유료 마케팅 납품 SWEATSHIRT DAY 디테일 증거 사진,2340×2987,N/A — 정지 이미지,HIGH,HIGH,MEDIUM,SOCIAL PROOF / PRODUCT PROOF,TRUST AMPLIFIER / WORN PROOF / DETAIL PROOF,[CURRENT SKU MATCH NEEDS VERIFICATION] 2026 판매 재고와 동일 SKU·사양인지 확인 필요.,NO — 실제 제품·핏·인물은 생성형 AI로 변경하지 않고 크롭·색보정·먼지 정리만 허용.,"A-011B 신규 수집 TL-044; 원본 유지, 사전·사후 SHA-256 일치.",CANDIDATE,REVIEWED,B,실제 확인: DAY SWEATSHIRT의 디테일 증거가 보이는 오늘룩 유료 납품 사진이다. 전면·후면·소매·핏 중 하나를 실제로 보여 주는 보조 Product/Worn Proof다. 상업사용 범위는 사용자 확인으로 CLEARED 처리하되 현재 판매 SKU 동일성은 별도 검증한다.,2026-08-10,CLEARED,USER CONFIRMED PAID MARKETING
AST-0683,01_INPUT(입력_원본)/06_SOCIAL_PROOF(실제착용_소셜증거)/paid_marketing_todaylook/류혜연_hye5mii_171cm_61kg_2024-09-08 18_40 (1)/W4xuEJyD7YdqG2FhN6QcyCajxaXuRPkXlw9jhdazHVO0EzxVhM1W6GSqkuba0Jbr.jpg,W4xuEJyD7YdqG2FhN6QcyCajxaXuRPkXlw9jhdazHVO0EzxVhM1W6GSqkuba0Jbr.jpg,jpg,유료 마케팅 착용,DAY,류혜연_hye5mii 유료 마케팅 납품 SWEATSHIRT DAY 전면 및 착용 증거 사진,2340×2987,N/A — 정지 이미지,MEDIUM,MEDIUM,LOW,SOCIAL SUPPORT / ARCHIVE,TRUST AMPLIFIER / WORN PROOF / FRONT PROOF,[CURRENT SKU MATCH NEEDS VERIFICATION] 2026 판매 재고와 동일 SKU·사양인지 확인 필요.,NO — 실제 제품·핏·인물은 생성형 AI로 변경하지 않고 크롭·색보정·먼지 정리만 허용.,"A-011B 신규 수집 TL-045; 원본 유지, 사전·사후 SHA-256 일치.",CANDIDATE,REVIEWED,C,실제 확인: DAY SWEATSHIRT의 전면 및 착용 증거가 보이는 오늘룩 유료 납품 사진이다. 유사 구도 반복 또는 제품 비중이 낮아 핵심보다 보조/기록용 우선순위가 맞다. 상업사용 범위는 사용자 확인으로 CLEARED 처리하되 현재 판매 SKU 동일성은 별도 검증한다.,2026-08-10,CLEARED,USER CONFIRMED PAID MARKETING
AST-0684,01_INPUT(입력_원본)/06_SOCIAL_PROOF(실제착용_소셜증거)/paid_marketing_todaylook/류혜연_hye5mii_171cm_61kg_2024-09-08 18_40 (1)/kkhuBWtOSmGU93Xh5bTKlNjI6EaoVzFM3Q9X9ArA1A8w1hoj30yOPZfiEjSyF4iY.jpg,kkhuBWtOSmGU93Xh5bTKlNjI6EaoVzFM3Q9X9ArA1A8w1hoj30yOPZfiEjSyF4iY.jpg,jpg,유료 마케팅 착용,DAY,류혜연_hye5mii 유료 마케팅 납품 SWEATSHIRT DAY 디테일 증거 사진,2340×2987,N/A — 정지 이미지,HIGH,HIGH,MEDIUM,SOCIAL PROOF / PRODUCT PROOF,TRUST AMPLIFIER / WORN PROOF / DETAIL PROOF,[CURRENT SKU MATCH NEEDS VERIFICATION] 2026 판매 재고와 동일 SKU·사양인지 확인 필요.,NO — 실제 제품·핏·인물은 생성형 AI로 변경하지 않고 크롭·색보정·먼지 정리만 허용.,"A-011B 신규 수집 TL-046; 원본 유지, 사전·사후 SHA-256 일치.",CANDIDATE,REVIEWED,B,실제 확인: DAY SWEATSHIRT의 디테일 증거가 보이는 오늘룩 유료 납품 사진이다. 전면·후면·소매·핏 중 하나를 실제로 보여 주는 보조 Product/Worn Proof다. 상업사용 범위는 사용자 확인으로 CLEARED 처리하되 현재 판매 SKU 동일성은 별도 검증한다.,2026-08-10,CLEARED,USER CONFIRMED PAID MARKETING
AST-0685,01_INPUT(입력_원본)/06_SOCIAL_PROOF(실제착용_소셜증거)/paid_marketing_todaylook/류혜연_hye5mii_171cm_61kg_2024-09-08 18_40 (1)/lF2pkxkvXPMDvLy8bsDW46sY30xoNm8MJqQ1VuHzaeOybFJDZIT6KAPQW5Oxge6H.jpg,lF2pkxkvXPMDvLy8bsDW46sY30xoNm8MJqQ1VuHzaeOybFJDZIT6KAPQW5Oxge6H.jpg,jpg,유료 마케팅 착용,DAY,류혜연_hye5mii 유료 마케팅 납품 SWEATSHIRT DAY 전면 및 착용 증거 사진,2340×2985,N/A — 정지 이미지,HIGH,HIGH,MEDIUM,SOCIAL PROOF / PRODUCT PROOF,TRUST AMPLIFIER / WORN PROOF / FRONT PROOF,[CURRENT SKU MATCH NEEDS VERIFICATION] 2026 판매 재고와 동일 SKU·사양인지 확인 필요.,NO — 실제 제품·핏·인물은 생성형 AI로 변경하지 않고 크롭·색보정·먼지 정리만 허용.,"A-011B 신규 수집 TL-047; 원본 유지, 사전·사후 SHA-256 일치.",CANDIDATE,REVIEWED,B,실제 확인: DAY SWEATSHIRT의 전면 및 착용 증거가 보이는 오늘룩 유료 납품 사진이다. 전면·후면·소매·핏 중 하나를 실제로 보여 주는 보조 Product/Worn Proof다. 상업사용 범위는 사용자 확인으로 CLEARED 처리하되 현재 판매 SKU 동일성은 별도 검증한다.,2026-08-10,CLEARED,USER CONFIRMED PAID MARKETING
AST-0686,01_INPUT(입력_원본)/06_SOCIAL_PROOF(실제착용_소셜증거)/paid_marketing_todaylook/류혜연_hye5mii_171cm_61kg_2024-09-08 18_40 (1)/ocPerWy6mfEGeLI6BfSzm5cZI7CpqMkDM34J05PTT9h76m5YlN6W6wGIt7mrBMG1.jpg,ocPerWy6mfEGeLI6BfSzm5cZI7CpqMkDM34J05PTT9h76m5YlN6W6wGIt7mrBMG1.jpg,jpg,유료 마케팅 착용,DAY,류혜연_hye5mii 유료 마케팅 납품 SWEATSHIRT DAY 후면 및 그래픽 증거 사진,2340×2987,N/A — 정지 이미지,HIGH,HIGH,HIGH,SOCIAL PROOF / PRODUCT PROOF,TRUST AMPLIFIER / WORN PROOF / BACK PROOF,[CURRENT SKU MATCH NEEDS VERIFICATION] 2026 판매 재고와 동일 SKU·사양인지 확인 필요.,NO — 실제 제품·핏·인물은 생성형 AI로 변경하지 않고 크롭·색보정·먼지 정리만 허용.,"A-011B 신규 수집 TL-048; 원본 유지, 사전·사후 SHA-256 일치.",CANDIDATE,REVIEWED,A,실제 확인: DAY SWEATSHIRT의 후면 및 그래픽 증거가 보이는 오늘룩 유료 납품 사진이다. 제품 후면 그래픽과 실제 착용 장면이 동시에 명확해 유료/유기적 소셜의 핵심 Trust Amplifier 후보다. 상업사용 범위는 사용자 확인으로 CLEARED 처리하되 현재 판매 SKU 동일성은 별도 검증한다.,2026-08-10,CLEARED,USER CONFIRMED PAID MARKETING
AST-0687,01_INPUT(입력_원본)/06_SOCIAL_PROOF(실제착용_소셜증거)/paid_marketing_todaylook/류희훈_hoonxxy_167cm_67kg_2024-09-08 18_40/5r4wt3c5kA8YDmlTgMg2lvgx4tFfqmE5ZiMoZ9g12aaKIigiqqk2yuN27ZMIJkRJ.jpg,5r4wt3c5kA8YDmlTgMg2lvgx4tFfqmE5ZiMoZ9g12aaKIigiqqk2yuN27ZMIJkRJ.jpg,jpg,유료 마케팅 착용,DAY,류희훈_hoonxxy 유료 마케팅 납품 SWEATSHIRT DAY 디테일 증거 사진,2340×2986,N/A — 정지 이미지,HIGH,HIGH,MEDIUM,SOCIAL PROOF / PRODUCT PROOF,TRUST AMPLIFIER / WORN PROOF / DETAIL PROOF,[CURRENT SKU MATCH NEEDS VERIFICATION] 2026 판매 재고와 동일 SKU·사양인지 확인 필요.,NO — 실제 제품·핏·인물은 생성형 AI로 변경하지 않고 크롭·색보정·먼지 정리만 허용.,"A-011B 신규 수집 TL-049; 원본 유지, 사전·사후 SHA-256 일치.",CANDIDATE,REVIEWED,B,실제 확인: DAY SWEATSHIRT의 디테일 증거가 보이는 오늘룩 유료 납품 사진이다. 전면·후면·소매·핏 중 하나를 실제로 보여 주는 보조 Product/Worn Proof다. 상업사용 범위는 사용자 확인으로 CLEARED 처리하되 현재 판매 SKU 동일성은 별도 검증한다.,2026-08-10,CLEARED,USER CONFIRMED PAID MARKETING
AST-0688,01_INPUT(입력_원본)/06_SOCIAL_PROOF(실제착용_소셜증거)/paid_marketing_todaylook/류희훈_hoonxxy_167cm_67kg_2024-09-08 18_40/JJkXFFsWmFhxfT0ZMYc2m6TjsnBzJGhViUjnrH3qqdq9jqgWqHc2PC2smdYlZiYh.jpg,JJkXFFsWmFhxfT0ZMYc2m6TjsnBzJGhViUjnrH3qqdq9jqgWqHc2PC2smdYlZiYh.jpg,jpg,유료 마케팅 착용,DAY,류희훈_hoonxxy 유료 마케팅 납품 SWEATSHIRT DAY 디테일 증거 사진,2340×2988,N/A — 정지 이미지,HIGH,HIGH,MEDIUM,SOCIAL PROOF / PRODUCT PROOF,TRUST AMPLIFIER / WORN PROOF / DETAIL PROOF,[CURRENT SKU MATCH NEEDS VERIFICATION] 2026 판매 재고와 동일 SKU·사양인지 확인 필요.,NO — 실제 제품·핏·인물은 생성형 AI로 변경하지 않고 크롭·색보정·먼지 정리만 허용.,"A-011B 신규 수집 TL-050; 원본 유지, 사전·사후 SHA-256 일치.",CANDIDATE,REVIEWED,B,실제 확인: DAY SWEATSHIRT의 디테일 증거가 보이는 오늘룩 유료 납품 사진이다. 전면·후면·소매·핏 중 하나를 실제로 보여 주는 보조 Product/Worn Proof다. 상업사용 범위는 사용자 확인으로 CLEARED 처리하되 현재 판매 SKU 동일성은 별도 검증한다.,2026-08-10,CLEARED,USER CONFIRMED PAID MARKETING
AST-0689,01_INPUT(입력_원본)/06_SOCIAL_PROOF(실제착용_소셜증거)/paid_marketing_todaylook/류희훈_hoonxxy_167cm_67kg_2024-09-08 18_40/SUTa1tBjORrLmg0d2WV1ZR5CJBumtnTHbUzUggcF.jpg,SUTa1tBjORrLmg0d2WV1ZR5CJBumtnTHbUzUggcF.jpg,jpg,유료 마케팅 착용,DAY,류희훈_hoonxxy 유료 마케팅 납품 SWEATSHIRT DAY 후면 및 그래픽 증거 사진,1080×1350,N/A — 정지 이미지,HIGH,HIGH,HIGH,SOCIAL PROOF / PRODUCT PROOF,TRUST AMPLIFIER / WORN PROOF / BACK PROOF,[CURRENT SKU MATCH NEEDS VERIFICATION] 2026 판매 재고와 동일 SKU·사양인지 확인 필요.,NO — 실제 제품·핏·인물은 생성형 AI로 변경하지 않고 크롭·색보정·먼지 정리만 허용.,"A-011B 신규 수집 TL-051; 원본 유지, 사전·사후 SHA-256 일치.",CANDIDATE,REVIEWED,A,실제 확인: DAY SWEATSHIRT의 후면 및 그래픽 증거가 보이는 오늘룩 유료 납품 사진이다. 제품 후면 그래픽과 실제 착용 장면이 동시에 명확해 유료/유기적 소셜의 핵심 Trust Amplifier 후보다. 상업사용 범위는 사용자 확인으로 CLEARED 처리하되 현재 판매 SKU 동일성은 별도 검증한다.,2026-08-10,CLEARED,USER CONFIRMED PAID MARKETING
AST-0690,01_INPUT(입력_원본)/06_SOCIAL_PROOF(실제착용_소셜증거)/paid_marketing_todaylook/류희훈_hoonxxy_167cm_67kg_2024-09-08 18_40/iJr2XQ8i0yV9r9H1PAUo5ra4td9txnoe3bUsQWL2d6ASCXak49MJys4FQyWcwwcM.jpg,iJr2XQ8i0yV9r9H1PAUo5ra4td9txnoe3bUsQWL2d6ASCXak49MJys4FQyWcwwcM.jpg,jpg,유료 마케팅 착용,DAY,류희훈_hoonxxy 유료 마케팅 납품 SWEATSHIRT DAY 디테일 증거 사진,2340×2987,N/A — 정지 이미지,MEDIUM,MEDIUM,LOW,SOCIAL SUPPORT / ARCHIVE,TRUST AMPLIFIER / WORN PROOF / DETAIL PROOF,[CURRENT SKU MATCH NEEDS VERIFICATION] 2026 판매 재고와 동일 SKU·사양인지 확인 필요. PhotoRoom 워터마크가 있어 원본 재출력 또는 제거 전 직접 사용 금지.,NO — 실제 제품·핏·인물은 생성형 AI로 변경하지 않고 크롭·색보정·먼지 정리만 허용.,"A-011B 신규 수집 TL-052; 원본 유지, 사전·사후 SHA-256 일치.",CANDIDATE,REVIEWED,C,실제 확인: DAY SWEATSHIRT의 디테일 증거가 보이는 오늘룩 유료 납품 사진이다. 유사 구도 반복 또는 제품 비중이 낮아 핵심보다 보조/기록용 우선순위가 맞다. 상업사용 범위는 사용자 확인으로 CLEARED 처리하되 현재 판매 SKU 동일성은 별도 검증한다.,2026-08-10,CLEARED,USER CONFIRMED PAID MARKETING
AST-0691,01_INPUT(입력_원본)/06_SOCIAL_PROOF(실제착용_소셜증거)/paid_marketing_todaylook/류희훈_hoonxxy_167cm_67kg_2024-09-08 18_40/kTF9SFxo52oUNCN1wgLABvECp2i2wzuKiaHC9JAa.jpg,kTF9SFxo52oUNCN1wgLABvECp2i2wzuKiaHC9JAa.jpg,jpg,유료 마케팅 착용,DAY,류희훈_hoonxxy 유료 마케팅 납품 SWEATSHIRT DAY 후면 및 그래픽 증거 사진,1080×1350,N/A — 정지 이미지,HIGH,HIGH,HIGH,SOCIAL PROOF / PRODUCT PROOF,TRUST AMPLIFIER / WORN PROOF / BACK PROOF,[CURRENT SKU MATCH NEEDS VERIFICATION] 2026 판매 재고와 동일 SKU·사양인지 확인 필요.,NO — 실제 제품·핏·인물은 생성형 AI로 변경하지 않고 크롭·색보정·먼지 정리만 허용.,"A-011B 신규 수집 TL-053; 원본 유지, 사전·사후 SHA-256 일치.",CANDIDATE,REVIEWED,A,실제 확인: DAY SWEATSHIRT의 후면 및 그래픽 증거가 보이는 오늘룩 유료 납품 사진이다. 제품 후면 그래픽과 실제 착용 장면이 동시에 명확해 유료/유기적 소셜의 핵심 Trust Amplifier 후보다. 상업사용 범위는 사용자 확인으로 CLEARED 처리하되 현재 판매 SKU 동일성은 별도 검증한다.,2026-08-10,CLEARED,USER CONFIRMED PAID MARKETING
AST-0692,01_INPUT(입력_원본)/06_SOCIAL_PROOF(실제착용_소셜증거)/paid_marketing_todaylook/류희훈_hoonxxy_167cm_67kg_2024-09-08 18_40/uFm4H3Ki6FWiHPPfwEbw8kpc5WbWNkhJA7wED8cO7Wn4Us7XtMoS7ZkmcjqUfms1.jpg,uFm4H3Ki6FWiHPPfwEbw8kpc5WbWNkhJA7wED8cO7Wn4Us7XtMoS7ZkmcjqUfms1.jpg,jpg,유료 마케팅 착용,DAY,류희훈_hoonxxy 유료 마케팅 납품 SWEATSHIRT DAY 전면 및 착용 증거 사진,2340×2986,N/A — 정지 이미지,HIGH,HIGH,MEDIUM,SOCIAL PROOF / PRODUCT PROOF,TRUST AMPLIFIER / WORN PROOF / FRONT PROOF,[CURRENT SKU MATCH NEEDS VERIFICATION] 2026 판매 재고와 동일 SKU·사양인지 확인 필요.,NO — 실제 제품·핏·인물은 생성형 AI로 변경하지 않고 크롭·색보정·먼지 정리만 허용.,"A-011B 신규 수집 TL-054; 원본 유지, 사전·사후 SHA-256 일치.",CANDIDATE,REVIEWED,B,실제 확인: DAY SWEATSHIRT의 전면 및 착용 증거가 보이는 오늘룩 유료 납품 사진이다. 전면·후면·소매·핏 중 하나를 실제로 보여 주는 보조 Product/Worn Proof다. 상업사용 범위는 사용자 확인으로 CLEARED 처리하되 현재 판매 SKU 동일성은 별도 검증한다.,2026-08-10,CLEARED,USER CONFIRMED PAID MARKETING
AST-0693,01_INPUT(입력_원본)/06_SOCIAL_PROOF(실제착용_소셜증거)/paid_marketing_todaylook/류희훈_hoonxxy_167cm_67kg_2024-09-08 18_40/vSDu6OpI0EUJnz989odMMvH1j385vx9B1GPvnuEiTmFtQsZhfotRlZ8oVpH79jTK.jpg,vSDu6OpI0EUJnz989odMMvH1j385vx9B1GPvnuEiTmFtQsZhfotRlZ8oVpH79jTK.jpg,jpg,유료 마케팅 착용,DAY,류희훈_hoonxxy 유료 마케팅 납품 SWEATSHIRT DAY 전면 및 착용 증거 사진,2340×2986,N/A — 정지 이미지,MEDIUM,MEDIUM,LOW,SOCIAL SUPPORT / ARCHIVE,TRUST AMPLIFIER / WORN PROOF / FRONT PROOF,[CURRENT SKU MATCH NEEDS VERIFICATION] 2026 판매 재고와 동일 SKU·사양인지 확인 필요.,NO — 실제 제품·핏·인물은 생성형 AI로 변경하지 않고 크롭·색보정·먼지 정리만 허용.,"A-011B 신규 수집 TL-055; 원본 유지, 사전·사후 SHA-256 일치.",CANDIDATE,REVIEWED,C,실제 확인: DAY SWEATSHIRT의 전면 및 착용 증거가 보이는 오늘룩 유료 납품 사진이다. 유사 구도 반복 또는 제품 비중이 낮아 핵심보다 보조/기록용 우선순위가 맞다. 상업사용 범위는 사용자 확인으로 CLEARED 처리하되 현재 판매 SKU 동일성은 별도 검증한다.,2026-08-10,CLEARED,USER CONFIRMED PAID MARKETING
AST-0694,01_INPUT(입력_원본)/06_SOCIAL_PROOF(실제착용_소셜증거)/paid_marketing_todaylook/류희훈_hoonxxy_167cm_67kg_2024-09-08 18_40/vikjTZWjMdJSjTcV3G0NQPXJs9yV0BzZY0vu3amoXLXkjVEAF0kf1xHd8sfLyyht.jpg,vikjTZWjMdJSjTcV3G0NQPXJs9yV0BzZY0vu3amoXLXkjVEAF0kf1xHd8sfLyyht.jpg,jpg,유료 마케팅 착용,DAY,류희훈_hoonxxy 유료 마케팅 납품 SWEATSHIRT DAY 전면 및 착용 증거 사진,2340×2987,N/A — 정지 이미지,HIGH,HIGH,MEDIUM,SOCIAL PROOF / PRODUCT PROOF,TRUST AMPLIFIER / WORN PROOF / FRONT PROOF,[CURRENT SKU MATCH NEEDS VERIFICATION] 2026 판매 재고와 동일 SKU·사양인지 확인 필요.,NO — 실제 제품·핏·인물은 생성형 AI로 변경하지 않고 크롭·색보정·먼지 정리만 허용.,"A-011B 신규 수집 TL-056; 원본 유지, 사전·사후 SHA-256 일치.",CANDIDATE,REVIEWED,B,실제 확인: DAY SWEATSHIRT의 전면 및 착용 증거가 보이는 오늘룩 유료 납품 사진이다. 전면·후면·소매·핏 중 하나를 실제로 보여 주는 보조 Product/Worn Proof다. 상업사용 범위는 사용자 확인으로 CLEARED 처리하되 현재 판매 SKU 동일성은 별도 검증한다.,2026-08-10,CLEARED,USER CONFIRMED PAID MARKETING
AST-0695,01_INPUT(입력_원본)/06_SOCIAL_PROOF(실제착용_소셜증거)/paid_marketing_todaylook/류희훈_hoonxxy_167cm_67kg_2024-09-08 18_40/z8WZmeeZp2EedkXBg1lhetHVJ2WVM5Z7pwcQIRJWYSU6GvFdWaaIiTrJpDx4QwzV.jpg,z8WZmeeZp2EedkXBg1lhetHVJ2WVM5Z7pwcQIRJWYSU6GvFdWaaIiTrJpDx4QwzV.jpg,jpg,유료 마케팅 착용,DAY,류희훈_hoonxxy 유료 마케팅 납품 SWEATSHIRT DAY 디테일 증거 사진,2340×2987,N/A — 정지 이미지,HIGH,HIGH,MEDIUM,SOCIAL PROOF / PRODUCT PROOF,TRUST AMPLIFIER / WORN PROOF / DETAIL PROOF,[CURRENT SKU MATCH NEEDS VERIFICATION] 2026 판매 재고와 동일 SKU·사양인지 확인 필요.,NO — 실제 제품·핏·인물은 생성형 AI로 변경하지 않고 크롭·색보정·먼지 정리만 허용.,"A-011B 신규 수집 TL-057; 원본 유지, 사전·사후 SHA-256 일치.",CANDIDATE,REVIEWED,B,실제 확인: DAY SWEATSHIRT의 디테일 증거가 보이는 오늘룩 유료 납품 사진이다. 전면·후면·소매·핏 중 하나를 실제로 보여 주는 보조 Product/Worn Proof다. 상업사용 범위는 사용자 확인으로 CLEARED 처리하되 현재 판매 SKU 동일성은 별도 검증한다.,2026-08-10,CLEARED,USER CONFIRMED PAID MARKETING
AST-0696,01_INPUT(입력_원본)/06_SOCIAL_PROOF(실제착용_소셜증거)/paid_marketing_todaylook/류희훈_hoonxxy_167cm_67kg_2024-09-08 18_40 (1)/2969f5Al1e8arCRVfTPnibIAAfZm8WFacgcmLDhG.jpg,2969f5Al1e8arCRVfTPnibIAAfZm8WFacgcmLDhG.jpg,jpg,유료 마케팅 착용,NIGHT,류희훈_hoonxxy 유료 마케팅 납품 SWEATSHIRT NIGHT 후면 및 그래픽 증거 사진,1080×1350,N/A — 정지 이미지,HIGH,HIGH,HIGH,SOCIAL PROOF / PRODUCT PROOF,TRUST AMPLIFIER / WORN PROOF / BACK PROOF,[CURRENT SKU MATCH NEEDS VERIFICATION] 2026 판매 재고와 동일 SKU·사양인지 확인 필요.,NO — 실제 제품·핏·인물은 생성형 AI로 변경하지 않고 크롭·색보정·먼지 정리만 허용.,"A-011B 신규 수집 TL-058; 원본 유지, 사전·사후 SHA-256 일치.",CANDIDATE,REVIEWED,A,실제 확인: NIGHT SWEATSHIRT의 후면 및 그래픽 증거가 보이는 오늘룩 유료 납품 사진이다. 제품 후면 그래픽과 실제 착용 장면이 동시에 명확해 유료/유기적 소셜의 핵심 Trust Amplifier 후보다. 상업사용 범위는 사용자 확인으로 CLEARED 처리하되 현재 판매 SKU 동일성은 별도 검증한다.,2026-08-10,CLEARED,USER CONFIRMED PAID MARKETING
AST-0697,01_INPUT(입력_원본)/06_SOCIAL_PROOF(실제착용_소셜증거)/paid_marketing_todaylook/류희훈_hoonxxy_167cm_67kg_2024-09-08 18_40 (1)/MogjsQKltGqxileEJHkO9wHl0XP44wSegnWyzxzRNYqWiU78CcoTEQGwlmHCpd9u.jpg,MogjsQKltGqxileEJHkO9wHl0XP44wSegnWyzxzRNYqWiU78CcoTEQGwlmHCpd9u.jpg,jpg,유료 마케팅 착용,NIGHT,류희훈_hoonxxy 유료 마케팅 납품 SWEATSHIRT NIGHT 전면 및 착용 증거 사진,2340×2987,N/A — 정지 이미지,MEDIUM,MEDIUM,LOW,SOCIAL SUPPORT / ARCHIVE,TRUST AMPLIFIER / WORN PROOF / FRONT PROOF,[CURRENT SKU MATCH NEEDS VERIFICATION] 2026 판매 재고와 동일 SKU·사양인지 확인 필요.,NO — 실제 제품·핏·인물은 생성형 AI로 변경하지 않고 크롭·색보정·먼지 정리만 허용.,"A-011B 신규 수집 TL-059; 원본 유지, 사전·사후 SHA-256 일치.",CANDIDATE,REVIEWED,C,실제 확인: NIGHT SWEATSHIRT의 전면 및 착용 증거가 보이는 오늘룩 유료 납품 사진이다. 유사 구도 반복 또는 제품 비중이 낮아 핵심보다 보조/기록용 우선순위가 맞다. 상업사용 범위는 사용자 확인으로 CLEARED 처리하되 현재 판매 SKU 동일성은 별도 검증한다.,2026-08-10,CLEARED,USER CONFIRMED PAID MARKETING
AST-0698,01_INPUT(입력_원본)/06_SOCIAL_PROOF(실제착용_소셜증거)/paid_marketing_todaylook/류희훈_hoonxxy_167cm_67kg_2024-09-08 18_40 (1)/Nlh7H6vtXW7Wsq0f9WGYwuiNo3lFr3l1QYyRizFtwcTwfZNUTQoDkpUmmK3cac5T.jpg,Nlh7H6vtXW7Wsq0f9WGYwuiNo3lFr3l1QYyRizFtwcTwfZNUTQoDkpUmmK3cac5T.jpg,jpg,유료 마케팅 착용,NIGHT,류희훈_hoonxxy 유료 마케팅 납품 SWEATSHIRT NIGHT 전면 및 착용 증거 사진,2340×2988,N/A — 정지 이미지,HIGH,HIGH,MEDIUM,SOCIAL PROOF / PRODUCT PROOF,TRUST AMPLIFIER / WORN PROOF / FRONT PROOF,[CURRENT SKU MATCH NEEDS VERIFICATION] 2026 판매 재고와 동일 SKU·사양인지 확인 필요.,NO — 실제 제품·핏·인물은 생성형 AI로 변경하지 않고 크롭·색보정·먼지 정리만 허용.,"A-011B 신규 수집 TL-060; 원본 유지, 사전·사후 SHA-256 일치.",CANDIDATE,REVIEWED,B,실제 확인: NIGHT SWEATSHIRT의 전면 및 착용 증거가 보이는 오늘룩 유료 납품 사진이다. 전면·후면·소매·핏 중 하나를 실제로 보여 주는 보조 Product/Worn Proof다. 상업사용 범위는 사용자 확인으로 CLEARED 처리하되 현재 판매 SKU 동일성은 별도 검증한다.,2026-08-10,CLEARED,USER CONFIRMED PAID MARKETING
AST-0699,01_INPUT(입력_원본)/06_SOCIAL_PROOF(실제착용_소셜증거)/paid_marketing_todaylook/류희훈_hoonxxy_167cm_67kg_2024-09-08 18_40 (1)/TnwqaHj7Oy3gxNCsu8SxzhkpnP7j5oyE0lNJ84IOciK1BObR4weDSsivCFo9lQ6m.jpg,TnwqaHj7Oy3gxNCsu8SxzhkpnP7j5oyE0lNJ84IOciK1BObR4weDSsivCFo9lQ6m.jpg,jpg,유료 마케팅 착용,NIGHT,류희훈_hoonxxy 유료 마케팅 납품 SWEATSHIRT NIGHT 디테일 증거 사진,2340×2987,N/A — 정지 이미지,HIGH,HIGH,MEDIUM,SOCIAL PROOF / PRODUCT PROOF,TRUST AMPLIFIER / WORN PROOF / DETAIL PROOF,[CURRENT SKU MATCH NEEDS VERIFICATION] 2026 판매 재고와 동일 SKU·사양인지 확인 필요.,NO — 실제 제품·핏·인물은 생성형 AI로 변경하지 않고 크롭·색보정·먼지 정리만 허용.,"A-011B 신규 수집 TL-061; 원본 유지, 사전·사후 SHA-256 일치.",CANDIDATE,REVIEWED,B,실제 확인: NIGHT SWEATSHIRT의 디테일 증거가 보이는 오늘룩 유료 납품 사진이다. 전면·후면·소매·핏 중 하나를 실제로 보여 주는 보조 Product/Worn Proof다. 상업사용 범위는 사용자 확인으로 CLEARED 처리하되 현재 판매 SKU 동일성은 별도 검증한다.,2026-08-10,CLEARED,USER CONFIRMED PAID MARKETING
AST-0700,01_INPUT(입력_원본)/06_SOCIAL_PROOF(실제착용_소셜증거)/paid_marketing_todaylook/류희훈_hoonxxy_167cm_67kg_2024-09-08 18_40 (1)/ZVxP9RSr6fNU01E1AUZZhVMD8gYPzZSo6ef8i56syNdAstWbd3RRhNRu9foxGHEs.jpg,ZVxP9RSr6fNU01E1AUZZhVMD8gYPzZSo6ef8i56syNdAstWbd3RRhNRu9foxGHEs.jpg,jpg,유료 마케팅 착용,NIGHT,류희훈_hoonxxy 유료 마케팅 납품 SWEATSHIRT NIGHT 디테일 증거 사진,2340×2986,N/A — 정지 이미지,HIGH,HIGH,MEDIUM,SOCIAL PROOF / PRODUCT PROOF,TRUST AMPLIFIER / WORN PROOF / DETAIL PROOF,[CURRENT SKU MATCH NEEDS VERIFICATION] 2026 판매 재고와 동일 SKU·사양인지 확인 필요.,NO — 실제 제품·핏·인물은 생성형 AI로 변경하지 않고 크롭·색보정·먼지 정리만 허용.,"A-011B 신규 수집 TL-062; 원본 유지, 사전·사후 SHA-256 일치.",CANDIDATE,REVIEWED,B,실제 확인: NIGHT SWEATSHIRT의 디테일 증거가 보이는 오늘룩 유료 납품 사진이다. 전면·후면·소매·핏 중 하나를 실제로 보여 주는 보조 Product/Worn Proof다. 상업사용 범위는 사용자 확인으로 CLEARED 처리하되 현재 판매 SKU 동일성은 별도 검증한다.,2026-08-10,CLEARED,USER CONFIRMED PAID MARKETING
AST-0701,01_INPUT(입력_원본)/06_SOCIAL_PROOF(실제착용_소셜증거)/paid_marketing_todaylook/류희훈_hoonxxy_167cm_67kg_2024-09-08 18_40 (1)/gtsLG31PFeEAeKwvm1HAkbO5Swarj9XOafy19Shh.jpg,gtsLG31PFeEAeKwvm1HAkbO5Swarj9XOafy19Shh.jpg,jpg,유료 마케팅 착용,NIGHT,류희훈_hoonxxy 유료 마케팅 납품 SWEATSHIRT NIGHT 후면 및 그래픽 증거 사진,1080×1350,N/A — 정지 이미지,HIGH,HIGH,HIGH,SOCIAL PROOF / PRODUCT PROOF,TRUST AMPLIFIER / WORN PROOF / BACK PROOF,[CURRENT SKU MATCH NEEDS VERIFICATION] 2026 판매 재고와 동일 SKU·사양인지 확인 필요.,NO — 실제 제품·핏·인물은 생성형 AI로 변경하지 않고 크롭·색보정·먼지 정리만 허용.,"A-011B 신규 수집 TL-063; 원본 유지, 사전·사후 SHA-256 일치.",CANDIDATE,REVIEWED,A,실제 확인: NIGHT SWEATSHIRT의 후면 및 그래픽 증거가 보이는 오늘룩 유료 납품 사진이다. 제품 후면 그래픽과 실제 착용 장면이 동시에 명확해 유료/유기적 소셜의 핵심 Trust Amplifier 후보다. 상업사용 범위는 사용자 확인으로 CLEARED 처리하되 현재 판매 SKU 동일성은 별도 검증한다.,2026-08-10,CLEARED,USER CONFIRMED PAID MARKETING
AST-0702,01_INPUT(입력_원본)/06_SOCIAL_PROOF(실제착용_소셜증거)/paid_marketing_todaylook/류희훈_hoonxxy_167cm_67kg_2024-09-08 18_40 (1)/yenMaNo6Ta4PLkl9uB1mIXpslpZzv9WuaTBDSg147UndEgK0ZydVsGmIiKgHBlS8.jpg,yenMaNo6Ta4PLkl9uB1mIXpslpZzv9WuaTBDSg147UndEgK0ZydVsGmIiKgHBlS8.jpg,jpg,유료 마케팅 착용,NIGHT,류희훈_hoonxxy 유료 마케팅 납품 SWEATSHIRT NIGHT 디테일 증거 사진,2340×2986,N/A — 정지 이미지,HIGH,HIGH,MEDIUM,SOCIAL PROOF / PRODUCT PROOF,TRUST AMPLIFIER / WORN PROOF / DETAIL PROOF,[CURRENT SKU MATCH NEEDS VERIFICATION] 2026 판매 재고와 동일 SKU·사양인지 확인 필요.,NO — 실제 제품·핏·인물은 생성형 AI로 변경하지 않고 크롭·색보정·먼지 정리만 허용.,"A-011B 신규 수집 TL-064; 원본 유지, 사전·사후 SHA-256 일치.",CANDIDATE,REVIEWED,B,실제 확인: NIGHT SWEATSHIRT의 디테일 증거가 보이는 오늘룩 유료 납품 사진이다. 전면·후면·소매·핏 중 하나를 실제로 보여 주는 보조 Product/Worn Proof다. 상업사용 범위는 사용자 확인으로 CLEARED 처리하되 현재 판매 SKU 동일성은 별도 검증한다.,2026-08-10,CLEARED,USER CONFIRMED PAID MARKETING
AST-0703,01_INPUT(입력_원본)/06_SOCIAL_PROOF(실제착용_소셜증거)/paid_marketing_todaylook/류희훈_hoonxxy_167cm_67kg_2024-09-08 18_40 (1)/zV9b8rUgtFphkkjVIZcWDQxAa2BdxlhococcTYirE003uf5D2TVsJHjfcRCMKMOr.jpg,zV9b8rUgtFphkkjVIZcWDQxAa2BdxlhococcTYirE003uf5D2TVsJHjfcRCMKMOr.jpg,jpg,유료 마케팅 착용,NIGHT,류희훈_hoonxxy 유료 마케팅 납품 SWEATSHIRT NIGHT 전면 및 착용 증거 사진,2340×2987,N/A — 정지 이미지,MEDIUM,MEDIUM,LOW,SOCIAL SUPPORT / ARCHIVE,TRUST AMPLIFIER / WORN PROOF / FRONT PROOF,[CURRENT SKU MATCH NEEDS VERIFICATION] 2026 판매 재고와 동일 SKU·사양인지 확인 필요.,NO — 실제 제품·핏·인물은 생성형 AI로 변경하지 않고 크롭·색보정·먼지 정리만 허용.,"A-011B 신규 수집 TL-065; 원본 유지, 사전·사후 SHA-256 일치.",CANDIDATE,REVIEWED,C,실제 확인: NIGHT SWEATSHIRT의 전면 및 착용 증거가 보이는 오늘룩 유료 납품 사진이다. 유사 구도 반복 또는 제품 비중이 낮아 핵심보다 보조/기록용 우선순위가 맞다. 상업사용 범위는 사용자 확인으로 CLEARED 처리하되 현재 판매 SKU 동일성은 별도 검증한다.,2026-08-10,CLEARED,USER CONFIRMED PAID MARKETING
AST-0704,01_INPUT(입력_원본)/06_SOCIAL_PROOF(실제착용_소셜증거)/paid_marketing_todaylook/변현수_bs_oo_s_179cm_79kg_2024-09-08 18_40/HDGy1htBkHKwqIj0adUIRLnWB2EACmXcNy3fD3ihAwYPOxQWVqJlbx7IVU0AJqdT.jpg,HDGy1htBkHKwqIj0adUIRLnWB2EACmXcNy3fD3ihAwYPOxQWVqJlbx7IVU0AJqdT.jpg,jpg,유료 마케팅 착용,NIGHT,변현수_bs 유료 마케팅 납품 SWEATSHIRT NIGHT 디테일 증거 사진,2340×2986,N/A — 정지 이미지,HIGH,HIGH,MEDIUM,SOCIAL PROOF / PRODUCT PROOF,TRUST AMPLIFIER / WORN PROOF / DETAIL PROOF,[CURRENT SKU MATCH NEEDS VERIFICATION] 2026 판매 재고와 동일 SKU·사양인지 확인 필요.,NO — 실제 제품·핏·인물은 생성형 AI로 변경하지 않고 크롭·색보정·먼지 정리만 허용.,"A-011B 신규 수집 TL-066; 원본 유지, 사전·사후 SHA-256 일치.",CANDIDATE,REVIEWED,B,실제 확인: NIGHT SWEATSHIRT의 디테일 증거가 보이는 오늘룩 유료 납품 사진이다. 전면·후면·소매·핏 중 하나를 실제로 보여 주는 보조 Product/Worn Proof다. 상업사용 범위는 사용자 확인으로 CLEARED 처리하되 현재 판매 SKU 동일성은 별도 검증한다.,2026-08-10,CLEARED,USER CONFIRMED PAID MARKETING
AST-0705,01_INPUT(입력_원본)/06_SOCIAL_PROOF(실제착용_소셜증거)/paid_marketing_todaylook/변현수_bs_oo_s_179cm_79kg_2024-09-08 18_40/IxiwbnTrIEb6txzE0l4fAyTSrS8ob88KdWM2q1QFfkdLVfSnGpykJ1gFGp0oV1hi.jpg,IxiwbnTrIEb6txzE0l4fAyTSrS8ob88KdWM2q1QFfkdLVfSnGpykJ1gFGp0oV1hi.jpg,jpg,유료 마케팅 착용,NIGHT,변현수_bs 유료 마케팅 납품 SWEATSHIRT NIGHT 후면 및 그래픽 증거 사진,2340×2986,N/A — 정지 이미지,HIGH,HIGH,HIGH,SOCIAL PROOF / PRODUCT PROOF,TRUST AMPLIFIER / WORN PROOF / BACK PROOF,[CURRENT SKU MATCH NEEDS VERIFICATION] 2026 판매 재고와 동일 SKU·사양인지 확인 필요.,NO — 실제 제품·핏·인물은 생성형 AI로 변경하지 않고 크롭·색보정·먼지 정리만 허용.,"A-011B 신규 수집 TL-067; 원본 유지, 사전·사후 SHA-256 일치.",CANDIDATE,REVIEWED,A,실제 확인: NIGHT SWEATSHIRT의 후면 및 그래픽 증거가 보이는 오늘룩 유료 납품 사진이다. 제품 후면 그래픽과 실제 착용 장면이 동시에 명확해 유료/유기적 소셜의 핵심 Trust Amplifier 후보다. 상업사용 범위는 사용자 확인으로 CLEARED 처리하되 현재 판매 SKU 동일성은 별도 검증한다.,2026-08-10,CLEARED,USER CONFIRMED PAID MARKETING
AST-0706,01_INPUT(입력_원본)/06_SOCIAL_PROOF(실제착용_소셜증거)/paid_marketing_todaylook/변현수_bs_oo_s_179cm_79kg_2024-09-08 18_40/NHZcrA1pemdT56LNs7DHgU83OPQLdx14ZlWurd8chVAdQ4N9fjq8eUNjNiWwd67U.jpg,NHZcrA1pemdT56LNs7DHgU83OPQLdx14ZlWurd8chVAdQ4N9fjq8eUNjNiWwd67U.jpg,jpg,유료 마케팅 착용,NIGHT,변현수_bs 유료 마케팅 납품 SWEATSHIRT NIGHT 전면 및 착용 증거 사진,2340×2986,N/A — 정지 이미지,HIGH,HIGH,MEDIUM,SOCIAL PROOF / PRODUCT PROOF,TRUST AMPLIFIER / WORN PROOF / FRONT PROOF,[CURRENT SKU MATCH NEEDS VERIFICATION] 2026 판매 재고와 동일 SKU·사양인지 확인 필요.,NO — 실제 제품·핏·인물은 생성형 AI로 변경하지 않고 크롭·색보정·먼지 정리만 허용.,"A-011B 신규 수집 TL-068; 원본 유지, 사전·사후 SHA-256 일치.",CANDIDATE,REVIEWED,B,실제 확인: NIGHT SWEATSHIRT의 전면 및 착용 증거가 보이는 오늘룩 유료 납품 사진이다. 전면·후면·소매·핏 중 하나를 실제로 보여 주는 보조 Product/Worn Proof다. 상업사용 범위는 사용자 확인으로 CLEARED 처리하되 현재 판매 SKU 동일성은 별도 검증한다.,2026-08-10,CLEARED,USER CONFIRMED PAID MARKETING
AST-0707,01_INPUT(입력_원본)/06_SOCIAL_PROOF(실제착용_소셜증거)/paid_marketing_todaylook/변현수_bs_oo_s_179cm_79kg_2024-09-08 18_40/THO8guvWQPglMueM1JlduPdKeIL0qOnTeijwQZTjLuUfHas0dUMsDTwS4088bONs.jpg,THO8guvWQPglMueM1JlduPdKeIL0qOnTeijwQZTjLuUfHas0dUMsDTwS4088bONs.jpg,jpg,유료 마케팅 착용,NIGHT,변현수_bs 유료 마케팅 납품 SWEATSHIRT NIGHT 전면 및 착용 증거 사진,2340×2987,N/A — 정지 이미지,HIGH,HIGH,MEDIUM,SOCIAL PROOF / PRODUCT PROOF,TRUST AMPLIFIER / WORN PROOF / FRONT PROOF,[CURRENT SKU MATCH NEEDS VERIFICATION] 2026 판매 재고와 동일 SKU·사양인지 확인 필요.,NO — 실제 제품·핏·인물은 생성형 AI로 변경하지 않고 크롭·색보정·먼지 정리만 허용.,"A-011B 신규 수집 TL-069; 원본 유지, 사전·사후 SHA-256 일치.",CANDIDATE,REVIEWED,B,실제 확인: NIGHT SWEATSHIRT의 전면 및 착용 증거가 보이는 오늘룩 유료 납품 사진이다. 전면·후면·소매·핏 중 하나를 실제로 보여 주는 보조 Product/Worn Proof다. 상업사용 범위는 사용자 확인으로 CLEARED 처리하되 현재 판매 SKU 동일성은 별도 검증한다.,2026-08-10,CLEARED,USER CONFIRMED PAID MARKETING
AST-0708,01_INPUT(입력_원본)/06_SOCIAL_PROOF(실제착용_소셜증거)/paid_marketing_todaylook/변현수_bs_oo_s_179cm_79kg_2024-09-08 18_40/WLJXIC5yIE6sf1waqMmKuopUgSLPGIPWTKn1jzoe9Qr1LX1sGWXZNQMmzauNQ6r7.jpg,WLJXIC5yIE6sf1waqMmKuopUgSLPGIPWTKn1jzoe9Qr1LX1sGWXZNQMmzauNQ6r7.jpg,jpg,유료 마케팅 착용,NIGHT,변현수_bs 유료 마케팅 납품 SWEATSHIRT NIGHT 후면 및 그래픽 증거 사진,2340×2986,N/A — 정지 이미지,HIGH,HIGH,MEDIUM,SOCIAL PROOF / PRODUCT PROOF,TRUST AMPLIFIER / WORN PROOF / BACK PROOF,[CURRENT SKU MATCH NEEDS VERIFICATION] 2026 판매 재고와 동일 SKU·사양인지 확인 필요.,NO — 실제 제품·핏·인물은 생성형 AI로 변경하지 않고 크롭·색보정·먼지 정리만 허용.,"A-011B 신규 수집 TL-070; 원본 유지, 사전·사후 SHA-256 일치.",CANDIDATE,REVIEWED,B,실제 확인: NIGHT SWEATSHIRT의 후면 및 그래픽 증거가 보이는 오늘룩 유료 납품 사진이다. 전면·후면·소매·핏 중 하나를 실제로 보여 주는 보조 Product/Worn Proof다. 상업사용 범위는 사용자 확인으로 CLEARED 처리하되 현재 판매 SKU 동일성은 별도 검증한다.,2026-08-10,CLEARED,USER CONFIRMED PAID MARKETING
AST-0709,01_INPUT(입력_원본)/06_SOCIAL_PROOF(실제착용_소셜증거)/paid_marketing_todaylook/변현수_bs_oo_s_179cm_79kg_2024-09-08 18_40/rXeffAnHobLtIfo9faMLuYoevLHIeZHHjmL2k3tXfxNMhD3Pq8VZVbPhbEaWZbMQ.jpg,rXeffAnHobLtIfo9faMLuYoevLHIeZHHjmL2k3tXfxNMhD3Pq8VZVbPhbEaWZbMQ.jpg,jpg,유료 마케팅 착용,NIGHT,변현수_bs 유료 마케팅 납품 T-SHIRT NIGHT 디테일 증거 사진,2340×2986,N/A — 정지 이미지,HIGH,HIGH,MEDIUM,SOCIAL PROOF / PRODUCT PROOF,TRUST AMPLIFIER / WORN PROOF / DETAIL PROOF,[CURRENT SKU MATCH NEEDS VERIFICATION] 2026 판매 재고와 동일 SKU·사양인지 확인 필요.,NO — 실제 제품·핏·인물은 생성형 AI로 변경하지 않고 크롭·색보정·먼지 정리만 허용.,"A-011B 신규 수집 TL-071; 원본 유지, 사전·사후 SHA-256 일치.",CANDIDATE,REVIEWED,B,실제 확인: NIGHT T-SHIRT의 디테일 증거가 보이는 오늘룩 유료 납품 사진이다. 전면·후면·소매·핏 중 하나를 실제로 보여 주는 보조 Product/Worn Proof다. 상업사용 범위는 사용자 확인으로 CLEARED 처리하되 현재 판매 SKU 동일성은 별도 검증한다.,2026-08-10,CLEARED,USER CONFIRMED PAID MARKETING
AST-0710,01_INPUT(입력_원본)/06_SOCIAL_PROOF(실제착용_소셜증거)/paid_marketing_todaylook/신지은_jieun_sj_158cm_48kg_2024-09-08 18_41/DGT7K1zRSwzWkno4xCr2K2x1NVH84I4oHeL985I3ItAa1OYO8qZEq73ur9zHHB6p.jpg,DGT7K1zRSwzWkno4xCr2K2x1NVH84I4oHeL985I3ItAa1OYO8qZEq73ur9zHHB6p.jpg,jpg,유료 마케팅 착용,NIGHT,신지은_jieun 유료 마케팅 납품 T-SHIRT NIGHT 디테일 증거 사진,2340×2989,N/A — 정지 이미지,HIGH,HIGH,MEDIUM,SOCIAL PROOF / PRODUCT PROOF,TRUST AMPLIFIER / WORN PROOF / DETAIL PROOF,[CURRENT SKU MATCH NEEDS VERIFICATION] 2026 판매 재고와 동일 SKU·사양인지 확인 필요.,NO — 실제 제품·핏·인물은 생성형 AI로 변경하지 않고 크롭·색보정·먼지 정리만 허용.,"A-011B 신규 수집 TL-072; 원본 유지, 사전·사후 SHA-256 일치.",CANDIDATE,REVIEWED,B,실제 확인: NIGHT T-SHIRT의 디테일 증거가 보이는 오늘룩 유료 납품 사진이다. 전면·후면·소매·핏 중 하나를 실제로 보여 주는 보조 Product/Worn Proof다. 상업사용 범위는 사용자 확인으로 CLEARED 처리하되 현재 판매 SKU 동일성은 별도 검증한다.,2026-08-10,CLEARED,USER CONFIRMED PAID MARKETING
AST-0711,01_INPUT(입력_원본)/06_SOCIAL_PROOF(실제착용_소셜증거)/paid_marketing_todaylook/신지은_jieun_sj_158cm_48kg_2024-09-08 18_41/LzhUILs8sg5OkU013GlkzUFCl74lG0rdcIFcfD62PcTkYhLK6wDUoZVTVO6CjpjW.jpg,LzhUILs8sg5OkU013GlkzUFCl74lG0rdcIFcfD62PcTkYhLK6wDUoZVTVO6CjpjW.jpg,jpg,유료 마케팅 착용,NIGHT,신지은_jieun 유료 마케팅 납품 T-SHIRT NIGHT 전면 및 착용 증거 사진,2340×2986,N/A — 정지 이미지,MEDIUM,MEDIUM,LOW,SOCIAL SUPPORT / ARCHIVE,TRUST AMPLIFIER / WORN PROOF / FRONT PROOF,[CURRENT SKU MATCH NEEDS VERIFICATION] 2026 판매 재고와 동일 SKU·사양인지 확인 필요.,NO — 실제 제품·핏·인물은 생성형 AI로 변경하지 않고 크롭·색보정·먼지 정리만 허용.,"A-011B 신규 수집 TL-073; 원본 유지, 사전·사후 SHA-256 일치.",CANDIDATE,REVIEWED,C,실제 확인: NIGHT T-SHIRT의 전면 및 착용 증거가 보이는 오늘룩 유료 납품 사진이다. 유사 구도 반복 또는 제품 비중이 낮아 핵심보다 보조/기록용 우선순위가 맞다. 상업사용 범위는 사용자 확인으로 CLEARED 처리하되 현재 판매 SKU 동일성은 별도 검증한다.,2026-08-10,CLEARED,USER CONFIRMED PAID MARKETING
AST-0712,01_INPUT(입력_원본)/06_SOCIAL_PROOF(실제착용_소셜증거)/paid_marketing_todaylook/신지은_jieun_sj_158cm_48kg_2024-09-08 18_41/PvkVnjZklnnQPJtkciwrQH5yyclowSmLlyS2nHFG5bl3P1xuMxup2uWZ7NU94ugE.jpg,PvkVnjZklnnQPJtkciwrQH5yyclowSmLlyS2nHFG5bl3P1xuMxup2uWZ7NU94ugE.jpg,jpg,유료 마케팅 착용,NIGHT,신지은_jieun 유료 마케팅 납품 T-SHIRT NIGHT 디테일 증거 사진,2340×2987,N/A — 정지 이미지,HIGH,HIGH,MEDIUM,SOCIAL PROOF / PRODUCT PROOF,TRUST AMPLIFIER / WORN PROOF / DETAIL PROOF,[CURRENT SKU MATCH NEEDS VERIFICATION] 2026 판매 재고와 동일 SKU·사양인지 확인 필요.,NO — 실제 제품·핏·인물은 생성형 AI로 변경하지 않고 크롭·색보정·먼지 정리만 허용.,"A-011B 신규 수집 TL-074; 원본 유지, 사전·사후 SHA-256 일치.",CANDIDATE,REVIEWED,B,실제 확인: NIGHT T-SHIRT의 디테일 증거가 보이는 오늘룩 유료 납품 사진이다. 전면·후면·소매·핏 중 하나를 실제로 보여 주는 보조 Product/Worn Proof다. 상업사용 범위는 사용자 확인으로 CLEARED 처리하되 현재 판매 SKU 동일성은 별도 검증한다.,2026-08-10,CLEARED,USER CONFIRMED PAID MARKETING
AST-0713,01_INPUT(입력_원본)/06_SOCIAL_PROOF(실제착용_소셜증거)/paid_marketing_todaylook/신지은_jieun_sj_158cm_48kg_2024-09-08 18_41/iYkjVEJOwBydo1VrQ9aeJnvjC1NfR8kIGAKl31baWnKX6QA1BXdpmlPDnLZv1XE5.jpg,iYkjVEJOwBydo1VrQ9aeJnvjC1NfR8kIGAKl31baWnKX6QA1BXdpmlPDnLZv1XE5.jpg,jpg,유료 마케팅 착용,NIGHT,신지은_jieun 유료 마케팅 납품 T-SHIRT NIGHT 디테일 증거 사진,2340×2986,N/A — 정지 이미지,HIGH,HIGH,MEDIUM,SOCIAL PROOF / PRODUCT PROOF,TRUST AMPLIFIER / WORN PROOF / DETAIL PROOF,[CURRENT SKU MATCH NEEDS VERIFICATION] 2026 판매 재고와 동일 SKU·사양인지 확인 필요.,NO — 실제 제품·핏·인물은 생성형 AI로 변경하지 않고 크롭·색보정·먼지 정리만 허용.,"A-011B 신규 수집 TL-075; 원본 유지, 사전·사후 SHA-256 일치.",CANDIDATE,REVIEWED,B,실제 확인: NIGHT T-SHIRT의 디테일 증거가 보이는 오늘룩 유료 납품 사진이다. 전면·후면·소매·핏 중 하나를 실제로 보여 주는 보조 Product/Worn Proof다. 상업사용 범위는 사용자 확인으로 CLEARED 처리하되 현재 판매 SKU 동일성은 별도 검증한다.,2026-08-10,CLEARED,USER CONFIRMED PAID MARKETING
AST-0714,01_INPUT(입력_원본)/06_SOCIAL_PROOF(실제착용_소셜증거)/paid_marketing_todaylook/신지은_jieun_sj_158cm_48kg_2024-09-08 18_41/lABcwONdOozyCHgRnk8E7HeBEJdWBQDZpO5TjqaVMiP9iK2nIucOyhPHbwEdaWua.jpg,lABcwONdOozyCHgRnk8E7HeBEJdWBQDZpO5TjqaVMiP9iK2nIucOyhPHbwEdaWua.jpg,jpg,유료 마케팅 착용,NIGHT,신지은_jieun 유료 마케팅 납품 T-SHIRT NIGHT 전면 및 착용 증거 사진,2340×2986,N/A — 정지 이미지,MEDIUM,MEDIUM,LOW,SOCIAL SUPPORT / ARCHIVE,TRUST AMPLIFIER / WORN PROOF / FRONT PROOF,[CURRENT SKU MATCH NEEDS VERIFICATION] 2026 판매 재고와 동일 SKU·사양인지 확인 필요.,NO — 실제 제품·핏·인물은 생성형 AI로 변경하지 않고 크롭·색보정·먼지 정리만 허용.,"A-011B 신규 수집 TL-076; 원본 유지, 사전·사후 SHA-256 일치.",CANDIDATE,REVIEWED,C,실제 확인: NIGHT T-SHIRT의 전면 및 착용 증거가 보이는 오늘룩 유료 납품 사진이다. 유사 구도 반복 또는 제품 비중이 낮아 핵심보다 보조/기록용 우선순위가 맞다. 상업사용 범위는 사용자 확인으로 CLEARED 처리하되 현재 판매 SKU 동일성은 별도 검증한다.,2026-08-10,CLEARED,USER CONFIRMED PAID MARKETING
AST-0715,01_INPUT(입력_원본)/06_SOCIAL_PROOF(실제착용_소셜증거)/paid_marketing_todaylook/신지은_jieun_sj_158cm_48kg_2024-09-08 18_41/orfBHXohPNNSRb4AYjbqDFjG1v02nAvgbnoyYp5WQoNOfSqHZCBbWiz3EJ3Nv4PE.jpg,orfBHXohPNNSRb4AYjbqDFjG1v02nAvgbnoyYp5WQoNOfSqHZCBbWiz3EJ3Nv4PE.jpg,jpg,유료 마케팅 착용,NIGHT,신지은_jieun 유료 마케팅 납품 T-SHIRT NIGHT 후면 및 그래픽 증거 사진,2340×2986,N/A — 정지 이미지,HIGH,HIGH,HIGH,SOCIAL PROOF / PRODUCT PROOF,TRUST AMPLIFIER / WORN PROOF / BACK PROOF,[CURRENT SKU MATCH NEEDS VERIFICATION] 2026 판매 재고와 동일 SKU·사양인지 확인 필요.,NO — 실제 제품·핏·인물은 생성형 AI로 변경하지 않고 크롭·색보정·먼지 정리만 허용.,"A-011B 신규 수집 TL-077; 원본 유지, 사전·사후 SHA-256 일치.",CANDIDATE,REVIEWED,A,실제 확인: NIGHT T-SHIRT의 후면 및 그래픽 증거가 보이는 오늘룩 유료 납품 사진이다. 제품 후면 그래픽과 실제 착용 장면이 동시에 명확해 유료/유기적 소셜의 핵심 Trust Amplifier 후보다. 상업사용 범위는 사용자 확인으로 CLEARED 처리하되 현재 판매 SKU 동일성은 별도 검증한다.,2026-08-10,CLEARED,USER CONFIRMED PAID MARKETING
AST-0716,01_INPUT(입력_원본)/06_SOCIAL_PROOF(실제착용_소셜증거)/paid_marketing_todaylook/신지은_jieun_sj_158cm_48kg_2024-09-08 18_41/sbWSvtdUUvoFVkUN4L6ZSdc3u2i5tcgif5nfb1Czw3UYyrhndN1BLqCMJEEdJIWN.jpg,sbWSvtdUUvoFVkUN4L6ZSdc3u2i5tcgif5nfb1Czw3UYyrhndN1BLqCMJEEdJIWN.jpg,jpg,유료 마케팅 착용,NIGHT,신지은_jieun 유료 마케팅 납품 T-SHIRT NIGHT 전면 및 착용 증거 사진,2340×2986,N/A — 정지 이미지,HIGH,HIGH,MEDIUM,SOCIAL PROOF / PRODUCT PROOF,TRUST AMPLIFIER / WORN PROOF / FRONT PROOF,[CURRENT SKU MATCH NEEDS VERIFICATION] 2026 판매 재고와 동일 SKU·사양인지 확인 필요.,NO — 실제 제품·핏·인물은 생성형 AI로 변경하지 않고 크롭·색보정·먼지 정리만 허용.,"A-011B 신규 수집 TL-078; 원본 유지, 사전·사후 SHA-256 일치.",CANDIDATE,REVIEWED,B,실제 확인: NIGHT T-SHIRT의 전면 및 착용 증거가 보이는 오늘룩 유료 납품 사진이다. 전면·후면·소매·핏 중 하나를 실제로 보여 주는 보조 Product/Worn Proof다. 상업사용 범위는 사용자 확인으로 CLEARED 처리하되 현재 판매 SKU 동일성은 별도 검증한다.,2026-08-10,CLEARED,USER CONFIRMED PAID MARKETING
AST-0717,01_INPUT(입력_원본)/06_SOCIAL_PROOF(실제착용_소셜증거)/paid_marketing_todaylook/안성배_namoo_daddy_172cm_72kg_2024-09-08 18_41/9vf7KcqsTCoCDzyfXrgZ53PhbIc07kNKOMNdXVr1dpyCGGhoHhF9m4Walp9aeyra.jpg,9vf7KcqsTCoCDzyfXrgZ53PhbIc07kNKOMNdXVr1dpyCGGhoHhF9m4Walp9aeyra.jpg,jpg,유료 마케팅 착용,DAY,안성배_namoo 유료 마케팅 납품 T-SHIRT DAY 전면 및 착용 증거 사진,2160×2762,N/A — 정지 이미지,HIGH,HIGH,MEDIUM,SOCIAL PROOF / PRODUCT PROOF,TRUST AMPLIFIER / WORN PROOF / FRONT PROOF,[CURRENT SKU MATCH NEEDS VERIFICATION] 2026 판매 재고와 동일 SKU·사양인지 확인 필요. 제3자 액세서리·상표 노출은 채널별 크롭·Clearance 점검.,NO — 실제 제품·핏·인물은 생성형 AI로 변경하지 않고 크롭·색보정·먼지 정리만 허용.,"A-011B 신규 수집 TL-079; 원본 유지, 사전·사후 SHA-256 일치.",CANDIDATE,REVIEWED,B,실제 확인: DAY T-SHIRT의 전면 및 착용 증거가 보이는 오늘룩 유료 납품 사진이다. 전면·후면·소매·핏 중 하나를 실제로 보여 주는 보조 Product/Worn Proof다. 상업사용 범위는 사용자 확인으로 CLEARED 처리하되 현재 판매 SKU 동일성은 별도 검증한다.,2026-08-10,CLEARED,USER CONFIRMED PAID MARKETING
AST-0718,01_INPUT(입력_원본)/06_SOCIAL_PROOF(실제착용_소셜증거)/paid_marketing_todaylook/안성배_namoo_daddy_172cm_72kg_2024-09-08 18_41/CnomyWPMDbIKrLSz10ggsVCZm5OS3xlLpOWvkgSlTxm4EnsYxO9r58Kar4lIVmZI.jpg,CnomyWPMDbIKrLSz10ggsVCZm5OS3xlLpOWvkgSlTxm4EnsYxO9r58Kar4lIVmZI.jpg,jpg,유료 마케팅 착용,DAY,안성배_namoo 유료 마케팅 납품 T-SHIRT DAY 디테일 증거 사진,2160×2762,N/A — 정지 이미지,HIGH,HIGH,MEDIUM,SOCIAL PROOF / PRODUCT PROOF,TRUST AMPLIFIER / WORN PROOF / DETAIL PROOF,[CURRENT SKU MATCH NEEDS VERIFICATION] 2026 판매 재고와 동일 SKU·사양인지 확인 필요.,NO — 실제 제품·핏·인물은 생성형 AI로 변경하지 않고 크롭·색보정·먼지 정리만 허용.,"A-011B 신규 수집 TL-080; 원본 유지, 사전·사후 SHA-256 일치.",CANDIDATE,REVIEWED,B,실제 확인: DAY T-SHIRT의 디테일 증거가 보이는 오늘룩 유료 납품 사진이다. 전면·후면·소매·핏 중 하나를 실제로 보여 주는 보조 Product/Worn Proof다. 상업사용 범위는 사용자 확인으로 CLEARED 처리하되 현재 판매 SKU 동일성은 별도 검증한다.,2026-08-10,CLEARED,USER CONFIRMED PAID MARKETING
AST-0719,01_INPUT(입력_원본)/06_SOCIAL_PROOF(실제착용_소셜증거)/paid_marketing_todaylook/안성배_namoo_daddy_172cm_72kg_2024-09-08 18_41/JVN80cMsbWY60i2kOhZpauZ4h2btWqB81ZiV48BnWTw13JxWJZDi8AgiU3b8FXZo.jpg,JVN80cMsbWY60i2kOhZpauZ4h2btWqB81ZiV48BnWTw13JxWJZDi8AgiU3b8FXZo.jpg,jpg,유료 마케팅 착용,DAY,안성배_namoo 유료 마케팅 납품 T-SHIRT DAY 디테일 증거 사진,2160×2762,N/A — 정지 이미지,HIGH,HIGH,MEDIUM,SOCIAL PROOF / PRODUCT PROOF,TRUST AMPLIFIER / WORN PROOF / DETAIL PROOF,[CURRENT SKU MATCH NEEDS VERIFICATION] 2026 판매 재고와 동일 SKU·사양인지 확인 필요.,NO — 실제 제품·핏·인물은 생성형 AI로 변경하지 않고 크롭·색보정·먼지 정리만 허용.,"A-011B 신규 수집 TL-081; 원본 유지, 사전·사후 SHA-256 일치.",CANDIDATE,REVIEWED,B,실제 확인: DAY T-SHIRT의 디테일 증거가 보이는 오늘룩 유료 납품 사진이다. 전면·후면·소매·핏 중 하나를 실제로 보여 주는 보조 Product/Worn Proof다. 상업사용 범위는 사용자 확인으로 CLEARED 처리하되 현재 판매 SKU 동일성은 별도 검증한다.,2026-08-10,CLEARED,USER CONFIRMED PAID MARKETING
AST-0720,01_INPUT(입력_원본)/06_SOCIAL_PROOF(실제착용_소셜증거)/paid_marketing_todaylook/안성배_namoo_daddy_172cm_72kg_2024-09-08 18_41/Je3I4ntAl7Xu7RaHOldval1YKvvLLMwekQMgYsmyPVMxsLzTXvjaT9u6izQYz8IP.jpg,Je3I4ntAl7Xu7RaHOldval1YKvvLLMwekQMgYsmyPVMxsLzTXvjaT9u6izQYz8IP.jpg,jpg,유료 마케팅 착용,DAY,안성배_namoo 유료 마케팅 납품 T-SHIRT DAY 전면 및 착용 증거 사진,2160×2762,N/A — 정지 이미지,HIGH,HIGH,MEDIUM,SOCIAL PROOF / PRODUCT PROOF,TRUST AMPLIFIER / WORN PROOF / FRONT PROOF,[CURRENT SKU MATCH NEEDS VERIFICATION] 2026 판매 재고와 동일 SKU·사양인지 확인 필요.,NO — 실제 제품·핏·인물은 생성형 AI로 변경하지 않고 크롭·색보정·먼지 정리만 허용.,"A-011B 신규 수집 TL-082; 원본 유지, 사전·사후 SHA-256 일치.",CANDIDATE,REVIEWED,B,실제 확인: DAY T-SHIRT의 전면 및 착용 증거가 보이는 오늘룩 유료 납품 사진이다. 전면·후면·소매·핏 중 하나를 실제로 보여 주는 보조 Product/Worn Proof다. 상업사용 범위는 사용자 확인으로 CLEARED 처리하되 현재 판매 SKU 동일성은 별도 검증한다.,2026-08-10,CLEARED,USER CONFIRMED PAID MARKETING
AST-0721,01_INPUT(입력_원본)/06_SOCIAL_PROOF(실제착용_소셜증거)/paid_marketing_todaylook/안성배_namoo_daddy_172cm_72kg_2024-09-08 18_41/XD7iLmLD4vqVU4Hr1MLLQ75fsq5NB5T1qxSM5jRYbgGvgcN18W7C32goMMsuhvek.jpg,XD7iLmLD4vqVU4Hr1MLLQ75fsq5NB5T1qxSM5jRYbgGvgcN18W7C32goMMsuhvek.jpg,jpg,유료 마케팅 착용,DAY,안성배_namoo 유료 마케팅 납품 T-SHIRT DAY 디테일 증거 사진,2160×2762,N/A — 정지 이미지,HIGH,HIGH,MEDIUM,SOCIAL PROOF / PRODUCT PROOF,TRUST AMPLIFIER / WORN PROOF / DETAIL PROOF,[CURRENT SKU MATCH NEEDS VERIFICATION] 2026 판매 재고와 동일 SKU·사양인지 확인 필요.,NO — 실제 제품·핏·인물은 생성형 AI로 변경하지 않고 크롭·색보정·먼지 정리만 허용.,"A-011B 신규 수집 TL-083; 원본 유지, 사전·사후 SHA-256 일치.",CANDIDATE,REVIEWED,B,실제 확인: DAY T-SHIRT의 디테일 증거가 보이는 오늘룩 유료 납품 사진이다. 전면·후면·소매·핏 중 하나를 실제로 보여 주는 보조 Product/Worn Proof다. 상업사용 범위는 사용자 확인으로 CLEARED 처리하되 현재 판매 SKU 동일성은 별도 검증한다.,2026-08-10,CLEARED,USER CONFIRMED PAID MARKETING
AST-0722,01_INPUT(입력_원본)/06_SOCIAL_PROOF(실제착용_소셜증거)/paid_marketing_todaylook/안성배_namoo_daddy_172cm_72kg_2024-09-08 18_41/oixwR5JhE1Kl4yFmnNeVg9e093UbeqqaBp141xJW4JyjOgOcH8Gm8AKcIsgeC38d.jpg,oixwR5JhE1Kl4yFmnNeVg9e093UbeqqaBp141xJW4JyjOgOcH8Gm8AKcIsgeC38d.jpg,jpg,유료 마케팅 착용,DAY,안성배_namoo 유료 마케팅 납품 T-SHIRT DAY 후면 및 그래픽 증거 사진,2160×2762,N/A — 정지 이미지,HIGH,HIGH,HIGH,SOCIAL PROOF / PRODUCT PROOF,TRUST AMPLIFIER / WORN PROOF / BACK PROOF,[CURRENT SKU MATCH NEEDS VERIFICATION] 2026 판매 재고와 동일 SKU·사양인지 확인 필요.,NO — 실제 제품·핏·인물은 생성형 AI로 변경하지 않고 크롭·색보정·먼지 정리만 허용.,"A-011B 신규 수집 TL-084; 원본 유지, 사전·사후 SHA-256 일치.",CANDIDATE,REVIEWED,A,실제 확인: DAY T-SHIRT의 후면 및 그래픽 증거가 보이는 오늘룩 유료 납품 사진이다. 제품 후면 그래픽과 실제 착용 장면이 동시에 명확해 유료/유기적 소셜의 핵심 Trust Amplifier 후보다. 상업사용 범위는 사용자 확인으로 CLEARED 처리하되 현재 판매 SKU 동일성은 별도 검증한다.,2026-08-10,CLEARED,USER CONFIRMED PAID MARKETING
AST-0723,01_INPUT(입력_원본)/06_SOCIAL_PROOF(실제착용_소셜증거)/paid_marketing_todaylook/안지미_jm_7218_166cm_56kg_2024-09-08 18_41/QuZ3WgMgHtRdCxU4rqqM2NasZagAJmBYV7o4e5llzsxdoLoCyeoT1S7JbC5M6iyI.jpg,QuZ3WgMgHtRdCxU4rqqM2NasZagAJmBYV7o4e5llzsxdoLoCyeoT1S7JbC5M6iyI.jpg,jpg,유료 마케팅 착용,NIGHT,안지미_jm 유료 마케팅 납품 T-SHIRT NIGHT 전면 및 착용 증거 사진,2580×3293,N/A — 정지 이미지,MEDIUM,MEDIUM,LOW,SOCIAL SUPPORT / ARCHIVE,TRUST AMPLIFIER / WORN PROOF / FRONT PROOF,[CURRENT SKU MATCH NEEDS VERIFICATION] 2026 판매 재고와 동일 SKU·사양인지 확인 필요.,NO — 실제 제품·핏·인물은 생성형 AI로 변경하지 않고 크롭·색보정·먼지 정리만 허용.,"A-011B 신규 수집 TL-085; 원본 유지, 사전·사후 SHA-256 일치.",CANDIDATE,REVIEWED,C,실제 확인: NIGHT T-SHIRT의 전면 및 착용 증거가 보이는 오늘룩 유료 납품 사진이다. 유사 구도 반복 또는 제품 비중이 낮아 핵심보다 보조/기록용 우선순위가 맞다. 상업사용 범위는 사용자 확인으로 CLEARED 처리하되 현재 판매 SKU 동일성은 별도 검증한다.,2026-08-10,CLEARED,USER CONFIRMED PAID MARKETING
AST-0724,01_INPUT(입력_원본)/06_SOCIAL_PROOF(실제착용_소셜증거)/paid_marketing_todaylook/안지미_jm_7218_166cm_56kg_2024-09-08 18_41/SP7D6o1olZx0i5DYvWiRBw1KMZ97tsf8Rym0U5DW1mgATMFfl0l85N93VieAZ3G5.jpg,SP7D6o1olZx0i5DYvWiRBw1KMZ97tsf8Rym0U5DW1mgATMFfl0l85N93VieAZ3G5.jpg,jpg,유료 마케팅 착용,NIGHT,안지미_jm 유료 마케팅 납품 T-SHIRT NIGHT 후면 및 그래픽 증거 사진,2580×3293,N/A — 정지 이미지,HIGH,HIGH,HIGH,SOCIAL PROOF / PRODUCT PROOF,TRUST AMPLIFIER / WORN PROOF / BACK PROOF,[CURRENT SKU MATCH NEEDS VERIFICATION] 2026 판매 재고와 동일 SKU·사양인지 확인 필요.,NO — 실제 제품·핏·인물은 생성형 AI로 변경하지 않고 크롭·색보정·먼지 정리만 허용.,"A-011B 신규 수집 TL-086; 원본 유지, 사전·사후 SHA-256 일치.",CANDIDATE,REVIEWED,A,실제 확인: NIGHT T-SHIRT의 후면 및 그래픽 증거가 보이는 오늘룩 유료 납품 사진이다. 제품 후면 그래픽과 실제 착용 장면이 동시에 명확해 유료/유기적 소셜의 핵심 Trust Amplifier 후보다. 상업사용 범위는 사용자 확인으로 CLEARED 처리하되 현재 판매 SKU 동일성은 별도 검증한다.,2026-08-10,CLEARED,USER CONFIRMED PAID MARKETING
AST-0725,01_INPUT(입력_원본)/06_SOCIAL_PROOF(실제착용_소셜증거)/paid_marketing_todaylook/안지미_jm_7218_166cm_56kg_2024-09-08 18_41/WcAqxH5YvbxMWAWaDf71BzZ0ZtCRTKRt5V7MCTXr4B6DvdngJHh9wIaLqBO5yKww.jpg,WcAqxH5YvbxMWAWaDf71BzZ0ZtCRTKRt5V7MCTXr4B6DvdngJHh9wIaLqBO5yKww.jpg,jpg,유료 마케팅 착용,NIGHT,안지미_jm 유료 마케팅 납품 T-SHIRT NIGHT 디테일 증거 사진,2580×3296,N/A — 정지 이미지,HIGH,HIGH,MEDIUM,SOCIAL PROOF / PRODUCT PROOF,TRUST AMPLIFIER / WORN PROOF / DETAIL PROOF,[CURRENT SKU MATCH NEEDS VERIFICATION] 2026 판매 재고와 동일 SKU·사양인지 확인 필요.,NO — 실제 제품·핏·인물은 생성형 AI로 변경하지 않고 크롭·색보정·먼지 정리만 허용.,"A-011B 신규 수집 TL-087; 원본 유지, 사전·사후 SHA-256 일치.",CANDIDATE,REVIEWED,B,실제 확인: NIGHT T-SHIRT의 디테일 증거가 보이는 오늘룩 유료 납품 사진이다. 전면·후면·소매·핏 중 하나를 실제로 보여 주는 보조 Product/Worn Proof다. 상업사용 범위는 사용자 확인으로 CLEARED 처리하되 현재 판매 SKU 동일성은 별도 검증한다.,2026-08-10,CLEARED,USER CONFIRMED PAID MARKETING
AST-0726,01_INPUT(입력_원본)/06_SOCIAL_PROOF(실제착용_소셜증거)/paid_marketing_todaylook/안지미_jm_7218_166cm_56kg_2024-09-08 18_41/ibCarQ3nTdzxTL2cTDNGthNdM2BAtxWrFatO2X84wipEHkk1lj8dJJh5lXMpMIif.jpg,ibCarQ3nTdzxTL2cTDNGthNdM2BAtxWrFatO2X84wipEHkk1lj8dJJh5lXMpMIif.jpg,jpg,유료 마케팅 착용,NIGHT,안지미_jm 유료 마케팅 납품 T-SHIRT NIGHT 후면 및 그래픽 증거 사진,2580×3293,N/A — 정지 이미지,HIGH,HIGH,MEDIUM,SOCIAL PROOF / PRODUCT PROOF,TRUST AMPLIFIER / WORN PROOF / BACK PROOF,[CURRENT SKU MATCH NEEDS VERIFICATION] 2026 판매 재고와 동일 SKU·사양인지 확인 필요.,NO — 실제 제품·핏·인물은 생성형 AI로 변경하지 않고 크롭·색보정·먼지 정리만 허용.,"A-011B 신규 수집 TL-088; 원본 유지, 사전·사후 SHA-256 일치.",CANDIDATE,REVIEWED,B,실제 확인: NIGHT T-SHIRT의 후면 및 그래픽 증거가 보이는 오늘룩 유료 납품 사진이다. 전면·후면·소매·핏 중 하나를 실제로 보여 주는 보조 Product/Worn Proof다. 상업사용 범위는 사용자 확인으로 CLEARED 처리하되 현재 판매 SKU 동일성은 별도 검증한다.,2026-08-10,CLEARED,USER CONFIRMED PAID MARKETING
AST-0727,01_INPUT(입력_원본)/06_SOCIAL_PROOF(실제착용_소셜증거)/paid_marketing_todaylook/안지미_jm_7218_166cm_56kg_2024-09-08 18_41/qJujk5aEDw9Fg05IfVU23WWHoVJwO55JntIMNjuYngA2eGGkGHoWv9iZrlvJVznf.jpg,qJujk5aEDw9Fg05IfVU23WWHoVJwO55JntIMNjuYngA2eGGkGHoWv9iZrlvJVznf.jpg,jpg,유료 마케팅 착용,NIGHT,안지미_jm 유료 마케팅 납품 T-SHIRT NIGHT 전면 및 착용 증거 사진,2580×3291,N/A — 정지 이미지,HIGH,HIGH,MEDIUM,SOCIAL PROOF / PRODUCT PROOF,TRUST AMPLIFIER / WORN PROOF / FRONT PROOF,[CURRENT SKU MATCH NEEDS VERIFICATION] 2026 판매 재고와 동일 SKU·사양인지 확인 필요.,NO — 실제 제품·핏·인물은 생성형 AI로 변경하지 않고 크롭·색보정·먼지 정리만 허용.,"A-011B 신규 수집 TL-089; 원본 유지, 사전·사후 SHA-256 일치.",CANDIDATE,REVIEWED,B,실제 확인: NIGHT T-SHIRT의 전면 및 착용 증거가 보이는 오늘룩 유료 납품 사진이다. 전면·후면·소매·핏 중 하나를 실제로 보여 주는 보조 Product/Worn Proof다. 상업사용 범위는 사용자 확인으로 CLEARED 처리하되 현재 판매 SKU 동일성은 별도 검증한다.,2026-08-10,CLEARED,USER CONFIRMED PAID MARKETING
AST-0728,01_INPUT(입력_원본)/06_SOCIAL_PROOF(실제착용_소셜증거)/paid_marketing_todaylook/안지미_jm_7218_166cm_56kg_2024-09-08 18_41/rejxG70r56XMCeUGXaJkxfqCIOtxxOYD7lil29tFCypF34YusiU40ozybRqTZrnW.jpg,rejxG70r56XMCeUGXaJkxfqCIOtxxOYD7lil29tFCypF34YusiU40ozybRqTZrnW.jpg,jpg,유료 마케팅 착용,NIGHT,안지미_jm 유료 마케팅 납품 T-SHIRT NIGHT 디테일 증거 사진,2580×3292,N/A — 정지 이미지,HIGH,HIGH,MEDIUM,SOCIAL PROOF / PRODUCT PROOF,TRUST AMPLIFIER / WORN PROOF / DETAIL PROOF,[CURRENT SKU MATCH NEEDS VERIFICATION] 2026 판매 재고와 동일 SKU·사양인지 확인 필요.,NO — 실제 제품·핏·인물은 생성형 AI로 변경하지 않고 크롭·색보정·먼지 정리만 허용.,"A-011B 신규 수집 TL-090; 원본 유지, 사전·사후 SHA-256 일치.",CANDIDATE,REVIEWED,B,실제 확인: NIGHT T-SHIRT의 디테일 증거가 보이는 오늘룩 유료 납품 사진이다. 전면·후면·소매·핏 중 하나를 실제로 보여 주는 보조 Product/Worn Proof다. 상업사용 범위는 사용자 확인으로 CLEARED 처리하되 현재 판매 SKU 동일성은 별도 검증한다.,2026-08-10,CLEARED,USER CONFIRMED PAID MARKETING
AST-0729,01_INPUT(입력_원본)/06_SOCIAL_PROOF(실제착용_소셜증거)/paid_marketing_todaylook/이진근_jin_g_y_172cm_72kg_2024-09-08 18_41/6FTlXuk9pf2I55fxyHon7u5OSOwv0OgmOmillh9713bIIoK8WdE8NMqH9BzoC2fc.jpg,6FTlXuk9pf2I55fxyHon7u5OSOwv0OgmOmillh9713bIIoK8WdE8NMqH9BzoC2fc.jpg,jpg,유료 마케팅 착용,NIGHT,이진근_jin 유료 마케팅 납품 T-SHIRT NIGHT 전면 및 착용 증거 사진,2340×2986,N/A — 정지 이미지,MEDIUM,MEDIUM,LOW,SOCIAL SUPPORT / ARCHIVE,TRUST AMPLIFIER / WORN PROOF / FRONT PROOF,[CURRENT SKU MATCH NEEDS VERIFICATION] 2026 판매 재고와 동일 SKU·사양인지 확인 필요. 제3자 액세서리·상표 노출은 채널별 크롭·Clearance 점검.,NO — 실제 제품·핏·인물은 생성형 AI로 변경하지 않고 크롭·색보정·먼지 정리만 허용.,"A-011B 신규 수집 TL-091; 원본 유지, 사전·사후 SHA-256 일치.",CANDIDATE,REVIEWED,C,실제 확인: NIGHT T-SHIRT의 전면 및 착용 증거가 보이는 오늘룩 유료 납품 사진이다. 유사 구도 반복 또는 제품 비중이 낮아 핵심보다 보조/기록용 우선순위가 맞다. 상업사용 범위는 사용자 확인으로 CLEARED 처리하되 현재 판매 SKU 동일성은 별도 검증한다.,2026-08-10,CLEARED,USER CONFIRMED PAID MARKETING
AST-0730,01_INPUT(입력_원본)/06_SOCIAL_PROOF(실제착용_소셜증거)/paid_marketing_todaylook/이진근_jin_g_y_172cm_72kg_2024-09-08 18_41/O3VkQPuWKhPtd7reQED8FD7oMeOTm5GPv8RectkuauNqn2VaUXFVaQfr5I2PqDwZ.jpg,O3VkQPuWKhPtd7reQED8FD7oMeOTm5GPv8RectkuauNqn2VaUXFVaQfr5I2PqDwZ.jpg,jpg,유료 마케팅 착용,NIGHT,이진근_jin 유료 마케팅 납품 T-SHIRT NIGHT 후면 및 그래픽 증거 사진,2340×2986,N/A — 정지 이미지,HIGH,HIGH,HIGH,SOCIAL PROOF / PRODUCT PROOF,TRUST AMPLIFIER / WORN PROOF / BACK PROOF,[CURRENT SKU MATCH NEEDS VERIFICATION] 2026 판매 재고와 동일 SKU·사양인지 확인 필요. 제3자 액세서리·상표 노출은 채널별 크롭·Clearance 점검.,NO — 실제 제품·핏·인물은 생성형 AI로 변경하지 않고 크롭·색보정·먼지 정리만 허용.,"A-011B 신규 수집 TL-092; 원본 유지, 사전·사후 SHA-256 일치.",CANDIDATE,REVIEWED,A,실제 확인: NIGHT T-SHIRT의 후면 및 그래픽 증거가 보이는 오늘룩 유료 납품 사진이다. 제품 후면 그래픽과 실제 착용 장면이 동시에 명확해 유료/유기적 소셜의 핵심 Trust Amplifier 후보다. 상업사용 범위는 사용자 확인으로 CLEARED 처리하되 현재 판매 SKU 동일성은 별도 검증한다.,2026-08-10,CLEARED,USER CONFIRMED PAID MARKETING
AST-0731,01_INPUT(입력_원본)/06_SOCIAL_PROOF(실제착용_소셜증거)/paid_marketing_todaylook/이진근_jin_g_y_172cm_72kg_2024-09-08 18_41/fYno42TThXgF2CUeFo4QWZM6YZelKyRtjKogIuLiwsXMsexNWunqVOmzgRKkskDF.jpg,fYno42TThXgF2CUeFo4QWZM6YZelKyRtjKogIuLiwsXMsexNWunqVOmzgRKkskDF.jpg,jpg,유료 마케팅 착용,NIGHT,이진근_jin 유료 마케팅 납품 T-SHIRT NIGHT 전면 및 착용 증거 사진,2340×2986,N/A — 정지 이미지,MEDIUM,MEDIUM,LOW,SOCIAL SUPPORT / ARCHIVE,TRUST AMPLIFIER / WORN PROOF / FRONT PROOF,[CURRENT SKU MATCH NEEDS VERIFICATION] 2026 판매 재고와 동일 SKU·사양인지 확인 필요. 제3자 액세서리·상표 노출은 채널별 크롭·Clearance 점검.,NO — 실제 제품·핏·인물은 생성형 AI로 변경하지 않고 크롭·색보정·먼지 정리만 허용.,"A-011B 신규 수집 TL-093; 원본 유지, 사전·사후 SHA-256 일치.",CANDIDATE,REVIEWED,C,실제 확인: NIGHT T-SHIRT의 전면 및 착용 증거가 보이는 오늘룩 유료 납품 사진이다. 유사 구도 반복 또는 제품 비중이 낮아 핵심보다 보조/기록용 우선순위가 맞다. 상업사용 범위는 사용자 확인으로 CLEARED 처리하되 현재 판매 SKU 동일성은 별도 검증한다.,2026-08-10,CLEARED,USER CONFIRMED PAID MARKETING
AST-0732,01_INPUT(입력_원본)/06_SOCIAL_PROOF(실제착용_소셜증거)/paid_marketing_todaylook/이진근_jin_g_y_172cm_72kg_2024-09-08 18_41/g9HCJdLml2Vmlj0l5aMLh3tWgv6CJWX0GaTOLGt7ixUNS5RNK3d42fRzhvGtHcp4.jpg,g9HCJdLml2Vmlj0l5aMLh3tWgv6CJWX0GaTOLGt7ixUNS5RNK3d42fRzhvGtHcp4.jpg,jpg,유료 마케팅 착용,NIGHT,이진근_jin 유료 마케팅 납품 T-SHIRT NIGHT 전면 및 착용 증거 사진,2340×2986,N/A — 정지 이미지,MEDIUM,MEDIUM,LOW,SOCIAL SUPPORT / ARCHIVE,TRUST AMPLIFIER / WORN PROOF / FRONT PROOF,[CURRENT SKU MATCH NEEDS VERIFICATION] 2026 판매 재고와 동일 SKU·사양인지 확인 필요. 제3자 액세서리·상표 노출은 채널별 크롭·Clearance 점검.,NO — 실제 제품·핏·인물은 생성형 AI로 변경하지 않고 크롭·색보정·먼지 정리만 허용.,"A-011B 신규 수집 TL-094; 원본 유지, 사전·사후 SHA-256 일치.",CANDIDATE,REVIEWED,C,실제 확인: NIGHT T-SHIRT의 전면 및 착용 증거가 보이는 오늘룩 유료 납품 사진이다. 유사 구도 반복 또는 제품 비중이 낮아 핵심보다 보조/기록용 우선순위가 맞다. 상업사용 범위는 사용자 확인으로 CLEARED 처리하되 현재 판매 SKU 동일성은 별도 검증한다.,2026-08-10,CLEARED,USER CONFIRMED PAID MARKETING
AST-0733,01_INPUT(입력_원본)/06_SOCIAL_PROOF(실제착용_소셜증거)/paid_marketing_todaylook/이진근_jin_g_y_172cm_72kg_2024-09-08 18_41/tByiLv9dJpWIcxhhKEzwQkn1dWYZ4aIeHdmboQnwus5rzLaoKPmjxTCjGWfU93mB.jpg,tByiLv9dJpWIcxhhKEzwQkn1dWYZ4aIeHdmboQnwus5rzLaoKPmjxTCjGWfU93mB.jpg,jpg,유료 마케팅 착용,NIGHT,이진근_jin 유료 마케팅 납품 T-SHIRT NIGHT 전면 및 착용 증거 사진,2340×2987,N/A — 정지 이미지,MEDIUM,MEDIUM,LOW,SOCIAL SUPPORT / ARCHIVE,TRUST AMPLIFIER / WORN PROOF / FRONT PROOF,[CURRENT SKU MATCH NEEDS VERIFICATION] 2026 판매 재고와 동일 SKU·사양인지 확인 필요. 제3자 액세서리·상표 노출은 채널별 크롭·Clearance 점검.,NO — 실제 제품·핏·인물은 생성형 AI로 변경하지 않고 크롭·색보정·먼지 정리만 허용.,"A-011B 신규 수집 TL-095; 원본 유지, 사전·사후 SHA-256 일치.",CANDIDATE,REVIEWED,C,실제 확인: NIGHT T-SHIRT의 전면 및 착용 증거가 보이는 오늘룩 유료 납품 사진이다. 유사 구도 반복 또는 제품 비중이 낮아 핵심보다 보조/기록용 우선순위가 맞다. 상업사용 범위는 사용자 확인으로 CLEARED 처리하되 현재 판매 SKU 동일성은 별도 검증한다.,2026-08-10,CLEARED,USER CONFIRMED PAID MARKETING
AST-0734,01_INPUT(입력_원본)/06_SOCIAL_PROOF(실제착용_소셜증거)/paid_marketing_todaylook/이진근_jin_g_y_172cm_72kg_2024-09-08 18_41 (1)/0cFbzGEsa7sQBUB8PAf8swq1fbxwIAAyoqIKH4UAxSIZy3hobxlBnViADvJHInT9.jpg,0cFbzGEsa7sQBUB8PAf8swq1fbxwIAAyoqIKH4UAxSIZy3hobxlBnViADvJHInT9.jpg,jpg,유료 마케팅 착용,NIGHT,이진근_jin 유료 마케팅 납품 T-SHIRT NIGHT 후면 및 그래픽 증거 사진,2340×2986,N/A — 정지 이미지,HIGH,HIGH,MEDIUM,SOCIAL PROOF / PRODUCT PROOF,TRUST AMPLIFIER / WORN PROOF / BACK PROOF,[CURRENT SKU MATCH NEEDS VERIFICATION] 2026 판매 재고와 동일 SKU·사양인지 확인 필요.,NO — 실제 제품·핏·인물은 생성형 AI로 변경하지 않고 크롭·색보정·먼지 정리만 허용.,"A-011B 신규 수집 TL-096; 원본 유지, 사전·사후 SHA-256 일치.",CANDIDATE,REVIEWED,B,실제 확인: NIGHT T-SHIRT의 후면 및 그래픽 증거가 보이는 오늘룩 유료 납품 사진이다. 전면·후면·소매·핏 중 하나를 실제로 보여 주는 보조 Product/Worn Proof다. 상업사용 범위는 사용자 확인으로 CLEARED 처리하되 현재 판매 SKU 동일성은 별도 검증한다.,2026-08-10,CLEARED,USER CONFIRMED PAID MARKETING
AST-0735,01_INPUT(입력_원본)/06_SOCIAL_PROOF(실제착용_소셜증거)/paid_marketing_todaylook/이진근_jin_g_y_172cm_72kg_2024-09-08 18_41 (1)/HjrYQnJuaVxPmsVnkIO983utvqyXkQ5rb3gUjQjWHMmabNqQMhKQKhShMmRJzoTA.jpg,HjrYQnJuaVxPmsVnkIO983utvqyXkQ5rb3gUjQjWHMmabNqQMhKQKhShMmRJzoTA.jpg,jpg,유료 마케팅 착용,DAY,이진근_jin 유료 마케팅 납품 T-SHIRT DAY 후면 및 그래픽 증거 사진,2340×2985,N/A — 정지 이미지,HIGH,HIGH,HIGH,SOCIAL PROOF / PRODUCT PROOF,TRUST AMPLIFIER / WORN PROOF / BACK PROOF,[CURRENT SKU MATCH NEEDS VERIFICATION] 2026 판매 재고와 동일 SKU·사양인지 확인 필요. 제3자 액세서리·상표 노출은 채널별 크롭·Clearance 점검.,NO — 실제 제품·핏·인물은 생성형 AI로 변경하지 않고 크롭·색보정·먼지 정리만 허용.,"A-011B 신규 수집 TL-097; 원본 유지, 사전·사후 SHA-256 일치.",CANDIDATE,REVIEWED,A,실제 확인: DAY T-SHIRT의 후면 및 그래픽 증거가 보이는 오늘룩 유료 납품 사진이다. 제품 후면 그래픽과 실제 착용 장면이 동시에 명확해 유료/유기적 소셜의 핵심 Trust Amplifier 후보다. 상업사용 범위는 사용자 확인으로 CLEARED 처리하되 현재 판매 SKU 동일성은 별도 검증한다.,2026-08-10,CLEARED,USER CONFIRMED PAID MARKETING
AST-0736,01_INPUT(입력_원본)/06_SOCIAL_PROOF(실제착용_소셜증거)/paid_marketing_todaylook/이진근_jin_g_y_172cm_72kg_2024-09-08 18_41 (1)/KIMBRYxTH6OLnLFE080yR5g8PoftPut9E8MOZLHWz5VL3zU3glWQ6JA74ViHZ6h7.jpg,KIMBRYxTH6OLnLFE080yR5g8PoftPut9E8MOZLHWz5VL3zU3glWQ6JA74ViHZ6h7.jpg,jpg,유료 마케팅 착용,DAY,이진근_jin 유료 마케팅 납품 T-SHIRT DAY 후면 및 그래픽 증거 사진,2340×2985,N/A — 정지 이미지,HIGH,HIGH,MEDIUM,SOCIAL PROOF / PRODUCT PROOF,TRUST AMPLIFIER / WORN PROOF / BACK PROOF,[CURRENT SKU MATCH NEEDS VERIFICATION] 2026 판매 재고와 동일 SKU·사양인지 확인 필요. 제3자 액세서리·상표 노출은 채널별 크롭·Clearance 점검.,NO — 실제 제품·핏·인물은 생성형 AI로 변경하지 않고 크롭·색보정·먼지 정리만 허용.,"A-011B 신규 수집 TL-098; 원본 유지, 사전·사후 SHA-256 일치.",CANDIDATE,REVIEWED,B,실제 확인: DAY T-SHIRT의 후면 및 그래픽 증거가 보이는 오늘룩 유료 납품 사진이다. 전면·후면·소매·핏 중 하나를 실제로 보여 주는 보조 Product/Worn Proof다. 상업사용 범위는 사용자 확인으로 CLEARED 처리하되 현재 판매 SKU 동일성은 별도 검증한다.,2026-08-10,CLEARED,USER CONFIRMED PAID MARKETING
AST-0737,01_INPUT(입력_원본)/06_SOCIAL_PROOF(실제착용_소셜증거)/paid_marketing_todaylook/이진근_jin_g_y_172cm_72kg_2024-09-08 18_41 (1)/NbmJQzZBLJ8v0NU1puE29gE1ROZFwWMn0HNXaWtvmsGYQkPehBmjhlylnjRg4MXZ.jpg,NbmJQzZBLJ8v0NU1puE29gE1ROZFwWMn0HNXaWtvmsGYQkPehBmjhlylnjRg4MXZ.jpg,jpg,유료 마케팅 착용,DAY,이진근_jin 유료 마케팅 납품 T-SHIRT DAY 전면 및 착용 증거 사진,2340×2986,N/A — 정지 이미지,HIGH,HIGH,MEDIUM,SOCIAL PROOF / PRODUCT PROOF,TRUST AMPLIFIER / WORN PROOF / FRONT PROOF,[CURRENT SKU MATCH NEEDS VERIFICATION] 2026 판매 재고와 동일 SKU·사양인지 확인 필요. 제3자 액세서리·상표 노출은 채널별 크롭·Clearance 점검.,NO — 실제 제품·핏·인물은 생성형 AI로 변경하지 않고 크롭·색보정·먼지 정리만 허용.,"A-011B 신규 수집 TL-099; 원본 유지, 사전·사후 SHA-256 일치.",CANDIDATE,REVIEWED,B,실제 확인: DAY T-SHIRT의 전면 및 착용 증거가 보이는 오늘룩 유료 납품 사진이다. 전면·후면·소매·핏 중 하나를 실제로 보여 주는 보조 Product/Worn Proof다. 상업사용 범위는 사용자 확인으로 CLEARED 처리하되 현재 판매 SKU 동일성은 별도 검증한다.,2026-08-10,CLEARED,USER CONFIRMED PAID MARKETING
AST-0738,01_INPUT(입력_원본)/06_SOCIAL_PROOF(실제착용_소셜증거)/paid_marketing_todaylook/이진근_jin_g_y_172cm_72kg_2024-09-08 18_41 (1)/daWT552ODVM1cYDxmpy8igKiob63HzrMNXOyYx3hgYrLYHkhrSdknlAHpv5h21f3.jpg,daWT552ODVM1cYDxmpy8igKiob63HzrMNXOyYx3hgYrLYHkhrSdknlAHpv5h21f3.jpg,jpg,유료 마케팅 착용,DAY,이진근_jin 유료 마케팅 납품 T-SHIRT DAY 디테일 증거 사진,2340×2986,N/A — 정지 이미지,MEDIUM,MEDIUM,LOW,SOCIAL SUPPORT / ARCHIVE,TRUST AMPLIFIER / WORN PROOF / DETAIL PROOF,[CURRENT SKU MATCH NEEDS VERIFICATION] 2026 판매 재고와 동일 SKU·사양인지 확인 필요. 제3자 액세서리·상표 노출은 채널별 크롭·Clearance 점검.,NO — 실제 제품·핏·인물은 생성형 AI로 변경하지 않고 크롭·색보정·먼지 정리만 허용.,"A-011B 신규 수집 TL-100; 원본 유지, 사전·사후 SHA-256 일치.",CANDIDATE,REVIEWED,C,실제 확인: DAY T-SHIRT의 디테일 증거가 보이는 오늘룩 유료 납품 사진이다. 유사 구도 반복 또는 제품 비중이 낮아 핵심보다 보조/기록용 우선순위가 맞다. 상업사용 범위는 사용자 확인으로 CLEARED 처리하되 현재 판매 SKU 동일성은 별도 검증한다.,2026-08-10,CLEARED,USER CONFIRMED PAID MARKETING
AST-0739,01_INPUT(입력_원본)/06_SOCIAL_PROOF(실제착용_소셜증거)/paid_marketing_todaylook/이진근_jin_g_y_172cm_72kg_2024-09-08 18_41 (1)/mbS4MwFehjd2bPlwyyzDEEHWKnuqSHmnRg6ukdSDd8YPrXKM5af0lz2T8c52oA3R.jpg,mbS4MwFehjd2bPlwyyzDEEHWKnuqSHmnRg6ukdSDd8YPrXKM5af0lz2T8c52oA3R.jpg,jpg,유료 마케팅 착용,DAY,이진근_jin 유료 마케팅 납품 T-SHIRT DAY 후면 및 그래픽 증거 사진,2340×2987,N/A — 정지 이미지,HIGH,HIGH,HIGH,SOCIAL PROOF / PRODUCT PROOF,TRUST AMPLIFIER / WORN PROOF / BACK PROOF,[CURRENT SKU MATCH NEEDS VERIFICATION] 2026 판매 재고와 동일 SKU·사양인지 확인 필요. 제3자 액세서리·상표 노출은 채널별 크롭·Clearance 점검.,NO — 실제 제품·핏·인물은 생성형 AI로 변경하지 않고 크롭·색보정·먼지 정리만 허용.,"A-011B 신규 수집 TL-101; 원본 유지, 사전·사후 SHA-256 일치.",CANDIDATE,REVIEWED,A,실제 확인: DAY T-SHIRT의 후면 및 그래픽 증거가 보이는 오늘룩 유료 납품 사진이다. 제품 후면 그래픽과 실제 착용 장면이 동시에 명확해 유료/유기적 소셜의 핵심 Trust Amplifier 후보다. 상업사용 범위는 사용자 확인으로 CLEARED 처리하되 현재 판매 SKU 동일성은 별도 검증한다.,2026-08-10,CLEARED,USER CONFIRMED PAID MARKETING
AST-0740,01_INPUT(입력_원본)/06_SOCIAL_PROOF(실제착용_소셜증거)/paid_marketing_todaylook/이진근_jin_g_y_172cm_72kg_2024-09-08 18_41 (1)/nqkbczcESJJcCTQSHFE0YhTr5Pt48mCCmynnxags7SjBH9T3NnJAD4xHl52vv6RS.jpg,nqkbczcESJJcCTQSHFE0YhTr5Pt48mCCmynnxags7SjBH9T3NnJAD4xHl52vv6RS.jpg,jpg,유료 마케팅 착용,DAY,이진근_jin 유료 마케팅 납품 T-SHIRT DAY 디테일 증거 사진,2340×2985,N/A — 정지 이미지,HIGH,HIGH,MEDIUM,SOCIAL PROOF / PRODUCT PROOF,TRUST AMPLIFIER / WORN PROOF / DETAIL PROOF,[CURRENT SKU MATCH NEEDS VERIFICATION] 2026 판매 재고와 동일 SKU·사양인지 확인 필요. 제3자 액세서리·상표 노출은 채널별 크롭·Clearance 점검.,NO — 실제 제품·핏·인물은 생성형 AI로 변경하지 않고 크롭·색보정·먼지 정리만 허용.,"A-011B 신규 수집 TL-102; 원본 유지, 사전·사후 SHA-256 일치.",CANDIDATE,REVIEWED,B,실제 확인: DAY T-SHIRT의 디테일 증거가 보이는 오늘룩 유료 납품 사진이다. 전면·후면·소매·핏 중 하나를 실제로 보여 주는 보조 Product/Worn Proof다. 상업사용 범위는 사용자 확인으로 CLEARED 처리하되 현재 판매 SKU 동일성은 별도 검증한다.,2026-08-10,CLEARED,USER CONFIRMED PAID MARKETING
AST-0741,01_INPUT(입력_원본)/06_SOCIAL_PROOF(실제착용_소셜증거)/paid_marketing_todaylook/이진근_jin_g_y_172cm_72kg_2024-09-08 18_41 (1)/yw8hTTQmHKj1UzX5SwF5nVU2GdswmTUl8AfLXNSrsmvog7YxFlxrfmPextrM3R6u.jpg,yw8hTTQmHKj1UzX5SwF5nVU2GdswmTUl8AfLXNSrsmvog7YxFlxrfmPextrM3R6u.jpg,jpg,유료 마케팅 착용,DAY,이진근_jin 유료 마케팅 납품 T-SHIRT DAY 전면 및 착용 증거 사진,2340×2986,N/A — 정지 이미지,HIGH,HIGH,MEDIUM,SOCIAL PROOF / PRODUCT PROOF,TRUST AMPLIFIER / WORN PROOF / FRONT PROOF,[CURRENT SKU MATCH NEEDS VERIFICATION] 2026 판매 재고와 동일 SKU·사양인지 확인 필요. 제3자 액세서리·상표 노출은 채널별 크롭·Clearance 점검.,NO — 실제 제품·핏·인물은 생성형 AI로 변경하지 않고 크롭·색보정·먼지 정리만 허용.,"A-011B 신규 수집 TL-103; 원본 유지, 사전·사후 SHA-256 일치.",CANDIDATE,REVIEWED,B,실제 확인: DAY T-SHIRT의 전면 및 착용 증거가 보이는 오늘룩 유료 납품 사진이다. 전면·후면·소매·핏 중 하나를 실제로 보여 주는 보조 Product/Worn Proof다. 상업사용 범위는 사용자 확인으로 CLEARED 처리하되 현재 판매 SKU 동일성은 별도 검증한다.,2026-08-10,CLEARED,USER CONFIRMED PAID MARKETING
AST-0742,01_INPUT(입력_원본)/06_SOCIAL_PROOF(실제착용_소셜증거)/paid_marketing_todaylook/이진근_jin_g_y_172cm_72kg_2024-10-11 08_53/5ZFdBhoaQSdkiFijfBW92eDP0TQaOfXPTaKzWWzFwMduDCknfugKcoN7ugnDByLq.jpg,5ZFdBhoaQSdkiFijfBW92eDP0TQaOfXPTaKzWWzFwMduDCknfugKcoN7ugnDByLq.jpg,jpg,유료 마케팅 착용,NIGHT,이진근_jin 유료 마케팅 납품 SWEATSHIRT NIGHT 전면 및 착용 증거 사진,2340×2986,N/A — 정지 이미지,HIGH,HIGH,MEDIUM,SOCIAL PROOF / PRODUCT PROOF,TRUST AMPLIFIER / WORN PROOF / FRONT PROOF,[CURRENT SKU MATCH NEEDS VERIFICATION] 2026 판매 재고와 동일 SKU·사양인지 확인 필요. 제3자 액세서리·상표 노출은 채널별 크롭·Clearance 점검.,NO — 실제 제품·핏·인물은 생성형 AI로 변경하지 않고 크롭·색보정·먼지 정리만 허용.,"A-011B 신규 수집 TL-104; 원본 유지, 사전·사후 SHA-256 일치.",CANDIDATE,REVIEWED,B,실제 확인: NIGHT SWEATSHIRT의 전면 및 착용 증거가 보이는 오늘룩 유료 납품 사진이다. 전면·후면·소매·핏 중 하나를 실제로 보여 주는 보조 Product/Worn Proof다. 상업사용 범위는 사용자 확인으로 CLEARED 처리하되 현재 판매 SKU 동일성은 별도 검증한다.,2026-08-10,CLEARED,USER CONFIRMED PAID MARKETING
AST-0743,01_INPUT(입력_원본)/06_SOCIAL_PROOF(실제착용_소셜증거)/paid_marketing_todaylook/이진근_jin_g_y_172cm_72kg_2024-10-11 08_53/DT8RBY8aeWd9vRvOtaiuSpFlrQFSwGMOlwCHXmHJIQTtrsZsLOWg0jBPTFVXSOwx.jpg,DT8RBY8aeWd9vRvOtaiuSpFlrQFSwGMOlwCHXmHJIQTtrsZsLOWg0jBPTFVXSOwx.jpg,jpg,유료 마케팅 착용,NIGHT,이진근_jin 유료 마케팅 납품 SWEATSHIRT NIGHT 전면 및 착용 증거 사진,2340×2986,N/A — 정지 이미지,MEDIUM,MEDIUM,LOW,SOCIAL SUPPORT / ARCHIVE,TRUST AMPLIFIER / WORN PROOF / FRONT PROOF,[CURRENT SKU MATCH NEEDS VERIFICATION] 2026 판매 재고와 동일 SKU·사양인지 확인 필요. 제3자 액세서리·상표 노출은 채널별 크롭·Clearance 점검.,NO — 실제 제품·핏·인물은 생성형 AI로 변경하지 않고 크롭·색보정·먼지 정리만 허용.,"A-011B 신규 수집 TL-105; 원본 유지, 사전·사후 SHA-256 일치.",CANDIDATE,REVIEWED,C,실제 확인: NIGHT SWEATSHIRT의 전면 및 착용 증거가 보이는 오늘룩 유료 납품 사진이다. 유사 구도 반복 또는 제품 비중이 낮아 핵심보다 보조/기록용 우선순위가 맞다. 상업사용 범위는 사용자 확인으로 CLEARED 처리하되 현재 판매 SKU 동일성은 별도 검증한다.,2026-08-10,CLEARED,USER CONFIRMED PAID MARKETING
AST-0744,01_INPUT(입력_원본)/06_SOCIAL_PROOF(실제착용_소셜증거)/paid_marketing_todaylook/이진근_jin_g_y_172cm_72kg_2024-10-11 08_53/HD4Wa25hFRrTHN7Gp1k4dERIZ34y0daWXOat1Rdmbv1NlqEqKXYgO2e3zVsrf2Tq.jpg,HD4Wa25hFRrTHN7Gp1k4dERIZ34y0daWXOat1Rdmbv1NlqEqKXYgO2e3zVsrf2Tq.jpg,jpg,유료 마케팅 착용,NIGHT,이진근_jin 유료 마케팅 납품 SWEATSHIRT NIGHT 전면 및 착용 증거 사진,2340×2987,N/A — 정지 이미지,MEDIUM,MEDIUM,LOW,SOCIAL SUPPORT / ARCHIVE,TRUST AMPLIFIER / WORN PROOF / FRONT PROOF,[CURRENT SKU MATCH NEEDS VERIFICATION] 2026 판매 재고와 동일 SKU·사양인지 확인 필요. 제3자 액세서리·상표 노출은 채널별 크롭·Clearance 점검.,NO — 실제 제품·핏·인물은 생성형 AI로 변경하지 않고 크롭·색보정·먼지 정리만 허용.,"A-011B 신규 수집 TL-106; 원본 유지, 사전·사후 SHA-256 일치.",CANDIDATE,REVIEWED,C,실제 확인: NIGHT SWEATSHIRT의 전면 및 착용 증거가 보이는 오늘룩 유료 납품 사진이다. 유사 구도 반복 또는 제품 비중이 낮아 핵심보다 보조/기록용 우선순위가 맞다. 상업사용 범위는 사용자 확인으로 CLEARED 처리하되 현재 판매 SKU 동일성은 별도 검증한다.,2026-08-10,CLEARED,USER CONFIRMED PAID MARKETING
AST-0745,01_INPUT(입력_원본)/06_SOCIAL_PROOF(실제착용_소셜증거)/paid_marketing_todaylook/이진근_jin_g_y_172cm_72kg_2024-10-11 08_53/IprS3baFTqvLmUcYBAakmfsc8FKqgiU2hRRvgMWnmtZedYj1HV7jb47Cj0DzHC3U.jpg,IprS3baFTqvLmUcYBAakmfsc8FKqgiU2hRRvgMWnmtZedYj1HV7jb47Cj0DzHC3U.jpg,jpg,유료 마케팅 착용,NIGHT,이진근_jin 유료 마케팅 납품 SWEATSHIRT NIGHT 후면 및 그래픽 증거 사진,2340×2985,N/A — 정지 이미지,HIGH,HIGH,HIGH,SOCIAL PROOF / PRODUCT PROOF,TRUST AMPLIFIER / WORN PROOF / BACK PROOF,[CURRENT SKU MATCH NEEDS VERIFICATION] 2026 판매 재고와 동일 SKU·사양인지 확인 필요. 제3자 액세서리·상표 노출은 채널별 크롭·Clearance 점검.,NO — 실제 제품·핏·인물은 생성형 AI로 변경하지 않고 크롭·색보정·먼지 정리만 허용.,"A-011B 신규 수집 TL-107; 원본 유지, 사전·사후 SHA-256 일치.",CANDIDATE,REVIEWED,A,실제 확인: NIGHT SWEATSHIRT의 후면 및 그래픽 증거가 보이는 오늘룩 유료 납품 사진이다. 제품 후면 그래픽과 실제 착용 장면이 동시에 명확해 유료/유기적 소셜의 핵심 Trust Amplifier 후보다. 상업사용 범위는 사용자 확인으로 CLEARED 처리하되 현재 판매 SKU 동일성은 별도 검증한다.,2026-08-10,CLEARED,USER CONFIRMED PAID MARKETING
AST-0746,01_INPUT(입력_원본)/06_SOCIAL_PROOF(실제착용_소셜증거)/paid_marketing_todaylook/이진근_jin_g_y_172cm_72kg_2024-10-11 08_53/J703ScUoLJkA9p5NqABveDNaGrhwDSX5PSNjqm7O8bCJKUKEueEHks9X4Ya0LFnl.jpg,J703ScUoLJkA9p5NqABveDNaGrhwDSX5PSNjqm7O8bCJKUKEueEHks9X4Ya0LFnl.jpg,jpg,유료 마케팅 착용,NIGHT,이진근_jin 유료 마케팅 납품 SWEATSHIRT NIGHT 디테일 증거 사진,2340×2986,N/A — 정지 이미지,HIGH,HIGH,MEDIUM,SOCIAL PROOF / PRODUCT PROOF,TRUST AMPLIFIER / WORN PROOF / DETAIL PROOF,[CURRENT SKU MATCH NEEDS VERIFICATION] 2026 판매 재고와 동일 SKU·사양인지 확인 필요. 제3자 액세서리·상표 노출은 채널별 크롭·Clearance 점검.,NO — 실제 제품·핏·인물은 생성형 AI로 변경하지 않고 크롭·색보정·먼지 정리만 허용.,"A-011B 신규 수집 TL-108; 원본 유지, 사전·사후 SHA-256 일치.",CANDIDATE,REVIEWED,B,실제 확인: NIGHT SWEATSHIRT의 디테일 증거가 보이는 오늘룩 유료 납품 사진이다. 전면·후면·소매·핏 중 하나를 실제로 보여 주는 보조 Product/Worn Proof다. 상업사용 범위는 사용자 확인으로 CLEARED 처리하되 현재 판매 SKU 동일성은 별도 검증한다.,2026-08-10,CLEARED,USER CONFIRMED PAID MARKETING
AST-0747,01_INPUT(입력_원본)/06_SOCIAL_PROOF(실제착용_소셜증거)/paid_marketing_todaylook/이진근_jin_g_y_172cm_72kg_2024-10-11 08_53/LbRAhxr5QdzhwsHvyXDWt6I2mtvf4l2V3Kvddn9oAIYNNpnTd1fyqezEkjwBZnAQ.jpg,LbRAhxr5QdzhwsHvyXDWt6I2mtvf4l2V3Kvddn9oAIYNNpnTd1fyqezEkjwBZnAQ.jpg,jpg,유료 마케팅 착용,NIGHT,이진근_jin 유료 마케팅 납품 SWEATSHIRT NIGHT 디테일 증거 사진,2340×2986,N/A — 정지 이미지,HIGH,HIGH,MEDIUM,SOCIAL PROOF / PRODUCT PROOF,TRUST AMPLIFIER / WORN PROOF / DETAIL PROOF,[CURRENT SKU MATCH NEEDS VERIFICATION] 2026 판매 재고와 동일 SKU·사양인지 확인 필요. 제3자 액세서리·상표 노출은 채널별 크롭·Clearance 점검.,NO — 실제 제품·핏·인물은 생성형 AI로 변경하지 않고 크롭·색보정·먼지 정리만 허용.,"A-011B 신규 수집 TL-109; 원본 유지, 사전·사후 SHA-256 일치.",CANDIDATE,REVIEWED,B,실제 확인: NIGHT SWEATSHIRT의 디테일 증거가 보이는 오늘룩 유료 납품 사진이다. 전면·후면·소매·핏 중 하나를 실제로 보여 주는 보조 Product/Worn Proof다. 상업사용 범위는 사용자 확인으로 CLEARED 처리하되 현재 판매 SKU 동일성은 별도 검증한다.,2026-08-10,CLEARED,USER CONFIRMED PAID MARKETING
AST-0748,01_INPUT(입력_원본)/06_SOCIAL_PROOF(실제착용_소셜증거)/paid_marketing_todaylook/이진근_jin_g_y_172cm_72kg_2024-10-11 08_53/kRQgNNaTKPSTFgdOYQSVXWCktANG6W3FeUZ7oAZqCoBkrD1iUyqlLcQ8feQt4flt.jpg,kRQgNNaTKPSTFgdOYQSVXWCktANG6W3FeUZ7oAZqCoBkrD1iUyqlLcQ8feQt4flt.jpg,jpg,유료 마케팅 착용,NIGHT,이진근_jin 유료 마케팅 납품 SWEATSHIRT NIGHT 후면 및 그래픽 증거 사진,2340×2986,N/A — 정지 이미지,HIGH,HIGH,HIGH,SOCIAL PROOF / PRODUCT PROOF,TRUST AMPLIFIER / WORN PROOF / BACK PROOF,[CURRENT SKU MATCH NEEDS VERIFICATION] 2026 판매 재고와 동일 SKU·사양인지 확인 필요. 제3자 액세서리·상표 노출은 채널별 크롭·Clearance 점검.,NO — 실제 제품·핏·인물은 생성형 AI로 변경하지 않고 크롭·색보정·먼지 정리만 허용.,"A-011B 신규 수집 TL-110; 원본 유지, 사전·사후 SHA-256 일치.",CANDIDATE,REVIEWED,A,실제 확인: NIGHT SWEATSHIRT의 후면 및 그래픽 증거가 보이는 오늘룩 유료 납품 사진이다. 제품 후면 그래픽과 실제 착용 장면이 동시에 명확해 유료/유기적 소셜의 핵심 Trust Amplifier 후보다. 상업사용 범위는 사용자 확인으로 CLEARED 처리하되 현재 판매 SKU 동일성은 별도 검증한다.,2026-08-10,CLEARED,USER CONFIRMED PAID MARKETING
AST-0749,01_INPUT(입력_원본)/06_SOCIAL_PROOF(실제착용_소셜증거)/paid_marketing_todaylook/이진근_jin_g_y_172cm_72kg_2024-10-11 08_53/nR5Cemns2ieSzvC0CTpGUbRDOfBRn4jGAkVH9nqZthJWALlUopIrC6rzG2LH5gg2.jpg,nR5Cemns2ieSzvC0CTpGUbRDOfBRn4jGAkVH9nqZthJWALlUopIrC6rzG2LH5gg2.jpg,jpg,유료 마케팅 착용,NIGHT,이진근_jin 유료 마케팅 납품 SWEATSHIRT NIGHT 후면 및 그래픽 증거 사진,2340×2986,N/A — 정지 이미지,HIGH,HIGH,HIGH,SOCIAL PROOF / PRODUCT PROOF,TRUST AMPLIFIER / WORN PROOF / BACK PROOF,[CURRENT SKU MATCH NEEDS VERIFICATION] 2026 판매 재고와 동일 SKU·사양인지 확인 필요. 제3자 액세서리·상표 노출은 채널별 크롭·Clearance 점검.,NO — 실제 제품·핏·인물은 생성형 AI로 변경하지 않고 크롭·색보정·먼지 정리만 허용.,"A-011B 신규 수집 TL-111; 원본 유지, 사전·사후 SHA-256 일치.",CANDIDATE,REVIEWED,A,실제 확인: NIGHT SWEATSHIRT의 후면 및 그래픽 증거가 보이는 오늘룩 유료 납품 사진이다. 제품 후면 그래픽과 실제 착용 장면이 동시에 명확해 유료/유기적 소셜의 핵심 Trust Amplifier 후보다. 상업사용 범위는 사용자 확인으로 CLEARED 처리하되 현재 판매 SKU 동일성은 별도 검증한다.,2026-08-10,CLEARED,USER CONFIRMED PAID MARKETING
AST-0750,01_INPUT(입력_원본)/06_SOCIAL_PROOF(실제착용_소셜증거)/paid_marketing_todaylook/이진근_jin_g_y_172cm_72kg_2024-10-11 08_53/wJT5UwDOYW6tJSugD6WMyPZX1KSInht5WouNqLYOAOFtreQcPAVb0HhTZuReDUGF.jpg,wJT5UwDOYW6tJSugD6WMyPZX1KSInht5WouNqLYOAOFtreQcPAVb0HhTZuReDUGF.jpg,jpg,유료 마케팅 착용,NIGHT,이진근_jin 유료 마케팅 납품 SWEATSHIRT NIGHT 전면 및 착용 증거 사진,2340×2987,N/A — 정지 이미지,MEDIUM,MEDIUM,LOW,SOCIAL SUPPORT / ARCHIVE,TRUST AMPLIFIER / WORN PROOF / FRONT PROOF,[CURRENT SKU MATCH NEEDS VERIFICATION] 2026 판매 재고와 동일 SKU·사양인지 확인 필요. 제3자 액세서리·상표 노출은 채널별 크롭·Clearance 점검.,NO — 실제 제품·핏·인물은 생성형 AI로 변경하지 않고 크롭·색보정·먼지 정리만 허용.,"A-011B 신규 수집 TL-112; 원본 유지, 사전·사후 SHA-256 일치.",CANDIDATE,REVIEWED,C,실제 확인: NIGHT SWEATSHIRT의 전면 및 착용 증거가 보이는 오늘룩 유료 납품 사진이다. 유사 구도 반복 또는 제품 비중이 낮아 핵심보다 보조/기록용 우선순위가 맞다. 상업사용 범위는 사용자 확인으로 CLEARED 처리하되 현재 판매 SKU 동일성은 별도 검증한다.,2026-08-10,CLEARED,USER CONFIRMED PAID MARKETING
AST-0751,01_INPUT(입력_원본)/06_SOCIAL_PROOF(실제착용_소셜증거)/paid_marketing_todaylook/이현구_183.h.g_183cm_83kg_2024-10-11 08_55/Fp6XP2z9OcGXCM0OzxFI5jM7ZFEavN1S9xrSCCQIQSPrDJXovkdRqjiSYqQwTkfw.jpg,Fp6XP2z9OcGXCM0OzxFI5jM7ZFEavN1S9xrSCCQIQSPrDJXovkdRqjiSYqQwTkfw.jpg,jpg,유료 마케팅 착용,DAY,이현구_183.h.g 유료 마케팅 납품 SWEATSHIRT DAY 후면 및 그래픽 증거 사진,2580×3292,N/A — 정지 이미지,HIGH,HIGH,HIGH,SOCIAL PROOF / PRODUCT PROOF,TRUST AMPLIFIER / WORN PROOF / BACK PROOF,[CURRENT SKU MATCH NEEDS VERIFICATION] 2026 판매 재고와 동일 SKU·사양인지 확인 필요. 제3자 액세서리·상표 노출은 채널별 크롭·Clearance 점검.,NO — 실제 제품·핏·인물은 생성형 AI로 변경하지 않고 크롭·색보정·먼지 정리만 허용.,"A-011B 신규 수집 TL-113; 원본 유지, 사전·사후 SHA-256 일치.",CANDIDATE,REVIEWED,A,실제 확인: DAY SWEATSHIRT의 후면 및 그래픽 증거가 보이는 오늘룩 유료 납품 사진이다. 제품 후면 그래픽과 실제 착용 장면이 동시에 명확해 유료/유기적 소셜의 핵심 Trust Amplifier 후보다. 상업사용 범위는 사용자 확인으로 CLEARED 처리하되 현재 판매 SKU 동일성은 별도 검증한다.,2026-08-10,CLEARED,USER CONFIRMED PAID MARKETING
AST-0752,01_INPUT(입력_원본)/06_SOCIAL_PROOF(실제착용_소셜증거)/paid_marketing_todaylook/이현구_183.h.g_183cm_83kg_2024-10-11 08_55/RAvwdzkns4ySTYAqGmTvNeC4Syc26zIJIRpVIEwxlTUpWYRA83alX12cWjPTL6lF.jpg,RAvwdzkns4ySTYAqGmTvNeC4Syc26zIJIRpVIEwxlTUpWYRA83alX12cWjPTL6lF.jpg,jpg,유료 마케팅 착용,DAY,이현구_183.h.g 유료 마케팅 납품 SWEATSHIRT DAY 전면 및 착용 증거 사진,2580×3292,N/A — 정지 이미지,HIGH,HIGH,MEDIUM,SOCIAL PROOF / PRODUCT PROOF,TRUST AMPLIFIER / WORN PROOF / FRONT PROOF,[CURRENT SKU MATCH NEEDS VERIFICATION] 2026 판매 재고와 동일 SKU·사양인지 확인 필요. 제3자 액세서리·상표 노출은 채널별 크롭·Clearance 점검.,NO — 실제 제품·핏·인물은 생성형 AI로 변경하지 않고 크롭·색보정·먼지 정리만 허용.,"A-011B 신규 수집 TL-114; 원본 유지, 사전·사후 SHA-256 일치.",CANDIDATE,REVIEWED,B,실제 확인: DAY SWEATSHIRT의 전면 및 착용 증거가 보이는 오늘룩 유료 납품 사진이다. 전면·후면·소매·핏 중 하나를 실제로 보여 주는 보조 Product/Worn Proof다. 상업사용 범위는 사용자 확인으로 CLEARED 처리하되 현재 판매 SKU 동일성은 별도 검증한다.,2026-08-10,CLEARED,USER CONFIRMED PAID MARKETING
AST-0753,01_INPUT(입력_원본)/06_SOCIAL_PROOF(실제착용_소셜증거)/paid_marketing_todaylook/이현구_183.h.g_183cm_83kg_2024-10-11 08_55/VeBdyKk5TH2qXfNIyiFjyLYToEPa1ll9vJ5KRGZSyIoM6IxejimgbP75Sg2h6xZr.jpg,VeBdyKk5TH2qXfNIyiFjyLYToEPa1ll9vJ5KRGZSyIoM6IxejimgbP75Sg2h6xZr.jpg,jpg,유료 마케팅 착용,DAY,이현구_183.h.g 유료 마케팅 납품 SWEATSHIRT DAY 전면 및 착용 증거 사진,2580×3292,N/A — 정지 이미지,HIGH,HIGH,MEDIUM,SOCIAL PROOF / PRODUCT PROOF,TRUST AMPLIFIER / WORN PROOF / FRONT PROOF,[CURRENT SKU MATCH NEEDS VERIFICATION] 2026 판매 재고와 동일 SKU·사양인지 확인 필요. 제3자 액세서리·상표 노출은 채널별 크롭·Clearance 점검.,NO — 실제 제품·핏·인물은 생성형 AI로 변경하지 않고 크롭·색보정·먼지 정리만 허용.,"A-011B 신규 수집 TL-115; 원본 유지, 사전·사후 SHA-256 일치.",CANDIDATE,REVIEWED,B,실제 확인: DAY SWEATSHIRT의 전면 및 착용 증거가 보이는 오늘룩 유료 납품 사진이다. 전면·후면·소매·핏 중 하나를 실제로 보여 주는 보조 Product/Worn Proof다. 상업사용 범위는 사용자 확인으로 CLEARED 처리하되 현재 판매 SKU 동일성은 별도 검증한다.,2026-08-10,CLEARED,USER CONFIRMED PAID MARKETING
AST-0754,01_INPUT(입력_원본)/06_SOCIAL_PROOF(실제착용_소셜증거)/paid_marketing_todaylook/이현구_183.h.g_183cm_83kg_2024-10-11 08_55/dXJENC1ZvuMrzadrKyZZv4q32s1gjSmbaRXoxVtBEZE3CPDuMZF4zU1koP20Szzy.jpg,dXJENC1ZvuMrzadrKyZZv4q32s1gjSmbaRXoxVtBEZE3CPDuMZF4zU1koP20Szzy.jpg,jpg,유료 마케팅 착용,DAY,이현구_183.h.g 유료 마케팅 납품 SWEATSHIRT DAY 후면 및 그래픽 증거 사진,2580×3292,N/A — 정지 이미지,HIGH,HIGH,HIGH,SOCIAL PROOF / PRODUCT PROOF,TRUST AMPLIFIER / WORN PROOF / BACK PROOF,[CURRENT SKU MATCH NEEDS VERIFICATION] 2026 판매 재고와 동일 SKU·사양인지 확인 필요. 제3자 액세서리·상표 노출은 채널별 크롭·Clearance 점검.,NO — 실제 제품·핏·인물은 생성형 AI로 변경하지 않고 크롭·색보정·먼지 정리만 허용.,"A-011B 신규 수집 TL-116; 원본 유지, 사전·사후 SHA-256 일치.",CANDIDATE,REVIEWED,A,실제 확인: DAY SWEATSHIRT의 후면 및 그래픽 증거가 보이는 오늘룩 유료 납품 사진이다. 제품 후면 그래픽과 실제 착용 장면이 동시에 명확해 유료/유기적 소셜의 핵심 Trust Amplifier 후보다. 상업사용 범위는 사용자 확인으로 CLEARED 처리하되 현재 판매 SKU 동일성은 별도 검증한다.,2026-08-10,CLEARED,USER CONFIRMED PAID MARKETING
AST-0755,01_INPUT(입력_원본)/06_SOCIAL_PROOF(실제착용_소셜증거)/paid_marketing_todaylook/이현구_183.h.g_183cm_83kg_2024-10-11 08_55/fUDQkUaEa5gMPk2AGj7StJFecwYsdQisfnh1uSbQkCWaag0A0hm4JOvlQcc7Krq0.jpg,fUDQkUaEa5gMPk2AGj7StJFecwYsdQisfnh1uSbQkCWaag0A0hm4JOvlQcc7Krq0.jpg,jpg,유료 마케팅 착용,DAY,이현구_183.h.g 유료 마케팅 납품 SWEATSHIRT DAY 후면 및 그래픽 증거 사진,2580×3292,N/A — 정지 이미지,HIGH,HIGH,HIGH,SOCIAL PROOF / PRODUCT PROOF,TRUST AMPLIFIER / WORN PROOF / BACK PROOF,[CURRENT SKU MATCH NEEDS VERIFICATION] 2026 판매 재고와 동일 SKU·사양인지 확인 필요. 제3자 액세서리·상표 노출은 채널별 크롭·Clearance 점검.,NO — 실제 제품·핏·인물은 생성형 AI로 변경하지 않고 크롭·색보정·먼지 정리만 허용.,"A-011B 신규 수집 TL-117; 원본 유지, 사전·사후 SHA-256 일치.",CANDIDATE,REVIEWED,A,실제 확인: DAY SWEATSHIRT의 후면 및 그래픽 증거가 보이는 오늘룩 유료 납품 사진이다. 제품 후면 그래픽과 실제 착용 장면이 동시에 명확해 유료/유기적 소셜의 핵심 Trust Amplifier 후보다. 상업사용 범위는 사용자 확인으로 CLEARED 처리하되 현재 판매 SKU 동일성은 별도 검증한다.,2026-08-10,CLEARED,USER CONFIRMED PAID MARKETING
AST-0756,01_INPUT(입력_원본)/06_SOCIAL_PROOF(실제착용_소셜증거)/paid_marketing_todaylook/이현구_183.h.g_183cm_83kg_2024-10-11 08_55/gD2ccuUhHu8fKhPmpwPOjmgvPuZuWgJHZqnJ6o78ZSvofOjRFRlsdfIr6qDiBPOt.jpg,gD2ccuUhHu8fKhPmpwPOjmgvPuZuWgJHZqnJ6o78ZSvofOjRFRlsdfIr6qDiBPOt.jpg,jpg,유료 마케팅 착용,DAY,이현구_183.h.g 유료 마케팅 납품 SWEATSHIRT DAY 디테일 증거 사진,2580×3292,N/A — 정지 이미지,HIGH,HIGH,MEDIUM,SOCIAL PROOF / PRODUCT PROOF,TRUST AMPLIFIER / WORN PROOF / DETAIL PROOF,[CURRENT SKU MATCH NEEDS VERIFICATION] 2026 판매 재고와 동일 SKU·사양인지 확인 필요. 제3자 액세서리·상표 노출은 채널별 크롭·Clearance 점검.,NO — 실제 제품·핏·인물은 생성형 AI로 변경하지 않고 크롭·색보정·먼지 정리만 허용.,"A-011B 신규 수집 TL-118; 원본 유지, 사전·사후 SHA-256 일치.",CANDIDATE,REVIEWED,B,실제 확인: DAY SWEATSHIRT의 디테일 증거가 보이는 오늘룩 유료 납품 사진이다. 전면·후면·소매·핏 중 하나를 실제로 보여 주는 보조 Product/Worn Proof다. 상업사용 범위는 사용자 확인으로 CLEARED 처리하되 현재 판매 SKU 동일성은 별도 검증한다.,2026-08-10,CLEARED,USER CONFIRMED PAID MARKETING
AST-0757,01_INPUT(입력_원본)/06_SOCIAL_PROOF(실제착용_소셜증거)/paid_marketing_todaylook/이현구_183.h.g_183cm_83kg_2024-10-11 08_55/ip61AfZqVUHRTAUkAihpcSFqRrGFK8jBbaBCtDY3877QRwPxt0q0hXrE143CWJJG.jpg,ip61AfZqVUHRTAUkAihpcSFqRrGFK8jBbaBCtDY3877QRwPxt0q0hXrE143CWJJG.jpg,jpg,유료 마케팅 착용,DAY,이현구_183.h.g 유료 마케팅 납품 SWEATSHIRT DAY 디테일 증거 사진,2580×3292,N/A — 정지 이미지,HIGH,HIGH,MEDIUM,SOCIAL PROOF / PRODUCT PROOF,TRUST AMPLIFIER / WORN PROOF / DETAIL PROOF,[CURRENT SKU MATCH NEEDS VERIFICATION] 2026 판매 재고와 동일 SKU·사양인지 확인 필요. 제3자 액세서리·상표 노출은 채널별 크롭·Clearance 점검.,NO — 실제 제품·핏·인물은 생성형 AI로 변경하지 않고 크롭·색보정·먼지 정리만 허용.,"A-011B 신규 수집 TL-119; 원본 유지, 사전·사후 SHA-256 일치.",CANDIDATE,REVIEWED,B,실제 확인: DAY SWEATSHIRT의 디테일 증거가 보이는 오늘룩 유료 납품 사진이다. 전면·후면·소매·핏 중 하나를 실제로 보여 주는 보조 Product/Worn Proof다. 상업사용 범위는 사용자 확인으로 CLEARED 처리하되 현재 판매 SKU 동일성은 별도 검증한다.,2026-08-10,CLEARED,USER CONFIRMED PAID MARKETING
AST-0758,01_INPUT(입력_원본)/06_SOCIAL_PROOF(실제착용_소셜증거)/paid_marketing_todaylook/이현구_183.h.g_183cm_83kg_2024-10-11 08_55/pD6fIp443ARCaUKC341ve13hWs9M6u8MehxiMW4AgYj9h3O3xN7XZ6S9tQ7LjgnE.jpg,pD6fIp443ARCaUKC341ve13hWs9M6u8MehxiMW4AgYj9h3O3xN7XZ6S9tQ7LjgnE.jpg,jpg,유료 마케팅 착용,DAY,이현구_183.h.g 유료 마케팅 납품 SWEATSHIRT DAY 후면 및 그래픽 증거 사진,2580×3292,N/A — 정지 이미지,HIGH,HIGH,HIGH,SOCIAL PROOF / PRODUCT PROOF,TRUST AMPLIFIER / WORN PROOF / BACK PROOF,[CURRENT SKU MATCH NEEDS VERIFICATION] 2026 판매 재고와 동일 SKU·사양인지 확인 필요. 제3자 액세서리·상표 노출은 채널별 크롭·Clearance 점검.,NO — 실제 제품·핏·인물은 생성형 AI로 변경하지 않고 크롭·색보정·먼지 정리만 허용.,"A-011B 신규 수집 TL-120; 원본 유지, 사전·사후 SHA-256 일치.",CANDIDATE,REVIEWED,A,실제 확인: DAY SWEATSHIRT의 후면 및 그래픽 증거가 보이는 오늘룩 유료 납품 사진이다. 제품 후면 그래픽과 실제 착용 장면이 동시에 명확해 유료/유기적 소셜의 핵심 Trust Amplifier 후보다. 상업사용 범위는 사용자 확인으로 CLEARED 처리하되 현재 판매 SKU 동일성은 별도 검증한다.,2026-08-10,CLEARED,USER CONFIRMED PAID MARKETING
AST-0759,01_INPUT(입력_원본)/06_SOCIAL_PROOF(실제착용_소셜증거)/paid_marketing_todaylook/이현구_183.h.g_183cm_83kg_2024-10-11 08_55/pnWBhIPMlBxln6CCvQWWebeDuMMXn1ljGPe8G3Gb0elufPw31DjcDQHjqLYBRWEl.jpg,pnWBhIPMlBxln6CCvQWWebeDuMMXn1ljGPe8G3Gb0elufPw31DjcDQHjqLYBRWEl.jpg,jpg,유료 마케팅 착용,DAY,이현구_183.h.g 유료 마케팅 납품 SWEATSHIRT DAY 전면 및 착용 증거 사진,2580×3292,N/A — 정지 이미지,MEDIUM,MEDIUM,LOW,SOCIAL SUPPORT / ARCHIVE,TRUST AMPLIFIER / WORN PROOF / FRONT PROOF,[CURRENT SKU MATCH NEEDS VERIFICATION] 2026 판매 재고와 동일 SKU·사양인지 확인 필요. 제3자 액세서리·상표 노출은 채널별 크롭·Clearance 점검.,NO — 실제 제품·핏·인물은 생성형 AI로 변경하지 않고 크롭·색보정·먼지 정리만 허용.,"A-011B 신규 수집 TL-121; 원본 유지, 사전·사후 SHA-256 일치.",CANDIDATE,REVIEWED,C,실제 확인: DAY SWEATSHIRT의 전면 및 착용 증거가 보이는 오늘룩 유료 납품 사진이다. 유사 구도 반복 또는 제품 비중이 낮아 핵심보다 보조/기록용 우선순위가 맞다. 상업사용 범위는 사용자 확인으로 CLEARED 처리하되 현재 판매 SKU 동일성은 별도 검증한다.,2026-08-10,CLEARED,USER CONFIRMED PAID MARKETING
AST-0760,01_INPUT(입력_원본)/06_SOCIAL_PROOF(실제착용_소셜증거)/paid_marketing_todaylook/이현구_183.h.g_183cm_83kg_2024-10-11 08_55/wqV858BT55rO5lfeejQMH2Hz1TgXedl5uk51P871MRs0iz6rCgJ0U7AoxUut9NGL.jpg,wqV858BT55rO5lfeejQMH2Hz1TgXedl5uk51P871MRs0iz6rCgJ0U7AoxUut9NGL.jpg,jpg,유료 마케팅 착용,DAY,이현구_183.h.g 유료 마케팅 납품 SWEATSHIRT DAY 전면 및 착용 증거 사진,2580×3292,N/A — 정지 이미지,HIGH,HIGH,MEDIUM,SOCIAL PROOF / PRODUCT PROOF,TRUST AMPLIFIER / WORN PROOF / FRONT PROOF,[CURRENT SKU MATCH NEEDS VERIFICATION] 2026 판매 재고와 동일 SKU·사양인지 확인 필요. 제3자 액세서리·상표 노출은 채널별 크롭·Clearance 점검.,NO — 실제 제품·핏·인물은 생성형 AI로 변경하지 않고 크롭·색보정·먼지 정리만 허용.,"A-011B 신규 수집 TL-122; 원본 유지, 사전·사후 SHA-256 일치.",CANDIDATE,REVIEWED,B,실제 확인: DAY SWEATSHIRT의 전면 및 착용 증거가 보이는 오늘룩 유료 납품 사진이다. 전면·후면·소매·핏 중 하나를 실제로 보여 주는 보조 Product/Worn Proof다. 상업사용 범위는 사용자 확인으로 CLEARED 처리하되 현재 판매 SKU 동일성은 별도 검증한다.,2026-08-10,CLEARED,USER CONFIRMED PAID MARKETING
AST-0761,01_INPUT(입력_원본)/06_SOCIAL_PROOF(실제착용_소셜증거)/paid_marketing_todaylook/티마페이_timafolio_186cm_86kg_2024-10-11 08_35/2ZIc4mCVZyaMMODbOw3dS2nbGHjS08OTnhFiZQcRCD8MdDlWJAUKHOUMk1NVKSQq.jpg,2ZIc4mCVZyaMMODbOw3dS2nbGHjS08OTnhFiZQcRCD8MdDlWJAUKHOUMk1NVKSQq.jpg,jpg,유료 마케팅 착용,NIGHT,티마페이_timafolio 유료 마케팅 납품 T-SHIRT NIGHT 디테일 증거 사진,2580×3292,N/A — 정지 이미지,HIGH,HIGH,MEDIUM,SOCIAL PROOF / PRODUCT PROOF,TRUST AMPLIFIER / WORN PROOF / DETAIL PROOF,[CURRENT SKU MATCH NEEDS VERIFICATION] 2026 판매 재고와 동일 SKU·사양인지 확인 필요.,NO — 실제 제품·핏·인물은 생성형 AI로 변경하지 않고 크롭·색보정·먼지 정리만 허용.,"A-011B 신규 수집 TL-123; 원본 유지, 사전·사후 SHA-256 일치.",CANDIDATE,REVIEWED,B,실제 확인: NIGHT T-SHIRT의 디테일 증거가 보이는 오늘룩 유료 납품 사진이다. 전면·후면·소매·핏 중 하나를 실제로 보여 주는 보조 Product/Worn Proof다. 상업사용 범위는 사용자 확인으로 CLEARED 처리하되 현재 판매 SKU 동일성은 별도 검증한다.,2026-08-10,CLEARED,USER CONFIRMED PAID MARKETING
AST-0762,01_INPUT(입력_원본)/06_SOCIAL_PROOF(실제착용_소셜증거)/paid_marketing_todaylook/티마페이_timafolio_186cm_86kg_2024-10-11 08_35/6a2Uk4F0DNrFBdg0uZQoNrMrzAncrJQvm6N6FyaDMsCcJcK5Y794kuPN090LzuDj.jpg,6a2Uk4F0DNrFBdg0uZQoNrMrzAncrJQvm6N6FyaDMsCcJcK5Y794kuPN090LzuDj.jpg,jpg,유료 마케팅 착용,NIGHT,티마페이_timafolio 유료 마케팅 납품 T-SHIRT NIGHT 전면 및 착용 증거 사진,2580×3292,N/A — 정지 이미지,HIGH,HIGH,MEDIUM,SOCIAL PROOF / PRODUCT PROOF,TRUST AMPLIFIER / WORN PROOF / FRONT PROOF,[CURRENT SKU MATCH NEEDS VERIFICATION] 2026 판매 재고와 동일 SKU·사양인지 확인 필요. 제3자 액세서리·상표 노출은 채널별 크롭·Clearance 점검.,NO — 실제 제품·핏·인물은 생성형 AI로 변경하지 않고 크롭·색보정·먼지 정리만 허용.,"A-011B 신규 수집 TL-124; 원본 유지, 사전·사후 SHA-256 일치.",CANDIDATE,REVIEWED,B,실제 확인: NIGHT T-SHIRT의 전면 및 착용 증거가 보이는 오늘룩 유료 납품 사진이다. 전면·후면·소매·핏 중 하나를 실제로 보여 주는 보조 Product/Worn Proof다. 상업사용 범위는 사용자 확인으로 CLEARED 처리하되 현재 판매 SKU 동일성은 별도 검증한다.,2026-08-10,CLEARED,USER CONFIRMED PAID MARKETING
AST-0763,01_INPUT(입력_원본)/06_SOCIAL_PROOF(실제착용_소셜증거)/paid_marketing_todaylook/티마페이_timafolio_186cm_86kg_2024-10-11 08_35/9TU6SQj3fmwCt3TycUjlu1IpVo4GVbj8RUH0b5PblATUpFrL732bJLi9T1vL27G3.jpg,9TU6SQj3fmwCt3TycUjlu1IpVo4GVbj8RUH0b5PblATUpFrL732bJLi9T1vL27G3.jpg,jpg,유료 마케팅 착용,NIGHT,티마페이_timafolio 유료 마케팅 납품 T-SHIRT NIGHT 후면 및 그래픽 증거 사진,2580×3292,N/A — 정지 이미지,HIGH,HIGH,HIGH,SOCIAL PROOF / PRODUCT PROOF,TRUST AMPLIFIER / WORN PROOF / BACK PROOF,[CURRENT SKU MATCH NEEDS VERIFICATION] 2026 판매 재고와 동일 SKU·사양인지 확인 필요. 제3자 액세서리·상표 노출은 채널별 크롭·Clearance 점검.,NO — 실제 제품·핏·인물은 생성형 AI로 변경하지 않고 크롭·색보정·먼지 정리만 허용.,"A-011B 신규 수집 TL-125; 원본 유지, 사전·사후 SHA-256 일치.",CANDIDATE,REVIEWED,A,실제 확인: NIGHT T-SHIRT의 후면 및 그래픽 증거가 보이는 오늘룩 유료 납품 사진이다. 제품 후면 그래픽과 실제 착용 장면이 동시에 명확해 유료/유기적 소셜의 핵심 Trust Amplifier 후보다. 상업사용 범위는 사용자 확인으로 CLEARED 처리하되 현재 판매 SKU 동일성은 별도 검증한다.,2026-08-10,CLEARED,USER CONFIRMED PAID MARKETING
AST-0764,01_INPUT(입력_원본)/06_SOCIAL_PROOF(실제착용_소셜증거)/paid_marketing_todaylook/티마페이_timafolio_186cm_86kg_2024-10-11 08_35/LJqBunkA7xyPu918dVLfOl22Gh3KpVy7u9MrCiuEDm20lpIG9aqKtQL6qOJNN0Dv.jpg,LJqBunkA7xyPu918dVLfOl22Gh3KpVy7u9MrCiuEDm20lpIG9aqKtQL6qOJNN0Dv.jpg,jpg,유료 마케팅 착용,NIGHT,티마페이_timafolio 유료 마케팅 납품 T-SHIRT NIGHT 후면 및 그래픽 증거 사진,2580×3291,N/A — 정지 이미지,HIGH,HIGH,HIGH,SOCIAL PROOF / PRODUCT PROOF,TRUST AMPLIFIER / WORN PROOF / BACK PROOF,[CURRENT SKU MATCH NEEDS VERIFICATION] 2026 판매 재고와 동일 SKU·사양인지 확인 필요.,NO — 실제 제품·핏·인물은 생성형 AI로 변경하지 않고 크롭·색보정·먼지 정리만 허용.,"A-011B 신규 수집 TL-126; 원본 유지, 사전·사후 SHA-256 일치.",CANDIDATE,REVIEWED,A,실제 확인: NIGHT T-SHIRT의 후면 및 그래픽 증거가 보이는 오늘룩 유료 납품 사진이다. 제품 후면 그래픽과 실제 착용 장면이 동시에 명확해 유료/유기적 소셜의 핵심 Trust Amplifier 후보다. 상업사용 범위는 사용자 확인으로 CLEARED 처리하되 현재 판매 SKU 동일성은 별도 검증한다.,2026-08-10,CLEARED,USER CONFIRMED PAID MARKETING
AST-0765,01_INPUT(입력_원본)/06_SOCIAL_PROOF(실제착용_소셜증거)/paid_marketing_todaylook/티마페이_timafolio_186cm_86kg_2024-10-11 08_35/QlGoHGsqiAZ2DZPW5cnFfCYAdvOA6apyOwf1GulYnjCuGiiUfktQpNNTv4IJzS0Z.jpg,QlGoHGsqiAZ2DZPW5cnFfCYAdvOA6apyOwf1GulYnjCuGiiUfktQpNNTv4IJzS0Z.jpg,jpg,유료 마케팅 착용,NIGHT,티마페이_timafolio 유료 마케팅 납품 T-SHIRT NIGHT 전면 및 착용 증거 사진,2580×3292,N/A — 정지 이미지,HIGH,HIGH,MEDIUM,SOCIAL PROOF / PRODUCT PROOF,TRUST AMPLIFIER / WORN PROOF / FRONT PROOF,[CURRENT SKU MATCH NEEDS VERIFICATION] 2026 판매 재고와 동일 SKU·사양인지 확인 필요. 제3자 액세서리·상표 노출은 채널별 크롭·Clearance 점검.,NO — 실제 제품·핏·인물은 생성형 AI로 변경하지 않고 크롭·색보정·먼지 정리만 허용.,"A-011B 신규 수집 TL-127; 원본 유지, 사전·사후 SHA-256 일치.",CANDIDATE,REVIEWED,B,실제 확인: NIGHT T-SHIRT의 전면 및 착용 증거가 보이는 오늘룩 유료 납품 사진이다. 전면·후면·소매·핏 중 하나를 실제로 보여 주는 보조 Product/Worn Proof다. 상업사용 범위는 사용자 확인으로 CLEARED 처리하되 현재 판매 SKU 동일성은 별도 검증한다.,2026-08-10,CLEARED,USER CONFIRMED PAID MARKETING
AST-0766,01_INPUT(입력_원본)/06_SOCIAL_PROOF(실제착용_소셜증거)/paid_marketing_todaylook/티마페이_timafolio_186cm_86kg_2024-10-11 08_35/oza4VUgOZ5RnYPS1daw1YPbJ2oZ7AnJMDhTqTlpEoft420GSwNNGTwQcPZzGcbjY.jpg,oza4VUgOZ5RnYPS1daw1YPbJ2oZ7AnJMDhTqTlpEoft420GSwNNGTwQcPZzGcbjY.jpg,jpg,유료 마케팅 착용,NIGHT,티마페이_timafolio 유료 마케팅 납품 T-SHIRT NIGHT 디테일 증거 사진,2580×3291,N/A — 정지 이미지,HIGH,HIGH,MEDIUM,SOCIAL PROOF / PRODUCT PROOF,TRUST AMPLIFIER / WORN PROOF / DETAIL PROOF,[CURRENT SKU MATCH NEEDS VERIFICATION] 2026 판매 재고와 동일 SKU·사양인지 확인 필요.,NO — 실제 제품·핏·인물은 생성형 AI로 변경하지 않고 크롭·색보정·먼지 정리만 허용.,"A-011B 신규 수집 TL-128; 원본 유지, 사전·사후 SHA-256 일치.",CANDIDATE,REVIEWED,B,실제 확인: NIGHT T-SHIRT의 디테일 증거가 보이는 오늘룩 유료 납품 사진이다. 전면·후면·소매·핏 중 하나를 실제로 보여 주는 보조 Product/Worn Proof다. 상업사용 범위는 사용자 확인으로 CLEARED 처리하되 현재 판매 SKU 동일성은 별도 검증한다.,2026-08-10,CLEARED,USER CONFIRMED PAID MARKETING
AST-0767,01_INPUT(입력_원본)/01_BRAND(브랜드)/brand_identity/legacy_core_sources/EXPERIENCE/LOGO) XXX STUDIO_EXPERIENCE_메인.ai,LOGO) XXX STUDIO_EXPERIENCE_메인.ai,ai,브랜드 코어 원본,BRAND CORE,기존 XXX STUDIO 브랜드 코어 원본 — EXPERIENCE,벡터 편집 원본,N/A — 벡터 원본,HIGH,HIGH,HIGH,BRAND CORE / SOURCE REFERENCE,BRAND CORE SOURCE / LEGACY HYPOTHESIS,"[SUPPORT] 실제 과거 브랜드 원본이나 외부 공개 문구·영구 Brand Fact로 미승인. FLAWLESS·100의 절대적 표현과 영문 문법, 폰트·원본 소유권을 PHASE 02/Clearance에서 재검증.",NO — 원본 보존. 필요한 경우 PHASE 02 승인 후 타이포·영문 문법만 리마스터.,A-011B 상위 라이브러리 Brand Core 표적 탐색에서 발견; KOREA TOUR와 분리된 원본.,CANDIDATE,REVIEWED,A,"실제 확인: 교차선으로 분할된 정방형 심볼과 EXPERIENCE 워드마크로 구성된 편집 가능한 AI 원본이다. 현재 사용자 확정 위계의 EXPERIENCE BRAND 방향을 SUPPORT하지만, 과거 문구를 그대로 Brand Fact나 Campaign Copy로 확정하지 않는다.",2026-08-10,UNKNOWN,INTERNAL BRAND SOURCE — OWNERSHIP/FONT CONFIRMATION REQUIRED
AST-0768,01_INPUT(입력_원본)/01_BRAND(브랜드)/brand_identity/legacy_core_sources/EXPERIENCE/LOGO)-XXX-STUDIO_EXPERIENCE_메인.png,LOGO)-XXX-STUDIO_EXPERIENCE_메인.png,png,브랜드 코어 원본,BRAND CORE,기존 XXX STUDIO 브랜드 코어 원본 — EXPERIENCE,512×512,N/A — 정지 이미지,MEDIUM,HIGH,MEDIUM,BRAND CORE / SOURCE REFERENCE,BRAND CORE SOURCE / LEGACY HYPOTHESIS,"[SUPPORT] 실제 과거 브랜드 원본이나 외부 공개 문구·영구 Brand Fact로 미승인. FLAWLESS·100의 절대적 표현과 영문 문법, 폰트·원본 소유권을 PHASE 02/Clearance에서 재검증.",NO — 원본 보존. 필요한 경우 PHASE 02 승인 후 타이포·영문 문법만 리마스터.,A-011B 상위 라이브러리 Brand Core 표적 탐색에서 발견; KOREA TOUR와 분리된 원본.,CANDIDATE,REVIEWED,B,"실제 확인: 교차선으로 분할된 정방형 심볼과 EXPERIENCE 워드마크로 구성된 PNG 출력본이다. 현재 사용자 확정 위계의 EXPERIENCE BRAND 방향을 SUPPORT하지만, 과거 문구를 그대로 Brand Fact나 Campaign Copy로 확정하지 않는다.",2026-08-10,UNKNOWN,INTERNAL BRAND SOURCE — OWNERSHIP/FONT CONFIRMATION REQUIRED
AST-0769,01_INPUT(입력_원본)/01_BRAND(브랜드)/brand_identity/legacy_core_sources/EXPERIENCE/LOGO) XXX STUDIO_ANYWHERE.ai,LOGO) XXX STUDIO_ANYWHERE.ai,ai,브랜드 코어 원본,BRAND CORE,기존 XXX STUDIO 브랜드 코어 원본 — ANYWHERE,벡터 편집 원본,N/A — 벡터 원본,HIGH,HIGH,MEDIUM,BRAND CORE / SOURCE REFERENCE,BRAND CORE SOURCE / LEGACY HYPOTHESIS,"[SUPPORT / REFINE] 실제 과거 브랜드 원본이나 외부 공개 문구·영구 Brand Fact로 미승인. FLAWLESS·100의 절대적 표현과 영문 문법, 폰트·원본 소유권을 PHASE 02/Clearance에서 재검증.",NO — 원본 보존. 필요한 경우 PHASE 02 승인 후 타이포·영문 문법만 리마스터.,A-011B 상위 라이브러리 Brand Core 표적 탐색에서 발견; KOREA TOUR와 분리된 원본.,CANDIDATE,REVIEWED,B,"실제 확인: 삼각형 공간 심볼과 ANYWHERE 워드마크로 구성된 편집 가능한 AI 원본이다. 현재 사용자 확정 위계의 EXPERIENCE BRAND 방향을 SUPPORT / REFINE하지만, 과거 문구를 그대로 Brand Fact나 Campaign Copy로 확정하지 않는다.",2026-08-10,UNKNOWN,INTERNAL BRAND SOURCE — OWNERSHIP/FONT CONFIRMATION REQUIRED
AST-0770,01_INPUT(입력_원본)/01_BRAND(브랜드)/brand_identity/legacy_core_sources/EXPERIENCE/LOGO)-XXX-STUDIO_ANYWHERE.png,LOGO)-XXX-STUDIO_ANYWHERE.png,png,브랜드 코어 원본,BRAND CORE,기존 XXX STUDIO 브랜드 코어 원본 — ANYWHERE,512×512,N/A — 정지 이미지,MEDIUM,HIGH,LOW,BRAND CORE / SOURCE REFERENCE,BRAND CORE SOURCE / LEGACY HYPOTHESIS,"[SUPPORT / REFINE] 실제 과거 브랜드 원본이나 외부 공개 문구·영구 Brand Fact로 미승인. FLAWLESS·100의 절대적 표현과 영문 문법, 폰트·원본 소유권을 PHASE 02/Clearance에서 재검증.",NO — 원본 보존. 필요한 경우 PHASE 02 승인 후 타이포·영문 문법만 리마스터.,A-011B 상위 라이브러리 Brand Core 표적 탐색에서 발견; KOREA TOUR와 분리된 원본.,CANDIDATE,REVIEWED,C,"실제 확인: 삼각형 공간 심볼과 ANYWHERE 워드마크로 구성된 PNG 출력본이다. 현재 사용자 확정 위계의 EXPERIENCE BRAND 방향을 SUPPORT / REFINE하지만, 과거 문구를 그대로 Brand Fact나 Campaign Copy로 확정하지 않는다.",2026-08-10,UNKNOWN,INTERNAL BRAND SOURCE — OWNERSHIP/FONT CONFIRMATION REQUIRED
AST-0771,01_INPUT(입력_원본)/01_BRAND(브랜드)/brand_identity/legacy_core_sources/EXPERIENCE/LOGO) XXX STUDIO_ANYTHING.ai,LOGO) XXX STUDIO_ANYTHING.ai,ai,브랜드 코어 원본,BRAND CORE,기존 XXX STUDIO 브랜드 코어 원본 — ANYTHING,벡터 편집 원본,N/A — 벡터 원본,HIGH,HIGH,MEDIUM,BRAND CORE / SOURCE REFERENCE,BRAND CORE SOURCE / LEGACY HYPOTHESIS,"[SUPPORT / REFINE] 실제 과거 브랜드 원본이나 외부 공개 문구·영구 Brand Fact로 미승인. FLAWLESS·100의 절대적 표현과 영문 문법, 폰트·원본 소유권을 PHASE 02/Clearance에서 재검증.",NO — 원본 보존. 필요한 경우 PHASE 02 승인 후 타이포·영문 문법만 리마스터.,A-011B 상위 라이브러리 Brand Core 표적 탐색에서 발견; KOREA TOUR와 분리된 원본.,CANDIDATE,REVIEWED,B,"실제 확인: 정방형 공간 심볼과 ANYTHING 워드마크로 구성된 편집 가능한 AI 원본이다. 현재 사용자 확정 위계의 EXPERIENCE BRAND 방향을 SUPPORT / REFINE하지만, 과거 문구를 그대로 Brand Fact나 Campaign Copy로 확정하지 않는다.",2026-08-10,UNKNOWN,INTERNAL BRAND SOURCE — OWNERSHIP/FONT CONFIRMATION REQUIRED
AST-0772,01_INPUT(입력_원본)/01_BRAND(브랜드)/brand_identity/legacy_core_sources/EXPERIENCE/LOGO)-XXX-STUDIO_ANYTHING.png,LOGO)-XXX-STUDIO_ANYTHING.png,png,브랜드 코어 원본,BRAND CORE,기존 XXX STUDIO 브랜드 코어 원본 — ANYTHING,512×512,N/A — 정지 이미지,MEDIUM,HIGH,LOW,BRAND CORE / SOURCE REFERENCE,BRAND CORE SOURCE / LEGACY HYPOTHESIS,"[SUPPORT / REFINE] 실제 과거 브랜드 원본이나 외부 공개 문구·영구 Brand Fact로 미승인. FLAWLESS·100의 절대적 표현과 영문 문법, 폰트·원본 소유권을 PHASE 02/Clearance에서 재검증.",NO — 원본 보존. 필요한 경우 PHASE 02 승인 후 타이포·영문 문법만 리마스터.,A-011B 상위 라이브러리 Brand Core 표적 탐색에서 발견; KOREA TOUR와 분리된 원본.,CANDIDATE,REVIEWED,C,"실제 확인: 정방형 공간 심볼과 ANYTHING 워드마크로 구성된 PNG 출력본이다. 현재 사용자 확정 위계의 EXPERIENCE BRAND 방향을 SUPPORT / REFINE하지만, 과거 문구를 그대로 Brand Fact나 Campaign Copy로 확정하지 않는다.",2026-08-10,UNKNOWN,INTERNAL BRAND SOURCE — OWNERSHIP/FONT CONFIRMATION REQUIRED
AST-0773,01_INPUT(입력_원본)/01_BRAND(브랜드)/brand_identity/legacy_core_sources/EXPERIENCE/LOGO) XXX STUDIO_ANYTIME.ai,LOGO) XXX STUDIO_ANYTIME.ai,ai,브랜드 코어 원본,BRAND CORE,기존 XXX STUDIO 브랜드 코어 원본 — ANYTIME,벡터 편집 원본,N/A — 벡터 원본,HIGH,HIGH,MEDIUM,BRAND CORE / SOURCE REFERENCE,BRAND CORE SOURCE / LEGACY HYPOTHESIS,"[SUPPORT / REFINE] 실제 과거 브랜드 원본이나 외부 공개 문구·영구 Brand Fact로 미승인. FLAWLESS·100의 절대적 표현과 영문 문법, 폰트·원본 소유권을 PHASE 02/Clearance에서 재검증.",NO — 원본 보존. 필요한 경우 PHASE 02 승인 후 타이포·영문 문법만 리마스터.,A-011B 상위 라이브러리 Brand Core 표적 탐색에서 발견; KOREA TOUR와 분리된 원본.,CANDIDATE,REVIEWED,B,"실제 확인: 타원형 공간 심볼과 ANYTIME 워드마크로 구성된 편집 가능한 AI 원본이다. 현재 사용자 확정 위계의 EXPERIENCE BRAND 방향을 SUPPORT / REFINE하지만, 과거 문구를 그대로 Brand Fact나 Campaign Copy로 확정하지 않는다.",2026-08-10,UNKNOWN,INTERNAL BRAND SOURCE — OWNERSHIP/FONT CONFIRMATION REQUIRED
AST-0774,01_INPUT(입력_원본)/01_BRAND(브랜드)/brand_identity/legacy_core_sources/EXPERIENCE/LOGO)-XXX-STUDIO_ANYTIME.png,LOGO)-XXX-STUDIO_ANYTIME.png,png,브랜드 코어 원본,BRAND CORE,기존 XXX STUDIO 브랜드 코어 원본 — ANYTIME,512×512,N/A — 정지 이미지,MEDIUM,HIGH,LOW,BRAND CORE / SOURCE REFERENCE,BRAND CORE SOURCE / LEGACY HYPOTHESIS,"[SUPPORT / REFINE] 실제 과거 브랜드 원본이나 외부 공개 문구·영구 Brand Fact로 미승인. FLAWLESS·100의 절대적 표현과 영문 문법, 폰트·원본 소유권을 PHASE 02/Clearance에서 재검증.",NO — 원본 보존. 필요한 경우 PHASE 02 승인 후 타이포·영문 문법만 리마스터.,A-011B 상위 라이브러리 Brand Core 표적 탐색에서 발견; KOREA TOUR와 분리된 원본.,CANDIDATE,REVIEWED,C,"실제 확인: 타원형 공간 심볼과 ANYTIME 워드마크로 구성된 PNG 출력본이다. 현재 사용자 확정 위계의 EXPERIENCE BRAND 방향을 SUPPORT / REFINE하지만, 과거 문구를 그대로 Brand Fact나 Campaign Copy로 확정하지 않는다.",2026-08-10,UNKNOWN,INTERNAL BRAND SOURCE — OWNERSHIP/FONT CONFIRMATION REQUIRED
AST-0775,01_INPUT(입력_원본)/01_BRAND(브랜드)/brand_identity/legacy_core_sources/EXPERIENCE/글귀.ai,글귀.ai,ai,브랜드 코어 원본,BRAND CORE,기존 XXX STUDIO 브랜드 코어 원본 — THIS IS THE SPACE,벡터 편집 원본,N/A — 벡터 원본,HIGH,HIGH,HIGH,BRAND CORE / SOURCE REFERENCE,BRAND CORE SOURCE / LEGACY HYPOTHESIS,"[SUPPORT / REFINE] 실제 과거 브랜드 원본이나 외부 공개 문구·영구 Brand Fact로 미승인. FLAWLESS·100의 절대적 표현과 영문 문법, 폰트·원본 소유권을 PHASE 02/Clearance에서 재검증.",NO — 원본 보존. 필요한 경우 PHASE 02 승인 후 타이포·영문 문법만 리마스터.,A-011B 상위 라이브러리 Brand Core 표적 탐색에서 발견; KOREA TOUR와 분리된 원본.,CANDIDATE,REVIEWED,A,"실제 확인: `THIS IS THE [SPACE] THAT EXPERIENCE (XXX)` 문구와 세 가지 공간 심볼로 구성된 편집 가능한 AI 원본이다. 현재 사용자 확정 위계의 EXPERIENCE BRAND 방향을 SUPPORT / REFINE하지만, 과거 문구를 그대로 Brand Fact나 Campaign Copy로 확정하지 않는다.",2026-08-10,UNKNOWN,INTERNAL BRAND SOURCE — OWNERSHIP/FONT CONFIRMATION REQUIRED
AST-0776,01_INPUT(입력_원본)/01_BRAND(브랜드)/brand_identity/legacy_core_sources/EXPERIENCE/글귀(0.3_24).png,글귀(0.3_24).png,png,브랜드 코어 원본,BRAND CORE,기존 XXX STUDIO 브랜드 코어 원본 — THIS IS THE SPACE,512×512,N/A — 정지 이미지,MEDIUM,HIGH,MEDIUM,BRAND CORE / SOURCE REFERENCE,BRAND CORE SOURCE / LEGACY HYPOTHESIS,"[SUPPORT / REFINE] 실제 과거 브랜드 원본이나 외부 공개 문구·영구 Brand Fact로 미승인. FLAWLESS·100의 절대적 표현과 영문 문법, 폰트·원본 소유권을 PHASE 02/Clearance에서 재검증.",NO — 원본 보존. 필요한 경우 PHASE 02 승인 후 타이포·영문 문법만 리마스터.,A-011B 상위 라이브러리 Brand Core 표적 탐색에서 발견; KOREA TOUR와 분리된 원본.,CANDIDATE,REVIEWED,B,"실제 확인: `THIS IS THE [SPACE] THAT EXPERIENCE (XXX)` 문구와 세 가지 공간 심볼로 구성된 PNG 출력본이다. 현재 사용자 확정 위계의 EXPERIENCE BRAND 방향을 SUPPORT / REFINE하지만, 과거 문구를 그대로 Brand Fact나 Campaign Copy로 확정하지 않는다.",2026-08-10,UNKNOWN,INTERNAL BRAND SOURCE — OWNERSHIP/FONT CONFIRMATION REQUIRED
AST-0777,01_INPUT(입력_원본)/01_BRAND(브랜드)/brand_identity/legacy_core_sources/FLAWLESS/XXX 의미(WEB).ai,XXX 의미(WEB).ai,ai,브랜드 코어 원본,BRAND CORE,기존 XXX STUDIO 브랜드 코어 원본 — XXX = 100 / FLAWLESS,벡터 편집 원본,N/A — 벡터 원본,HIGH,HIGH,MEDIUM,BRAND CORE / SOURCE REFERENCE,BRAND CORE SOURCE / LEGACY HYPOTHESIS,"[SUPPORT / REFINE] 실제 과거 브랜드 원본이나 외부 공개 문구·영구 Brand Fact로 미승인. FLAWLESS·100의 절대적 표현과 영문 문법, 폰트·원본 소유권을 PHASE 02/Clearance에서 재검증.",NO — 원본 보존. 필요한 경우 PHASE 02 승인 후 타이포·영문 문법만 리마스터.,A-011B 상위 라이브러리 Brand Core 표적 탐색에서 발견; KOREA TOUR와 분리된 원본.,CANDIDATE,REVIEWED,B,"실제 확인: `XXX`를 숫자 100과 FLAWLESS에 연결한 의미 정의로 구성된 편집 가능한 AI 원본이다. 현재 사용자 확정 위계의 EXPERIENCE BRAND 방향을 SUPPORT / REFINE하지만, 과거 문구를 그대로 Brand Fact나 Campaign Copy로 확정하지 않는다.",2026-08-10,UNKNOWN,INTERNAL BRAND SOURCE — OWNERSHIP/FONT CONFIRMATION REQUIRED
AST-0778,01_INPUT(입력_원본)/01_BRAND(브랜드)/brand_identity/legacy_core_sources/FLAWLESS/XXX-의미(WEB).png,XXX-의미(WEB).png,png,브랜드 코어 원본,BRAND CORE,기존 XXX STUDIO 브랜드 코어 원본 — XXX = 100 / FLAWLESS,512×512,N/A — 정지 이미지,MEDIUM,HIGH,LOW,BRAND CORE / SOURCE REFERENCE,BRAND CORE SOURCE / LEGACY HYPOTHESIS,"[SUPPORT / REFINE] 실제 과거 브랜드 원본이나 외부 공개 문구·영구 Brand Fact로 미승인. FLAWLESS·100의 절대적 표현과 영문 문법, 폰트·원본 소유권을 PHASE 02/Clearance에서 재검증.",NO — 원본 보존. 필요한 경우 PHASE 02 승인 후 타이포·영문 문법만 리마스터.,A-011B 상위 라이브러리 Brand Core 표적 탐색에서 발견; KOREA TOUR와 분리된 원본.,CANDIDATE,REVIEWED,C,"실제 확인: `XXX`를 숫자 100과 FLAWLESS에 연결한 의미 정의로 구성된 PNG 출력본이다. 현재 사용자 확정 위계의 EXPERIENCE BRAND 방향을 SUPPORT / REFINE하지만, 과거 문구를 그대로 Brand Fact나 Campaign Copy로 확정하지 않는다.",2026-08-10,UNKNOWN,INTERNAL BRAND SOURCE — OWNERSHIP/FONT CONFIRMATION REQUIRED
AST-0779,01_INPUT(입력_원본)/01_BRAND(브랜드)/brand_identity/legacy_core_sources/FLAWLESS/XXX 철학(WEB).ai,XXX 철학(WEB).ai,ai,브랜드 코어 원본,BRAND CORE,기존 XXX STUDIO 브랜드 코어 원본 — AIM TO XXX,벡터 편집 원본,N/A — 벡터 원본,HIGH,HIGH,MEDIUM,BRAND CORE / SOURCE REFERENCE,BRAND CORE SOURCE / LEGACY HYPOTHESIS,"[SUPPORT / REFINE] 실제 과거 브랜드 원본이나 외부 공개 문구·영구 Brand Fact로 미승인. FLAWLESS·100의 절대적 표현과 영문 문법, 폰트·원본 소유권을 PHASE 02/Clearance에서 재검증.",NO — 원본 보존. 필요한 경우 PHASE 02 승인 후 타이포·영문 문법만 리마스터.,A-011B 상위 라이브러리 Brand Core 표적 탐색에서 발견; KOREA TOUR와 분리된 원본.,CANDIDATE,REVIEWED,B,"실제 확인: `AIM TO (XXX) / STRIVE FOR [100] / REACH [FLAWLESS]` 문구로 구성된 편집 가능한 AI 원본이다. 현재 사용자 확정 위계의 EXPERIENCE BRAND 방향을 SUPPORT / REFINE하지만, 과거 문구를 그대로 Brand Fact나 Campaign Copy로 확정하지 않는다.",2026-08-10,UNKNOWN,INTERNAL BRAND SOURCE — OWNERSHIP/FONT CONFIRMATION REQUIRED
AST-0780,01_INPUT(입력_원본)/01_BRAND(브랜드)/brand_identity/legacy_core_sources/FLAWLESS/XXX-철학(WEB).png,XXX-철학(WEB).png,png,브랜드 코어 원본,BRAND CORE,기존 XXX STUDIO 브랜드 코어 원본 — AIM TO XXX,512×512,N/A — 정지 이미지,MEDIUM,HIGH,LOW,BRAND CORE / SOURCE REFERENCE,BRAND CORE SOURCE / LEGACY HYPOTHESIS,"[SUPPORT / REFINE] 실제 과거 브랜드 원본이나 외부 공개 문구·영구 Brand Fact로 미승인. FLAWLESS·100의 절대적 표현과 영문 문법, 폰트·원본 소유권을 PHASE 02/Clearance에서 재검증.",NO — 원본 보존. 필요한 경우 PHASE 02 승인 후 타이포·영문 문법만 리마스터.,A-011B 상위 라이브러리 Brand Core 표적 탐색에서 발견; KOREA TOUR와 분리된 원본.,CANDIDATE,REVIEWED,C,"실제 확인: `AIM TO (XXX) / STRIVE FOR [100] / REACH [FLAWLESS]` 문구로 구성된 PNG 출력본이다. 현재 사용자 확정 위계의 EXPERIENCE BRAND 방향을 SUPPORT / REFINE하지만, 과거 문구를 그대로 Brand Fact나 Campaign Copy로 확정하지 않는다.",2026-08-10,UNKNOWN,INTERNAL BRAND SOURCE — OWNERSHIP/FONT CONFIRMATION REQUIRED
AST-0781,01_INPUT(입력_원본)/01_BRAND(브랜드)/brand_identity/legacy_core_sources/FLAWLESS/XXX 수식(WEB).ai,XXX 수식(WEB).ai,ai,브랜드 코어 원본,BRAND CORE,기존 XXX STUDIO 브랜드 코어 원본 — XXX FORMULA,벡터 편집 원본,N/A — 벡터 원본,HIGH,HIGH,MEDIUM,BRAND CORE / SOURCE REFERENCE,BRAND CORE SOURCE / LEGACY HYPOTHESIS,"[SUPPORT / REFINE] 실제 과거 브랜드 원본이나 외부 공개 문구·영구 Brand Fact로 미승인. FLAWLESS·100의 절대적 표현과 영문 문법, 폰트·원본 소유권을 PHASE 02/Clearance에서 재검증.",NO — 원본 보존. 필요한 경우 PHASE 02 승인 후 타이포·영문 문법만 리마스터.,A-011B 상위 라이브러리 Brand Core 표적 탐색에서 발견; KOREA TOUR와 분리된 원본.,CANDIDATE,REVIEWED,B,"실제 확인: `10×10=100 / X×X×X=FLAWLESS` 수식형 그래픽로 구성된 편집 가능한 AI 원본이다. 현재 사용자 확정 위계의 EXPERIENCE BRAND 방향을 SUPPORT / REFINE하지만, 과거 문구를 그대로 Brand Fact나 Campaign Copy로 확정하지 않는다.",2026-08-10,UNKNOWN,INTERNAL BRAND SOURCE — OWNERSHIP/FONT CONFIRMATION REQUIRED
AST-0782,01_INPUT(입력_원본)/01_BRAND(브랜드)/brand_identity/legacy_core_sources/FLAWLESS/XXX-수식(WEB).png,XXX-수식(WEB).png,png,브랜드 코어 원본,BRAND CORE,기존 XXX STUDIO 브랜드 코어 원본 — XXX FORMULA,512×512,N/A — 정지 이미지,MEDIUM,HIGH,LOW,BRAND CORE / SOURCE REFERENCE,BRAND CORE SOURCE / LEGACY HYPOTHESIS,"[SUPPORT / REFINE] 실제 과거 브랜드 원본이나 외부 공개 문구·영구 Brand Fact로 미승인. FLAWLESS·100의 절대적 표현과 영문 문법, 폰트·원본 소유권을 PHASE 02/Clearance에서 재검증.",NO — 원본 보존. 필요한 경우 PHASE 02 승인 후 타이포·영문 문법만 리마스터.,A-011B 상위 라이브러리 Brand Core 표적 탐색에서 발견; KOREA TOUR와 분리된 원본.,CANDIDATE,REVIEWED,C,"실제 확인: `10×10=100 / X×X×X=FLAWLESS` 수식형 그래픽로 구성된 PNG 출력본이다. 현재 사용자 확정 위계의 EXPERIENCE BRAND 방향을 SUPPORT / REFINE하지만, 과거 문구를 그대로 Brand Fact나 Campaign Copy로 확정하지 않는다.",2026-08-10,UNKNOWN,INTERNAL BRAND SOURCE — OWNERSHIP/FONT CONFIRMATION REQUIRED
AST-0783,01_INPUT(입력_원본)/05_PRODUCTS(제품)/caps/day/1) 모자_DAY_앞(배경).png,1) 모자_DAY_앞(배경).png,png,CAP 제품·생산 근거,DAY,CAP DAY 전면 실물 제품사진,5000×5000,N/A — 정지/편집 원본,HIGH,HIGH,HIGH,PRODUCT PROOF,PRODUCT HERO / FRONT PROOF,[CURRENT SKU MATCH NEEDS VERIFICATION] 2024 본생산·촬영 제품과 2026 판매 재고의 동일 SKU·사양은 실재고 라벨·실측 대조 필요.,NO — 실제 제품·자수·핏은 생성형 AI로 변경하지 않음. 크롭·배경 정리·색상 보정만 허용.,B-014 사용자 승인 CAP 원본 COPY 수입. 원본 이름 유지·덮어쓰기 없음·SHA-256 일치 확인.,CANDIDATE,REVIEWED,A,실제 확인: DAY 흰색 CAP의 전면 한글 서울 시그니처 검정 자수를 명확히 보여 주는 핵심 제품 근거다.,2026-08-11,CLEARED,USER CONFIRMED OWNED / PAID / PERMITTED; CURRENT SKU MATCH SEPARATE
AST-0784,01_INPUT(입력_원본)/05_PRODUCTS(제품)/caps/day/2) 모자_DAY_45.png,2) 모자_DAY_45.png,png,CAP 제품·생산 근거,DAY,CAP DAY 45도 실물 제품사진,5000×5000,N/A — 정지/편집 원본,HIGH,HIGH,HIGH,PRODUCT PROOF,PRODUCT HERO / FRONT + SIDE PROOF,[CURRENT SKU MATCH NEEDS VERIFICATION] 2024 본생산·촬영 제품과 2026 판매 재고의 동일 SKU·사양은 실재고 라벨·실측 대조 필요.,NO — 실제 제품·자수·핏은 생성형 AI로 변경하지 않음. 크롭·배경 정리·색상 보정만 허용.,B-014 사용자 승인 CAP 원본 COPY 수입. 원본 이름 유지·덮어쓰기 없음·SHA-256 일치 확인.,CANDIDATE,REVIEWED,A,실제 확인: DAY CAP의 전면 한글 서울과 최종 측면 `+82 / DAY / 02 / 선형 막대 / SEOUL` 검정 자수를 함께 보여 주는 핵심 Product Proof다.,2026-08-11,CLEARED,USER CONFIRMED OWNED / PAID / PERMITTED; CURRENT SKU MATCH SEPARATE
AST-0785,01_INPUT(입력_원본)/05_PRODUCTS(제품)/caps/day/3) 모자_DAY_기움.png,3) 모자_DAY_기움.png,png,CAP 제품·생산 근거,DAY,CAP DAY 측면 실물 제품사진,5000×5000,N/A — 정지/편집 원본,HIGH,HIGH,MEDIUM,PRODUCT PROOF,DETAIL PROOF / SIDE EMBROIDERY,[CURRENT SKU MATCH NEEDS VERIFICATION] 2024 본생산·촬영 제품과 2026 판매 재고의 동일 SKU·사양은 실재고 라벨·실측 대조 필요.,NO — 실제 제품·자수·핏은 생성형 AI로 변경하지 않음. 크롭·배경 정리·색상 보정만 허용.,B-014 사용자 승인 CAP 원본 COPY 수입. 원본 이름 유지·덮어쓰기 없음·SHA-256 일치 확인.,CANDIDATE,REVIEWED,B,실제 확인: DAY CAP 측면의 정보형 검정 자수와 G14 기성 베이스 실루엣을 보여 주는 디테일 근거다.,2026-08-11,CLEARED,USER CONFIRMED OWNED / PAID / PERMITTED; CURRENT SKU MATCH SEPARATE
AST-0786,01_INPUT(입력_원본)/05_PRODUCTS(제품)/caps/day/4) 모자_DAY_뒤.png,4) 모자_DAY_뒤.png,png,CAP 제품·생산 근거,DAY,CAP DAY 후면 실물 제품사진,5000×5000,N/A — 정지/편집 원본,HIGH,HIGH,MEDIUM,PRODUCT PROOF,DETAIL PROOF / BACK EMBROIDERY,[CURRENT SKU MATCH NEEDS VERIFICATION] 2024 본생산·촬영 제품과 2026 판매 재고의 동일 SKU·사양은 실재고 라벨·실측 대조 필요.,NO — 실제 제품·자수·핏은 생성형 AI로 변경하지 않음. 크롭·배경 정리·색상 보정만 허용.,B-014 사용자 승인 CAP 원본 COPY 수입. 원본 이름 유지·덮어쓰기 없음·SHA-256 일치 확인.,CANDIDATE,REVIEWED,B,실제 확인: DAY CAP 뒤 조절구 위 `XXX STUDIO` 검정 아치형 자수를 명확히 보여 준다.,2026-08-11,CLEARED,USER CONFIRMED OWNED / PAID / PERMITTED; CURRENT SKU MATCH SEPARATE
AST-0787,01_INPUT(입력_원본)/05_PRODUCTS(제품)/caps/night/1) 모자_NIGHT_앞(배경).png,1) 모자_NIGHT_앞(배경).png,png,CAP 제품·생산 근거,NIGHT,CAP NIGHT 전면 실물 제품사진,5000×5000,N/A — 정지/편집 원본,HIGH,HIGH,HIGH,PRODUCT PROOF,PRODUCT HERO / FRONT PROOF,[CURRENT SKU MATCH NEEDS VERIFICATION] 2024 본생산·촬영 제품과 2026 판매 재고의 동일 SKU·사양은 실재고 라벨·실측 대조 필요.,NO — 실제 제품·자수·핏은 생성형 AI로 변경하지 않음. 크롭·배경 정리·색상 보정만 허용.,B-014 사용자 승인 CAP 원본 COPY 수입. 원본 이름 유지·덮어쓰기 없음·SHA-256 일치 확인.,CANDIDATE,REVIEWED,A,실제 확인: NIGHT 검정 CAP의 전면 한글 서울 시그니처 흰색 자수를 명확히 보여 주는 핵심 제품 근거다.,2026-08-11,CLEARED,USER CONFIRMED OWNED / PAID / PERMITTED; CURRENT SKU MATCH SEPARATE
AST-0788,01_INPUT(입력_원본)/05_PRODUCTS(제품)/caps/night/2) 모자_NIGHT_45.png,2) 모자_NIGHT_45.png,png,CAP 제품·생산 근거,NIGHT,CAP NIGHT 45도 실물 제품사진,5000×5000,N/A — 정지/편집 원본,HIGH,HIGH,HIGH,PRODUCT PROOF,PRODUCT HERO / FRONT + SIDE PROOF,[CURRENT SKU MATCH NEEDS VERIFICATION] 2024 본생산·촬영 제품과 2026 판매 재고의 동일 SKU·사양은 실재고 라벨·실측 대조 필요.,NO — 실제 제품·자수·핏은 생성형 AI로 변경하지 않음. 크롭·배경 정리·색상 보정만 허용.,B-014 사용자 승인 CAP 원본 COPY 수입. 원본 이름 유지·덮어쓰기 없음·SHA-256 일치 확인.,CANDIDATE,REVIEWED,A,실제 확인: NIGHT CAP의 전면 한글 서울과 최종 측면 `+82 / NIGHT / 02 / 선형 막대 / SEOUL` 흰색 자수를 함께 보여 주는 핵심 Product Proof다.,2026-08-11,CLEARED,USER CONFIRMED OWNED / PAID / PERMITTED; CURRENT SKU MATCH SEPARATE
AST-0789,01_INPUT(입력_원본)/05_PRODUCTS(제품)/caps/night/3) 모자_NIGHT.png,3) 모자_NIGHT.png,png,CAP 제품·생산 근거,NIGHT,CAP NIGHT 측면 실물 제품사진,5000×5000,N/A — 정지/편집 원본,HIGH,HIGH,MEDIUM,PRODUCT PROOF,DETAIL PROOF / SIDE EMBROIDERY,[CURRENT SKU MATCH NEEDS VERIFICATION] 2024 본생산·촬영 제품과 2026 판매 재고의 동일 SKU·사양은 실재고 라벨·실측 대조 필요.,NO — 실제 제품·자수·핏은 생성형 AI로 변경하지 않음. 크롭·배경 정리·색상 보정만 허용.,B-014 사용자 승인 CAP 원본 COPY 수입. 원본 이름 유지·덮어쓰기 없음·SHA-256 일치 확인.,CANDIDATE,REVIEWED,B,실제 확인: NIGHT CAP 측면의 정보형 흰색 자수와 G14 기성 베이스 실루엣을 보여 주는 디테일 근거다.,2026-08-11,CLEARED,USER CONFIRMED OWNED / PAID / PERMITTED; CURRENT SKU MATCH SEPARATE
AST-0790,01_INPUT(입력_원본)/05_PRODUCTS(제품)/caps/night/4) 모자_NIGHT_뒤.png,4) 모자_NIGHT_뒤.png,png,CAP 제품·생산 근거,NIGHT,CAP NIGHT 후면 실물 제품사진,5000×5000,N/A — 정지/편집 원본,HIGH,HIGH,MEDIUM,PRODUCT PROOF,DETAIL PROOF / BACK EMBROIDERY,[CURRENT SKU MATCH NEEDS VERIFICATION] 2024 본생산·촬영 제품과 2026 판매 재고의 동일 SKU·사양은 실재고 라벨·실측 대조 필요.,NO — 실제 제품·자수·핏은 생성형 AI로 변경하지 않음. 크롭·배경 정리·색상 보정만 허용.,B-014 사용자 승인 CAP 원본 COPY 수입. 원본 이름 유지·덮어쓰기 없음·SHA-256 일치 확인.,CANDIDATE,REVIEWED,B,실제 확인: NIGHT CAP 뒤 조절구 위 `XXX STUDIO` 흰색 아치형 자수를 명확히 보여 준다.,2026-08-11,CLEARED,USER CONFIRMED OWNED / PAID / PERMITTED; CURRENT SKU MATCH SEPARATE
AST-0791,01_INPUT(입력_원본)/05_PRODUCTS(제품)/caps/artwork/자수) XXX STUDIO_KOREA TOUR_SEOUL_CAP(아트워크)_수정본.ai,자수) XXX STUDIO_KOREA TOUR_SEOUL_CAP(아트워크)_수정본.ai,ai,CAP 제품·생산 근거,DAY / NIGHT,CAP 자수 최종 수정 편집 원본,벡터 편집 원본,N/A — 정지/편집 원본,HIGH,HIGH,HIGH,PRODUCT PROOF / DESIGN SOURCE,DESIGN SOURCE / EMBROIDERY ARTWORK,[SOURCE TRACE] 박선규 Kakao·최종 작업지시서·2024-10-26 실물사진과 함께 사용.,NO — 편집 원본 보존.,B-014 사용자 승인 CAP 원본 COPY 수입. 원본 이름 유지·덮어쓰기 없음·SHA-256 일치 확인.,CANDIDATE,REVIEWED,A,실제 확인: CAP 전면 한글 서울·측면 DAY/NIGHT 정보·후면 XXX STUDIO 자수 시스템의 편집 가능한 최종 수정 원본이다.,2026-08-11,CLEARED,USER CONFIRMED OWNED / PAID / PERMITTED; CURRENT SKU MATCH SEPARATE
AST-0792,01_INPUT(입력_원본)/05_PRODUCTS(제품)/caps/artwork/자수)-XXX-STUDIO_KOREA-TOUR_SEOUL_CAP(아트워크)_수정본.png,자수)-XXX-STUDIO_KOREA-TOUR_SEOUL_CAP(아트워크)_수정본.png,png,CAP 제품·생산 근거,DAY / NIGHT,CAP 자수 최종 수정 PNG 미리보기,336×288,N/A — 정지/편집 원본,MEDIUM,MEDIUM,LOW,SOURCE REFERENCE,DERIVATIVE PREVIEW,[SOURCE TRACE] 편집 AI 원본의 파생 PNG 미리보기.,NO — 실제 제품·자수를 생성형 AI로 변경하지 않음.,B-014 사용자 승인 CAP 원본 COPY 수입. 원본 이름 유지·덮어쓰기 없음·SHA-256 일치 확인.,CANDIDATE,REVIEWED,EXCLUDE,실제 확인: 편집 가능한 AI 원본의 저해상도 PNG 미리보기이므로 별도 Campaign 사용 대상에서 제외한다.,2026-08-11,CLEARED,USER CONFIRMED OWNED / PAID / PERMITTED; CURRENT SKU MATCH SEPARATE
AST-0793,01_INPUT(입력_원본)/05_PRODUCTS(제품)/caps/production_sources/작업지시서) XXX STUDIO_KOREA TOUR_SEOUL_CAP(DAY).xlsx,작업지시서) XXX STUDIO_KOREA TOUR_SEOUL_CAP(DAY).xlsx,xlsx,CAP 제품·생산 근거,DAY,CAP DAY 본생산 작업지시서,워크북 원본,N/A — 편집 원본,N/A,N/A,LOW,PRODUCT PROOF / SOURCE REFERENCE,FINAL PRODUCTION SOURCE,[SUPERSEDED CELL WARNING] 작업지시서 내부의 14수 피그Bio/M 셀은 2024-10-07~08 최종 G14 16수 선워싱 선택으로 폐기된 초기값.,NO — 편집 원본 보존.,B-014 사용자 승인 CAP 원본 COPY 수입. 원본 이름 유지·덮어쓰기 없음·SHA-256 일치 확인.,CANDIDATE,REVIEWED,HOLD,실제 확인: CAP DAY 자수 위치·크기·색을 복원하는 생산 근거다. 초기 블랭크 사양은 박선규 Kakao의 최종 G14 선택으로 대체해 읽어야 한다.,2026-08-11,CLEARED,INTERNAL PRODUCTION SOURCE; CURRENT SKU MATCH SEPARATE
AST-0794,01_INPUT(입력_원본)/05_PRODUCTS(제품)/caps/production_sources/작업지시서) XXX STUDIO_KOREA TOUR_SEOUL_CAP(NIGHT)_수정본.xlsx,작업지시서) XXX STUDIO_KOREA TOUR_SEOUL_CAP(NIGHT)_수정본.xlsx,xlsx,CAP 제품·생산 근거,NIGHT,CAP NIGHT 수정 본생산 작업지시서,워크북 원본,N/A — 편집 원본,N/A,N/A,LOW,PRODUCT PROOF / SOURCE REFERENCE,FINAL PRODUCTION SOURCE,[SUPERSEDED CELL WARNING] 작업지시서 내부의 14수 피그Bio/M 셀은 2024-10-07~08 최종 G14 16수 선워싱 선택으로 폐기된 초기값.,NO — 편집 원본 보존.,B-014 사용자 승인 CAP 원본 COPY 수입. 원본 이름 유지·덮어쓰기 없음·SHA-256 일치 확인.,CANDIDATE,REVIEWED,HOLD,실제 확인: CAP NIGHT 자수 위치·크기·색을 복원하는 최종 수정 생산 근거다. 초기 블랭크 사양은 박선규 Kakao의 최종 G14 선택으로 대체해 읽어야 한다.,2026-08-11,CLEARED,INTERNAL PRODUCTION SOURCE; CURRENT SKU MATCH SEPARATE
AST-0795,01_INPUT(입력_원본)/05_PRODUCTS(제품)/caps/label/라벨) 서울_모자_메인라벨.ai,라벨) 서울_모자_메인라벨.ai,ai,CAP 제품·생산 근거,DAY / NIGHT,CAP 메인 라벨 편집 원본,벡터 편집 원본,N/A — 편집 원본,HIGH,HIGH,MEDIUM,PRODUCT PROOF / SOURCE REFERENCE,LABEL DESIGN SOURCE,[CURRENT SKU MATCH NEEDS VERIFICATION] 실제 2026 재고에 부착된 라벨과 대조 필요.,NO — 편집 원본 보존.,B-014 사용자 승인 CAP 원본 COPY 수입. 원본 이름 유지·덮어쓰기 없음·SHA-256 일치 확인.,CANDIDATE,REVIEWED,B,실제 확인: CAP 내부 메인 라벨의 편집 가능한 디자인 원본이다. 2024-10-08 11:43 기존 케어라벨 근처 부착 결정과 함께 사용한다.,2026-08-11,CLEARED,INTERNAL BRAND SOURCE; CURRENT SKU MATCH SEPARATE
AST-0796,01_INPUT(입력_원본)/06_SOCIAL_PROOF(실제착용_소셜증거)/paid_marketing_todaylook/강유라A_yoolbellababy_165cm_55kg_2026-08-15 00-41 (1)/wIiB5bFOT8CDjbqWUXlMKEm1v9rBVoK4Mamz1GYPGWJ5xR1iVFWgWOFAIMM6QTmr.jpg,wIiB5bFOT8CDjbqWUXlMKEm1v9rBVoK4Mamz1GYPGWJ5xR1iVFWgWOFAIMM6QTmr.jpg,jpg,유료 마케팅 착용,DAY,강유라A_yoolbellababy Todaylook 유료 마케팅 납품 SWEATSHIRT BACKUP 착용 사진,2568×3279,N/A — 정지 이미지,HIGH,HIGH,MEDIUM,SOCIAL SUPPORT / ARCHIVE,TRUST AMPLIFIER / WORN PROOF / FRONT / FIT PROOF,[CURRENT SKU MATCH NEEDS VERIFICATION] 2026 판매 재고와 동일 SKU·사양인지 대표품 대조 전 공개 확정 금지. [PUBLICATION LOCK] 유료 납품물 재사용 승인 범위만 적용하며 모델명·키·몸무게·후기·추천·Ambassador 표현 및 자동 공개 금지.,NO — 실제 제품·핏·인물은 생성형 AI로 변경하지 않음. 승인 범위 안의 크롭·색보정·먼지 정리만 가능.,Todaylook full review U001; Source ZIP: 강유라A_yoolbellababy_165cm_55kg_2026-08-15 00-41 (1).zip; ZIP SHA-256: 041b99e0b51ec2dc3cd88b5dc46ad8145682f6f34d9aee69dcdbe2a48999d047; Media SHA-256: 3f03ba4b43736685a9ecff166ed52b6f3902637f5e726088ab9a9c8158f34179; 원본 ZIP 변경 없이 CRC 검증 추출본을 COPY.,CANDIDATE,REVIEWED,B,실제 확인: DAY SWEATSHIRT 오늘룩 유료 납품 사진. FRONT / FIT PROOF; setting=PARK DAYLIGHT. Creative scores (5): Product 4 / Model 4 / Styling 4 / Environment 3 / Campaign 4 / Brand Fit 4 = 23/30; T4 disposition=BACKUP. 권리는 사용자 확인 유료 마케팅 납품 범위에서 CLEARED이나 현행 SKU 동일성은 별도 검증한다.,2026-08-15,CLEARED,USER CONFIRMED PAID MARKETING
AST-0797,01_INPUT(입력_원본)/06_SOCIAL_PROOF(실제착용_소셜증거)/paid_marketing_todaylook/강유라A_yoolbellababy_165cm_55kg_2026-08-15 00-41 (1)/w2nOP3kCMeyG7ycJevbvINzGBqmjqE7OQzbkyrPNj1guVuDRjVvq0T4DCM03Ovme.jpg,w2nOP3kCMeyG7ycJevbvINzGBqmjqE7OQzbkyrPNj1guVuDRjVvq0T4DCM03Ovme.jpg,jpg,유료 마케팅 착용,DAY,강유라A_yoolbellababy Todaylook 유료 마케팅 납품 SWEATSHIRT BACKUP 착용 사진,2568×3281,N/A — 정지 이미지,HIGH,HIGH,MEDIUM,SOCIAL SUPPORT / ARCHIVE,TRUST AMPLIFIER / WORN PROOF / BACK PROOF,[CURRENT SKU MATCH NEEDS VERIFICATION] 2026 판매 재고와 동일 SKU·사양인지 대표품 대조 전 공개 확정 금지. [PUBLICATION LOCK] 유료 납품물 재사용 승인 범위만 적용하며 모델명·키·몸무게·후기·추천·Ambassador 표현 및 자동 공개 금지.,NO — 실제 제품·핏·인물은 생성형 AI로 변경하지 않음. 승인 범위 안의 크롭·색보정·먼지 정리만 가능.,Todaylook full review U002; Source ZIP: 강유라A_yoolbellababy_165cm_55kg_2026-08-15 00-41 (1).zip; ZIP SHA-256: 041b99e0b51ec2dc3cd88b5dc46ad8145682f6f34d9aee69dcdbe2a48999d047; Media SHA-256: 5eb50807dd22deae994a3f4ce3b56b886d620eb38d941220ac6250c674adc8f0; 원본 ZIP 변경 없이 CRC 검증 추출본을 COPY.,CANDIDATE,REVIEWED,B,실제 확인: DAY SWEATSHIRT 오늘룩 유료 납품 사진. BACK PROOF; setting=PARK DAYLIGHT. Creative scores (5): Product 4 / Model 4 / Styling 4 / Environment 3 / Campaign 4 / Brand Fit 4 = 23/30; T4 disposition=BACKUP. 권리는 사용자 확인 유료 마케팅 납품 범위에서 CLEARED이나 현행 SKU 동일성은 별도 검증한다.,2026-08-15,CLEARED,USER CONFIRMED PAID MARKETING
AST-0798,01_INPUT(입력_원본)/06_SOCIAL_PROOF(실제착용_소셜증거)/paid_marketing_todaylook/강유라A_yoolbellababy_165cm_55kg_2026-08-15 00-41 (1)/8sljCTx2CXPYHXtaVXktHUwzXXWTcTMcZBqpYLrFP2tTi4bMDsLTjqPCkv8LiBB6.jpg,8sljCTx2CXPYHXtaVXktHUwzXXWTcTMcZBqpYLrFP2tTi4bMDsLTjqPCkv8LiBB6.jpg,jpg,유료 마케팅 착용,DAY,강유라A_yoolbellababy Todaylook 유료 마케팅 납품 SWEATSHIRT BACKUP 착용 사진,2568×3279,N/A — 정지 이미지,HIGH,HIGH,MEDIUM,SOCIAL SUPPORT / ARCHIVE,TRUST AMPLIFIER / WORN PROOF / FRONT / FIT PROOF,[CURRENT SKU MATCH NEEDS VERIFICATION] 2026 판매 재고와 동일 SKU·사양인지 대표품 대조 전 공개 확정 금지. [PUBLICATION LOCK] 유료 납품물 재사용 승인 범위만 적용하며 모델명·키·몸무게·후기·추천·Ambassador 표현 및 자동 공개 금지.,NO — 실제 제품·핏·인물은 생성형 AI로 변경하지 않음. 승인 범위 안의 크롭·색보정·먼지 정리만 가능.,Todaylook full review U003; Source ZIP: 강유라A_yoolbellababy_165cm_55kg_2026-08-15 00-41 (1).zip; ZIP SHA-256: 041b99e0b51ec2dc3cd88b5dc46ad8145682f6f34d9aee69dcdbe2a48999d047; Media SHA-256: 8a60f2716e45ee65c2f134c0879db5f1f923d0c8e72608403311130ed7b5a50e; 원본 ZIP 변경 없이 CRC 검증 추출본을 COPY.,CANDIDATE,REVIEWED,B,실제 확인: DAY SWEATSHIRT 오늘룩 유료 납품 사진. FRONT / FIT PROOF; setting=PARK DAYLIGHT. Creative scores (5): Product 4 / Model 4 / Styling 4 / Environment 3 / Campaign 4 / Brand Fit 4 = 23/30; T4 disposition=BACKUP. 권리는 사용자 확인 유료 마케팅 납품 범위에서 CLEARED이나 현행 SKU 동일성은 별도 검증한다.,2026-08-15,CLEARED,USER CONFIRMED PAID MARKETING
AST-0799,01_INPUT(입력_원본)/06_SOCIAL_PROOF(실제착용_소셜증거)/paid_marketing_todaylook/강유라A_yoolbellababy_165cm_55kg_2026-08-15 00-41 (1)/8txiwjNR4nNRfHZxQZQ7tCFEZN9ot7D3O8jf7SkGuVVackSF2mqpEmRPRperTco0.jpg,8txiwjNR4nNRfHZxQZQ7tCFEZN9ot7D3O8jf7SkGuVVackSF2mqpEmRPRperTco0.jpg,jpg,유료 마케팅 착용,DAY,강유라A_yoolbellababy Todaylook 유료 마케팅 납품 SWEATSHIRT BACKUP 착용 사진,2568×3280,N/A — 정지 이미지,HIGH,HIGH,MEDIUM,SOCIAL SUPPORT / ARCHIVE,TRUST AMPLIFIER / WORN PROOF / DETAIL PROOF,[CURRENT SKU MATCH NEEDS VERIFICATION] 2026 판매 재고와 동일 SKU·사양인지 대표품 대조 전 공개 확정 금지. [PUBLICATION LOCK] 유료 납품물 재사용 승인 범위만 적용하며 모델명·키·몸무게·후기·추천·Ambassador 표현 및 자동 공개 금지.,NO — 실제 제품·핏·인물은 생성형 AI로 변경하지 않음. 승인 범위 안의 크롭·색보정·먼지 정리만 가능.,Todaylook full review U004; Source ZIP: 강유라A_yoolbellababy_165cm_55kg_2026-08-15 00-41 (1).zip; ZIP SHA-256: 041b99e0b51ec2dc3cd88b5dc46ad8145682f6f34d9aee69dcdbe2a48999d047; Media SHA-256: c0dd223a9ac6d7994b832d145874eb1693413159ac661f229abaceae6c8d66bd; 원본 ZIP 변경 없이 CRC 검증 추출본을 COPY.,CANDIDATE,REVIEWED,B,실제 확인: DAY SWEATSHIRT 오늘룩 유료 납품 사진. DETAIL PROOF; setting=PARK DAYLIGHT. Creative scores (5): Product 4 / Model 4 / Styling 4 / Environment 3 / Campaign 4 / Brand Fit 4 = 23/30; T4 disposition=BACKUP. 권리는 사용자 확인 유료 마케팅 납품 범위에서 CLEARED이나 현행 SKU 동일성은 별도 검증한다.,2026-08-15,CLEARED,USER CONFIRMED PAID MARKETING
AST-0800,01_INPUT(입력_원본)/06_SOCIAL_PROOF(실제착용_소셜증거)/paid_marketing_todaylook/강유라A_yoolbellababy_165cm_55kg_2026-08-15 00-41 (1)/m1h0afGWkFtdhOEiGQBgH6Nfq0Guy8cCEPOcP38S7lCXbEWwpntHJD8ALEoCFjRE.jpg,m1h0afGWkFtdhOEiGQBgH6Nfq0Guy8cCEPOcP38S7lCXbEWwpntHJD8ALEoCFjRE.jpg,jpg,유료 마케팅 착용,DAY,강유라A_yoolbellababy Todaylook 유료 마케팅 납품 SWEATSHIRT BACKUP 착용 사진,2568×3279,N/A — 정지 이미지,HIGH,HIGH,MEDIUM,SOCIAL SUPPORT / ARCHIVE,TRUST AMPLIFIER / WORN PROOF / BACK PROOF,[CURRENT SKU MATCH NEEDS VERIFICATION] 2026 판매 재고와 동일 SKU·사양인지 대표품 대조 전 공개 확정 금지. [PUBLICATION LOCK] 유료 납품물 재사용 승인 범위만 적용하며 모델명·키·몸무게·후기·추천·Ambassador 표현 및 자동 공개 금지.,NO — 실제 제품·핏·인물은 생성형 AI로 변경하지 않음. 승인 범위 안의 크롭·색보정·먼지 정리만 가능.,Todaylook full review U005; Source ZIP: 강유라A_yoolbellababy_165cm_55kg_2026-08-15 00-41 (1).zip; ZIP SHA-256: 041b99e0b51ec2dc3cd88b5dc46ad8145682f6f34d9aee69dcdbe2a48999d047; Media SHA-256: 3fb89c02019e3b6e19802908bfd490d047d0dceceb14c85db0f5fd65b2a25389; 원본 ZIP 변경 없이 CRC 검증 추출본을 COPY.,CANDIDATE,REVIEWED,B,실제 확인: DAY SWEATSHIRT 오늘룩 유료 납품 사진. BACK PROOF; setting=PARK DAYLIGHT. Creative scores (5): Product 4 / Model 4 / Styling 4 / Environment 3 / Campaign 4 / Brand Fit 4 = 23/30; T4 disposition=BACKUP. 권리는 사용자 확인 유료 마케팅 납품 범위에서 CLEARED이나 현행 SKU 동일성은 별도 검증한다.,2026-08-15,CLEARED,USER CONFIRMED PAID MARKETING
AST-0801,01_INPUT(입력_원본)/06_SOCIAL_PROOF(실제착용_소셜증거)/paid_marketing_todaylook/강유라A_yoolbellababy_165cm_55kg_2026-08-15 00-41/qmeQxsUuUasx580rp8L5KnJiwdzZV4IQ8fROjaceIFpqDiBd9wieVjDfUiKuKfgV.jpg,qmeQxsUuUasx580rp8L5KnJiwdzZV4IQ8fROjaceIFpqDiBd9wieVjDfUiKuKfgV.jpg,jpg,유료 마케팅 착용,DAY,강유라A_yoolbellababy Todaylook 유료 마케팅 납품 CAP BACKUP 착용 사진,2568×3281,N/A — 정지 이미지,MEDIUM,HIGH,MEDIUM,SOCIAL SUPPORT / ARCHIVE,TRUST AMPLIFIER / WORN PROOF / FRONT / FIT PROOF,[CURRENT SKU MATCH NEEDS VERIFICATION] 2026 판매 재고와 동일 SKU·사양인지 대표품 대조 전 공개 확정 금지. [PUBLICATION LOCK] 유료 납품물 재사용 승인 범위만 적용하며 모델명·키·몸무게·후기·추천·Ambassador 표현 및 자동 공개 금지.,NO — 실제 제품·핏·인물은 생성형 AI로 변경하지 않음. 승인 범위 안의 크롭·색보정·먼지 정리만 가능.,Todaylook full review U006; Source ZIP: 강유라A_yoolbellababy_165cm_55kg_2026-08-15 00-41.zip; ZIP SHA-256: 44d1738fcb7bb778b4cfb22c2f847349e0459465c2ffe63f1793d880b5f4c1b4; Media SHA-256: a8e45230e22b6117d499b293df662b653a26cba91dc144e4cc3a4983e1fe1496; 원본 ZIP 변경 없이 CRC 검증 추출본을 COPY.,CANDIDATE,REVIEWED,B,실제 확인: DAY CAP 오늘룩 유료 납품 사진. FRONT / FIT PROOF; setting=PARK DAYLIGHT. Creative scores (5): Product 3 / Model 4 / Styling 4 / Environment 3 / Campaign 3 / Brand Fit 4 = 21/30; T4 disposition=BACKUP. 권리는 사용자 확인 유료 마케팅 납품 범위에서 CLEARED이나 현행 SKU 동일성은 별도 검증한다.,2026-08-15,CLEARED,USER CONFIRMED PAID MARKETING
AST-0802,01_INPUT(입력_원본)/06_SOCIAL_PROOF(실제착용_소셜증거)/paid_marketing_todaylook/강유라A_yoolbellababy_165cm_55kg_2026-08-15 00-41/2MBksc7PK3rmEm3oAxDV1BURGA8KsJXtM3QJqbenHRR0xKdTENdYy46vnJohuyZr.jpg,2MBksc7PK3rmEm3oAxDV1BURGA8KsJXtM3QJqbenHRR0xKdTENdYy46vnJohuyZr.jpg,jpg,유료 마케팅 착용,DAY,강유라A_yoolbellababy Todaylook 유료 마케팅 납품 CAP BACKUP 착용 사진,2568×3279,N/A — 정지 이미지,MEDIUM,HIGH,MEDIUM,SOCIAL SUPPORT / ARCHIVE,TRUST AMPLIFIER / WORN PROOF / FRONT / FIT PROOF,[CURRENT SKU MATCH NEEDS VERIFICATION] 2026 판매 재고와 동일 SKU·사양인지 대표품 대조 전 공개 확정 금지. [PUBLICATION LOCK] 유료 납품물 재사용 승인 범위만 적용하며 모델명·키·몸무게·후기·추천·Ambassador 표현 및 자동 공개 금지.,NO — 실제 제품·핏·인물은 생성형 AI로 변경하지 않음. 승인 범위 안의 크롭·색보정·먼지 정리만 가능.,Todaylook full review U007; Source ZIP: 강유라A_yoolbellababy_165cm_55kg_2026-08-15 00-41.zip; ZIP SHA-256: 44d1738fcb7bb778b4cfb22c2f847349e0459465c2ffe63f1793d880b5f4c1b4; Media SHA-256: 4998809238bc0f8b7ad9de35bd3b4faa93de2d0ad8313f2056bb044b76aedcb0; 원본 ZIP 변경 없이 CRC 검증 추출본을 COPY.,CANDIDATE,REVIEWED,B,실제 확인: DAY CAP 오늘룩 유료 납품 사진. FRONT / FIT PROOF; setting=PARK DAYLIGHT. Creative scores (5): Product 3 / Model 4 / Styling 4 / Environment 3 / Campaign 3 / Brand Fit 4 = 21/30; T4 disposition=BACKUP. 권리는 사용자 확인 유료 마케팅 납품 범위에서 CLEARED이나 현행 SKU 동일성은 별도 검증한다.,2026-08-15,CLEARED,USER CONFIRMED PAID MARKETING
AST-0803,01_INPUT(입력_원본)/06_SOCIAL_PROOF(실제착용_소셜증거)/paid_marketing_todaylook/강유라A_yoolbellababy_165cm_55kg_2026-08-15 00-41/QgOSWpM4IW556pKKjx0ScuxAuNFgJRkcnT3V5piDxwTjrnxP9jEBNY0OzSy4U8Fd.jpg,QgOSWpM4IW556pKKjx0ScuxAuNFgJRkcnT3V5piDxwTjrnxP9jEBNY0OzSy4U8Fd.jpg,jpg,유료 마케팅 착용,DAY,강유라A_yoolbellababy Todaylook 유료 마케팅 납품 CAP BACKUP 착용 사진,2568×3279,N/A — 정지 이미지,MEDIUM,HIGH,MEDIUM,SOCIAL SUPPORT / ARCHIVE,TRUST AMPLIFIER / WORN PROOF / FRONT / FIT PROOF,[CURRENT SKU MATCH NEEDS VERIFICATION] 2026 판매 재고와 동일 SKU·사양인지 대표품 대조 전 공개 확정 금지. [PUBLICATION LOCK] 유료 납품물 재사용 승인 범위만 적용하며 모델명·키·몸무게·후기·추천·Ambassador 표현 및 자동 공개 금지.,NO — 실제 제품·핏·인물은 생성형 AI로 변경하지 않음. 승인 범위 안의 크롭·색보정·먼지 정리만 가능.,Todaylook full review U008; Source ZIP: 강유라A_yoolbellababy_165cm_55kg_2026-08-15 00-41.zip; ZIP SHA-256: 44d1738fcb7bb778b4cfb22c2f847349e0459465c2ffe63f1793d880b5f4c1b4; Media SHA-256: 922fab56565b270dd5e93fe2f0d1af7b30d30a389972a7ef29e84efe42633319; 원본 ZIP 변경 없이 CRC 검증 추출본을 COPY.,CANDIDATE,REVIEWED,B,실제 확인: DAY CAP 오늘룩 유료 납품 사진. FRONT / FIT PROOF; setting=PARK DAYLIGHT. Creative scores (5): Product 3 / Model 4 / Styling 4 / Environment 3 / Campaign 3 / Brand Fit 4 = 21/30; T4 disposition=BACKUP. 권리는 사용자 확인 유료 마케팅 납품 범위에서 CLEARED이나 현행 SKU 동일성은 별도 검증한다.,2026-08-15,CLEARED,USER CONFIRMED PAID MARKETING
AST-0804,01_INPUT(입력_원본)/06_SOCIAL_PROOF(실제착용_소셜증거)/paid_marketing_todaylook/강유라A_yoolbellababy_165cm_55kg_2026-08-15 00-41/JolU02a1twCxcAy8B1vJHo3QNmpoG5c0ExIzrBsiIydrIZRoVIyua24YiMDHMssG.jpg,JolU02a1twCxcAy8B1vJHo3QNmpoG5c0ExIzrBsiIydrIZRoVIyua24YiMDHMssG.jpg,jpg,유료 마케팅 착용,DAY,강유라A_yoolbellababy Todaylook 유료 마케팅 납품 CAP BACKUP 착용 사진,2568×3281,N/A — 정지 이미지,MEDIUM,HIGH,MEDIUM,SOCIAL SUPPORT / ARCHIVE,TRUST AMPLIFIER / WORN PROOF / DETAIL PROOF,[CURRENT SKU MATCH NEEDS VERIFICATION] 2026 판매 재고와 동일 SKU·사양인지 대표품 대조 전 공개 확정 금지. [PUBLICATION LOCK] 유료 납품물 재사용 승인 범위만 적용하며 모델명·키·몸무게·후기·추천·Ambassador 표현 및 자동 공개 금지.,NO — 실제 제품·핏·인물은 생성형 AI로 변경하지 않음. 승인 범위 안의 크롭·색보정·먼지 정리만 가능.,Todaylook full review U009; Source ZIP: 강유라A_yoolbellababy_165cm_55kg_2026-08-15 00-41.zip; ZIP SHA-256: 44d1738fcb7bb778b4cfb22c2f847349e0459465c2ffe63f1793d880b5f4c1b4; Media SHA-256: 488cee2351f8c7108575fdf11bd3158888b254b916bd77d842d5d30b174f8eed; 원본 ZIP 변경 없이 CRC 검증 추출본을 COPY.,CANDIDATE,REVIEWED,B,실제 확인: DAY CAP 오늘룩 유료 납품 사진. DETAIL PROOF; setting=PARK DAYLIGHT. Creative scores (5): Product 3 / Model 4 / Styling 4 / Environment 3 / Campaign 3 / Brand Fit 4 = 21/30; T4 disposition=BACKUP. 권리는 사용자 확인 유료 마케팅 납품 범위에서 CLEARED이나 현행 SKU 동일성은 별도 검증한다.,2026-08-15,CLEARED,USER CONFIRMED PAID MARKETING
AST-0805,01_INPUT(입력_원본)/06_SOCIAL_PROOF(실제착용_소셜증거)/paid_marketing_todaylook/강유라A_yoolbellababy_165cm_55kg_2026-08-15 00-41/Tg9Wupa7KqJ5B1GAfAnv2HpuN3ehPYoXIpWVEXv5Sp18JSzZcursdFDcCMzBg0wr.jpg,Tg9Wupa7KqJ5B1GAfAnv2HpuN3ehPYoXIpWVEXv5Sp18JSzZcursdFDcCMzBg0wr.jpg,jpg,유료 마케팅 착용,DAY,강유라A_yoolbellababy Todaylook 유료 마케팅 납품 CAP BACKUP 착용 사진,2568×3280,N/A — 정지 이미지,MEDIUM,HIGH,MEDIUM,SOCIAL SUPPORT / ARCHIVE,TRUST AMPLIFIER / WORN PROOF / DETAIL PROOF,[CURRENT SKU MATCH NEEDS VERIFICATION] 2026 판매 재고와 동일 SKU·사양인지 대표품 대조 전 공개 확정 금지. [PUBLICATION LOCK] 유료 납품물 재사용 승인 범위만 적용하며 모델명·키·몸무게·후기·추천·Ambassador 표현 및 자동 공개 금지.,NO — 실제 제품·핏·인물은 생성형 AI로 변경하지 않음. 승인 범위 안의 크롭·색보정·먼지 정리만 가능.,Todaylook full review U010; Source ZIP: 강유라A_yoolbellababy_165cm_55kg_2026-08-15 00-41.zip; ZIP SHA-256: 44d1738fcb7bb778b4cfb22c2f847349e0459465c2ffe63f1793d880b5f4c1b4; Media SHA-256: 1c204f5495d3b5c00c6edf361c7c5e5041718cf6fd1438b64f660d06ba5f2c6a; 원본 ZIP 변경 없이 CRC 검증 추출본을 COPY.,CANDIDATE,REVIEWED,B,실제 확인: DAY CAP 오늘룩 유료 납품 사진. DETAIL PROOF; setting=PARK DAYLIGHT. Creative scores (5): Product 3 / Model 4 / Styling 4 / Environment 3 / Campaign 3 / Brand Fit 4 = 21/30; T4 disposition=BACKUP. 권리는 사용자 확인 유료 마케팅 납품 범위에서 CLEARED이나 현행 SKU 동일성은 별도 검증한다.,2026-08-15,CLEARED,USER CONFIRMED PAID MARKETING
AST-0806,01_INPUT(입력_원본)/06_SOCIAL_PROOF(실제착용_소셜증거)/paid_marketing_todaylook/고나나_kk0rr_162cm_52kg_2026-08-15 00-41 (1)/0An6qvgZkyQTvZDa4GKo2s7zgtFqFK6mpyu0pKYajb9EIlxsjUbYmj1TY1hi3zyS.jpg,0An6qvgZkyQTvZDa4GKo2s7zgtFqFK6mpyu0pKYajb9EIlxsjUbYmj1TY1hi3zyS.jpg,jpg,유료 마케팅 착용,DAY,고나나_kk0rr Todaylook 유료 마케팅 납품 CAP BACKUP 착용 사진,2580×3291,N/A — 정지 이미지,MEDIUM,HIGH,MEDIUM,SOCIAL SUPPORT / ARCHIVE,TRUST AMPLIFIER / WORN PROOF / FRONT / FIT PROOF,[CURRENT SKU MATCH NEEDS VERIFICATION] 2026 판매 재고와 동일 SKU·사양인지 대표품 대조 전 공개 확정 금지. [PUBLICATION LOCK] 유료 납품물 재사용 승인 범위만 적용하며 모델명·키·몸무게·후기·추천·Ambassador 표현 및 자동 공개 금지.,NO — 실제 제품·핏·인물은 생성형 AI로 변경하지 않음. 승인 범위 안의 크롭·색보정·먼지 정리만 가능.,Todaylook full review U011; Source ZIP: 고나나_kk0rr_162cm_52kg_2026-08-15 00-41 (1).zip; ZIP SHA-256: 246636070dc18736e34471766167764ef70ed4d745ebb7139e1d37e6d710434e; Media SHA-256: d3b4ece5d8b14a84ef2e457790eb81ce6a1d116df14679d092dbfa10b062206a; 원본 ZIP 변경 없이 CRC 검증 추출본을 COPY.,CANDIDATE,REVIEWED,B,실제 확인: DAY CAP 오늘룩 유료 납품 사진. FRONT / FIT PROOF; setting=URBAN / PUFFER. Creative scores (5): Product 3 / Model 4 / Styling 4 / Environment 3 / Campaign 3 / Brand Fit 4 = 21/30; T4 disposition=BACKUP. 권리는 사용자 확인 유료 마케팅 납품 범위에서 CLEARED이나 현행 SKU 동일성은 별도 검증한다.,2026-08-15,CLEARED,USER CONFIRMED PAID MARKETING
AST-0807,01_INPUT(입력_원본)/06_SOCIAL_PROOF(실제착용_소셜증거)/paid_marketing_todaylook/고나나_kk0rr_162cm_52kg_2026-08-15 00-41 (1)/r0xH63W6tXL6KiZgEwmgb9BZcYhmu2AxVK6hpRRcV3qAumKEqrvYQuZkDmt5oQVP.jpg,r0xH63W6tXL6KiZgEwmgb9BZcYhmu2AxVK6hpRRcV3qAumKEqrvYQuZkDmt5oQVP.jpg,jpg,유료 마케팅 착용,DAY,고나나_kk0rr Todaylook 유료 마케팅 납품 CAP BACKUP 착용 사진,2580×3293,N/A — 정지 이미지,MEDIUM,HIGH,MEDIUM,SOCIAL SUPPORT / ARCHIVE,TRUST AMPLIFIER / WORN PROOF / FRONT / FIT PROOF,[CURRENT SKU MATCH NEEDS VERIFICATION] 2026 판매 재고와 동일 SKU·사양인지 대표품 대조 전 공개 확정 금지. [PUBLICATION LOCK] 유료 납품물 재사용 승인 범위만 적용하며 모델명·키·몸무게·후기·추천·Ambassador 표현 및 자동 공개 금지.,NO — 실제 제품·핏·인물은 생성형 AI로 변경하지 않음. 승인 범위 안의 크롭·색보정·먼지 정리만 가능.,Todaylook full review U012; Source ZIP: 고나나_kk0rr_162cm_52kg_2026-08-15 00-41 (1).zip; ZIP SHA-256: 246636070dc18736e34471766167764ef70ed4d745ebb7139e1d37e6d710434e; Media SHA-256: 2a999c2f66e97bbd9651e98994c895b8413a1be9cbdad9f7db46a8be17051bc6; 원본 ZIP 변경 없이 CRC 검증 추출본을 COPY.,CANDIDATE,REVIEWED,B,실제 확인: DAY CAP 오늘룩 유료 납품 사진. FRONT / FIT PROOF; setting=URBAN / PUFFER. Creative scores (5): Product 3 / Model 4 / Styling 4 / Environment 3 / Campaign 3 / Brand Fit 4 = 21/30; T4 disposition=BACKUP. 권리는 사용자 확인 유료 마케팅 납품 범위에서 CLEARED이나 현행 SKU 동일성은 별도 검증한다.,2026-08-15,CLEARED,USER CONFIRMED PAID MARKETING
AST-0808,01_INPUT(입력_원본)/06_SOCIAL_PROOF(실제착용_소셜증거)/paid_marketing_todaylook/고나나_kk0rr_162cm_52kg_2026-08-15 00-41 (1)/KRRUSDTuqm0gQW9gFc1aIyN2V4i2P6L9q9rqUBmN72thuXHMzYqsv1WUeyqqSONv.jpg,KRRUSDTuqm0gQW9gFc1aIyN2V4i2P6L9q9rqUBmN72thuXHMzYqsv1WUeyqqSONv.jpg,jpg,유료 마케팅 착용,DAY,고나나_kk0rr Todaylook 유료 마케팅 납품 CAP BACKUP 착용 사진,2580×3292,N/A — 정지 이미지,MEDIUM,HIGH,MEDIUM,SOCIAL SUPPORT / ARCHIVE,TRUST AMPLIFIER / WORN PROOF / FRONT / FIT PROOF,[CURRENT SKU MATCH NEEDS VERIFICATION] 2026 판매 재고와 동일 SKU·사양인지 대표품 대조 전 공개 확정 금지. [PUBLICATION LOCK] 유료 납품물 재사용 승인 범위만 적용하며 모델명·키·몸무게·후기·추천·Ambassador 표현 및 자동 공개 금지.,NO — 실제 제품·핏·인물은 생성형 AI로 변경하지 않음. 승인 범위 안의 크롭·색보정·먼지 정리만 가능.,Todaylook full review U013; Source ZIP: 고나나_kk0rr_162cm_52kg_2026-08-15 00-41 (1).zip; ZIP SHA-256: 246636070dc18736e34471766167764ef70ed4d745ebb7139e1d37e6d710434e; Media SHA-256: 6d842cab663855bff42c2c52ea1082160e91a343534f899108303e81c1f0879e; 원본 ZIP 변경 없이 CRC 검증 추출본을 COPY.,CANDIDATE,REVIEWED,B,실제 확인: DAY CAP 오늘룩 유료 납품 사진. FRONT / FIT PROOF; setting=URBAN / PUFFER. Creative scores (5): Product 3 / Model 4 / Styling 4 / Environment 3 / Campaign 3 / Brand Fit 4 = 21/30; T4 disposition=BACKUP. 권리는 사용자 확인 유료 마케팅 납품 범위에서 CLEARED이나 현행 SKU 동일성은 별도 검증한다.,2026-08-15,CLEARED,USER CONFIRMED PAID MARKETING
AST-0809,01_INPUT(입력_원본)/06_SOCIAL_PROOF(실제착용_소셜증거)/paid_marketing_todaylook/고나나_kk0rr_162cm_52kg_2026-08-15 00-41 (1)/Ys4h8OqPWLOlEdXMrhBE2oqL6Fbby6nVWIZdFk6z7RGVYTpoRpHDvrAQIaUVLkIo.jpg,Ys4h8OqPWLOlEdXMrhBE2oqL6Fbby6nVWIZdFk6z7RGVYTpoRpHDvrAQIaUVLkIo.jpg,jpg,유료 마케팅 착용,DAY,고나나_kk0rr Todaylook 유료 마케팅 납품 CAP BACKUP 착용 사진,2580×3292,N/A — 정지 이미지,MEDIUM,HIGH,MEDIUM,SOCIAL SUPPORT / ARCHIVE,TRUST AMPLIFIER / WORN PROOF / DETAIL PROOF,[CURRENT SKU MATCH NEEDS VERIFICATION] 2026 판매 재고와 동일 SKU·사양인지 대표품 대조 전 공개 확정 금지. [PUBLICATION LOCK] 유료 납품물 재사용 승인 범위만 적용하며 모델명·키·몸무게·후기·추천·Ambassador 표현 및 자동 공개 금지.,NO — 실제 제품·핏·인물은 생성형 AI로 변경하지 않음. 승인 범위 안의 크롭·색보정·먼지 정리만 가능.,Todaylook full review U014; Source ZIP: 고나나_kk0rr_162cm_52kg_2026-08-15 00-41 (1).zip; ZIP SHA-256: 246636070dc18736e34471766167764ef70ed4d745ebb7139e1d37e6d710434e; Media SHA-256: 1e0a7a1108a77f1e7866c8b057f809c03e54d0c04fef2d5cb04769a43200ad96; 원본 ZIP 변경 없이 CRC 검증 추출본을 COPY.,CANDIDATE,REVIEWED,B,실제 확인: DAY CAP 오늘룩 유료 납품 사진. DETAIL PROOF; setting=URBAN / PUFFER. Creative scores (5): Product 3 / Model 4 / Styling 4 / Environment 3 / Campaign 3 / Brand Fit 4 = 21/30; T4 disposition=BACKUP. 권리는 사용자 확인 유료 마케팅 납품 범위에서 CLEARED이나 현행 SKU 동일성은 별도 검증한다.,2026-08-15,CLEARED,USER CONFIRMED PAID MARKETING
AST-0810,01_INPUT(입력_원본)/06_SOCIAL_PROOF(실제착용_소셜증거)/paid_marketing_todaylook/고나나_kk0rr_162cm_52kg_2026-08-15 00-41 (1)/r9wAKBVjt0mKY6s0FW78epBcLriscsD6xzbmlxfS.jpg,r9wAKBVjt0mKY6s0FW78epBcLriscsD6xzbmlxfS.jpg,jpg,유료 마케팅 착용,DAY,고나나_kk0rr Todaylook 유료 마케팅 납품 CAP BACKUP 착용 사진,1080×1346,N/A — 정지 이미지,MEDIUM,HIGH,MEDIUM,SOCIAL SUPPORT / ARCHIVE,TRUST AMPLIFIER / WORN PROOF / DETAIL PROOF,[CURRENT SKU MATCH NEEDS VERIFICATION] 2026 판매 재고와 동일 SKU·사양인지 대표품 대조 전 공개 확정 금지. [PUBLICATION LOCK] 유료 납품물 재사용 승인 범위만 적용하며 모델명·키·몸무게·후기·추천·Ambassador 표현 및 자동 공개 금지.,NO — 실제 제품·핏·인물은 생성형 AI로 변경하지 않음. 승인 범위 안의 크롭·색보정·먼지 정리만 가능.,Todaylook full review U015; Source ZIP: 고나나_kk0rr_162cm_52kg_2026-08-15 00-41 (1).zip; ZIP SHA-256: 246636070dc18736e34471766167764ef70ed4d745ebb7139e1d37e6d710434e; Media SHA-256: b1843bedf1891aaaf4b7e85851153c0096f910621493bdbbba2d3f238891e71b; 원본 ZIP 변경 없이 CRC 검증 추출본을 COPY.,CANDIDATE,REVIEWED,B,실제 확인: DAY CAP 오늘룩 유료 납품 사진. DETAIL PROOF; setting=URBAN / PUFFER. Creative scores (5): Product 3 / Model 4 / Styling 4 / Environment 3 / Campaign 3 / Brand Fit 4 = 21/30; T4 disposition=BACKUP. 권리는 사용자 확인 유료 마케팅 납품 범위에서 CLEARED이나 현행 SKU 동일성은 별도 검증한다.,2026-08-15,CLEARED,USER CONFIRMED PAID MARKETING
AST-0811,01_INPUT(입력_원본)/06_SOCIAL_PROOF(실제착용_소셜증거)/paid_marketing_todaylook/고나나_kk0rr_162cm_52kg_2026-08-15 00-41 (1)/y2UdZGExxpm2igQ7PIYM8ILrYwz4RLxV2q1qZ3EZ.jpg,y2UdZGExxpm2igQ7PIYM8ILrYwz4RLxV2q1qZ3EZ.jpg,jpg,유료 마케팅 착용,DAY,고나나_kk0rr Todaylook 유료 마케팅 납품 CAP BACKUP 착용 사진,1080×1346,N/A — 정지 이미지,MEDIUM,HIGH,MEDIUM,SOCIAL SUPPORT / ARCHIVE,TRUST AMPLIFIER / WORN PROOF / FRONT / FIT PROOF,[CURRENT SKU MATCH NEEDS VERIFICATION] 2026 판매 재고와 동일 SKU·사양인지 대표품 대조 전 공개 확정 금지. [PUBLICATION LOCK] 유료 납품물 재사용 승인 범위만 적용하며 모델명·키·몸무게·후기·추천·Ambassador 표현 및 자동 공개 금지.,NO — 실제 제품·핏·인물은 생성형 AI로 변경하지 않음. 승인 범위 안의 크롭·색보정·먼지 정리만 가능.,Todaylook full review U016; Source ZIP: 고나나_kk0rr_162cm_52kg_2026-08-15 00-41 (1).zip; ZIP SHA-256: 246636070dc18736e34471766167764ef70ed4d745ebb7139e1d37e6d710434e; Media SHA-256: bf0b9013f782b749688daefd7571df17f2e65d3f673687ea280369ccb9e7a44b; 원본 ZIP 변경 없이 CRC 검증 추출본을 COPY.,CANDIDATE,REVIEWED,B,실제 확인: DAY CAP 오늘룩 유료 납품 사진. FRONT / FIT PROOF; setting=URBAN / PUFFER. Creative scores (5): Product 3 / Model 4 / Styling 4 / Environment 3 / Campaign 3 / Brand Fit 4 = 21/30; T4 disposition=BACKUP. 권리는 사용자 확인 유료 마케팅 납품 범위에서 CLEARED이나 현행 SKU 동일성은 별도 검증한다.,2026-08-15,CLEARED,USER CONFIRMED PAID MARKETING
AST-0812,01_INPUT(입력_원본)/06_SOCIAL_PROOF(실제착용_소셜증거)/paid_marketing_todaylook/고나나_kk0rr_162cm_52kg_2026-08-15 00-41/ODepX8dbk0kPdBLvBxRcXJHsJZT3DUXGVkviTasYP9yNyvE0KOVmc0ydMXaERiEt.jpg,ODepX8dbk0kPdBLvBxRcXJHsJZT3DUXGVkviTasYP9yNyvE0KOVmc0ydMXaERiEt.jpg,jpg,유료 마케팅 착용,DAY,고나나_kk0rr Todaylook 유료 마케팅 납품 SWEATSHIRT BACKUP 착용 사진,2580×3292,N/A — 정지 이미지,HIGH,HIGH,MEDIUM,SOCIAL SUPPORT / ARCHIVE,TRUST AMPLIFIER / WORN PROOF / FRONT / FIT PROOF,[CURRENT SKU MATCH NEEDS VERIFICATION] 2026 판매 재고와 동일 SKU·사양인지 대표품 대조 전 공개 확정 금지. [PUBLICATION LOCK] 유료 납품물 재사용 승인 범위만 적용하며 모델명·키·몸무게·후기·추천·Ambassador 표현 및 자동 공개 금지.,NO — 실제 제품·핏·인물은 생성형 AI로 변경하지 않음. 승인 범위 안의 크롭·색보정·먼지 정리만 가능.,Todaylook full review U017; Source ZIP: 고나나_kk0rr_162cm_52kg_2026-08-15 00-41.zip; ZIP SHA-256: 222647c68b4f84d1de9e854a6a7d850ec4ba8fc535a667677d230c3428c9080d; Media SHA-256: 92487c84efae9401e704869ae5e320edd6d78798dac6ab161594386eb53de944; 원본 ZIP 변경 없이 CRC 검증 추출본을 COPY.,CANDIDATE,REVIEWED,B,실제 확인: DAY SWEATSHIRT 오늘룩 유료 납품 사진. FRONT / FIT PROOF; setting=DAYLIGHT WALL. Creative scores (5): Product 4 / Model 4 / Styling 4 / Environment 3 / Campaign 4 / Brand Fit 4 = 23/30; T4 disposition=BACKUP. 권리는 사용자 확인 유료 마케팅 납품 범위에서 CLEARED이나 현행 SKU 동일성은 별도 검증한다.,2026-08-15,CLEARED,USER CONFIRMED PAID MARKETING
AST-0813,01_INPUT(입력_원본)/06_SOCIAL_PROOF(실제착용_소셜증거)/paid_marketing_todaylook/고나나_kk0rr_162cm_52kg_2026-08-15 00-41/3A2vvYOYeCKtePQy0vrcol6oJlbcLRq4Ujm9mWeQc2cX6vnTJUmeRMAl6JU8OYlm.jpg,3A2vvYOYeCKtePQy0vrcol6oJlbcLRq4Ujm9mWeQc2cX6vnTJUmeRMAl6JU8OYlm.jpg,jpg,유료 마케팅 착용,DAY,고나나_kk0rr Todaylook 유료 마케팅 납품 SWEATSHIRT BACKUP 착용 사진,2580×3292,N/A — 정지 이미지,HIGH,HIGH,MEDIUM,SOCIAL SUPPORT / ARCHIVE,TRUST AMPLIFIER / WORN PROOF / FRONT / FIT PROOF,[CURRENT SKU MATCH NEEDS VERIFICATION] 2026 판매 재고와 동일 SKU·사양인지 대표품 대조 전 공개 확정 금지. [PUBLICATION LOCK] 유료 납품물 재사용 승인 범위만 적용하며 모델명·키·몸무게·후기·추천·Ambassador 표현 및 자동 공개 금지.,NO — 실제 제품·핏·인물은 생성형 AI로 변경하지 않음. 승인 범위 안의 크롭·색보정·먼지 정리만 가능.,Todaylook full review U018; Source ZIP: 고나나_kk0rr_162cm_52kg_2026-08-15 00-41.zip; ZIP SHA-256: 222647c68b4f84d1de9e854a6a7d850ec4ba8fc535a667677d230c3428c9080d; Media SHA-256: 34a8bc2aeac499c17117c392620cd7b203201d33c32822b10b4e3cf4bec4dedd; 원본 ZIP 변경 없이 CRC 검증 추출본을 COPY.,CANDIDATE,REVIEWED,B,실제 확인: DAY SWEATSHIRT 오늘룩 유료 납품 사진. FRONT / FIT PROOF; setting=DAYLIGHT WALL. Creative scores (5): Product 4 / Model 4 / Styling 4 / Environment 3 / Campaign 4 / Brand Fit 4 = 23/30; T4 disposition=BACKUP. 권리는 사용자 확인 유료 마케팅 납품 범위에서 CLEARED이나 현행 SKU 동일성은 별도 검증한다.,2026-08-15,CLEARED,USER CONFIRMED PAID MARKETING
AST-0814,01_INPUT(입력_원본)/06_SOCIAL_PROOF(실제착용_소셜증거)/paid_marketing_todaylook/고나나_kk0rr_162cm_52kg_2026-08-15 00-41/zd7xqV4Tk9ASbhaehNfbIa1FQl7kBhsrple5IcFA04ZVQefltCe2pWKWzYyTxfDj.jpg,zd7xqV4Tk9ASbhaehNfbIa1FQl7kBhsrple5IcFA04ZVQefltCe2pWKWzYyTxfDj.jpg,jpg,유료 마케팅 착용,DAY,고나나_kk0rr Todaylook 유료 마케팅 납품 SWEATSHIRT BACKUP 착용 사진,2580×3292,N/A — 정지 이미지,HIGH,HIGH,MEDIUM,SOCIAL SUPPORT / ARCHIVE,TRUST AMPLIFIER / WORN PROOF / BACK PROOF,[CURRENT SKU MATCH NEEDS VERIFICATION] 2026 판매 재고와 동일 SKU·사양인지 대표품 대조 전 공개 확정 금지. [PUBLICATION LOCK] 유료 납품물 재사용 승인 범위만 적용하며 모델명·키·몸무게·후기·추천·Ambassador 표현 및 자동 공개 금지.,NO — 실제 제품·핏·인물은 생성형 AI로 변경하지 않음. 승인 범위 안의 크롭·색보정·먼지 정리만 가능.,Todaylook full review U019; Source ZIP: 고나나_kk0rr_162cm_52kg_2026-08-15 00-41.zip; ZIP SHA-256: 222647c68b4f84d1de9e854a6a7d850ec4ba8fc535a667677d230c3428c9080d; Media SHA-256: 81d570309e6024e9d2207d504d6ccd12e39e67f46bc3f3f5b6c67d1686f967fe; 원본 ZIP 변경 없이 CRC 검증 추출본을 COPY.,CANDIDATE,REVIEWED,B,실제 확인: DAY SWEATSHIRT 오늘룩 유료 납품 사진. BACK PROOF; setting=DAYLIGHT WALL. Creative scores (5): Product 4 / Model 4 / Styling 4 / Environment 3 / Campaign 4 / Brand Fit 4 = 23/30; T4 disposition=BACKUP. 권리는 사용자 확인 유료 마케팅 납품 범위에서 CLEARED이나 현행 SKU 동일성은 별도 검증한다.,2026-08-15,CLEARED,USER CONFIRMED PAID MARKETING
AST-0815,01_INPUT(입력_원본)/06_SOCIAL_PROOF(실제착용_소셜증거)/paid_marketing_todaylook/고나나_kk0rr_162cm_52kg_2026-08-15 00-41/eFjeJHGuRC9NSIhdJZyd0DKtLZfv2CYl22RI79gk1bpwB5owHycGxKAFlU2Ui38x.jpg,eFjeJHGuRC9NSIhdJZyd0DKtLZfv2CYl22RI79gk1bpwB5owHycGxKAFlU2Ui38x.jpg,jpg,유료 마케팅 착용,DAY,고나나_kk0rr Todaylook 유료 마케팅 납품 SWEATSHIRT BACKUP 착용 사진,2580×3292,N/A — 정지 이미지,HIGH,HIGH,MEDIUM,SOCIAL SUPPORT / ARCHIVE,TRUST AMPLIFIER / WORN PROOF / DETAIL PROOF,[CURRENT SKU MATCH NEEDS VERIFICATION] 2026 판매 재고와 동일 SKU·사양인지 대표품 대조 전 공개 확정 금지. [PUBLICATION LOCK] 유료 납품물 재사용 승인 범위만 적용하며 모델명·키·몸무게·후기·추천·Ambassador 표현 및 자동 공개 금지.,NO — 실제 제품·핏·인물은 생성형 AI로 변경하지 않음. 승인 범위 안의 크롭·색보정·먼지 정리만 가능.,Todaylook full review U020; Source ZIP: 고나나_kk0rr_162cm_52kg_2026-08-15 00-41.zip; ZIP SHA-256: 222647c68b4f84d1de9e854a6a7d850ec4ba8fc535a667677d230c3428c9080d; Media SHA-256: df27cd274007c2d50cbd9ad07776991c9f7b4b7ae7f9d4a45c970b752bbcb54c; 원본 ZIP 변경 없이 CRC 검증 추출본을 COPY.,CANDIDATE,REVIEWED,B,실제 확인: DAY SWEATSHIRT 오늘룩 유료 납품 사진. DETAIL PROOF; setting=DAYLIGHT WALL. Creative scores (5): Product 4 / Model 4 / Styling 4 / Environment 3 / Campaign 4 / Brand Fit 4 = 23/30; T4 disposition=BACKUP. 권리는 사용자 확인 유료 마케팅 납품 범위에서 CLEARED이나 현행 SKU 동일성은 별도 검증한다.,2026-08-15,CLEARED,USER CONFIRMED PAID MARKETING
AST-0816,01_INPUT(입력_원본)/06_SOCIAL_PROOF(실제착용_소셜증거)/paid_marketing_todaylook/고나나_kk0rr_162cm_52kg_2026-08-15 00-42 (1)/0sA2IN0xSaftbtg456JKnDCRIGuMULD05zcmaRzl2CL5z8TW211glpIWbkjcoq12.jpg,0sA2IN0xSaftbtg456JKnDCRIGuMULD05zcmaRzl2CL5z8TW211glpIWbkjcoq12.jpg,jpg,유료 마케팅 착용,NIGHT,고나나_kk0rr Todaylook 유료 마케팅 납품 SWEATSHIRT BACKUP 착용 사진,2580×3292,N/A — 정지 이미지,HIGH,HIGH,MEDIUM,SOCIAL SUPPORT / ARCHIVE,TRUST AMPLIFIER / WORN PROOF / FRONT / FIT PROOF,[CURRENT SKU MATCH NEEDS VERIFICATION] 2026 판매 재고와 동일 SKU·사양인지 대표품 대조 전 공개 확정 금지. [PUBLICATION LOCK] 유료 납품물 재사용 승인 범위만 적용하며 모델명·키·몸무게·후기·추천·Ambassador 표현 및 자동 공개 금지.,NO — 실제 제품·핏·인물은 생성형 AI로 변경하지 않음. 승인 범위 안의 크롭·색보정·먼지 정리만 가능.,Todaylook full review U021; Source ZIP: 고나나_kk0rr_162cm_52kg_2026-08-15 00-42 (1).zip; ZIP SHA-256: 7fe57a740b64cc7e7e6306d994ebbcfcce5ca8f80afc16d9ffdc7bf6eafd651c; Media SHA-256: e91d10dff26354e7a8df553f8aef0bd57b5d256d449a9abf2cc3fa9007f096f1; 원본 ZIP 변경 없이 CRC 검증 추출본을 COPY.,CANDIDATE,REVIEWED,B,실제 확인: NIGHT SWEATSHIRT 오늘룩 유료 납품 사진. FRONT / FIT PROOF; setting=DARK URBAN. Creative scores (5): Product 4 / Model 4 / Styling 4 / Environment 4 / Campaign 4 / Brand Fit 5 = 25/30; T4 disposition=BACKUP. 권리는 사용자 확인 유료 마케팅 납품 범위에서 CLEARED이나 현행 SKU 동일성은 별도 검증한다.,2026-08-15,CLEARED,USER CONFIRMED PAID MARKETING
AST-0817,01_INPUT(입력_원본)/06_SOCIAL_PROOF(실제착용_소셜증거)/paid_marketing_todaylook/고나나_kk0rr_162cm_52kg_2026-08-15 00-42 (1)/JL3poxpupKGzkA4ZBgIuHsy8QNJyRMWqbOCJtHGCVi2b4hWYR9csIQY6OyXQOFO4.jpg,JL3poxpupKGzkA4ZBgIuHsy8QNJyRMWqbOCJtHGCVi2b4hWYR9csIQY6OyXQOFO4.jpg,jpg,유료 마케팅 착용,NIGHT,고나나_kk0rr Todaylook 유료 마케팅 납품 SWEATSHIRT BACKUP 착용 사진,2580×3291,N/A — 정지 이미지,HIGH,HIGH,MEDIUM,SOCIAL SUPPORT / ARCHIVE,TRUST AMPLIFIER / WORN PROOF / FRONT / FIT PROOF,[CURRENT SKU MATCH NEEDS VERIFICATION] 2026 판매 재고와 동일 SKU·사양인지 대표품 대조 전 공개 확정 금지. [PUBLICATION LOCK] 유료 납품물 재사용 승인 범위만 적용하며 모델명·키·몸무게·후기·추천·Ambassador 표현 및 자동 공개 금지.,NO — 실제 제품·핏·인물은 생성형 AI로 변경하지 않음. 승인 범위 안의 크롭·색보정·먼지 정리만 가능.,Todaylook full review U022; Source ZIP: 고나나_kk0rr_162cm_52kg_2026-08-15 00-42 (1).zip; ZIP SHA-256: 7fe57a740b64cc7e7e6306d994ebbcfcce5ca8f80afc16d9ffdc7bf6eafd651c; Media SHA-256: 4ddd44180450e825d2b993c3f4420b512b8be032deac2ed92ecc559c6cf50277; 원본 ZIP 변경 없이 CRC 검증 추출본을 COPY.,CANDIDATE,REVIEWED,B,실제 확인: NIGHT SWEATSHIRT 오늘룩 유료 납품 사진. FRONT / FIT PROOF; setting=DARK URBAN. Creative scores (5): Product 4 / Model 4 / Styling 4 / Environment 4 / Campaign 4 / Brand Fit 5 = 25/30; T4 disposition=BACKUP. 권리는 사용자 확인 유료 마케팅 납품 범위에서 CLEARED이나 현행 SKU 동일성은 별도 검증한다.,2026-08-15,CLEARED,USER CONFIRMED PAID MARKETING
AST-0818,01_INPUT(입력_원본)/06_SOCIAL_PROOF(실제착용_소셜증거)/paid_marketing_todaylook/고나나_kk0rr_162cm_52kg_2026-08-15 00-42 (1)/o8EmeaBQQMb8fwGFnJxqolduPxBM4EXehmLS4L08a7Iatlcpq62uzPuHE8kyoGmq.jpg,o8EmeaBQQMb8fwGFnJxqolduPxBM4EXehmLS4L08a7Iatlcpq62uzPuHE8kyoGmq.jpg,jpg,유료 마케팅 착용,NIGHT,고나나_kk0rr Todaylook 유료 마케팅 납품 SWEATSHIRT BACKUP 착용 사진,2580×3291,N/A — 정지 이미지,HIGH,HIGH,MEDIUM,SOCIAL SUPPORT / ARCHIVE,TRUST AMPLIFIER / WORN PROOF / BACK PROOF,[CURRENT SKU MATCH NEEDS VERIFICATION] 2026 판매 재고와 동일 SKU·사양인지 대표품 대조 전 공개 확정 금지. [PUBLICATION LOCK] 유료 납품물 재사용 승인 범위만 적용하며 모델명·키·몸무게·후기·추천·Ambassador 표현 및 자동 공개 금지.,NO — 실제 제품·핏·인물은 생성형 AI로 변경하지 않음. 승인 범위 안의 크롭·색보정·먼지 정리만 가능.,Todaylook full review U023; Source ZIP: 고나나_kk0rr_162cm_52kg_2026-08-15 00-42 (1).zip; ZIP SHA-256: 7fe57a740b64cc7e7e6306d994ebbcfcce5ca8f80afc16d9ffdc7bf6eafd651c; Media SHA-256: 3f957e17a966c1f431a0db75ed81c01bd9ac85ae7f35460f153f657590562b8a; 원본 ZIP 변경 없이 CRC 검증 추출본을 COPY.,CANDIDATE,REVIEWED,B,실제 확인: NIGHT SWEATSHIRT 오늘룩 유료 납품 사진. BACK PROOF; setting=DARK URBAN. Creative scores (5): Product 4 / Model 4 / Styling 4 / Environment 4 / Campaign 4 / Brand Fit 5 = 25/30; T4 disposition=BACKUP. 권리는 사용자 확인 유료 마케팅 납품 범위에서 CLEARED이나 현행 SKU 동일성은 별도 검증한다.,2026-08-15,CLEARED,USER CONFIRMED PAID MARKETING
AST-0819,01_INPUT(입력_원본)/06_SOCIAL_PROOF(실제착용_소셜증거)/paid_marketing_todaylook/고나나_kk0rr_162cm_52kg_2026-08-15 00-42 (1)/01SMs54m6WZXVO4L9BcHwojwPfa1JahiIco6BteHbk9WrASaoy4IIpVPWceSCKPS.jpg,01SMs54m6WZXVO4L9BcHwojwPfa1JahiIco6BteHbk9WrASaoy4IIpVPWceSCKPS.jpg,jpg,유료 마케팅 착용,NIGHT,고나나_kk0rr Todaylook 유료 마케팅 납품 SWEATSHIRT BACKUP 착용 사진,2580×3292,N/A — 정지 이미지,HIGH,HIGH,MEDIUM,SOCIAL SUPPORT / ARCHIVE,TRUST AMPLIFIER / WORN PROOF / DETAIL PROOF,[CURRENT SKU MATCH NEEDS VERIFICATION] 2026 판매 재고와 동일 SKU·사양인지 대표품 대조 전 공개 확정 금지. [PUBLICATION LOCK] 유료 납품물 재사용 승인 범위만 적용하며 모델명·키·몸무게·후기·추천·Ambassador 표현 및 자동 공개 금지.,NO — 실제 제품·핏·인물은 생성형 AI로 변경하지 않음. 승인 범위 안의 크롭·색보정·먼지 정리만 가능.,Todaylook full review U024; Source ZIP: 고나나_kk0rr_162cm_52kg_2026-08-15 00-42 (1).zip; ZIP SHA-256: 7fe57a740b64cc7e7e6306d994ebbcfcce5ca8f80afc16d9ffdc7bf6eafd651c; Media SHA-256: f66bf7bff24b18cd038979e5201071a36b697aa1d3d89640b8bf0f9a81563cd5; 원본 ZIP 변경 없이 CRC 검증 추출본을 COPY.,CANDIDATE,REVIEWED,B,실제 확인: NIGHT SWEATSHIRT 오늘룩 유료 납품 사진. DETAIL PROOF; setting=DARK URBAN. Creative scores (5): Product 4 / Model 4 / Styling 4 / Environment 4 / Campaign 4 / Brand Fit 5 = 25/30; T4 disposition=BACKUP. 권리는 사용자 확인 유료 마케팅 납품 범위에서 CLEARED이나 현행 SKU 동일성은 별도 검증한다.,2026-08-15,CLEARED,USER CONFIRMED PAID MARKETING
AST-0820,01_INPUT(입력_원본)/06_SOCIAL_PROOF(실제착용_소셜증거)/paid_marketing_todaylook/고나나_kk0rr_162cm_52kg_2026-08-15 00-42 (1)/DR3DWI49TaLWgzttOZiwPYnts0arV5q4TI6c4SjxmRf7mpZ4SjjTWSbc4ps5Ct21.jpg,DR3DWI49TaLWgzttOZiwPYnts0arV5q4TI6c4SjxmRf7mpZ4SjjTWSbc4ps5Ct21.jpg,jpg,유료 마케팅 착용,NIGHT,고나나_kk0rr Todaylook 유료 마케팅 납품 SWEATSHIRT BACKUP 착용 사진,2580×3291,N/A — 정지 이미지,HIGH,HIGH,MEDIUM,SOCIAL SUPPORT / ARCHIVE,TRUST AMPLIFIER / WORN PROOF / FRONT / FIT PROOF,[CURRENT SKU MATCH NEEDS VERIFICATION] 2026 판매 재고와 동일 SKU·사양인지 대표품 대조 전 공개 확정 금지. [PUBLICATION LOCK] 유료 납품물 재사용 승인 범위만 적용하며 모델명·키·몸무게·후기·추천·Ambassador 표현 및 자동 공개 금지.,NO — 실제 제품·핏·인물은 생성형 AI로 변경하지 않음. 승인 범위 안의 크롭·색보정·먼지 정리만 가능.,Todaylook full review U025; Source ZIP: 고나나_kk0rr_162cm_52kg_2026-08-15 00-42 (1).zip; ZIP SHA-256: 7fe57a740b64cc7e7e6306d994ebbcfcce5ca8f80afc16d9ffdc7bf6eafd651c; Media SHA-256: d44d1caba95d1ac12fdd6ea788ac4d88bc92b23c80af471e80b7e4119816a23c; 원본 ZIP 변경 없이 CRC 검증 추출본을 COPY.,CANDIDATE,REVIEWED,B,실제 확인: NIGHT SWEATSHIRT 오늘룩 유료 납품 사진. FRONT / FIT PROOF; setting=DARK URBAN. Creative scores (5): Product 4 / Model 4 / Styling 4 / Environment 4 / Campaign 4 / Brand Fit 5 = 25/30; T4 disposition=BACKUP. 권리는 사용자 확인 유료 마케팅 납품 범위에서 CLEARED이나 현행 SKU 동일성은 별도 검증한다.,2026-08-15,CLEARED,USER CONFIRMED PAID MARKETING
AST-0821,01_INPUT(입력_원본)/06_SOCIAL_PROOF(실제착용_소셜증거)/paid_marketing_todaylook/고나나_kk0rr_162cm_52kg_2026-08-15 00-42 (1)/Tv0AlnlCyrK4vg9Nntt088eRU5DgcrKcR8RSdqcIcHDMqm41MUEfDxJDY18Sz41c.jpg,Tv0AlnlCyrK4vg9Nntt088eRU5DgcrKcR8RSdqcIcHDMqm41MUEfDxJDY18Sz41c.jpg,jpg,유료 마케팅 착용,NIGHT,고나나_kk0rr Todaylook 유료 마케팅 납품 SWEATSHIRT BACKUP 착용 사진,2580×3292,N/A — 정지 이미지,HIGH,HIGH,MEDIUM,SOCIAL SUPPORT / ARCHIVE,TRUST AMPLIFIER / WORN PROOF / BACK PROOF,[CURRENT SKU MATCH NEEDS VERIFICATION] 2026 판매 재고와 동일 SKU·사양인지 대표품 대조 전 공개 확정 금지. [PUBLICATION LOCK] 유료 납품물 재사용 승인 범위만 적용하며 모델명·키·몸무게·후기·추천·Ambassador 표현 및 자동 공개 금지.,NO — 실제 제품·핏·인물은 생성형 AI로 변경하지 않음. 승인 범위 안의 크롭·색보정·먼지 정리만 가능.,Todaylook full review U026; Source ZIP: 고나나_kk0rr_162cm_52kg_2026-08-15 00-42 (1).zip; ZIP SHA-256: 7fe57a740b64cc7e7e6306d994ebbcfcce5ca8f80afc16d9ffdc7bf6eafd651c; Media SHA-256: 983a4f23f2dfd75b7ce5457bfef2104632382204ad31091d68b1107f353ee9b7; 원본 ZIP 변경 없이 CRC 검증 추출본을 COPY.,CANDIDATE,REVIEWED,B,실제 확인: NIGHT SWEATSHIRT 오늘룩 유료 납품 사진. BACK PROOF; setting=DARK URBAN. Creative scores (5): Product 4 / Model 4 / Styling 4 / Environment 4 / Campaign 4 / Brand Fit 5 = 25/30; T4 disposition=BACKUP. 권리는 사용자 확인 유료 마케팅 납품 범위에서 CLEARED이나 현행 SKU 동일성은 별도 검증한다.,2026-08-15,CLEARED,USER CONFIRMED PAID MARKETING
AST-0822,01_INPUT(입력_원본)/06_SOCIAL_PROOF(실제착용_소셜증거)/paid_marketing_todaylook/고나나_kk0rr_162cm_52kg_2026-08-15 00-42 (2)/4Ikapw3ZxrSAHBhjSIfE5xhcK1oBNrhtQ4gL6tvf0Zr2wqL70gS2kMIhUgoRkZMl.jpg,4Ikapw3ZxrSAHBhjSIfE5xhcK1oBNrhtQ4gL6tvf0Zr2wqL70gS2kMIhUgoRkZMl.jpg,jpg,유료 마케팅 착용,NIGHT,고나나_kk0rr Todaylook 유료 마케팅 납품 T-SHIRT BACKUP 착용 사진,2580×3292,N/A — 정지 이미지,HIGH,HIGH,MEDIUM,SOCIAL SUPPORT / ARCHIVE,TRUST AMPLIFIER / WORN PROOF / FRONT / FIT PROOF,[CURRENT SKU MATCH NEEDS VERIFICATION] 2026 판매 재고와 동일 SKU·사양인지 대표품 대조 전 공개 확정 금지. [PUBLICATION LOCK] 유료 납품물 재사용 승인 범위만 적용하며 모델명·키·몸무게·후기·추천·Ambassador 표현 및 자동 공개 금지.,NO — 실제 제품·핏·인물은 생성형 AI로 변경하지 않음. 승인 범위 안의 크롭·색보정·먼지 정리만 가능.,Todaylook full review U027; Source ZIP: 고나나_kk0rr_162cm_52kg_2026-08-15 00-42 (2).zip; ZIP SHA-256: 8331fa4817bcf74604c0984703ee684d3e6d33ffb36333b6819ec806e25d6fac; Media SHA-256: 3f9ea5510b6ba07b9f0fc10e900404e11fbce9073b64d0d3005aac81387c671d; 원본 ZIP 변경 없이 CRC 검증 추출본을 COPY.,CANDIDATE,REVIEWED,B,실제 확인: NIGHT T-SHIRT 오늘룩 유료 납품 사진. FRONT / FIT PROOF; setting=URBAN DAYLIGHT. Creative scores (5): Product 4 / Model 4 / Styling 4 / Environment 3 / Campaign 4 / Brand Fit 4 = 23/30; T4 disposition=BACKUP. 권리는 사용자 확인 유료 마케팅 납품 범위에서 CLEARED이나 현행 SKU 동일성은 별도 검증한다.,2026-08-15,CLEARED,USER CONFIRMED PAID MARKETING
AST-0823,01_INPUT(입력_원본)/06_SOCIAL_PROOF(실제착용_소셜증거)/paid_marketing_todaylook/고나나_kk0rr_162cm_52kg_2026-08-15 00-42 (2)/wxnOlUb7lTkbxhCfaAuxyLoHMpzZ2NdfnGuzILD8OlJwGPJ5BqTvKultm8SYtFYG.jpg,wxnOlUb7lTkbxhCfaAuxyLoHMpzZ2NdfnGuzILD8OlJwGPJ5BqTvKultm8SYtFYG.jpg,jpg,유료 마케팅 착용,NIGHT,고나나_kk0rr Todaylook 유료 마케팅 납품 T-SHIRT BACKUP 착용 사진,2580×3291,N/A — 정지 이미지,HIGH,HIGH,MEDIUM,SOCIAL SUPPORT / ARCHIVE,TRUST AMPLIFIER / WORN PROOF / FRONT / FIT PROOF,[CURRENT SKU MATCH NEEDS VERIFICATION] 2026 판매 재고와 동일 SKU·사양인지 대표품 대조 전 공개 확정 금지. [PUBLICATION LOCK] 유료 납품물 재사용 승인 범위만 적용하며 모델명·키·몸무게·후기·추천·Ambassador 표현 및 자동 공개 금지.,NO — 실제 제품·핏·인물은 생성형 AI로 변경하지 않음. 승인 범위 안의 크롭·색보정·먼지 정리만 가능.,Todaylook full review U028; Source ZIP: 고나나_kk0rr_162cm_52kg_2026-08-15 00-42 (2).zip; ZIP SHA-256: 8331fa4817bcf74604c0984703ee684d3e6d33ffb36333b6819ec806e25d6fac; Media SHA-256: e56feca55253c3112f5425091f1ffa359ded8f26a529c986607ccc1f0609a061; 원본 ZIP 변경 없이 CRC 검증 추출본을 COPY.,CANDIDATE,REVIEWED,B,실제 확인: NIGHT T-SHIRT 오늘룩 유료 납품 사진. FRONT / FIT PROOF; setting=URBAN DAYLIGHT. Creative scores (5): Product 4 / Model 4 / Styling 4 / Environment 3 / Campaign 4 / Brand Fit 4 = 23/30; T4 disposition=BACKUP. 권리는 사용자 확인 유료 마케팅 납품 범위에서 CLEARED이나 현행 SKU 동일성은 별도 검증한다.,2026-08-15,CLEARED,USER CONFIRMED PAID MARKETING
AST-0824,01_INPUT(입력_원본)/06_SOCIAL_PROOF(실제착용_소셜증거)/paid_marketing_todaylook/고나나_kk0rr_162cm_52kg_2026-08-15 00-42 (2)/u5QwDeRlcZZTWGmBFNs5Fq4BaIo4oQtsoBSKaxuT8xqXSDfDUcoO8u2IN6QB5LVe.jpg,u5QwDeRlcZZTWGmBFNs5Fq4BaIo4oQtsoBSKaxuT8xqXSDfDUcoO8u2IN6QB5LVe.jpg,jpg,유료 마케팅 착용,NIGHT,고나나_kk0rr Todaylook 유료 마케팅 납품 T-SHIRT BACKUP 착용 사진,2580×3290,N/A — 정지 이미지,HIGH,HIGH,MEDIUM,SOCIAL SUPPORT / ARCHIVE,TRUST AMPLIFIER / WORN PROOF / FRONT / FIT PROOF,[CURRENT SKU MATCH NEEDS VERIFICATION] 2026 판매 재고와 동일 SKU·사양인지 대표품 대조 전 공개 확정 금지. [PUBLICATION LOCK] 유료 납품물 재사용 승인 범위만 적용하며 모델명·키·몸무게·후기·추천·Ambassador 표현 및 자동 공개 금지.,NO — 실제 제품·핏·인물은 생성형 AI로 변경하지 않음. 승인 범위 안의 크롭·색보정·먼지 정리만 가능.,Todaylook full review U029; Source ZIP: 고나나_kk0rr_162cm_52kg_2026-08-15 00-42 (2).zip; ZIP SHA-256: 8331fa4817bcf74604c0984703ee684d3e6d33ffb36333b6819ec806e25d6fac; Media SHA-256: 55b34acee72dd722bf074c1cdca1a082cc2974a73083b263d8ee73d3f67cbc21; 원본 ZIP 변경 없이 CRC 검증 추출본을 COPY.,CANDIDATE,REVIEWED,B,실제 확인: NIGHT T-SHIRT 오늘룩 유료 납품 사진. FRONT / FIT PROOF; setting=URBAN DAYLIGHT. Creative scores (5): Product 4 / Model 4 / Styling 4 / Environment 3 / Campaign 4 / Brand Fit 4 = 23/30; T4 disposition=BACKUP. 권리는 사용자 확인 유료 마케팅 납품 범위에서 CLEARED이나 현행 SKU 동일성은 별도 검증한다.,2026-08-15,CLEARED,USER CONFIRMED PAID MARKETING
AST-0825,01_INPUT(입력_원본)/06_SOCIAL_PROOF(실제착용_소셜증거)/paid_marketing_todaylook/고나나_kk0rr_162cm_52kg_2026-08-15 00-42 (2)/cnrJO4BrAgIOPb0n7lV6jRV0TKTwA20ydaCmnrQq1HgJBLr7ZhQmtEw5998AXHJw.jpg,cnrJO4BrAgIOPb0n7lV6jRV0TKTwA20ydaCmnrQq1HgJBLr7ZhQmtEw5998AXHJw.jpg,jpg,유료 마케팅 착용,NIGHT,고나나_kk0rr Todaylook 유료 마케팅 납품 T-SHIRT BACKUP 착용 사진,2580×3290,N/A — 정지 이미지,HIGH,HIGH,MEDIUM,SOCIAL SUPPORT / ARCHIVE,TRUST AMPLIFIER / WORN PROOF / BACK PROOF,[CURRENT SKU MATCH NEEDS VERIFICATION] 2026 판매 재고와 동일 SKU·사양인지 대표품 대조 전 공개 확정 금지. [PUBLICATION LOCK] 유료 납품물 재사용 승인 범위만 적용하며 모델명·키·몸무게·후기·추천·Ambassador 표현 및 자동 공개 금지.,NO — 실제 제품·핏·인물은 생성형 AI로 변경하지 않음. 승인 범위 안의 크롭·색보정·먼지 정리만 가능.,Todaylook full review U030; Source ZIP: 고나나_kk0rr_162cm_52kg_2026-08-15 00-42 (2).zip; ZIP SHA-256: 8331fa4817bcf74604c0984703ee684d3e6d33ffb36333b6819ec806e25d6fac; Media SHA-256: dd911b2e34355fd93463ff342333cd031b5a17ac3b3cd802fc90adcd96e048a5; 원본 ZIP 변경 없이 CRC 검증 추출본을 COPY.,CANDIDATE,REVIEWED,B,실제 확인: NIGHT T-SHIRT 오늘룩 유료 납품 사진. BACK PROOF; setting=URBAN DAYLIGHT. Creative scores (5): Product 4 / Model 4 / Styling 4 / Environment 3 / Campaign 4 / Brand Fit 4 = 23/30; T4 disposition=BACKUP. 권리는 사용자 확인 유료 마케팅 납품 범위에서 CLEARED이나 현행 SKU 동일성은 별도 검증한다.,2026-08-15,CLEARED,USER CONFIRMED PAID MARKETING
AST-0826,01_INPUT(입력_원본)/06_SOCIAL_PROOF(실제착용_소셜증거)/paid_marketing_todaylook/고나나_kk0rr_162cm_52kg_2026-08-15 00-42 (2)/4lKcq9HzL2vetYDv6ATZZtE7SuhDwMf7YCa85bhMHLK9S0JKGdeGLhI4qnBkwcna.jpg,4lKcq9HzL2vetYDv6ATZZtE7SuhDwMf7YCa85bhMHLK9S0JKGdeGLhI4qnBkwcna.jpg,jpg,유료 마케팅 착용,NIGHT,고나나_kk0rr Todaylook 유료 마케팅 납품 T-SHIRT BACKUP 착용 사진,2580×3291,N/A — 정지 이미지,HIGH,HIGH,MEDIUM,SOCIAL SUPPORT / ARCHIVE,TRUST AMPLIFIER / WORN PROOF / FRONT / FIT PROOF,[CURRENT SKU MATCH NEEDS VERIFICATION] 2026 판매 재고와 동일 SKU·사양인지 대표품 대조 전 공개 확정 금지. [PUBLICATION LOCK] 유료 납품물 재사용 승인 범위만 적용하며 모델명·키·몸무게·후기·추천·Ambassador 표현 및 자동 공개 금지.,NO — 실제 제품·핏·인물은 생성형 AI로 변경하지 않음. 승인 범위 안의 크롭·색보정·먼지 정리만 가능.,Todaylook full review U031; Source ZIP: 고나나_kk0rr_162cm_52kg_2026-08-15 00-42 (2).zip; ZIP SHA-256: 8331fa4817bcf74604c0984703ee684d3e6d33ffb36333b6819ec806e25d6fac; Media SHA-256: ae4a90e29fba6f0a53678591519af37d36a25a1fc71b4a604862c227b670064e; 원본 ZIP 변경 없이 CRC 검증 추출본을 COPY.,CANDIDATE,REVIEWED,B,실제 확인: NIGHT T-SHIRT 오늘룩 유료 납품 사진. FRONT / FIT PROOF; setting=URBAN DAYLIGHT. Creative scores (5): Product 4 / Model 4 / Styling 4 / Environment 3 / Campaign 4 / Brand Fit 4 = 23/30; T4 disposition=BACKUP. 권리는 사용자 확인 유료 마케팅 납품 범위에서 CLEARED이나 현행 SKU 동일성은 별도 검증한다.,2026-08-15,CLEARED,USER CONFIRMED PAID MARKETING
AST-0827,01_INPUT(입력_원본)/06_SOCIAL_PROOF(실제착용_소셜증거)/paid_marketing_todaylook/고나나_kk0rr_162cm_52kg_2026-08-15 00-42 (2)/UlTYUij8P3Lv3azfeRN89LYwWuWBzkPXY5dUJ3GIq85ChY8uSf6JdHMRkItEZ79D.jpg,UlTYUij8P3Lv3azfeRN89LYwWuWBzkPXY5dUJ3GIq85ChY8uSf6JdHMRkItEZ79D.jpg,jpg,유료 마케팅 착용,NIGHT,고나나_kk0rr Todaylook 유료 마케팅 납품 T-SHIRT BACKUP 착용 사진,2580×3292,N/A — 정지 이미지,HIGH,HIGH,MEDIUM,SOCIAL SUPPORT / ARCHIVE,TRUST AMPLIFIER / WORN PROOF / DETAIL PROOF,[CURRENT SKU MATCH NEEDS VERIFICATION] 2026 판매 재고와 동일 SKU·사양인지 대표품 대조 전 공개 확정 금지. [PUBLICATION LOCK] 유료 납품물 재사용 승인 범위만 적용하며 모델명·키·몸무게·후기·추천·Ambassador 표현 및 자동 공개 금지.,NO — 실제 제품·핏·인물은 생성형 AI로 변경하지 않음. 승인 범위 안의 크롭·색보정·먼지 정리만 가능.,Todaylook full review U032; Source ZIP: 고나나_kk0rr_162cm_52kg_2026-08-15 00-42 (2).zip; ZIP SHA-256: 8331fa4817bcf74604c0984703ee684d3e6d33ffb36333b6819ec806e25d6fac; Media SHA-256: 773c8fb45a9cd5f766d672c4f98f3512bfc1d571e1c5fabc9bea0e926952c347; 원본 ZIP 변경 없이 CRC 검증 추출본을 COPY.,CANDIDATE,REVIEWED,B,실제 확인: NIGHT T-SHIRT 오늘룩 유료 납품 사진. DETAIL PROOF; setting=URBAN DAYLIGHT. Creative scores (5): Product 4 / Model 4 / Styling 4 / Environment 3 / Campaign 4 / Brand Fit 4 = 23/30; T4 disposition=BACKUP. 권리는 사용자 확인 유료 마케팅 납품 범위에서 CLEARED이나 현행 SKU 동일성은 별도 검증한다.,2026-08-15,CLEARED,USER CONFIRMED PAID MARKETING
AST-0828,01_INPUT(입력_원본)/06_SOCIAL_PROOF(실제착용_소셜증거)/paid_marketing_todaylook/고나나_kk0rr_162cm_52kg_2026-08-15 00-42 (2)/LDriETsuMHrap5X8FDNwRcLv1MQxKAzPzqlodIqMQVB7npouNH1R8Xi81JSjQXYG.jpg,LDriETsuMHrap5X8FDNwRcLv1MQxKAzPzqlodIqMQVB7npouNH1R8Xi81JSjQXYG.jpg,jpg,유료 마케팅 착용,NIGHT,고나나_kk0rr Todaylook 유료 마케팅 납품 T-SHIRT BACKUP 착용 사진,2580×3291,N/A — 정지 이미지,HIGH,HIGH,MEDIUM,SOCIAL SUPPORT / ARCHIVE,TRUST AMPLIFIER / WORN PROOF / BACK PROOF,[CURRENT SKU MATCH NEEDS VERIFICATION] 2026 판매 재고와 동일 SKU·사양인지 대표품 대조 전 공개 확정 금지. [PUBLICATION LOCK] 유료 납품물 재사용 승인 범위만 적용하며 모델명·키·몸무게·후기·추천·Ambassador 표현 및 자동 공개 금지.,NO — 실제 제품·핏·인물은 생성형 AI로 변경하지 않음. 승인 범위 안의 크롭·색보정·먼지 정리만 가능.,Todaylook full review U033; Source ZIP: 고나나_kk0rr_162cm_52kg_2026-08-15 00-42 (2).zip; ZIP SHA-256: 8331fa4817bcf74604c0984703ee684d3e6d33ffb36333b6819ec806e25d6fac; Media SHA-256: 05b330cef0e85673dea3ef34700e669d5cc4023f6fa414600a0f563d5d9b04d8; 원본 ZIP 변경 없이 CRC 검증 추출본을 COPY.,CANDIDATE,REVIEWED,B,실제 확인: NIGHT T-SHIRT 오늘룩 유료 납품 사진. BACK PROOF; setting=URBAN DAYLIGHT. Creative scores (5): Product 4 / Model 4 / Styling 4 / Environment 3 / Campaign 4 / Brand Fit 4 = 23/30; T4 disposition=BACKUP. 권리는 사용자 확인 유료 마케팅 납품 범위에서 CLEARED이나 현행 SKU 동일성은 별도 검증한다.,2026-08-15,CLEARED,USER CONFIRMED PAID MARKETING
AST-0829,01_INPUT(입력_원본)/06_SOCIAL_PROOF(실제착용_소셜증거)/paid_marketing_todaylook/고나나_kk0rr_162cm_52kg_2026-08-15 00-42/IXvoc2zvpHImtMB6O7LjlWQV7rcFGSxokvDudatmiKOBMSpj3M2Ng6jC980hRrpH.jpg,IXvoc2zvpHImtMB6O7LjlWQV7rcFGSxokvDudatmiKOBMSpj3M2Ng6jC980hRrpH.jpg,jpg,유료 마케팅 착용,DAY,고나나_kk0rr Todaylook 유료 마케팅 납품 SWEATSHIRT BACKUP 착용 사진,2580×3292,N/A — 정지 이미지,HIGH,HIGH,MEDIUM,SOCIAL SUPPORT / ARCHIVE,TRUST AMPLIFIER / WORN PROOF / FRONT / FIT PROOF,[CURRENT SKU MATCH NEEDS VERIFICATION] 2026 판매 재고와 동일 SKU·사양인지 대표품 대조 전 공개 확정 금지. [PUBLICATION LOCK] 유료 납품물 재사용 승인 범위만 적용하며 모델명·키·몸무게·후기·추천·Ambassador 표현 및 자동 공개 금지.,NO — 실제 제품·핏·인물은 생성형 AI로 변경하지 않음. 승인 범위 안의 크롭·색보정·먼지 정리만 가능.,Todaylook full review U034; Source ZIP: 고나나_kk0rr_162cm_52kg_2026-08-15 00-42.zip; ZIP SHA-256: 3a9abe68b335a498b3385f14f23b4f401769407c2616e6096850466f76f0c968; Media SHA-256: 07b64d9da3c559923cefd74e87c1ab70b2d45261e309474c63500888a996f1a6; 원본 ZIP 변경 없이 CRC 검증 추출본을 COPY.,CANDIDATE,REVIEWED,B,실제 확인: DAY SWEATSHIRT 오늘룩 유료 납품 사진. FRONT / FIT PROOF; setting=BRICK / FLASH. Creative scores (5): Product 4 / Model 4 / Styling 4 / Environment 4 / Campaign 4 / Brand Fit 4 = 24/30; T4 disposition=BACKUP. 권리는 사용자 확인 유료 마케팅 납품 범위에서 CLEARED이나 현행 SKU 동일성은 별도 검증한다.,2026-08-15,CLEARED,USER CONFIRMED PAID MARKETING
AST-0830,01_INPUT(입력_원본)/06_SOCIAL_PROOF(실제착용_소셜증거)/paid_marketing_todaylook/고나나_kk0rr_162cm_52kg_2026-08-15 00-42/vqO7ZnROBuXhXjOH6V0GWJVaWHMS2J2MdUoiEld90VfqZKf79Epm7fSCO1uK3jIR.jpg,vqO7ZnROBuXhXjOH6V0GWJVaWHMS2J2MdUoiEld90VfqZKf79Epm7fSCO1uK3jIR.jpg,jpg,유료 마케팅 착용,DAY,고나나_kk0rr Todaylook 유료 마케팅 납품 SWEATSHIRT BACKUP 착용 사진,2580×3292,N/A — 정지 이미지,HIGH,HIGH,MEDIUM,SOCIAL SUPPORT / ARCHIVE,TRUST AMPLIFIER / WORN PROOF / FRONT / FIT PROOF,[CURRENT SKU MATCH NEEDS VERIFICATION] 2026 판매 재고와 동일 SKU·사양인지 대표품 대조 전 공개 확정 금지. [PUBLICATION LOCK] 유료 납품물 재사용 승인 범위만 적용하며 모델명·키·몸무게·후기·추천·Ambassador 표현 및 자동 공개 금지.,NO — 실제 제품·핏·인물은 생성형 AI로 변경하지 않음. 승인 범위 안의 크롭·색보정·먼지 정리만 가능.,Todaylook full review U035; Source ZIP: 고나나_kk0rr_162cm_52kg_2026-08-15 00-42.zip; ZIP SHA-256: 3a9abe68b335a498b3385f14f23b4f401769407c2616e6096850466f76f0c968; Media SHA-256: b32627ee5406a168d3c0cadb53530c0456a089c6a23f0d0bd538e557d02e7c6d; 원본 ZIP 변경 없이 CRC 검증 추출본을 COPY.,CANDIDATE,REVIEWED,B,실제 확인: DAY SWEATSHIRT 오늘룩 유료 납품 사진. FRONT / FIT PROOF; setting=BRICK / FLASH. Creative scores (5): Product 4 / Model 4 / Styling 4 / Environment 4 / Campaign 4 / Brand Fit 4 = 24/30; T4 disposition=BACKUP. 권리는 사용자 확인 유료 마케팅 납품 범위에서 CLEARED이나 현행 SKU 동일성은 별도 검증한다.,2026-08-15,CLEARED,USER CONFIRMED PAID MARKETING
AST-0831,01_INPUT(입력_원본)/06_SOCIAL_PROOF(실제착용_소셜증거)/paid_marketing_todaylook/고나나_kk0rr_162cm_52kg_2026-08-15 00-42/qmA1BK36h4ViXhPe5zPOled1B5H1Tcs37oCtzLd3llx43rMAUj6mVrirX0BQpcLE.jpg,qmA1BK36h4ViXhPe5zPOled1B5H1Tcs37oCtzLd3llx43rMAUj6mVrirX0BQpcLE.jpg,jpg,유료 마케팅 착용,DAY,고나나_kk0rr Todaylook 유료 마케팅 납품 SWEATSHIRT BACKUP 착용 사진,2580×3292,N/A — 정지 이미지,HIGH,HIGH,MEDIUM,SOCIAL SUPPORT / ARCHIVE,TRUST AMPLIFIER / WORN PROOF / DETAIL PROOF,[CURRENT SKU MATCH NEEDS VERIFICATION] 2026 판매 재고와 동일 SKU·사양인지 대표품 대조 전 공개 확정 금지. [PUBLICATION LOCK] 유료 납품물 재사용 승인 범위만 적용하며 모델명·키·몸무게·후기·추천·Ambassador 표현 및 자동 공개 금지.,NO — 실제 제품·핏·인물은 생성형 AI로 변경하지 않음. 승인 범위 안의 크롭·색보정·먼지 정리만 가능.,Todaylook full review U036; Source ZIP: 고나나_kk0rr_162cm_52kg_2026-08-15 00-42.zip; ZIP SHA-256: 3a9abe68b335a498b3385f14f23b4f401769407c2616e6096850466f76f0c968; Media SHA-256: 2452e59c5aac0573c154ec24e97e62167ac3a954d4e057a265ea1702d54615db; 원본 ZIP 변경 없이 CRC 검증 추출본을 COPY.,CANDIDATE,REVIEWED,B,실제 확인: DAY SWEATSHIRT 오늘룩 유료 납품 사진. DETAIL PROOF; setting=BRICK / FLASH. Creative scores (5): Product 4 / Model 4 / Styling 4 / Environment 4 / Campaign 4 / Brand Fit 4 = 24/30; T4 disposition=BACKUP. 권리는 사용자 확인 유료 마케팅 납품 범위에서 CLEARED이나 현행 SKU 동일성은 별도 검증한다.,2026-08-15,CLEARED,USER CONFIRMED PAID MARKETING
AST-0832,01_INPUT(입력_원본)/06_SOCIAL_PROOF(실제착용_소셜증거)/paid_marketing_todaylook/고나나_kk0rr_162cm_52kg_2026-08-15 00-42/rUNl4kW4I2URhlGhI77fclrs0ZXL80TzCJU9cVn0825Qq8kU2G8mG8M0VZM95uRW.jpg,rUNl4kW4I2URhlGhI77fclrs0ZXL80TzCJU9cVn0825Qq8kU2G8mG8M0VZM95uRW.jpg,jpg,유료 마케팅 착용,DAY,고나나_kk0rr Todaylook 유료 마케팅 납품 SWEATSHIRT BACKUP 착용 사진,2580×3292,N/A — 정지 이미지,HIGH,HIGH,MEDIUM,SOCIAL SUPPORT / ARCHIVE,TRUST AMPLIFIER / WORN PROOF / BACK PROOF,[CURRENT SKU MATCH NEEDS VERIFICATION] 2026 판매 재고와 동일 SKU·사양인지 대표품 대조 전 공개 확정 금지. [PUBLICATION LOCK] 유료 납품물 재사용 승인 범위만 적용하며 모델명·키·몸무게·후기·추천·Ambassador 표현 및 자동 공개 금지.,NO — 실제 제품·핏·인물은 생성형 AI로 변경하지 않음. 승인 범위 안의 크롭·색보정·먼지 정리만 가능.,Todaylook full review U037; Source ZIP: 고나나_kk0rr_162cm_52kg_2026-08-15 00-42.zip; ZIP SHA-256: 3a9abe68b335a498b3385f14f23b4f401769407c2616e6096850466f76f0c968; Media SHA-256: 0610af56411cfd08e41bb4cdd9ac3e650dfb3c22db36764b2a8aa0d4af3439fe; 원본 ZIP 변경 없이 CRC 검증 추출본을 COPY.,CANDIDATE,REVIEWED,B,실제 확인: DAY SWEATSHIRT 오늘룩 유료 납품 사진. BACK PROOF; setting=BRICK / FLASH. Creative scores (5): Product 4 / Model 4 / Styling 4 / Environment 4 / Campaign 4 / Brand Fit 4 = 24/30; T4 disposition=BACKUP. 권리는 사용자 확인 유료 마케팅 납품 범위에서 CLEARED이나 현행 SKU 동일성은 별도 검증한다.,2026-08-15,CLEARED,USER CONFIRMED PAID MARKETING
AST-0833,01_INPUT(입력_원본)/06_SOCIAL_PROOF(실제착용_소셜증거)/paid_marketing_todaylook/고명진_mj.slim.j_189cm_89kg_2026-08-15 00-42/iCbsRYbuLSyT5TOYoi6ttD6WsV0I9rb8Vp4L6WqDB8IJ2QvN3iphtHawT9cn27j2.jpg,iCbsRYbuLSyT5TOYoi6ttD6WsV0I9rb8Vp4L6WqDB8IJ2QvN3iphtHawT9cn27j2.jpg,jpg,유료 마케팅 착용,DAY,고명진_mj.slim.j Todaylook 유료 마케팅 납품 T-SHIRT BACKUP 착용 사진,2568×3281,N/A — 정지 이미지,HIGH,HIGH,MEDIUM,SOCIAL SUPPORT / ARCHIVE,TRUST AMPLIFIER / WORN PROOF / BACK PROOF,[CURRENT SKU MATCH NEEDS VERIFICATION] 2026 판매 재고와 동일 SKU·사양인지 대표품 대조 전 공개 확정 금지. [PUBLICATION LOCK] 유료 납품물 재사용 승인 범위만 적용하며 모델명·키·몸무게·후기·추천·Ambassador 표현 및 자동 공개 금지.,NO — 실제 제품·핏·인물은 생성형 AI로 변경하지 않음. 승인 범위 안의 크롭·색보정·먼지 정리만 가능.,Todaylook full review U047; Source ZIP: 고명진_mj.slim.j_189cm_89kg_2026-08-15 00-42.zip; ZIP SHA-256: 98be9e0147525e8ceb22a0ccece8cb9d3ab4423ad8d083b6d7451a424c98881c; Media SHA-256: 6bd2b8797ed6c26d2e2387d2a0a52200188d9d65ef5941c31636cc80eeb1c0f5; 원본 ZIP 변경 없이 CRC 검증 추출본을 COPY.,CANDIDATE,REVIEWED,B,실제 확인: DAY T-SHIRT 오늘룩 유료 납품 사진. BACK PROOF; setting=CAFE INTERIOR. Creative scores (5): Product 4 / Model 4 / Styling 4 / Environment 4 / Campaign 4 / Brand Fit 4 = 24/30; T4 disposition=BACKUP. 권리는 사용자 확인 유료 마케팅 납품 범위에서 CLEARED이나 현행 SKU 동일성은 별도 검증한다.,2026-08-15,CLEARED,USER CONFIRMED PAID MARKETING
AST-0834,01_INPUT(입력_원본)/06_SOCIAL_PROOF(실제착용_소셜증거)/paid_marketing_todaylook/고명진_mj.slim.j_189cm_89kg_2026-08-15 00-42/WIXbkP0RwtBSnJ28MWJHGmbSv2fBzraV6ZTIywLTnVSIsHx9p29Bafab494GzKDj.jpg,WIXbkP0RwtBSnJ28MWJHGmbSv2fBzraV6ZTIywLTnVSIsHx9p29Bafab494GzKDj.jpg,jpg,유료 마케팅 착용,DAY,고명진_mj.slim.j Todaylook 유료 마케팅 납품 T-SHIRT BACKUP 착용 사진,2568×3281,N/A — 정지 이미지,HIGH,HIGH,MEDIUM,SOCIAL SUPPORT / ARCHIVE,TRUST AMPLIFIER / WORN PROOF / FRONT / FIT PROOF,[CURRENT SKU MATCH NEEDS VERIFICATION] 2026 판매 재고와 동일 SKU·사양인지 대표품 대조 전 공개 확정 금지. [PUBLICATION LOCK] 유료 납품물 재사용 승인 범위만 적용하며 모델명·키·몸무게·후기·추천·Ambassador 표현 및 자동 공개 금지.,NO — 실제 제품·핏·인물은 생성형 AI로 변경하지 않음. 승인 범위 안의 크롭·색보정·먼지 정리만 가능.,Todaylook full review U048; Source ZIP: 고명진_mj.slim.j_189cm_89kg_2026-08-15 00-42.zip; ZIP SHA-256: 98be9e0147525e8ceb22a0ccece8cb9d3ab4423ad8d083b6d7451a424c98881c; Media SHA-256: 0f32b8c67d42e9201dc184efda1ea7989341a2d09674a4bb86818448e9c2ac1f; 원본 ZIP 변경 없이 CRC 검증 추출본을 COPY.,CANDIDATE,REVIEWED,B,실제 확인: DAY T-SHIRT 오늘룩 유료 납품 사진. FRONT / FIT PROOF; setting=CAFE INTERIOR. Creative scores (5): Product 4 / Model 4 / Styling 4 / Environment 4 / Campaign 4 / Brand Fit 4 = 24/30; T4 disposition=BACKUP. 권리는 사용자 확인 유료 마케팅 납품 범위에서 CLEARED이나 현행 SKU 동일성은 별도 검증한다.,2026-08-15,CLEARED,USER CONFIRMED PAID MARKETING
AST-0835,01_INPUT(입력_원본)/06_SOCIAL_PROOF(실제착용_소셜증거)/paid_marketing_todaylook/고명진_mj.slim.j_189cm_89kg_2026-08-15 00-42/ERFIMaVFQhGKhHWqvApR0aKtBiw9Cy0mT8x1hzhOky4JFuTae6v2Ss2ApQ2RsUDj.jpg,ERFIMaVFQhGKhHWqvApR0aKtBiw9Cy0mT8x1hzhOky4JFuTae6v2Ss2ApQ2RsUDj.jpg,jpg,유료 마케팅 착용,DAY,고명진_mj.slim.j Todaylook 유료 마케팅 납품 T-SHIRT BACKUP 착용 사진,2568×3281,N/A — 정지 이미지,HIGH,HIGH,MEDIUM,SOCIAL SUPPORT / ARCHIVE,TRUST AMPLIFIER / WORN PROOF / FRONT / FIT PROOF,[CURRENT SKU MATCH NEEDS VERIFICATION] 2026 판매 재고와 동일 SKU·사양인지 대표품 대조 전 공개 확정 금지. [PUBLICATION LOCK] 유료 납품물 재사용 승인 범위만 적용하며 모델명·키·몸무게·후기·추천·Ambassador 표현 및 자동 공개 금지.,NO — 실제 제품·핏·인물은 생성형 AI로 변경하지 않음. 승인 범위 안의 크롭·색보정·먼지 정리만 가능.,Todaylook full review U049; Source ZIP: 고명진_mj.slim.j_189cm_89kg_2026-08-15 00-42.zip; ZIP SHA-256: 98be9e0147525e8ceb22a0ccece8cb9d3ab4423ad8d083b6d7451a424c98881c; Media SHA-256: 479176c62a789ebd872811a34a834c19a3022de261c96202a33aa62b824a7caa; 원본 ZIP 변경 없이 CRC 검증 추출본을 COPY.,CANDIDATE,REVIEWED,B,실제 확인: DAY T-SHIRT 오늘룩 유료 납품 사진. FRONT / FIT PROOF; setting=CAFE INTERIOR. Creative scores (5): Product 4 / Model 4 / Styling 4 / Environment 4 / Campaign 4 / Brand Fit 4 = 24/30; T4 disposition=BACKUP. 권리는 사용자 확인 유료 마케팅 납품 범위에서 CLEARED이나 현행 SKU 동일성은 별도 검증한다.,2026-08-15,CLEARED,USER CONFIRMED PAID MARKETING
AST-0836,01_INPUT(입력_원본)/06_SOCIAL_PROOF(실제착용_소셜증거)/paid_marketing_todaylook/고명진_mj.slim.j_189cm_89kg_2026-08-15 00-42/BRZx3wR9Yuq8keuBEQEBtFbI1uRwZtzGBghrWqUHW3Iqu1zpSwhlPg3OUX181a2s.jpg,BRZx3wR9Yuq8keuBEQEBtFbI1uRwZtzGBghrWqUHW3Iqu1zpSwhlPg3OUX181a2s.jpg,jpg,유료 마케팅 착용,DAY,고명진_mj.slim.j Todaylook 유료 마케팅 납품 T-SHIRT BACKUP 착용 사진,2568×3281,N/A — 정지 이미지,HIGH,HIGH,MEDIUM,SOCIAL SUPPORT / ARCHIVE,TRUST AMPLIFIER / WORN PROOF / BACK PROOF,[CURRENT SKU MATCH NEEDS VERIFICATION] 2026 판매 재고와 동일 SKU·사양인지 대표품 대조 전 공개 확정 금지. [PUBLICATION LOCK] 유료 납품물 재사용 승인 범위만 적용하며 모델명·키·몸무게·후기·추천·Ambassador 표현 및 자동 공개 금지.,NO — 실제 제품·핏·인물은 생성형 AI로 변경하지 않음. 승인 범위 안의 크롭·색보정·먼지 정리만 가능.,Todaylook full review U050; Source ZIP: 고명진_mj.slim.j_189cm_89kg_2026-08-15 00-42.zip; ZIP SHA-256: 98be9e0147525e8ceb22a0ccece8cb9d3ab4423ad8d083b6d7451a424c98881c; Media SHA-256: 1ebba53f439292fe7b08e6527d8bef45d2fdd8834b07f57f64a3d7e786e062bb; 원본 ZIP 변경 없이 CRC 검증 추출본을 COPY.,CANDIDATE,REVIEWED,B,실제 확인: DAY T-SHIRT 오늘룩 유료 납품 사진. BACK PROOF; setting=CAFE INTERIOR. Creative scores (5): Product 4 / Model 4 / Styling 4 / Environment 4 / Campaign 4 / Brand Fit 4 = 24/30; T4 disposition=BACKUP. 권리는 사용자 확인 유료 마케팅 납품 범위에서 CLEARED이나 현행 SKU 동일성은 별도 검증한다.,2026-08-15,CLEARED,USER CONFIRMED PAID MARKETING
AST-0837,01_INPUT(입력_원본)/06_SOCIAL_PROOF(실제착용_소셜증거)/paid_marketing_todaylook/고명진_mj.slim.j_189cm_89kg_2026-08-15 00-42/n8e3tSRpAYsBTkGyD4M55V1StyY8m9jrLlr6PlyaggfvkZHBbUzTmsXfc4NmMLOO.jpg,n8e3tSRpAYsBTkGyD4M55V1StyY8m9jrLlr6PlyaggfvkZHBbUzTmsXfc4NmMLOO.jpg,jpg,유료 마케팅 착용,DAY,고명진_mj.slim.j Todaylook 유료 마케팅 납품 T-SHIRT BACKUP 착용 사진,2568×3281,N/A — 정지 이미지,HIGH,HIGH,MEDIUM,SOCIAL SUPPORT / ARCHIVE,TRUST AMPLIFIER / WORN PROOF / DETAIL PROOF,[CURRENT SKU MATCH NEEDS VERIFICATION] 2026 판매 재고와 동일 SKU·사양인지 대표품 대조 전 공개 확정 금지. [PUBLICATION LOCK] 유료 납품물 재사용 승인 범위만 적용하며 모델명·키·몸무게·후기·추천·Ambassador 표현 및 자동 공개 금지.,NO — 실제 제품·핏·인물은 생성형 AI로 변경하지 않음. 승인 범위 안의 크롭·색보정·먼지 정리만 가능.,Todaylook full review U051; Source ZIP: 고명진_mj.slim.j_189cm_89kg_2026-08-15 00-42.zip; ZIP SHA-256: 98be9e0147525e8ceb22a0ccece8cb9d3ab4423ad8d083b6d7451a424c98881c; Media SHA-256: 4e3416a24cfe160493f251424007672ddc03ad27c134cc3818ba367fa7a38f32; 원본 ZIP 변경 없이 CRC 검증 추출본을 COPY.,CANDIDATE,REVIEWED,B,실제 확인: DAY T-SHIRT 오늘룩 유료 납품 사진. DETAIL PROOF; setting=CAFE INTERIOR. Creative scores (5): Product 4 / Model 4 / Styling 4 / Environment 4 / Campaign 4 / Brand Fit 4 = 24/30; T4 disposition=BACKUP. 권리는 사용자 확인 유료 마케팅 납품 범위에서 CLEARED이나 현행 SKU 동일성은 별도 검증한다.,2026-08-15,CLEARED,USER CONFIRMED PAID MARKETING
AST-0838,01_INPUT(입력_원본)/06_SOCIAL_PROOF(실제착용_소셜증거)/paid_marketing_todaylook/김채운_ch__woon2_180cm_80kg_2026-08-15 00-42 (1)/h1tHHl8dPEyIMhXCVDTYSPmv0M2UsuUnzSGko0TBe8tqejus8XWj05lUKe7q9L6Z.jpg,h1tHHl8dPEyIMhXCVDTYSPmv0M2UsuUnzSGko0TBe8tqejus8XWj05lUKe7q9L6Z.jpg,jpg,유료 마케팅 착용,NIGHT,김채운_ch__woon2 Todaylook 유료 마케팅 납품 T-SHIRT KEEP 착용 사진,1919×2454,N/A — 정지 이미지,HIGH,HIGH,HIGH,WADIZ PEOPLE / PRODUCT PROOF / PAID CANDIDATE,TRUST AMPLIFIER / WORN PROOF / FRONT / FIT PROOF,[CURRENT SKU MATCH NEEDS VERIFICATION] 2026 판매 재고와 동일 SKU·사양인지 대표품 대조 전 공개 확정 금지. [PUBLICATION LOCK] 유료 납품물 재사용 승인 범위만 적용하며 모델명·키·몸무게·후기·추천·Ambassador 표현 및 자동 공개 금지.,NO — 실제 제품·핏·인물은 생성형 AI로 변경하지 않음. 승인 범위 안의 크롭·색보정·먼지 정리만 가능.,Todaylook full review U060; Source ZIP: 김채운_ch__woon2_180cm_80kg_2026-08-15 00-42 (1).zip; ZIP SHA-256: e984eef98a4bda74ef43ac40997135c58009af8bbdf581b245069117908855ca; Media SHA-256: 3d40fcd17b67afe7966950598e10f007ef2a5b29130a0fd4f760ccb05da6146c; 원본 ZIP 변경 없이 CRC 검증 추출본을 COPY.,CANDIDATE,REVIEWED,A,실제 확인: NIGHT T-SHIRT 오늘룩 유료 납품 사진. FRONT / FIT PROOF; setting=FLASH WALL. Creative scores (5): Product 5 / Model 4 / Styling 4 / Environment 4 / Campaign 5 / Brand Fit 5 = 27/30; T4 disposition=KEEP. 권리는 사용자 확인 유료 마케팅 납품 범위에서 CLEARED이나 현행 SKU 동일성은 별도 검증한다.,2026-08-15,CLEARED,USER CONFIRMED PAID MARKETING
AST-0839,01_INPUT(입력_원본)/06_SOCIAL_PROOF(실제착용_소셜증거)/paid_marketing_todaylook/김채운_ch__woon2_180cm_80kg_2026-08-15 00-42 (1)/Yu0uFPTRv5V1ibYCgtadnYk2fRnrvSeEGr1AOiWSuH69OcRSUEPAkob9gaLMRUqD.jpg,Yu0uFPTRv5V1ibYCgtadnYk2fRnrvSeEGr1AOiWSuH69OcRSUEPAkob9gaLMRUqD.jpg,jpg,유료 마케팅 착용,NIGHT,김채운_ch__woon2 Todaylook 유료 마케팅 납품 T-SHIRT KEEP 착용 사진,1920×2453,N/A — 정지 이미지,HIGH,HIGH,HIGH,WADIZ PEOPLE / PRODUCT PROOF / PAID CANDIDATE,TRUST AMPLIFIER / WORN PROOF / FRONT / FIT PROOF,[CURRENT SKU MATCH NEEDS VERIFICATION] 2026 판매 재고와 동일 SKU·사양인지 대표품 대조 전 공개 확정 금지. [PUBLICATION LOCK] 유료 납품물 재사용 승인 범위만 적용하며 모델명·키·몸무게·후기·추천·Ambassador 표현 및 자동 공개 금지.,NO — 실제 제품·핏·인물은 생성형 AI로 변경하지 않음. 승인 범위 안의 크롭·색보정·먼지 정리만 가능.,Todaylook full review U061; Source ZIP: 김채운_ch__woon2_180cm_80kg_2026-08-15 00-42 (1).zip; ZIP SHA-256: e984eef98a4bda74ef43ac40997135c58009af8bbdf581b245069117908855ca; Media SHA-256: 6583ecd8d93d276d494b575d8566c4caff05e7123c3bd3d76f20c28e389b8e00; 원본 ZIP 변경 없이 CRC 검증 추출본을 COPY.,CANDIDATE,REVIEWED,A,실제 확인: NIGHT T-SHIRT 오늘룩 유료 납품 사진. FRONT / FIT PROOF; setting=FLASH WALL. Creative scores (5): Product 5 / Model 4 / Styling 4 / Environment 4 / Campaign 5 / Brand Fit 5 = 27/30; T4 disposition=KEEP. 권리는 사용자 확인 유료 마케팅 납품 범위에서 CLEARED이나 현행 SKU 동일성은 별도 검증한다.,2026-08-15,CLEARED,USER CONFIRMED PAID MARKETING
AST-0840,01_INPUT(입력_원본)/06_SOCIAL_PROOF(실제착용_소셜증거)/paid_marketing_todaylook/김채운_ch__woon2_180cm_80kg_2026-08-15 00-42 (1)/7uLGyaAz3CsobNknbMQcFqdhfaGtbmi3aC3iPhGiKgE1Y6Th04t4LJ6RljQxNdcp.jpg,7uLGyaAz3CsobNknbMQcFqdhfaGtbmi3aC3iPhGiKgE1Y6Th04t4LJ6RljQxNdcp.jpg,jpg,유료 마케팅 착용,NIGHT,김채운_ch__woon2 Todaylook 유료 마케팅 납품 T-SHIRT KEEP 착용 사진,1920×2453,N/A — 정지 이미지,HIGH,HIGH,HIGH,WADIZ PEOPLE / PRODUCT PROOF / PAID CANDIDATE,TRUST AMPLIFIER / WORN PROOF / FRONT / FIT PROOF,[CURRENT SKU MATCH NEEDS VERIFICATION] 2026 판매 재고와 동일 SKU·사양인지 대표품 대조 전 공개 확정 금지. [PUBLICATION LOCK] 유료 납품물 재사용 승인 범위만 적용하며 모델명·키·몸무게·후기·추천·Ambassador 표현 및 자동 공개 금지.,NO — 실제 제품·핏·인물은 생성형 AI로 변경하지 않음. 승인 범위 안의 크롭·색보정·먼지 정리만 가능.,Todaylook full review U062; Source ZIP: 김채운_ch__woon2_180cm_80kg_2026-08-15 00-42 (1).zip; ZIP SHA-256: e984eef98a4bda74ef43ac40997135c58009af8bbdf581b245069117908855ca; Media SHA-256: 3e734c7282f6cdd46c61a00a1853b138834254e2b829bceef081da50bc6bc1b6; 원본 ZIP 변경 없이 CRC 검증 추출본을 COPY.,CANDIDATE,REVIEWED,A,실제 확인: NIGHT T-SHIRT 오늘룩 유료 납품 사진. FRONT / FIT PROOF; setting=FLASH WALL. Creative scores (5): Product 5 / Model 4 / Styling 4 / Environment 4 / Campaign 5 / Brand Fit 5 = 27/30; T4 disposition=KEEP. 권리는 사용자 확인 유료 마케팅 납품 범위에서 CLEARED이나 현행 SKU 동일성은 별도 검증한다.,2026-08-15,CLEARED,USER CONFIRMED PAID MARKETING
AST-0841,01_INPUT(입력_원본)/06_SOCIAL_PROOF(실제착용_소셜증거)/paid_marketing_todaylook/김채운_ch__woon2_180cm_80kg_2026-08-15 00-42 (1)/xCJ8IDa1quf0tCaRZKaliLoKv5ShOlHRu8CfA3SbeOglrl0iNNaEUHvtlGaMcxol.jpg,xCJ8IDa1quf0tCaRZKaliLoKv5ShOlHRu8CfA3SbeOglrl0iNNaEUHvtlGaMcxol.jpg,jpg,유료 마케팅 착용,NIGHT,김채운_ch__woon2 Todaylook 유료 마케팅 납품 T-SHIRT KEEP 착용 사진,1920×2453,N/A — 정지 이미지,HIGH,HIGH,HIGH,WADIZ PEOPLE / PRODUCT PROOF / PAID CANDIDATE,TRUST AMPLIFIER / WORN PROOF / DETAIL PROOF,[CURRENT SKU MATCH NEEDS VERIFICATION] 2026 판매 재고와 동일 SKU·사양인지 대표품 대조 전 공개 확정 금지. [PUBLICATION LOCK] 유료 납품물 재사용 승인 범위만 적용하며 모델명·키·몸무게·후기·추천·Ambassador 표현 및 자동 공개 금지.,NO — 실제 제품·핏·인물은 생성형 AI로 변경하지 않음. 승인 범위 안의 크롭·색보정·먼지 정리만 가능.,Todaylook full review U063; Source ZIP: 김채운_ch__woon2_180cm_80kg_2026-08-15 00-42 (1).zip; ZIP SHA-256: e984eef98a4bda74ef43ac40997135c58009af8bbdf581b245069117908855ca; Media SHA-256: 718922a165501364c3e6945b6c4d588b204c7f2e1d145e8f2faa9c8ce0fa2afc; 원본 ZIP 변경 없이 CRC 검증 추출본을 COPY.,CANDIDATE,REVIEWED,A,실제 확인: NIGHT T-SHIRT 오늘룩 유료 납품 사진. DETAIL PROOF; setting=FLASH WALL. Creative scores (5): Product 5 / Model 4 / Styling 4 / Environment 4 / Campaign 5 / Brand Fit 5 = 27/30; T4 disposition=KEEP. 권리는 사용자 확인 유료 마케팅 납품 범위에서 CLEARED이나 현행 SKU 동일성은 별도 검증한다.,2026-08-15,CLEARED,USER CONFIRMED PAID MARKETING
AST-0842,01_INPUT(입력_원본)/06_SOCIAL_PROOF(실제착용_소셜증거)/paid_marketing_todaylook/김채운_ch__woon2_180cm_80kg_2026-08-15 00-42 (1)/vCivdBxJTCAwSr5drm2qXaQWFsyBfhCpRv4PbCMnmqVokPNgldKm87qoa6Ky5NCG.jpg,vCivdBxJTCAwSr5drm2qXaQWFsyBfhCpRv4PbCMnmqVokPNgldKm87qoa6Ky5NCG.jpg,jpg,유료 마케팅 착용,NIGHT,김채운_ch__woon2 Todaylook 유료 마케팅 납품 T-SHIRT KEEP 착용 사진,1920×2453,N/A — 정지 이미지,HIGH,HIGH,HIGH,WADIZ PEOPLE / PRODUCT PROOF / PAID CANDIDATE,TRUST AMPLIFIER / WORN PROOF / BACK PROOF,[CURRENT SKU MATCH NEEDS VERIFICATION] 2026 판매 재고와 동일 SKU·사양인지 대표품 대조 전 공개 확정 금지. [PUBLICATION LOCK] 유료 납품물 재사용 승인 범위만 적용하며 모델명·키·몸무게·후기·추천·Ambassador 표현 및 자동 공개 금지.,NO — 실제 제품·핏·인물은 생성형 AI로 변경하지 않음. 승인 범위 안의 크롭·색보정·먼지 정리만 가능.,Todaylook full review U064; Source ZIP: 김채운_ch__woon2_180cm_80kg_2026-08-15 00-42 (1).zip; ZIP SHA-256: e984eef98a4bda74ef43ac40997135c58009af8bbdf581b245069117908855ca; Media SHA-256: a29e15e5827516525d842112c6c46715a6d6fc39b8adc1eb8b6df424ecc537e9; 원본 ZIP 변경 없이 CRC 검증 추출본을 COPY.,CANDIDATE,REVIEWED,A,실제 확인: NIGHT T-SHIRT 오늘룩 유료 납품 사진. BACK PROOF; setting=FLASH WALL. Creative scores (5): Product 5 / Model 4 / Styling 4 / Environment 4 / Campaign 5 / Brand Fit 5 = 27/30; T4 disposition=KEEP. 권리는 사용자 확인 유료 마케팅 납품 범위에서 CLEARED이나 현행 SKU 동일성은 별도 검증한다.,2026-08-15,CLEARED,USER CONFIRMED PAID MARKETING
AST-0843,01_INPUT(입력_원본)/06_SOCIAL_PROOF(실제착용_소셜증거)/paid_marketing_todaylook/김채운_ch__woon2_180cm_80kg_2026-08-15 00-42 (1)/uYslfHa1Xjhb40uRGJvWkrYTiGhwIOCa6trbZKepGpC81IAg5iZyugd5Nmj31fPj.jpg,uYslfHa1Xjhb40uRGJvWkrYTiGhwIOCa6trbZKepGpC81IAg5iZyugd5Nmj31fPj.jpg,jpg,유료 마케팅 착용,NIGHT,김채운_ch__woon2 Todaylook 유료 마케팅 납품 T-SHIRT KEEP 착용 사진,1920×2453,N/A — 정지 이미지,HIGH,HIGH,HIGH,WADIZ PEOPLE / PRODUCT PROOF / PAID CANDIDATE,TRUST AMPLIFIER / WORN PROOF / FRONT / FIT PROOF,[CURRENT SKU MATCH NEEDS VERIFICATION] 2026 판매 재고와 동일 SKU·사양인지 대표품 대조 전 공개 확정 금지. [PUBLICATION LOCK] 유료 납품물 재사용 승인 범위만 적용하며 모델명·키·몸무게·후기·추천·Ambassador 표현 및 자동 공개 금지.,NO — 실제 제품·핏·인물은 생성형 AI로 변경하지 않음. 승인 범위 안의 크롭·색보정·먼지 정리만 가능.,Todaylook full review U065; Source ZIP: 김채운_ch__woon2_180cm_80kg_2026-08-15 00-42 (1).zip; ZIP SHA-256: e984eef98a4bda74ef43ac40997135c58009af8bbdf581b245069117908855ca; Media SHA-256: 9e05791054966258d1a158b2dbe48c7582512ff12c7f31e8c7552d528c7c8ee1; 원본 ZIP 변경 없이 CRC 검증 추출본을 COPY.,CANDIDATE,REVIEWED,A,실제 확인: NIGHT T-SHIRT 오늘룩 유료 납품 사진. FRONT / FIT PROOF; setting=FLASH WALL. Creative scores (5): Product 5 / Model 4 / Styling 4 / Environment 4 / Campaign 5 / Brand Fit 5 = 27/30; T4 disposition=KEEP. 권리는 사용자 확인 유료 마케팅 납품 범위에서 CLEARED이나 현행 SKU 동일성은 별도 검증한다.,2026-08-15,CLEARED,USER CONFIRMED PAID MARKETING
AST-0844,01_INPUT(입력_원본)/06_SOCIAL_PROOF(실제착용_소셜증거)/paid_marketing_todaylook/김채운_ch__woon2_180cm_80kg_2026-08-15 00-42 (1)/yDWDtXEXI1TpFQM2F5xZxIY3af5lfA33boT1lrYSn8OpcKsswnQrmfwkexkbZoWp.jpg,yDWDtXEXI1TpFQM2F5xZxIY3af5lfA33boT1lrYSn8OpcKsswnQrmfwkexkbZoWp.jpg,jpg,유료 마케팅 착용,NIGHT,김채운_ch__woon2 Todaylook 유료 마케팅 납품 T-SHIRT KEEP 착용 사진,1920×2452,N/A — 정지 이미지,HIGH,HIGH,HIGH,WADIZ PEOPLE / PRODUCT PROOF / PAID CANDIDATE,TRUST AMPLIFIER / WORN PROOF / FRONT / FIT PROOF,[CURRENT SKU MATCH NEEDS VERIFICATION] 2026 판매 재고와 동일 SKU·사양인지 대표품 대조 전 공개 확정 금지. [PUBLICATION LOCK] 유료 납품물 재사용 승인 범위만 적용하며 모델명·키·몸무게·후기·추천·Ambassador 표현 및 자동 공개 금지.,NO — 실제 제품·핏·인물은 생성형 AI로 변경하지 않음. 승인 범위 안의 크롭·색보정·먼지 정리만 가능.,Todaylook full review U066; Source ZIP: 김채운_ch__woon2_180cm_80kg_2026-08-15 00-42 (1).zip; ZIP SHA-256: e984eef98a4bda74ef43ac40997135c58009af8bbdf581b245069117908855ca; Media SHA-256: cb1a0961a8c4019e6d5643ab5c332aa14a80e0a13859e688b612ae7695c2ffe0; 원본 ZIP 변경 없이 CRC 검증 추출본을 COPY.,CANDIDATE,REVIEWED,A,실제 확인: NIGHT T-SHIRT 오늘룩 유료 납품 사진. FRONT / FIT PROOF; setting=FLASH WALL. Creative scores (5): Product 5 / Model 4 / Styling 4 / Environment 4 / Campaign 5 / Brand Fit 5 = 27/30; T4 disposition=KEEP. 권리는 사용자 확인 유료 마케팅 납품 범위에서 CLEARED이나 현행 SKU 동일성은 별도 검증한다.,2026-08-15,CLEARED,USER CONFIRMED PAID MARKETING
AST-0845,01_INPUT(입력_원본)/06_SOCIAL_PROOF(실제착용_소셜증거)/paid_marketing_todaylook/김채운_ch__woon2_180cm_80kg_2026-08-15 00-42 (1)/fINuOc3qGzBEk1cDCIEwNLKUb4InjongTCsvsPK0e27BYA4FGLADlVm0nelR78w2.jpg,fINuOc3qGzBEk1cDCIEwNLKUb4InjongTCsvsPK0e27BYA4FGLADlVm0nelR78w2.jpg,jpg,유료 마케팅 착용,NIGHT,김채운_ch__woon2 Todaylook 유료 마케팅 납품 T-SHIRT KEEP 착용 사진,1920×2451,N/A — 정지 이미지,HIGH,HIGH,HIGH,WADIZ PEOPLE / PRODUCT PROOF / PAID CANDIDATE,TRUST AMPLIFIER / WORN PROOF / FRONT / FIT PROOF,[CURRENT SKU MATCH NEEDS VERIFICATION] 2026 판매 재고와 동일 SKU·사양인지 대표품 대조 전 공개 확정 금지. [PUBLICATION LOCK] 유료 납품물 재사용 승인 범위만 적용하며 모델명·키·몸무게·후기·추천·Ambassador 표현 및 자동 공개 금지.,NO — 실제 제품·핏·인물은 생성형 AI로 변경하지 않음. 승인 범위 안의 크롭·색보정·먼지 정리만 가능.,Todaylook full review U067; Source ZIP: 김채운_ch__woon2_180cm_80kg_2026-08-15 00-42 (1).zip; ZIP SHA-256: e984eef98a4bda74ef43ac40997135c58009af8bbdf581b245069117908855ca; Media SHA-256: 0901dba446697fc7ea2fd14d3a0b42135b7964bed593119f1a298e4fa5b9d47d; 원본 ZIP 변경 없이 CRC 검증 추출본을 COPY.,CANDIDATE,REVIEWED,A,실제 확인: NIGHT T-SHIRT 오늘룩 유료 납품 사진. FRONT / FIT PROOF; setting=FLASH WALL. Creative scores (5): Product 5 / Model 4 / Styling 4 / Environment 4 / Campaign 5 / Brand Fit 5 = 27/30; T4 disposition=KEEP. 권리는 사용자 확인 유료 마케팅 납품 범위에서 CLEARED이나 현행 SKU 동일성은 별도 검증한다.,2026-08-15,CLEARED,USER CONFIRMED PAID MARKETING
AST-0846,01_INPUT(입력_원본)/06_SOCIAL_PROOF(실제착용_소셜증거)/paid_marketing_todaylook/김채운_ch__woon2_180cm_80kg_2026-08-15 00-42 (1)/61wQHW1Rirge42GwJH2HEuPXRGsq5tIvmIsAuIR2hdU02uADxoXj2bYPteXE92G0.jpg,61wQHW1Rirge42GwJH2HEuPXRGsq5tIvmIsAuIR2hdU02uADxoXj2bYPteXE92G0.jpg,jpg,유료 마케팅 착용,NIGHT,김채운_ch__woon2 Todaylook 유료 마케팅 납품 T-SHIRT KEEP 착용 사진,1920×2451,N/A — 정지 이미지,HIGH,HIGH,HIGH,WADIZ PEOPLE / PRODUCT PROOF / PAID CANDIDATE,TRUST AMPLIFIER / WORN PROOF / BACK PROOF,[CURRENT SKU MATCH NEEDS VERIFICATION] 2026 판매 재고와 동일 SKU·사양인지 대표품 대조 전 공개 확정 금지. [PUBLICATION LOCK] 유료 납품물 재사용 승인 범위만 적용하며 모델명·키·몸무게·후기·추천·Ambassador 표현 및 자동 공개 금지.,NO — 실제 제품·핏·인물은 생성형 AI로 변경하지 않음. 승인 범위 안의 크롭·색보정·먼지 정리만 가능.,Todaylook full review U068; Source ZIP: 김채운_ch__woon2_180cm_80kg_2026-08-15 00-42 (1).zip; ZIP SHA-256: e984eef98a4bda74ef43ac40997135c58009af8bbdf581b245069117908855ca; Media SHA-256: f9d7daf293fb1e6b1cf1d9262f5d76dd9052a6904961f3430abfb159075648cb; 원본 ZIP 변경 없이 CRC 검증 추출본을 COPY.,CANDIDATE,REVIEWED,A,실제 확인: NIGHT T-SHIRT 오늘룩 유료 납품 사진. BACK PROOF; setting=FLASH WALL. Creative scores (5): Product 5 / Model 4 / Styling 4 / Environment 4 / Campaign 5 / Brand Fit 5 = 27/30; T4 disposition=KEEP. 권리는 사용자 확인 유료 마케팅 납품 범위에서 CLEARED이나 현행 SKU 동일성은 별도 검증한다.,2026-08-15,CLEARED,USER CONFIRMED PAID MARKETING
AST-0847,01_INPUT(입력_원본)/06_SOCIAL_PROOF(실제착용_소셜증거)/paid_marketing_todaylook/김채운_ch__woon2_180cm_80kg_2026-08-15 00-42 (1)/n7Z60QiX8ogp83RhamubKb8yO9831yWmqBsNu4l5rGerKVxJ8m85KSzi15e9A5e2.jpg,n7Z60QiX8ogp83RhamubKb8yO9831yWmqBsNu4l5rGerKVxJ8m85KSzi15e9A5e2.jpg,jpg,유료 마케팅 착용,NIGHT,김채운_ch__woon2 Todaylook 유료 마케팅 납품 T-SHIRT KEEP 착용 사진,1920×2451,N/A — 정지 이미지,HIGH,HIGH,HIGH,WADIZ PEOPLE / PRODUCT PROOF / PAID CANDIDATE,TRUST AMPLIFIER / WORN PROOF / BACK PROOF,[CURRENT SKU MATCH NEEDS VERIFICATION] 2026 판매 재고와 동일 SKU·사양인지 대표품 대조 전 공개 확정 금지. [PUBLICATION LOCK] 유료 납품물 재사용 승인 범위만 적용하며 모델명·키·몸무게·후기·추천·Ambassador 표현 및 자동 공개 금지.,NO — 실제 제품·핏·인물은 생성형 AI로 변경하지 않음. 승인 범위 안의 크롭·색보정·먼지 정리만 가능.,Todaylook full review U069; Source ZIP: 김채운_ch__woon2_180cm_80kg_2026-08-15 00-42 (1).zip; ZIP SHA-256: e984eef98a4bda74ef43ac40997135c58009af8bbdf581b245069117908855ca; Media SHA-256: 55238064f63b5ba121499ef972c887ad81b76f795311093635a9b7ed8a4edc0a; 원본 ZIP 변경 없이 CRC 검증 추출본을 COPY.,CANDIDATE,REVIEWED,A,실제 확인: NIGHT T-SHIRT 오늘룩 유료 납품 사진. BACK PROOF; setting=FLASH WALL. Creative scores (5): Product 5 / Model 4 / Styling 4 / Environment 4 / Campaign 5 / Brand Fit 5 = 27/30; T4 disposition=KEEP. 권리는 사용자 확인 유료 마케팅 납품 범위에서 CLEARED이나 현행 SKU 동일성은 별도 검증한다.,2026-08-15,CLEARED,USER CONFIRMED PAID MARKETING
AST-0848,01_INPUT(입력_원본)/06_SOCIAL_PROOF(실제착용_소셜증거)/paid_marketing_todaylook/김채운_ch__woon2_180cm_80kg_2026-08-15 00-42/3jkTXxzrfYEAlZFpSNYDlDLTosKTQty5LXLkSsvchFBXGsOQFsIwvCr3nnh7vxB9.jpg,3jkTXxzrfYEAlZFpSNYDlDLTosKTQty5LXLkSsvchFBXGsOQFsIwvCr3nnh7vxB9.jpg,jpg,유료 마케팅 착용,DAY,김채운_ch__woon2 Todaylook 유료 마케팅 납품 SWEATSHIRT KEEP 착용 사진,1919×2454,N/A — 정지 이미지,HIGH,HIGH,HIGH,WADIZ PEOPLE / PRODUCT PROOF / PAID CANDIDATE,TRUST AMPLIFIER / WORN PROOF / DETAIL PROOF,[CURRENT SKU MATCH NEEDS VERIFICATION] 2026 판매 재고와 동일 SKU·사양인지 대표품 대조 전 공개 확정 금지. [PUBLICATION LOCK] 유료 납품물 재사용 승인 범위만 적용하며 모델명·키·몸무게·후기·추천·Ambassador 표현 및 자동 공개 금지.,NO — 실제 제품·핏·인물은 생성형 AI로 변경하지 않음. 승인 범위 안의 크롭·색보정·먼지 정리만 가능.,Todaylook full review U070; Source ZIP: 김채운_ch__woon2_180cm_80kg_2026-08-15 00-42.zip; ZIP SHA-256: b86793bd6ac7900d062076ca1225c694ea8f76bfc9df45760a9350291408e998; Media SHA-256: 7878a9b0bb3a6ea2eaa778240b03f7392f0be554312afe869b97d1325060ff60; 원본 ZIP 변경 없이 CRC 검증 추출본을 COPY.,CANDIDATE,REVIEWED,A,실제 확인: DAY SWEATSHIRT 오늘룩 유료 납품 사진. DETAIL PROOF; setting=BRICK WALL. Creative scores (5): Product 5 / Model 4 / Styling 4 / Environment 4 / Campaign 5 / Brand Fit 5 = 27/30; T4 disposition=KEEP. 권리는 사용자 확인 유료 마케팅 납품 범위에서 CLEARED이나 현행 SKU 동일성은 별도 검증한다.,2026-08-15,CLEARED,USER CONFIRMED PAID MARKETING
AST-0849,01_INPUT(입력_원본)/06_SOCIAL_PROOF(실제착용_소셜증거)/paid_marketing_todaylook/김채운_ch__woon2_180cm_80kg_2026-08-15 00-42/laxdMiq3vOHpnHIeXGwUvGYRs89CeGtgj9jnDKbpYpeRMrcjSYSmL4f7JlH2y6jv.jpg,laxdMiq3vOHpnHIeXGwUvGYRs89CeGtgj9jnDKbpYpeRMrcjSYSmL4f7JlH2y6jv.jpg,jpg,유료 마케팅 착용,DAY,김채운_ch__woon2 Todaylook 유료 마케팅 납품 SWEATSHIRT KEEP 착용 사진,1920×2453,N/A — 정지 이미지,HIGH,HIGH,HIGH,WADIZ PEOPLE / PRODUCT PROOF / PAID CANDIDATE,TRUST AMPLIFIER / WORN PROOF / FRONT / FIT PROOF,[CURRENT SKU MATCH NEEDS VERIFICATION] 2026 판매 재고와 동일 SKU·사양인지 대표품 대조 전 공개 확정 금지. [PUBLICATION LOCK] 유료 납품물 재사용 승인 범위만 적용하며 모델명·키·몸무게·후기·추천·Ambassador 표현 및 자동 공개 금지.,NO — 실제 제품·핏·인물은 생성형 AI로 변경하지 않음. 승인 범위 안의 크롭·색보정·먼지 정리만 가능.,Todaylook full review U071; Source ZIP: 김채운_ch__woon2_180cm_80kg_2026-08-15 00-42.zip; ZIP SHA-256: b86793bd6ac7900d062076ca1225c694ea8f76bfc9df45760a9350291408e998; Media SHA-256: e42ae5f39129893d766b05399132346966363ed95aff284d456487d7e6bca668; 원본 ZIP 변경 없이 CRC 검증 추출본을 COPY.,CANDIDATE,REVIEWED,A,실제 확인: DAY SWEATSHIRT 오늘룩 유료 납품 사진. FRONT / FIT PROOF; setting=BRICK WALL. Creative scores (5): Product 5 / Model 4 / Styling 4 / Environment 4 / Campaign 5 / Brand Fit 5 = 27/30; T4 disposition=KEEP. 권리는 사용자 확인 유료 마케팅 납품 범위에서 CLEARED이나 현행 SKU 동일성은 별도 검증한다.,2026-08-15,CLEARED,USER CONFIRMED PAID MARKETING
AST-0850,01_INPUT(입력_원본)/06_SOCIAL_PROOF(실제착용_소셜증거)/paid_marketing_todaylook/김채운_ch__woon2_180cm_80kg_2026-08-15 00-42/EoUKeFEP0TYPiEgk6prpNnej9mxv60iJB2STvJ7oe413K6vIeWX9CFzxTtXunWk7.jpg,EoUKeFEP0TYPiEgk6prpNnej9mxv60iJB2STvJ7oe413K6vIeWX9CFzxTtXunWk7.jpg,jpg,유료 마케팅 착용,DAY,김채운_ch__woon2 Todaylook 유료 마케팅 납품 SWEATSHIRT KEEP 착용 사진,1920×2453,N/A — 정지 이미지,HIGH,HIGH,HIGH,WADIZ PEOPLE / PRODUCT PROOF / PAID CANDIDATE,TRUST AMPLIFIER / WORN PROOF / BACK PROOF,[CURRENT SKU MATCH NEEDS VERIFICATION] 2026 판매 재고와 동일 SKU·사양인지 대표품 대조 전 공개 확정 금지. [PUBLICATION LOCK] 유료 납품물 재사용 승인 범위만 적용하며 모델명·키·몸무게·후기·추천·Ambassador 표현 및 자동 공개 금지.,NO — 실제 제품·핏·인물은 생성형 AI로 변경하지 않음. 승인 범위 안의 크롭·색보정·먼지 정리만 가능.,Todaylook full review U072; Source ZIP: 김채운_ch__woon2_180cm_80kg_2026-08-15 00-42.zip; ZIP SHA-256: b86793bd6ac7900d062076ca1225c694ea8f76bfc9df45760a9350291408e998; Media SHA-256: 2e216e5722b617d17bbd838d04a06b5dbed7328f77141c286fdca8bec249c33b; 원본 ZIP 변경 없이 CRC 검증 추출본을 COPY.,CANDIDATE,REVIEWED,A,실제 확인: DAY SWEATSHIRT 오늘룩 유료 납품 사진. BACK PROOF; setting=BRICK WALL. Creative scores (5): Product 5 / Model 4 / Styling 4 / Environment 4 / Campaign 5 / Brand Fit 5 = 27/30; T4 disposition=KEEP. 권리는 사용자 확인 유료 마케팅 납품 범위에서 CLEARED이나 현행 SKU 동일성은 별도 검증한다.,2026-08-15,CLEARED,USER CONFIRMED PAID MARKETING
AST-0851,01_INPUT(입력_원본)/06_SOCIAL_PROOF(실제착용_소셜증거)/paid_marketing_todaylook/김채운_ch__woon2_180cm_80kg_2026-08-15 00-42/iFzOhVzYsNwQxBYOxNuNcTjB8jI3ydSoS4qHurxhHfcRVQ10DViu5KJ8hdqIGcfx.jpg,iFzOhVzYsNwQxBYOxNuNcTjB8jI3ydSoS4qHurxhHfcRVQ10DViu5KJ8hdqIGcfx.jpg,jpg,유료 마케팅 착용,DAY,김채운_ch__woon2 Todaylook 유료 마케팅 납품 SWEATSHIRT KEEP 착용 사진,1919×2454,N/A — 정지 이미지,HIGH,HIGH,HIGH,WADIZ PEOPLE / PRODUCT PROOF / PAID CANDIDATE,TRUST AMPLIFIER / WORN PROOF / FRONT / FIT PROOF,[CURRENT SKU MATCH NEEDS VERIFICATION] 2026 판매 재고와 동일 SKU·사양인지 대표품 대조 전 공개 확정 금지. [PUBLICATION LOCK] 유료 납품물 재사용 승인 범위만 적용하며 모델명·키·몸무게·후기·추천·Ambassador 표현 및 자동 공개 금지.,NO — 실제 제품·핏·인물은 생성형 AI로 변경하지 않음. 승인 범위 안의 크롭·색보정·먼지 정리만 가능.,Todaylook full review U073; Source ZIP: 김채운_ch__woon2_180cm_80kg_2026-08-15 00-42.zip; ZIP SHA-256: b86793bd6ac7900d062076ca1225c694ea8f76bfc9df45760a9350291408e998; Media SHA-256: b28cdc0984a997f828329ace77ac10cf1b2de9c54151d7fa71ee7205fb0abc27; 원본 ZIP 변경 없이 CRC 검증 추출본을 COPY.,CANDIDATE,REVIEWED,A,실제 확인: DAY SWEATSHIRT 오늘룩 유료 납품 사진. FRONT / FIT PROOF; setting=BRICK WALL. Creative scores (5): Product 5 / Model 4 / Styling 4 / Environment 4 / Campaign 5 / Brand Fit 5 = 27/30; T4 disposition=KEEP. 권리는 사용자 확인 유료 마케팅 납품 범위에서 CLEARED이나 현행 SKU 동일성은 별도 검증한다.,2026-08-15,CLEARED,USER CONFIRMED PAID MARKETING
AST-0852,01_INPUT(입력_원본)/06_SOCIAL_PROOF(실제착용_소셜증거)/paid_marketing_todaylook/김채운_ch__woon2_180cm_80kg_2026-08-15 00-42/50Y4e02X7hMxwdUkvHsz89ai7WaYS3ApLW0N7c3BBWTCUmdI9LMaYiBBmozLlz84.jpg,50Y4e02X7hMxwdUkvHsz89ai7WaYS3ApLW0N7c3BBWTCUmdI9LMaYiBBmozLlz84.jpg,jpg,유료 마케팅 착용,DAY,김채운_ch__woon2 Todaylook 유료 마케팅 납품 SWEATSHIRT KEEP 착용 사진,1920×2452,N/A — 정지 이미지,HIGH,HIGH,HIGH,WADIZ PEOPLE / PRODUCT PROOF / PAID CANDIDATE,TRUST AMPLIFIER / WORN PROOF / DETAIL PROOF,[CURRENT SKU MATCH NEEDS VERIFICATION] 2026 판매 재고와 동일 SKU·사양인지 대표품 대조 전 공개 확정 금지. [PUBLICATION LOCK] 유료 납품물 재사용 승인 범위만 적용하며 모델명·키·몸무게·후기·추천·Ambassador 표현 및 자동 공개 금지.,NO — 실제 제품·핏·인물은 생성형 AI로 변경하지 않음. 승인 범위 안의 크롭·색보정·먼지 정리만 가능.,Todaylook full review U074; Source ZIP: 김채운_ch__woon2_180cm_80kg_2026-08-15 00-42.zip; ZIP SHA-256: b86793bd6ac7900d062076ca1225c694ea8f76bfc9df45760a9350291408e998; Media SHA-256: 6ef4589931133279eb2b4871e36e2da035f62a058f8f3da9d2e114b322334995; 원본 ZIP 변경 없이 CRC 검증 추출본을 COPY.,CANDIDATE,REVIEWED,A,실제 확인: DAY SWEATSHIRT 오늘룩 유료 납품 사진. DETAIL PROOF; setting=BRICK WALL. Creative scores (5): Product 5 / Model 4 / Styling 4 / Environment 4 / Campaign 5 / Brand Fit 5 = 27/30; T4 disposition=KEEP. 권리는 사용자 확인 유료 마케팅 납품 범위에서 CLEARED이나 현행 SKU 동일성은 별도 검증한다.,2026-08-15,CLEARED,USER CONFIRMED PAID MARKETING
AST-0853,01_INPUT(입력_원본)/06_SOCIAL_PROOF(실제착용_소셜증거)/paid_marketing_todaylook/김채운_ch__woon2_180cm_80kg_2026-08-15 00-42/d0dvAPCqbMUNbwjZvfyBWtJ2PYc7r2ElaMZeBCG1lCKu0mTPiYyCeEaszEhUylRv.jpg,d0dvAPCqbMUNbwjZvfyBWtJ2PYc7r2ElaMZeBCG1lCKu0mTPiYyCeEaszEhUylRv.jpg,jpg,유료 마케팅 착용,DAY,김채운_ch__woon2 Todaylook 유료 마케팅 납품 SWEATSHIRT KEEP 착용 사진,1920×2451,N/A — 정지 이미지,HIGH,HIGH,HIGH,WADIZ PEOPLE / PRODUCT PROOF / PAID CANDIDATE,TRUST AMPLIFIER / WORN PROOF / FRONT / FIT PROOF,[CURRENT SKU MATCH NEEDS VERIFICATION] 2026 판매 재고와 동일 SKU·사양인지 대표품 대조 전 공개 확정 금지. [PUBLICATION LOCK] 유료 납품물 재사용 승인 범위만 적용하며 모델명·키·몸무게·후기·추천·Ambassador 표현 및 자동 공개 금지.,NO — 실제 제품·핏·인물은 생성형 AI로 변경하지 않음. 승인 범위 안의 크롭·색보정·먼지 정리만 가능.,Todaylook full review U075; Source ZIP: 김채운_ch__woon2_180cm_80kg_2026-08-15 00-42.zip; ZIP SHA-256: b86793bd6ac7900d062076ca1225c694ea8f76bfc9df45760a9350291408e998; Media SHA-256: 2a444d6941bd2eca78f9cf8fba4539fe829efbfec06f1268b1796a8443c4d596; 원본 ZIP 변경 없이 CRC 검증 추출본을 COPY.,CANDIDATE,REVIEWED,A,실제 확인: DAY SWEATSHIRT 오늘룩 유료 납품 사진. FRONT / FIT PROOF; setting=BRICK WALL. Creative scores (5): Product 5 / Model 4 / Styling 4 / Environment 4 / Campaign 5 / Brand Fit 5 = 27/30; T4 disposition=KEEP. 권리는 사용자 확인 유료 마케팅 납품 범위에서 CLEARED이나 현행 SKU 동일성은 별도 검증한다.,2026-08-15,CLEARED,USER CONFIRMED PAID MARKETING
AST-0854,01_INPUT(입력_원본)/06_SOCIAL_PROOF(실제착용_소셜증거)/paid_marketing_todaylook/김채운_ch__woon2_180cm_80kg_2026-08-15 00-42/dtNYZescM0qUxj7nuwpcAJQhoNSg4jbemdzSA0eq4jHoTLZQ8KU0HwfoVd8Lp4qX.jpg,dtNYZescM0qUxj7nuwpcAJQhoNSg4jbemdzSA0eq4jHoTLZQ8KU0HwfoVd8Lp4qX.jpg,jpg,유료 마케팅 착용,DAY,김채운_ch__woon2 Todaylook 유료 마케팅 납품 SWEATSHIRT KEEP 착용 사진,1920×2453,N/A — 정지 이미지,HIGH,HIGH,HIGH,WADIZ PEOPLE / PRODUCT PROOF / PAID CANDIDATE,TRUST AMPLIFIER / WORN PROOF / FRONT / FIT PROOF,[CURRENT SKU MATCH NEEDS VERIFICATION] 2026 판매 재고와 동일 SKU·사양인지 대표품 대조 전 공개 확정 금지. [PUBLICATION LOCK] 유료 납품물 재사용 승인 범위만 적용하며 모델명·키·몸무게·후기·추천·Ambassador 표현 및 자동 공개 금지.,NO — 실제 제품·핏·인물은 생성형 AI로 변경하지 않음. 승인 범위 안의 크롭·색보정·먼지 정리만 가능.,Todaylook full review U076; Source ZIP: 김채운_ch__woon2_180cm_80kg_2026-08-15 00-42.zip; ZIP SHA-256: b86793bd6ac7900d062076ca1225c694ea8f76bfc9df45760a9350291408e998; Media SHA-256: ad2a11ea3bd6de24e20fa0b9c28d9249208fd3938ec1ada6d3947c735be0e0ff; 원본 ZIP 변경 없이 CRC 검증 추출본을 COPY.,CANDIDATE,REVIEWED,A,실제 확인: DAY SWEATSHIRT 오늘룩 유료 납품 사진. FRONT / FIT PROOF; setting=BRICK WALL. Creative scores (5): Product 5 / Model 4 / Styling 4 / Environment 4 / Campaign 5 / Brand Fit 5 = 27/30; T4 disposition=KEEP. 권리는 사용자 확인 유료 마케팅 납품 범위에서 CLEARED이나 현행 SKU 동일성은 별도 검증한다.,2026-08-15,CLEARED,USER CONFIRMED PAID MARKETING
AST-0855,01_INPUT(입력_원본)/06_SOCIAL_PROOF(실제착용_소셜증거)/paid_marketing_todaylook/김채운_ch__woon2_180cm_80kg_2026-08-15 00-42/zSWqfWLNqxPRUERfhmpjRIwi1nlQT8NtYTvgsWsLMUpyWae5fkP6aqHt0ldeiDNq.jpg,zSWqfWLNqxPRUERfhmpjRIwi1nlQT8NtYTvgsWsLMUpyWae5fkP6aqHt0ldeiDNq.jpg,jpg,유료 마케팅 착용,DAY,김채운_ch__woon2 Todaylook 유료 마케팅 납품 SWEATSHIRT KEEP 착용 사진,1920×2453,N/A — 정지 이미지,HIGH,HIGH,HIGH,WADIZ PEOPLE / PRODUCT PROOF / PAID CANDIDATE,TRUST AMPLIFIER / WORN PROOF / FRONT / FIT PROOF,[CURRENT SKU MATCH NEEDS VERIFICATION] 2026 판매 재고와 동일 SKU·사양인지 대표품 대조 전 공개 확정 금지. [PUBLICATION LOCK] 유료 납품물 재사용 승인 범위만 적용하며 모델명·키·몸무게·후기·추천·Ambassador 표현 및 자동 공개 금지.,NO — 실제 제품·핏·인물은 생성형 AI로 변경하지 않음. 승인 범위 안의 크롭·색보정·먼지 정리만 가능.,Todaylook full review U077; Source ZIP: 김채운_ch__woon2_180cm_80kg_2026-08-15 00-42.zip; ZIP SHA-256: b86793bd6ac7900d062076ca1225c694ea8f76bfc9df45760a9350291408e998; Media SHA-256: 282a4862f3dcf99c0ace21e89b865ea0d618db8d79d4a35ddfb3343c7d756e30; 원본 ZIP 변경 없이 CRC 검증 추출본을 COPY.,CANDIDATE,REVIEWED,A,실제 확인: DAY SWEATSHIRT 오늘룩 유료 납품 사진. FRONT / FIT PROOF; setting=BRICK WALL. Creative scores (5): Product 5 / Model 4 / Styling 4 / Environment 4 / Campaign 5 / Brand Fit 5 = 27/30; T4 disposition=KEEP. 권리는 사용자 확인 유료 마케팅 납품 범위에서 CLEARED이나 현행 SKU 동일성은 별도 검증한다.,2026-08-15,CLEARED,USER CONFIRMED PAID MARKETING
AST-0856,01_INPUT(입력_원본)/06_SOCIAL_PROOF(실제착용_소셜증거)/paid_marketing_todaylook/나정인___nj.in___168cm_58kg_2026-08-15 00-41/95H2RzrkIAlbVPLLxMHMQOeQKEYNDuLWAI5ogJBpGSYlMV6xY5tHBsiQ7D20iIFT.jpg,95H2RzrkIAlbVPLLxMHMQOeQKEYNDuLWAI5ogJBpGSYlMV6xY5tHBsiQ7D20iIFT.jpg,jpg,유료 마케팅 착용,NIGHT,나정인___nj.in__ Todaylook 유료 마케팅 납품 CAP BACKUP 착용 사진,2358×3010,N/A — 정지 이미지,MEDIUM,HIGH,MEDIUM,SOCIAL SUPPORT / ARCHIVE,TRUST AMPLIFIER / WORN PROOF / FRONT / FIT PROOF,[CURRENT SKU MATCH NEEDS VERIFICATION] 2026 판매 재고와 동일 SKU·사양인지 대표품 대조 전 공개 확정 금지. [PUBLICATION LOCK] 유료 납품물 재사용 승인 범위만 적용하며 모델명·키·몸무게·후기·추천·Ambassador 표현 및 자동 공개 금지.,NO — 실제 제품·핏·인물은 생성형 AI로 변경하지 않음. 승인 범위 안의 크롭·색보정·먼지 정리만 가능.,Todaylook full review U078; Source ZIP: 나정인___nj.in___168cm_58kg_2026-08-15 00-41.zip; ZIP SHA-256: 3326b4b643ab73dafe29537eed77b30356726379864e66faa97abf3dda6f0f45; Media SHA-256: 2966d3b31afb77da1a5e2bf2d19a84d7d0d298927691be6f7bb4bcdf59521fed; 원본 ZIP 변경 없이 CRC 검증 추출본을 COPY.,CANDIDATE,REVIEWED,B,실제 확인: NIGHT CAP 오늘룩 유료 납품 사진. FRONT / FIT PROOF; setting=GEOMETRIC INTERIOR. Creative scores (5): Product 3 / Model 4 / Styling 4 / Environment 5 / Campaign 4 / Brand Fit 4 = 24/30; T4 disposition=BACKUP. 권리는 사용자 확인 유료 마케팅 납품 범위에서 CLEARED이나 현행 SKU 동일성은 별도 검증한다.,2026-08-15,CLEARED,USER CONFIRMED PAID MARKETING
AST-0857,01_INPUT(입력_원본)/06_SOCIAL_PROOF(실제착용_소셜증거)/paid_marketing_todaylook/나정인___nj.in___168cm_58kg_2026-08-15 00-41/dlX51BCPgiPlRiWl7z3oi6A0ecQO7fR27bzNRfw2XIx4IOqUzMfkJyw1RWsdwOcw.jpg,dlX51BCPgiPlRiWl7z3oi6A0ecQO7fR27bzNRfw2XIx4IOqUzMfkJyw1RWsdwOcw.jpg,jpg,유료 마케팅 착용,NIGHT,나정인___nj.in__ Todaylook 유료 마케팅 납품 CAP BACKUP 착용 사진,2358×3010,N/A — 정지 이미지,MEDIUM,HIGH,MEDIUM,SOCIAL SUPPORT / ARCHIVE,TRUST AMPLIFIER / WORN PROOF / FRONT / FIT PROOF,[CURRENT SKU MATCH NEEDS VERIFICATION] 2026 판매 재고와 동일 SKU·사양인지 대표품 대조 전 공개 확정 금지. [PUBLICATION LOCK] 유료 납품물 재사용 승인 범위만 적용하며 모델명·키·몸무게·후기·추천·Ambassador 표현 및 자동 공개 금지.,NO — 실제 제품·핏·인물은 생성형 AI로 변경하지 않음. 승인 범위 안의 크롭·색보정·먼지 정리만 가능.,Todaylook full review U079; Source ZIP: 나정인___nj.in___168cm_58kg_2026-08-15 00-41.zip; ZIP SHA-256: 3326b4b643ab73dafe29537eed77b30356726379864e66faa97abf3dda6f0f45; Media SHA-256: c0665952b7e21a9f886e2c9ba7a7dc6d5497dc8c55f8fe78020dce3f4d28fdac; 원본 ZIP 변경 없이 CRC 검증 추출본을 COPY.,CANDIDATE,REVIEWED,B,실제 확인: NIGHT CAP 오늘룩 유료 납품 사진. FRONT / FIT PROOF; setting=GEOMETRIC INTERIOR. Creative scores (5): Product 3 / Model 4 / Styling 4 / Environment 5 / Campaign 4 / Brand Fit 4 = 24/30; T4 disposition=BACKUP. 권리는 사용자 확인 유료 마케팅 납품 범위에서 CLEARED이나 현행 SKU 동일성은 별도 검증한다.,2026-08-15,CLEARED,USER CONFIRMED PAID MARKETING
AST-0858,01_INPUT(입력_원본)/06_SOCIAL_PROOF(실제착용_소셜증거)/paid_marketing_todaylook/나정인___nj.in___168cm_58kg_2026-08-15 00-41/0DAvGchp8Y7aPpHwMwWH5yj0fPDrnaDEn0dEdGGUcfCq7TmcvRVs4t4ET5qopsec.jpg,0DAvGchp8Y7aPpHwMwWH5yj0fPDrnaDEn0dEdGGUcfCq7TmcvRVs4t4ET5qopsec.jpg,jpg,유료 마케팅 착용,NIGHT,나정인___nj.in__ Todaylook 유료 마케팅 납품 CAP BACKUP 착용 사진,2358×3010,N/A — 정지 이미지,MEDIUM,HIGH,MEDIUM,SOCIAL SUPPORT / ARCHIVE,TRUST AMPLIFIER / WORN PROOF / FRONT / FIT PROOF,[CURRENT SKU MATCH NEEDS VERIFICATION] 2026 판매 재고와 동일 SKU·사양인지 대표품 대조 전 공개 확정 금지. [PUBLICATION LOCK] 유료 납품물 재사용 승인 범위만 적용하며 모델명·키·몸무게·후기·추천·Ambassador 표현 및 자동 공개 금지.,NO — 실제 제품·핏·인물은 생성형 AI로 변경하지 않음. 승인 범위 안의 크롭·색보정·먼지 정리만 가능.,Todaylook full review U080; Source ZIP: 나정인___nj.in___168cm_58kg_2026-08-15 00-41.zip; ZIP SHA-256: 3326b4b643ab73dafe29537eed77b30356726379864e66faa97abf3dda6f0f45; Media SHA-256: a3a49c1493d4a8ad752f51699d3b15b35b77958ade6f577f70fc84e9047a0ec5; 원본 ZIP 변경 없이 CRC 검증 추출본을 COPY.,CANDIDATE,REVIEWED,B,실제 확인: NIGHT CAP 오늘룩 유료 납품 사진. FRONT / FIT PROOF; setting=GEOMETRIC INTERIOR. Creative scores (5): Product 3 / Model 4 / Styling 4 / Environment 5 / Campaign 4 / Brand Fit 4 = 24/30; T4 disposition=BACKUP. 권리는 사용자 확인 유료 마케팅 납품 범위에서 CLEARED이나 현행 SKU 동일성은 별도 검증한다.,2026-08-15,CLEARED,USER CONFIRMED PAID MARKETING
AST-0859,01_INPUT(입력_원본)/06_SOCIAL_PROOF(실제착용_소셜증거)/paid_marketing_todaylook/나정인___nj.in___168cm_58kg_2026-08-15 00-41/4q24CckIzHO4FDNzOUX1SFdZPWV47f6nqf24JkxCMYTli4lCRGhv9J5fI2cDWBWK.jpg,4q24CckIzHO4FDNzOUX1SFdZPWV47f6nqf24JkxCMYTli4lCRGhv9J5fI2cDWBWK.jpg,jpg,유료 마케팅 착용,NIGHT,나정인___nj.in__ Todaylook 유료 마케팅 납품 CAP BACKUP 착용 사진,2358×3010,N/A — 정지 이미지,MEDIUM,HIGH,MEDIUM,SOCIAL SUPPORT / ARCHIVE,TRUST AMPLIFIER / WORN PROOF / DETAIL PROOF,[CURRENT SKU MATCH NEEDS VERIFICATION] 2026 판매 재고와 동일 SKU·사양인지 대표품 대조 전 공개 확정 금지. [PUBLICATION LOCK] 유료 납품물 재사용 승인 범위만 적용하며 모델명·키·몸무게·후기·추천·Ambassador 표현 및 자동 공개 금지.,NO — 실제 제품·핏·인물은 생성형 AI로 변경하지 않음. 승인 범위 안의 크롭·색보정·먼지 정리만 가능.,Todaylook full review U081; Source ZIP: 나정인___nj.in___168cm_58kg_2026-08-15 00-41.zip; ZIP SHA-256: 3326b4b643ab73dafe29537eed77b30356726379864e66faa97abf3dda6f0f45; Media SHA-256: 6eae18004fd78b99ab8ac2884f6b8121b13f01d3dfdb7d5ac0b20c9cdcbec2c1; 원본 ZIP 변경 없이 CRC 검증 추출본을 COPY.,CANDIDATE,REVIEWED,B,실제 확인: NIGHT CAP 오늘룩 유료 납품 사진. DETAIL PROOF; setting=GEOMETRIC INTERIOR. Creative scores (5): Product 3 / Model 4 / Styling 4 / Environment 5 / Campaign 4 / Brand Fit 4 = 24/30; T4 disposition=BACKUP. 권리는 사용자 확인 유료 마케팅 납품 범위에서 CLEARED이나 현행 SKU 동일성은 별도 검증한다.,2026-08-15,CLEARED,USER CONFIRMED PAID MARKETING
AST-0860,01_INPUT(입력_원본)/06_SOCIAL_PROOF(실제착용_소셜증거)/paid_marketing_todaylook/나정인___nj.in___168cm_58kg_2026-08-15 00-41/whWi1vr82syIlP7QwUPMVtKssKWI4g6zGUIETbQA0VY1aqxbk0LlgUd9Bwx4z5iT.jpg,whWi1vr82syIlP7QwUPMVtKssKWI4g6zGUIETbQA0VY1aqxbk0LlgUd9Bwx4z5iT.jpg,jpg,유료 마케팅 착용,NIGHT,나정인___nj.in__ Todaylook 유료 마케팅 납품 CAP BACKUP 착용 사진,2358×3010,N/A — 정지 이미지,MEDIUM,HIGH,MEDIUM,SOCIAL SUPPORT / ARCHIVE,TRUST AMPLIFIER / WORN PROOF / FRONT / FIT PROOF,[CURRENT SKU MATCH NEEDS VERIFICATION] 2026 판매 재고와 동일 SKU·사양인지 대표품 대조 전 공개 확정 금지. [PUBLICATION LOCK] 유료 납품물 재사용 승인 범위만 적용하며 모델명·키·몸무게·후기·추천·Ambassador 표현 및 자동 공개 금지.,NO — 실제 제품·핏·인물은 생성형 AI로 변경하지 않음. 승인 범위 안의 크롭·색보정·먼지 정리만 가능.,Todaylook full review U082; Source ZIP: 나정인___nj.in___168cm_58kg_2026-08-15 00-41.zip; ZIP SHA-256: 3326b4b643ab73dafe29537eed77b30356726379864e66faa97abf3dda6f0f45; Media SHA-256: af471f5ea72b36acaadb9ffb6ae15916321e716c3adb35addb79f9dd23cfa6ae; 원본 ZIP 변경 없이 CRC 검증 추출본을 COPY.,CANDIDATE,REVIEWED,B,실제 확인: NIGHT CAP 오늘룩 유료 납품 사진. FRONT / FIT PROOF; setting=GEOMETRIC INTERIOR. Creative scores (5): Product 3 / Model 4 / Styling 4 / Environment 5 / Campaign 4 / Brand Fit 4 = 24/30; T4 disposition=BACKUP. 권리는 사용자 확인 유료 마케팅 납품 범위에서 CLEARED이나 현행 SKU 동일성은 별도 검증한다.,2026-08-15,CLEARED,USER CONFIRMED PAID MARKETING
AST-0861,01_INPUT(입력_원본)/06_SOCIAL_PROOF(실제착용_소셜증거)/paid_marketing_todaylook/나정인___nj.in___168cm_58kg_2026-08-15 00-41/H66FOOIBmNKoznVtBd1qM9Q8ReQEGtMsNVszdpde5arR1zjauW2N1J5pqlIVnG12.jpg,H66FOOIBmNKoznVtBd1qM9Q8ReQEGtMsNVszdpde5arR1zjauW2N1J5pqlIVnG12.jpg,jpg,유료 마케팅 착용,NIGHT,나정인___nj.in__ Todaylook 유료 마케팅 납품 CAP BACKUP 착용 사진,2358×3010,N/A — 정지 이미지,MEDIUM,HIGH,MEDIUM,SOCIAL SUPPORT / ARCHIVE,TRUST AMPLIFIER / WORN PROOF / DETAIL PROOF,[CURRENT SKU MATCH NEEDS VERIFICATION] 2026 판매 재고와 동일 SKU·사양인지 대표품 대조 전 공개 확정 금지. [PUBLICATION LOCK] 유료 납품물 재사용 승인 범위만 적용하며 모델명·키·몸무게·후기·추천·Ambassador 표현 및 자동 공개 금지.,NO — 실제 제품·핏·인물은 생성형 AI로 변경하지 않음. 승인 범위 안의 크롭·색보정·먼지 정리만 가능.,Todaylook full review U083; Source ZIP: 나정인___nj.in___168cm_58kg_2026-08-15 00-41.zip; ZIP SHA-256: 3326b4b643ab73dafe29537eed77b30356726379864e66faa97abf3dda6f0f45; Media SHA-256: 6519eb95df89a7e5445d5a9142dc1c1a71273732d7197331d897ad6abc6778ba; 원본 ZIP 변경 없이 CRC 검증 추출본을 COPY.,CANDIDATE,REVIEWED,B,실제 확인: NIGHT CAP 오늘룩 유료 납품 사진. DETAIL PROOF; setting=GEOMETRIC INTERIOR. Creative scores (5): Product 3 / Model 4 / Styling 4 / Environment 5 / Campaign 4 / Brand Fit 4 = 24/30; T4 disposition=BACKUP. 권리는 사용자 확인 유료 마케팅 납품 범위에서 CLEARED이나 현행 SKU 동일성은 별도 검증한다.,2026-08-15,CLEARED,USER CONFIRMED PAID MARKETING
AST-0862,01_INPUT(입력_원본)/06_SOCIAL_PROOF(실제착용_소셜증거)/paid_marketing_todaylook/나정인___nj.in___168cm_58kg_2026-08-15 00-41/bJN1wlSRrgN67lrhIXwo4RpGmrFXVEQwXZumGZ8so15dKi6wzDfHUse601CLLDMZ.jpg,bJN1wlSRrgN67lrhIXwo4RpGmrFXVEQwXZumGZ8so15dKi6wzDfHUse601CLLDMZ.jpg,jpg,유료 마케팅 착용,NIGHT,나정인___nj.in__ Todaylook 유료 마케팅 납품 CAP BACKUP 착용 사진,2358×3010,N/A — 정지 이미지,MEDIUM,HIGH,MEDIUM,SOCIAL SUPPORT / ARCHIVE,TRUST AMPLIFIER / WORN PROOF / DETAIL PROOF,[CURRENT SKU MATCH NEEDS VERIFICATION] 2026 판매 재고와 동일 SKU·사양인지 대표품 대조 전 공개 확정 금지. [PUBLICATION LOCK] 유료 납품물 재사용 승인 범위만 적용하며 모델명·키·몸무게·후기·추천·Ambassador 표현 및 자동 공개 금지.,NO — 실제 제품·핏·인물은 생성형 AI로 변경하지 않음. 승인 범위 안의 크롭·색보정·먼지 정리만 가능.,Todaylook full review U084; Source ZIP: 나정인___nj.in___168cm_58kg_2026-08-15 00-41.zip; ZIP SHA-256: 3326b4b643ab73dafe29537eed77b30356726379864e66faa97abf3dda6f0f45; Media SHA-256: c49d80a2a9effba407e2b807875ff76810de67ad11cb1256fa665901fd9ed68f; 원본 ZIP 변경 없이 CRC 검증 추출본을 COPY.,CANDIDATE,REVIEWED,B,실제 확인: NIGHT CAP 오늘룩 유료 납품 사진. DETAIL PROOF; setting=GEOMETRIC INTERIOR. Creative scores (5): Product 3 / Model 4 / Styling 4 / Environment 5 / Campaign 4 / Brand Fit 4 = 24/30; T4 disposition=BACKUP. 권리는 사용자 확인 유료 마케팅 납품 범위에서 CLEARED이나 현행 SKU 동일성은 별도 검증한다.,2026-08-15,CLEARED,USER CONFIRMED PAID MARKETING
AST-0863,01_INPUT(입력_원본)/06_SOCIAL_PROOF(실제착용_소셜증거)/paid_marketing_todaylook/나정인___nj.in___168cm_58kg_2026-08-15 00-41/oPNVeDnOq3WuZKW03P3SvNTppkexU26YRXSLjrJGIQV2zcYpU1HYtiZ7RcWESSVT.jpg,oPNVeDnOq3WuZKW03P3SvNTppkexU26YRXSLjrJGIQV2zcYpU1HYtiZ7RcWESSVT.jpg,jpg,유료 마케팅 착용,NIGHT,나정인___nj.in__ Todaylook 유료 마케팅 납품 CAP BACKUP 착용 사진,2358×3010,N/A — 정지 이미지,MEDIUM,HIGH,MEDIUM,SOCIAL SUPPORT / ARCHIVE,TRUST AMPLIFIER / WORN PROOF / FRONT / FIT PROOF,[CURRENT SKU MATCH NEEDS VERIFICATION] 2026 판매 재고와 동일 SKU·사양인지 대표품 대조 전 공개 확정 금지. [PUBLICATION LOCK] 유료 납품물 재사용 승인 범위만 적용하며 모델명·키·몸무게·후기·추천·Ambassador 표현 및 자동 공개 금지.,NO — 실제 제품·핏·인물은 생성형 AI로 변경하지 않음. 승인 범위 안의 크롭·색보정·먼지 정리만 가능.,Todaylook full review U085; Source ZIP: 나정인___nj.in___168cm_58kg_2026-08-15 00-41.zip; ZIP SHA-256: 3326b4b643ab73dafe29537eed77b30356726379864e66faa97abf3dda6f0f45; Media SHA-256: a90a34cff9aee28946466bbd1ff674c6a0a39c552b7b3f58ce9d819fd40b0472; 원본 ZIP 변경 없이 CRC 검증 추출본을 COPY.,CANDIDATE,REVIEWED,B,실제 확인: NIGHT CAP 오늘룩 유료 납품 사진. FRONT / FIT PROOF; setting=GEOMETRIC INTERIOR. Creative scores (5): Product 3 / Model 4 / Styling 4 / Environment 5 / Campaign 4 / Brand Fit 4 = 24/30; T4 disposition=BACKUP. 권리는 사용자 확인 유료 마케팅 납품 범위에서 CLEARED이나 현행 SKU 동일성은 별도 검증한다.,2026-08-15,CLEARED,USER CONFIRMED PAID MARKETING
AST-0864,01_INPUT(입력_원본)/06_SOCIAL_PROOF(실제착용_소셜증거)/paid_marketing_todaylook/박세아_th2__a_170cm_60kg_2026-08-15 00-40/2V6cOitWHHVlcpFVAwshehtoopLa76pulBnMfVYOoh0euaDSaf71KgNEh6MLtsxO.jpg,2V6cOitWHHVlcpFVAwshehtoopLa76pulBnMfVYOoh0euaDSaf71KgNEh6MLtsxO.jpg,jpg,유료 마케팅 착용,NIGHT,박세아_th2__a Todaylook 유료 마케팅 납품 SWEATSHIRT KEEP 착용 사진,2358×3010,N/A — 정지 이미지,HIGH,HIGH,HIGH,WADIZ PEOPLE / PRODUCT PROOF / PAID CANDIDATE,TRUST AMPLIFIER / WORN PROOF / FRONT / FIT PROOF,[CURRENT SKU MATCH NEEDS VERIFICATION] 2026 판매 재고와 동일 SKU·사양인지 대표품 대조 전 공개 확정 금지. [PUBLICATION LOCK] 유료 납품물 재사용 승인 범위만 적용하며 모델명·키·몸무게·후기·추천·Ambassador 표현 및 자동 공개 금지.,NO — 실제 제품·핏·인물은 생성형 AI로 변경하지 않음. 승인 범위 안의 크롭·색보정·먼지 정리만 가능.,Todaylook full review U134; Source ZIP: 박세아_th2__a_170cm_60kg_2026-08-15 00-40.zip; ZIP SHA-256: bc3dc27994ec11390341fd1615d833a3cfec7ad509d90d54a317bddc0e74c403; Media SHA-256: 807cf6ec69987d6d10ba516ffeccf32769359ba77fbf5d9bdafe2417ee195f3a; 원본 ZIP 변경 없이 CRC 검증 추출본을 COPY.,CANDIDATE,REVIEWED,A,실제 확인: NIGHT SWEATSHIRT 오늘룩 유료 납품 사진. FRONT / FIT PROOF; setting=VIVID BLUE INTERIOR. Creative scores (5): Product 4 / Model 4 / Styling 4 / Environment 5 / Campaign 5 / Brand Fit 4 = 26/30; T4 disposition=KEEP. 권리는 사용자 확인 유료 마케팅 납품 범위에서 CLEARED이나 현행 SKU 동일성은 별도 검증한다.,2026-08-15,CLEARED,USER CONFIRMED PAID MARKETING
AST-0865,01_INPUT(입력_원본)/06_SOCIAL_PROOF(실제착용_소셜증거)/paid_marketing_todaylook/박세아_th2__a_170cm_60kg_2026-08-15 00-40/2uRuBAkturj3jM4wxhgZzRV4c6nFp83YxvGglyKqeO6wdrmjv80ydpCBbEwRo4AL.jpg,2uRuBAkturj3jM4wxhgZzRV4c6nFp83YxvGglyKqeO6wdrmjv80ydpCBbEwRo4AL.jpg,jpg,유료 마케팅 착용,NIGHT,박세아_th2__a Todaylook 유료 마케팅 납품 SWEATSHIRT KEEP 착용 사진,2358×3011,N/A — 정지 이미지,HIGH,HIGH,HIGH,WADIZ PEOPLE / PRODUCT PROOF / PAID CANDIDATE,TRUST AMPLIFIER / WORN PROOF / FRONT / FIT PROOF,[CURRENT SKU MATCH NEEDS VERIFICATION] 2026 판매 재고와 동일 SKU·사양인지 대표품 대조 전 공개 확정 금지. [PUBLICATION LOCK] 유료 납품물 재사용 승인 범위만 적용하며 모델명·키·몸무게·후기·추천·Ambassador 표현 및 자동 공개 금지.,NO — 실제 제품·핏·인물은 생성형 AI로 변경하지 않음. 승인 범위 안의 크롭·색보정·먼지 정리만 가능.,Todaylook full review U135; Source ZIP: 박세아_th2__a_170cm_60kg_2026-08-15 00-40.zip; ZIP SHA-256: bc3dc27994ec11390341fd1615d833a3cfec7ad509d90d54a317bddc0e74c403; Media SHA-256: 13058eabfbf888589c651a9b938b6dd881e35f94e2e2e56dec60d87957cefe49; 원본 ZIP 변경 없이 CRC 검증 추출본을 COPY.,CANDIDATE,REVIEWED,A,실제 확인: NIGHT SWEATSHIRT 오늘룩 유료 납품 사진. FRONT / FIT PROOF; setting=VIVID BLUE INTERIOR. Creative scores (5): Product 4 / Model 4 / Styling 4 / Environment 5 / Campaign 5 / Brand Fit 4 = 26/30; T4 disposition=KEEP. 권리는 사용자 확인 유료 마케팅 납품 범위에서 CLEARED이나 현행 SKU 동일성은 별도 검증한다.,2026-08-15,CLEARED,USER CONFIRMED PAID MARKETING
AST-0866,01_INPUT(입력_원본)/06_SOCIAL_PROOF(실제착용_소셜증거)/paid_marketing_todaylook/박세아_th2__a_170cm_60kg_2026-08-15 00-40/QZspk3yM0HT8y1BxJooDDelW3aUVmrll8rHBrmzC91UCT0odEY6XWGJ4NhnbjS6c.jpg,QZspk3yM0HT8y1BxJooDDelW3aUVmrll8rHBrmzC91UCT0odEY6XWGJ4NhnbjS6c.jpg,jpg,유료 마케팅 착용,NIGHT,박세아_th2__a Todaylook 유료 마케팅 납품 SWEATSHIRT KEEP 착용 사진,2358×3010,N/A — 정지 이미지,HIGH,HIGH,HIGH,WADIZ PEOPLE / PRODUCT PROOF / PAID CANDIDATE,TRUST AMPLIFIER / WORN PROOF / FRONT / FIT PROOF,[CURRENT SKU MATCH NEEDS VERIFICATION] 2026 판매 재고와 동일 SKU·사양인지 대표품 대조 전 공개 확정 금지. [PUBLICATION LOCK] 유료 납품물 재사용 승인 범위만 적용하며 모델명·키·몸무게·후기·추천·Ambassador 표현 및 자동 공개 금지.,NO — 실제 제품·핏·인물은 생성형 AI로 변경하지 않음. 승인 범위 안의 크롭·색보정·먼지 정리만 가능.,Todaylook full review U136; Source ZIP: 박세아_th2__a_170cm_60kg_2026-08-15 00-40.zip; ZIP SHA-256: bc3dc27994ec11390341fd1615d833a3cfec7ad509d90d54a317bddc0e74c403; Media SHA-256: 19e0db3651bd391a9fc61b12ad7ae32280888a5785dacdf33d16f80f4a92ac85; 원본 ZIP 변경 없이 CRC 검증 추출본을 COPY.,CANDIDATE,REVIEWED,A,실제 확인: NIGHT SWEATSHIRT 오늘룩 유료 납품 사진. FRONT / FIT PROOF; setting=VIVID BLUE INTERIOR. Creative scores (5): Product 4 / Model 4 / Styling 4 / Environment 5 / Campaign 5 / Brand Fit 4 = 26/30; T4 disposition=KEEP. 권리는 사용자 확인 유료 마케팅 납품 범위에서 CLEARED이나 현행 SKU 동일성은 별도 검증한다.,2026-08-15,CLEARED,USER CONFIRMED PAID MARKETING
AST-0867,01_INPUT(입력_원본)/06_SOCIAL_PROOF(실제착용_소셜증거)/paid_marketing_todaylook/박세아_th2__a_170cm_60kg_2026-08-15 00-40/SNN907r6HBP80vMg9kXdAdy062sRidDWTshRzrdAAfM4KWYU9ixzg3Wqp24jiy8C.jpg,SNN907r6HBP80vMg9kXdAdy062sRidDWTshRzrdAAfM4KWYU9ixzg3Wqp24jiy8C.jpg,jpg,유료 마케팅 착용,NIGHT,박세아_th2__a Todaylook 유료 마케팅 납품 SWEATSHIRT KEEP 착용 사진,2358×3010,N/A — 정지 이미지,HIGH,HIGH,HIGH,WADIZ PEOPLE / PRODUCT PROOF / PAID CANDIDATE,TRUST AMPLIFIER / WORN PROOF / BACK PROOF,[CURRENT SKU MATCH NEEDS VERIFICATION] 2026 판매 재고와 동일 SKU·사양인지 대표품 대조 전 공개 확정 금지. [PUBLICATION LOCK] 유료 납품물 재사용 승인 범위만 적용하며 모델명·키·몸무게·후기·추천·Ambassador 표현 및 자동 공개 금지.,NO — 실제 제품·핏·인물은 생성형 AI로 변경하지 않음. 승인 범위 안의 크롭·색보정·먼지 정리만 가능.,Todaylook full review U137; Source ZIP: 박세아_th2__a_170cm_60kg_2026-08-15 00-40.zip; ZIP SHA-256: bc3dc27994ec11390341fd1615d833a3cfec7ad509d90d54a317bddc0e74c403; Media SHA-256: e5ab676508e8ef39d94a88dfabfddff9479be368b52b099134ade5f00e9f34bd; 원본 ZIP 변경 없이 CRC 검증 추출본을 COPY.,CANDIDATE,REVIEWED,A,실제 확인: NIGHT SWEATSHIRT 오늘룩 유료 납품 사진. BACK PROOF; setting=VIVID BLUE INTERIOR. Creative scores (5): Product 4 / Model 4 / Styling 4 / Environment 5 / Campaign 5 / Brand Fit 4 = 26/30; T4 disposition=KEEP. 권리는 사용자 확인 유료 마케팅 납품 범위에서 CLEARED이나 현행 SKU 동일성은 별도 검증한다.,2026-08-15,CLEARED,USER CONFIRMED PAID MARKETING
AST-0868,01_INPUT(입력_원본)/06_SOCIAL_PROOF(실제착용_소셜증거)/paid_marketing_todaylook/박세아_th2__a_170cm_60kg_2026-08-15 00-40/cZN9BwrO3XgatfKAn7epGGpBFCkiGroaMFteuCOYxtTm7cJobbM1vVrdXCHSVayv.jpg,cZN9BwrO3XgatfKAn7epGGpBFCkiGroaMFteuCOYxtTm7cJobbM1vVrdXCHSVayv.jpg,jpg,유료 마케팅 착용,NIGHT,박세아_th2__a Todaylook 유료 마케팅 납품 SWEATSHIRT KEEP 착용 사진,2358×3010,N/A — 정지 이미지,HIGH,HIGH,HIGH,WADIZ PEOPLE / PRODUCT PROOF / PAID CANDIDATE,TRUST AMPLIFIER / WORN PROOF / BACK PROOF,[CURRENT SKU MATCH NEEDS VERIFICATION] 2026 판매 재고와 동일 SKU·사양인지 대표품 대조 전 공개 확정 금지. [PUBLICATION LOCK] 유료 납품물 재사용 승인 범위만 적용하며 모델명·키·몸무게·후기·추천·Ambassador 표현 및 자동 공개 금지.,NO — 실제 제품·핏·인물은 생성형 AI로 변경하지 않음. 승인 범위 안의 크롭·색보정·먼지 정리만 가능.,Todaylook full review U138; Source ZIP: 박세아_th2__a_170cm_60kg_2026-08-15 00-40.zip; ZIP SHA-256: bc3dc27994ec11390341fd1615d833a3cfec7ad509d90d54a317bddc0e74c403; Media SHA-256: 879c31d5a1dc52eed16403c2accf6c02d9c6f788d1d384606fc6207154a4c690; 원본 ZIP 변경 없이 CRC 검증 추출본을 COPY.,CANDIDATE,REVIEWED,A,실제 확인: NIGHT SWEATSHIRT 오늘룩 유료 납품 사진. BACK PROOF; setting=VIVID BLUE INTERIOR. Creative scores (5): Product 4 / Model 4 / Styling 4 / Environment 5 / Campaign 5 / Brand Fit 4 = 26/30; T4 disposition=KEEP. 권리는 사용자 확인 유료 마케팅 납품 범위에서 CLEARED이나 현행 SKU 동일성은 별도 검증한다.,2026-08-15,CLEARED,USER CONFIRMED PAID MARKETING
AST-0869,01_INPUT(입력_원본)/06_SOCIAL_PROOF(실제착용_소셜증거)/paid_marketing_todaylook/박세아_th2__a_170cm_60kg_2026-08-15 00-40/THUULdt6vEnAT8NRD2VmGYRdVomulMK3NunoAZ7JcFbRA4qh6oxKTfKccxuJNUHe.jpg,THUULdt6vEnAT8NRD2VmGYRdVomulMK3NunoAZ7JcFbRA4qh6oxKTfKccxuJNUHe.jpg,jpg,유료 마케팅 착용,NIGHT,박세아_th2__a Todaylook 유료 마케팅 납품 SWEATSHIRT KEEP 착용 사진,2358×3009,N/A — 정지 이미지,HIGH,HIGH,HIGH,WADIZ PEOPLE / PRODUCT PROOF / PAID CANDIDATE,TRUST AMPLIFIER / WORN PROOF / FRONT / FIT PROOF,[CURRENT SKU MATCH NEEDS VERIFICATION] 2026 판매 재고와 동일 SKU·사양인지 대표품 대조 전 공개 확정 금지. [PUBLICATION LOCK] 유료 납품물 재사용 승인 범위만 적용하며 모델명·키·몸무게·후기·추천·Ambassador 표현 및 자동 공개 금지.,NO — 실제 제품·핏·인물은 생성형 AI로 변경하지 않음. 승인 범위 안의 크롭·색보정·먼지 정리만 가능.,Todaylook full review U139; Source ZIP: 박세아_th2__a_170cm_60kg_2026-08-15 00-40.zip; ZIP SHA-256: bc3dc27994ec11390341fd1615d833a3cfec7ad509d90d54a317bddc0e74c403; Media SHA-256: c3da26c26109580ebb962c7f3335ea371764e0829f8c7578c2281166249655a2; 원본 ZIP 변경 없이 CRC 검증 추출본을 COPY.,CANDIDATE,REVIEWED,A,실제 확인: NIGHT SWEATSHIRT 오늘룩 유료 납품 사진. FRONT / FIT PROOF; setting=VIVID BLUE INTERIOR. Creative scores (5): Product 4 / Model 4 / Styling 4 / Environment 5 / Campaign 5 / Brand Fit 4 = 26/30; T4 disposition=KEEP. 권리는 사용자 확인 유료 마케팅 납품 범위에서 CLEARED이나 현행 SKU 동일성은 별도 검증한다.,2026-08-15,CLEARED,USER CONFIRMED PAID MARKETING
AST-0870,01_INPUT(입력_원본)/06_SOCIAL_PROOF(실제착용_소셜증거)/paid_marketing_todaylook/박세아_th2__a_170cm_60kg_2026-08-15 00-41/u43XQHyFmZ6knMKNdg3nj3xw8GQVTBCdSatSobvyoN3mkMEQNfwLdASPajCXGhoY.jpg,u43XQHyFmZ6knMKNdg3nj3xw8GQVTBCdSatSobvyoN3mkMEQNfwLdASPajCXGhoY.jpg,jpg,유료 마케팅 착용,NIGHT,박세아_th2__a Todaylook 유료 마케팅 납품 CAP BACKUP 착용 사진,2358×3010,N/A — 정지 이미지,MEDIUM,HIGH,MEDIUM,SOCIAL SUPPORT / ARCHIVE,TRUST AMPLIFIER / WORN PROOF / FRONT / FIT PROOF,[CURRENT SKU MATCH NEEDS VERIFICATION] 2026 판매 재고와 동일 SKU·사양인지 대표품 대조 전 공개 확정 금지. [PUBLICATION LOCK] 유료 납품물 재사용 승인 범위만 적용하며 모델명·키·몸무게·후기·추천·Ambassador 표현 및 자동 공개 금지.,NO — 실제 제품·핏·인물은 생성형 AI로 변경하지 않음. 승인 범위 안의 크롭·색보정·먼지 정리만 가능.,Todaylook full review U140; Source ZIP: 박세아_th2__a_170cm_60kg_2026-08-15 00-41.zip; ZIP SHA-256: 77a42010ffeb4fc5b5d7e1fb643d9948734b093af57a9ea4b5e53da7bc25e32c; Media SHA-256: acdc2674c729950f676e18fe2a5edc23403bbcac3abd04a6436e1e5f2fa2626a; 원본 ZIP 변경 없이 CRC 검증 추출본을 COPY.,CANDIDATE,REVIEWED,B,실제 확인: NIGHT CAP 오늘룩 유료 납품 사진. FRONT / FIT PROOF; setting=INDUSTRIAL INTERIOR. Creative scores (5): Product 3 / Model 4 / Styling 4 / Environment 4 / Campaign 3 / Brand Fit 4 = 22/30; T4 disposition=BACKUP. 권리는 사용자 확인 유료 마케팅 납품 범위에서 CLEARED이나 현행 SKU 동일성은 별도 검증한다.,2026-08-15,CLEARED,USER CONFIRMED PAID MARKETING
AST-0871,01_INPUT(입력_원본)/06_SOCIAL_PROOF(실제착용_소셜증거)/paid_marketing_todaylook/박세아_th2__a_170cm_60kg_2026-08-15 00-41/6vyayaWv0PbNGrfDyxwZClmZh8Kb3b6oyaRElqr3jsSkwdMAPpVpTYzmqZUsf5tN.jpg,6vyayaWv0PbNGrfDyxwZClmZh8Kb3b6oyaRElqr3jsSkwdMAPpVpTYzmqZUsf5tN.jpg,jpg,유료 마케팅 착용,NIGHT,박세아_th2__a Todaylook 유료 마케팅 납품 CAP BACKUP 착용 사진,2358×3010,N/A — 정지 이미지,MEDIUM,HIGH,MEDIUM,SOCIAL SUPPORT / ARCHIVE,TRUST AMPLIFIER / WORN PROOF / FRONT / FIT PROOF,[CURRENT SKU MATCH NEEDS VERIFICATION] 2026 판매 재고와 동일 SKU·사양인지 대표품 대조 전 공개 확정 금지. [PUBLICATION LOCK] 유료 납품물 재사용 승인 범위만 적용하며 모델명·키·몸무게·후기·추천·Ambassador 표현 및 자동 공개 금지.,NO — 실제 제품·핏·인물은 생성형 AI로 변경하지 않음. 승인 범위 안의 크롭·색보정·먼지 정리만 가능.,Todaylook full review U141; Source ZIP: 박세아_th2__a_170cm_60kg_2026-08-15 00-41.zip; ZIP SHA-256: 77a42010ffeb4fc5b5d7e1fb643d9948734b093af57a9ea4b5e53da7bc25e32c; Media SHA-256: 8bda455480fa687ca2950803aca429906289d7ab16bf60f611884337c659a8c9; 원본 ZIP 변경 없이 CRC 검증 추출본을 COPY.,CANDIDATE,REVIEWED,B,실제 확인: NIGHT CAP 오늘룩 유료 납품 사진. FRONT / FIT PROOF; setting=INDUSTRIAL INTERIOR. Creative scores (5): Product 3 / Model 4 / Styling 4 / Environment 4 / Campaign 3 / Brand Fit 4 = 22/30; T4 disposition=BACKUP. 권리는 사용자 확인 유료 마케팅 납품 범위에서 CLEARED이나 현행 SKU 동일성은 별도 검증한다.,2026-08-15,CLEARED,USER CONFIRMED PAID MARKETING
AST-0872,01_INPUT(입력_원본)/06_SOCIAL_PROOF(실제착용_소셜증거)/paid_marketing_todaylook/박세아_th2__a_170cm_60kg_2026-08-15 00-41/MXTmxmCuBZq8ZJoHrRCxi5LqLmhMegjUieb0yR3mf1COTAc9JjlHjCidRxyhIsuL.jpg,MXTmxmCuBZq8ZJoHrRCxi5LqLmhMegjUieb0yR3mf1COTAc9JjlHjCidRxyhIsuL.jpg,jpg,유료 마케팅 착용,NIGHT,박세아_th2__a Todaylook 유료 마케팅 납품 CAP BACKUP 착용 사진,2358×3010,N/A — 정지 이미지,MEDIUM,HIGH,MEDIUM,SOCIAL SUPPORT / ARCHIVE,TRUST AMPLIFIER / WORN PROOF / FRONT / FIT PROOF,[CURRENT SKU MATCH NEEDS VERIFICATION] 2026 판매 재고와 동일 SKU·사양인지 대표품 대조 전 공개 확정 금지. [PUBLICATION LOCK] 유료 납품물 재사용 승인 범위만 적용하며 모델명·키·몸무게·후기·추천·Ambassador 표현 및 자동 공개 금지.,NO — 실제 제품·핏·인물은 생성형 AI로 변경하지 않음. 승인 범위 안의 크롭·색보정·먼지 정리만 가능.,Todaylook full review U142; Source ZIP: 박세아_th2__a_170cm_60kg_2026-08-15 00-41.zip; ZIP SHA-256: 77a42010ffeb4fc5b5d7e1fb643d9948734b093af57a9ea4b5e53da7bc25e32c; Media SHA-256: ae15ad336202bfa79e5af5f124e43f3eca090d19e74e69b65a166743957400a6; 원본 ZIP 변경 없이 CRC 검증 추출본을 COPY.,CANDIDATE,REVIEWED,B,실제 확인: NIGHT CAP 오늘룩 유료 납품 사진. FRONT / FIT PROOF; setting=INDUSTRIAL INTERIOR. Creative scores (5): Product 3 / Model 4 / Styling 4 / Environment 4 / Campaign 3 / Brand Fit 4 = 22/30; T4 disposition=BACKUP. 권리는 사용자 확인 유료 마케팅 납품 범위에서 CLEARED이나 현행 SKU 동일성은 별도 검증한다.,2026-08-15,CLEARED,USER CONFIRMED PAID MARKETING
AST-0873,01_INPUT(입력_원본)/06_SOCIAL_PROOF(실제착용_소셜증거)/paid_marketing_todaylook/박세아_th2__a_170cm_60kg_2026-08-15 00-41/o8956QWvrmNK2J6rMgFx0VivLWGUbMEcyNwOfcdsMyoziTStx3kGlPfKPDV2Y94H.jpg,o8956QWvrmNK2J6rMgFx0VivLWGUbMEcyNwOfcdsMyoziTStx3kGlPfKPDV2Y94H.jpg,jpg,유료 마케팅 착용,NIGHT,박세아_th2__a Todaylook 유료 마케팅 납품 CAP BACKUP 착용 사진,2358×3010,N/A — 정지 이미지,MEDIUM,HIGH,MEDIUM,SOCIAL SUPPORT / ARCHIVE,TRUST AMPLIFIER / WORN PROOF / FRONT / FIT PROOF,[CURRENT SKU MATCH NEEDS VERIFICATION] 2026 판매 재고와 동일 SKU·사양인지 대표품 대조 전 공개 확정 금지. [PUBLICATION LOCK] 유료 납품물 재사용 승인 범위만 적용하며 모델명·키·몸무게·후기·추천·Ambassador 표현 및 자동 공개 금지.,NO — 실제 제품·핏·인물은 생성형 AI로 변경하지 않음. 승인 범위 안의 크롭·색보정·먼지 정리만 가능.,Todaylook full review U143; Source ZIP: 박세아_th2__a_170cm_60kg_2026-08-15 00-41.zip; ZIP SHA-256: 77a42010ffeb4fc5b5d7e1fb643d9948734b093af57a9ea4b5e53da7bc25e32c; Media SHA-256: d85b1312c8d07cde4fda4b620eb80fbb910af210e74e241ab957f6fc91e6354e; 원본 ZIP 변경 없이 CRC 검증 추출본을 COPY.,CANDIDATE,REVIEWED,B,실제 확인: NIGHT CAP 오늘룩 유료 납품 사진. FRONT / FIT PROOF; setting=INDUSTRIAL INTERIOR. Creative scores (5): Product 3 / Model 4 / Styling 4 / Environment 4 / Campaign 3 / Brand Fit 4 = 22/30; T4 disposition=BACKUP. 권리는 사용자 확인 유료 마케팅 납품 범위에서 CLEARED이나 현행 SKU 동일성은 별도 검증한다.,2026-08-15,CLEARED,USER CONFIRMED PAID MARKETING
AST-0874,01_INPUT(입력_원본)/06_SOCIAL_PROOF(실제착용_소셜증거)/paid_marketing_todaylook/박세아_th2__a_170cm_60kg_2026-08-15 00-41/PMHZ4PkelSbQnYTvgfxWMrlIN8rR33U2JX7Z6f4RY6OT7sgXBuSsYSf8rlIpkqTl.jpg,PMHZ4PkelSbQnYTvgfxWMrlIN8rR33U2JX7Z6f4RY6OT7sgXBuSsYSf8rlIpkqTl.jpg,jpg,유료 마케팅 착용,NIGHT,박세아_th2__a Todaylook 유료 마케팅 납품 CAP BACKUP 착용 사진,2358×3010,N/A — 정지 이미지,MEDIUM,HIGH,MEDIUM,SOCIAL SUPPORT / ARCHIVE,TRUST AMPLIFIER / WORN PROOF / FRONT / FIT PROOF,[CURRENT SKU MATCH NEEDS VERIFICATION] 2026 판매 재고와 동일 SKU·사양인지 대표품 대조 전 공개 확정 금지. [PUBLICATION LOCK] 유료 납품물 재사용 승인 범위만 적용하며 모델명·키·몸무게·후기·추천·Ambassador 표현 및 자동 공개 금지.,NO — 실제 제품·핏·인물은 생성형 AI로 변경하지 않음. 승인 범위 안의 크롭·색보정·먼지 정리만 가능.,Todaylook full review U144; Source ZIP: 박세아_th2__a_170cm_60kg_2026-08-15 00-41.zip; ZIP SHA-256: 77a42010ffeb4fc5b5d7e1fb643d9948734b093af57a9ea4b5e53da7bc25e32c; Media SHA-256: af60575ddedde73e9832e4cc7f243452be4b0708abe097ab758c7029f6afa610; 원본 ZIP 변경 없이 CRC 검증 추출본을 COPY.,CANDIDATE,REVIEWED,B,실제 확인: NIGHT CAP 오늘룩 유료 납품 사진. FRONT / FIT PROOF; setting=INDUSTRIAL INTERIOR. Creative scores (5): Product 3 / Model 4 / Styling 4 / Environment 4 / Campaign 3 / Brand Fit 4 = 22/30; T4 disposition=BACKUP. 권리는 사용자 확인 유료 마케팅 납품 범위에서 CLEARED이나 현행 SKU 동일성은 별도 검증한다.,2026-08-15,CLEARED,USER CONFIRMED PAID MARKETING
AST-0875,01_INPUT(입력_원본)/06_SOCIAL_PROOF(실제착용_소셜증거)/paid_marketing_todaylook/박세아_th2__a_170cm_60kg_2026-08-15 00-41/guUku9OXGjLTmmzE0yRfJ0LgAR00VUBcTxqARNWroKPKBa0g5GcczumACMjB5sy3.jpg,guUku9OXGjLTmmzE0yRfJ0LgAR00VUBcTxqARNWroKPKBa0g5GcczumACMjB5sy3.jpg,jpg,유료 마케팅 착용,NIGHT,박세아_th2__a Todaylook 유료 마케팅 납품 CAP BACKUP 착용 사진,2358×3010,N/A — 정지 이미지,MEDIUM,HIGH,MEDIUM,SOCIAL SUPPORT / ARCHIVE,TRUST AMPLIFIER / WORN PROOF / FRONT / FIT PROOF,[CURRENT SKU MATCH NEEDS VERIFICATION] 2026 판매 재고와 동일 SKU·사양인지 대표품 대조 전 공개 확정 금지. [PUBLICATION LOCK] 유료 납품물 재사용 승인 범위만 적용하며 모델명·키·몸무게·후기·추천·Ambassador 표현 및 자동 공개 금지.,NO — 실제 제품·핏·인물은 생성형 AI로 변경하지 않음. 승인 범위 안의 크롭·색보정·먼지 정리만 가능.,Todaylook full review U145; Source ZIP: 박세아_th2__a_170cm_60kg_2026-08-15 00-41.zip; ZIP SHA-256: 77a42010ffeb4fc5b5d7e1fb643d9948734b093af57a9ea4b5e53da7bc25e32c; Media SHA-256: f16c9447e3108d3ef769ed508558ea6093ed0acd2ecc99bdfe6dab4f592270c3; 원본 ZIP 변경 없이 CRC 검증 추출본을 COPY.,CANDIDATE,REVIEWED,B,실제 확인: NIGHT CAP 오늘룩 유료 납품 사진. FRONT / FIT PROOF; setting=INDUSTRIAL INTERIOR. Creative scores (5): Product 3 / Model 4 / Styling 4 / Environment 4 / Campaign 3 / Brand Fit 4 = 22/30; T4 disposition=BACKUP. 권리는 사용자 확인 유료 마케팅 납품 범위에서 CLEARED이나 현행 SKU 동일성은 별도 검증한다.,2026-08-15,CLEARED,USER CONFIRMED PAID MARKETING
AST-0876,01_INPUT(입력_원본)/06_SOCIAL_PROOF(실제착용_소셜증거)/paid_marketing_todaylook/박세아_th2__a_170cm_60kg_2026-08-15 00-41/JL5zGtmUwx8NMPiwsb15pBqZpPPfXKc49cIf7HEpnipYFtoi2LGEqPSb6uOcgLaC.jpg,JL5zGtmUwx8NMPiwsb15pBqZpPPfXKc49cIf7HEpnipYFtoi2LGEqPSb6uOcgLaC.jpg,jpg,유료 마케팅 착용,NIGHT,박세아_th2__a Todaylook 유료 마케팅 납품 CAP BACKUP 착용 사진,2358×3010,N/A — 정지 이미지,MEDIUM,HIGH,MEDIUM,SOCIAL SUPPORT / ARCHIVE,TRUST AMPLIFIER / WORN PROOF / FRONT / FIT PROOF,[CURRENT SKU MATCH NEEDS VERIFICATION] 2026 판매 재고와 동일 SKU·사양인지 대표품 대조 전 공개 확정 금지. [PUBLICATION LOCK] 유료 납품물 재사용 승인 범위만 적용하며 모델명·키·몸무게·후기·추천·Ambassador 표현 및 자동 공개 금지.,NO — 실제 제품·핏·인물은 생성형 AI로 변경하지 않음. 승인 범위 안의 크롭·색보정·먼지 정리만 가능.,Todaylook full review U146; Source ZIP: 박세아_th2__a_170cm_60kg_2026-08-15 00-41.zip; ZIP SHA-256: 77a42010ffeb4fc5b5d7e1fb643d9948734b093af57a9ea4b5e53da7bc25e32c; Media SHA-256: a4689844f51280f412920cdb3aa1e1aacc9b821e21245c8d95294cf68b0f1e8d; 원본 ZIP 변경 없이 CRC 검증 추출본을 COPY.,CANDIDATE,REVIEWED,B,실제 확인: NIGHT CAP 오늘룩 유료 납품 사진. FRONT / FIT PROOF; setting=INDUSTRIAL INTERIOR. Creative scores (5): Product 3 / Model 4 / Styling 4 / Environment 4 / Campaign 3 / Brand Fit 4 = 22/30; T4 disposition=BACKUP. 권리는 사용자 확인 유료 마케팅 납품 범위에서 CLEARED이나 현행 SKU 동일성은 별도 검증한다.,2026-08-15,CLEARED,USER CONFIRMED PAID MARKETING
AST-0877,01_INPUT(입력_원본)/06_SOCIAL_PROOF(실제착용_소셜증거)/paid_marketing_todaylook/변현수_bs_oo_s_179cm_79kg_2026-08-15 00-41/sOeXdPMziUjT9TRY92cfxY3Tce6TIgliLPOW7Z08Wr9rkbufEzTb6wlbNHPWm5ux.jpg,sOeXdPMziUjT9TRY92cfxY3Tce6TIgliLPOW7Z08Wr9rkbufEzTb6wlbNHPWm5ux.jpg,jpg,유료 마케팅 착용,NIGHT,변현수_bs_oo_s Todaylook 유료 마케팅 납품 SWEATSHIRT KEEP 착용 사진,2340×2986,N/A — 정지 이미지,HIGH,HIGH,HIGH,WADIZ PEOPLE / PRODUCT PROOF / PAID CANDIDATE,TRUST AMPLIFIER / WORN PROOF / FRONT / FIT PROOF,[CURRENT SKU MATCH NEEDS VERIFICATION] 2026 판매 재고와 동일 SKU·사양인지 대표품 대조 전 공개 확정 금지. [PUBLICATION LOCK] 유료 납품물 재사용 승인 범위만 적용하며 모델명·키·몸무게·후기·추천·Ambassador 표현 및 자동 공개 금지.,NO — 실제 제품·핏·인물은 생성형 AI로 변경하지 않음. 승인 범위 안의 크롭·색보정·먼지 정리만 가능.,Todaylook full review U147; Source ZIP: 변현수_bs_oo_s_179cm_79kg_2026-08-15 00-41.zip; ZIP SHA-256: 02fd2ed1308ca5d5a62f9fa792851b23632b999a93bee560222bfad4eb7e9209; Media SHA-256: b4570e0d2f662f65da9cd18ef9b67dbd5a53925173ad2725172944d749c0cd46; 원본 ZIP 변경 없이 CRC 검증 추출본을 COPY.,CANDIDATE,REVIEWED,A,실제 확인: NIGHT SWEATSHIRT 오늘룩 유료 납품 사진. FRONT / FIT PROOF; setting=STONE ALLEY. Creative scores (5): Product 5 / Model 4 / Styling 4 / Environment 4 / Campaign 5 / Brand Fit 5 = 27/30; T4 disposition=KEEP. 권리는 사용자 확인 유료 마케팅 납품 범위에서 CLEARED이나 현행 SKU 동일성은 별도 검증한다.,2026-08-15,CLEARED,USER CONFIRMED PAID MARKETING
AST-0878,01_INPUT(입력_원본)/06_SOCIAL_PROOF(실제착용_소셜증거)/paid_marketing_todaylook/변현수_bs_oo_s_179cm_79kg_2026-08-15 00-41/WEYgXZBdfUPlUIXnSMsfc0fd7INFTUFjGBem9x3ERZJT825QzUdC7IQQpkhFFlm8.jpg,WEYgXZBdfUPlUIXnSMsfc0fd7INFTUFjGBem9x3ERZJT825QzUdC7IQQpkhFFlm8.jpg,jpg,유료 마케팅 착용,NIGHT,변현수_bs_oo_s Todaylook 유료 마케팅 납품 SWEATSHIRT KEEP 착용 사진,2340×2986,N/A — 정지 이미지,HIGH,HIGH,HIGH,WADIZ PEOPLE / PRODUCT PROOF / PAID CANDIDATE,TRUST AMPLIFIER / WORN PROOF / FRONT / FIT PROOF,[CURRENT SKU MATCH NEEDS VERIFICATION] 2026 판매 재고와 동일 SKU·사양인지 대표품 대조 전 공개 확정 금지. [PUBLICATION LOCK] 유료 납품물 재사용 승인 범위만 적용하며 모델명·키·몸무게·후기·추천·Ambassador 표현 및 자동 공개 금지.,NO — 실제 제품·핏·인물은 생성형 AI로 변경하지 않음. 승인 범위 안의 크롭·색보정·먼지 정리만 가능.,Todaylook full review U148; Source ZIP: 변현수_bs_oo_s_179cm_79kg_2026-08-15 00-41.zip; ZIP SHA-256: 02fd2ed1308ca5d5a62f9fa792851b23632b999a93bee560222bfad4eb7e9209; Media SHA-256: 5371cbf8d9b48efea67e609b63af965de42433b7accee50c3e26bcf6e5be6d4e; 원본 ZIP 변경 없이 CRC 검증 추출본을 COPY.,CANDIDATE,REVIEWED,A,실제 확인: NIGHT SWEATSHIRT 오늘룩 유료 납품 사진. FRONT / FIT PROOF; setting=STONE ALLEY. Creative scores (5): Product 5 / Model 4 / Styling 4 / Environment 4 / Campaign 5 / Brand Fit 5 = 27/30; T4 disposition=KEEP. 권리는 사용자 확인 유료 마케팅 납품 범위에서 CLEARED이나 현행 SKU 동일성은 별도 검증한다.,2026-08-15,CLEARED,USER CONFIRMED PAID MARKETING
AST-0879,01_INPUT(입력_원본)/06_SOCIAL_PROOF(실제착용_소셜증거)/paid_marketing_todaylook/변현수_bs_oo_s_179cm_79kg_2026-08-15 00-41/GLGorKrbgudGTcK8ZRCCtht9uMRE6PamSz0hhb6wGs1zuAzenSJqtrctlB5r0RYl.jpg,GLGorKrbgudGTcK8ZRCCtht9uMRE6PamSz0hhb6wGs1zuAzenSJqtrctlB5r0RYl.jpg,jpg,유료 마케팅 착용,NIGHT,변현수_bs_oo_s Todaylook 유료 마케팅 납품 SWEATSHIRT KEEP 착용 사진,2340×2986,N/A — 정지 이미지,HIGH,HIGH,HIGH,WADIZ PEOPLE / PRODUCT PROOF / PAID CANDIDATE,TRUST AMPLIFIER / WORN PROOF / BACK PROOF,[CURRENT SKU MATCH NEEDS VERIFICATION] 2026 판매 재고와 동일 SKU·사양인지 대표품 대조 전 공개 확정 금지. [PUBLICATION LOCK] 유료 납품물 재사용 승인 범위만 적용하며 모델명·키·몸무게·후기·추천·Ambassador 표현 및 자동 공개 금지.,NO — 실제 제품·핏·인물은 생성형 AI로 변경하지 않음. 승인 범위 안의 크롭·색보정·먼지 정리만 가능.,Todaylook full review U149; Source ZIP: 변현수_bs_oo_s_179cm_79kg_2026-08-15 00-41.zip; ZIP SHA-256: 02fd2ed1308ca5d5a62f9fa792851b23632b999a93bee560222bfad4eb7e9209; Media SHA-256: 69daa428f7280f256d6a3c8e21055705b84980d2b765975593ecd3e533ee03e6; 원본 ZIP 변경 없이 CRC 검증 추출본을 COPY.,CANDIDATE,REVIEWED,A,실제 확인: NIGHT SWEATSHIRT 오늘룩 유료 납품 사진. BACK PROOF; setting=STONE ALLEY. Creative scores (5): Product 5 / Model 4 / Styling 4 / Environment 4 / Campaign 5 / Brand Fit 5 = 27/30; T4 disposition=KEEP. 권리는 사용자 확인 유료 마케팅 납품 범위에서 CLEARED이나 현행 SKU 동일성은 별도 검증한다.,2026-08-15,CLEARED,USER CONFIRMED PAID MARKETING
AST-0880,01_INPUT(입력_원본)/06_SOCIAL_PROOF(실제착용_소셜증거)/paid_marketing_todaylook/변현수_bs_oo_s_179cm_79kg_2026-08-15 00-41/QTXPVVoO6kcLLZj4bVY9yMSzKQcftKeS0pW6jNVaKkf9Vi7uQHgXU0GlYhQSoy2P.jpg,QTXPVVoO6kcLLZj4bVY9yMSzKQcftKeS0pW6jNVaKkf9Vi7uQHgXU0GlYhQSoy2P.jpg,jpg,유료 마케팅 착용,NIGHT,변현수_bs_oo_s Todaylook 유료 마케팅 납품 SWEATSHIRT KEEP 착용 사진,2340×2986,N/A — 정지 이미지,HIGH,HIGH,HIGH,WADIZ PEOPLE / PRODUCT PROOF / PAID CANDIDATE,TRUST AMPLIFIER / WORN PROOF / DETAIL PROOF,[CURRENT SKU MATCH NEEDS VERIFICATION] 2026 판매 재고와 동일 SKU·사양인지 대표품 대조 전 공개 확정 금지. [PUBLICATION LOCK] 유료 납품물 재사용 승인 범위만 적용하며 모델명·키·몸무게·후기·추천·Ambassador 표현 및 자동 공개 금지.,NO — 실제 제품·핏·인물은 생성형 AI로 변경하지 않음. 승인 범위 안의 크롭·색보정·먼지 정리만 가능.,Todaylook full review U150; Source ZIP: 변현수_bs_oo_s_179cm_79kg_2026-08-15 00-41.zip; ZIP SHA-256: 02fd2ed1308ca5d5a62f9fa792851b23632b999a93bee560222bfad4eb7e9209; Media SHA-256: 4a81bab7f3d12c755914ebbe17a92966ef6b1b079c2051ab377d86bc1ad71c83; 원본 ZIP 변경 없이 CRC 검증 추출본을 COPY.,CANDIDATE,REVIEWED,A,실제 확인: NIGHT SWEATSHIRT 오늘룩 유료 납품 사진. DETAIL PROOF; setting=STONE ALLEY. Creative scores (5): Product 5 / Model 4 / Styling 4 / Environment 4 / Campaign 5 / Brand Fit 5 = 27/30; T4 disposition=KEEP. 권리는 사용자 확인 유료 마케팅 납품 범위에서 CLEARED이나 현행 SKU 동일성은 별도 검증한다.,2026-08-15,CLEARED,USER CONFIRMED PAID MARKETING
AST-0881,01_INPUT(입력_원본)/06_SOCIAL_PROOF(실제착용_소셜증거)/paid_marketing_todaylook/안성배_namoo_daddy_172cm_72kg_2026-08-15 00-41/nRuMPxiKOQmqyh7SUMY7y6n3onwVsyWJUWK5d1jlyfIJI8J3WR6fpPZZ1mQca5iq.jpg,nRuMPxiKOQmqyh7SUMY7y6n3onwVsyWJUWK5d1jlyfIJI8J3WR6fpPZZ1mQca5iq.jpg,jpg,유료 마케팅 착용,DAY,안성배_namoo_daddy Todaylook 유료 마케팅 납품 CAP KEEP 착용 사진,2160×2762,N/A — 정지 이미지,HIGH,HIGH,HIGH,WADIZ PEOPLE / PRODUCT PROOF / PAID CANDIDATE,TRUST AMPLIFIER / WORN PROOF / FRONT / FIT PROOF,[CURRENT SKU MATCH NEEDS VERIFICATION] 2026 판매 재고와 동일 SKU·사양인지 대표품 대조 전 공개 확정 금지. [PUBLICATION LOCK] 유료 납품물 재사용 승인 범위만 적용하며 모델명·키·몸무게·후기·추천·Ambassador 표현 및 자동 공개 금지.,NO — 실제 제품·핏·인물은 생성형 AI로 변경하지 않음. 승인 범위 안의 크롭·색보정·먼지 정리만 가능.,Todaylook full review U164; Source ZIP: 안성배_namoo_daddy_172cm_72kg_2026-08-15 00-41.zip; ZIP SHA-256: e244d57600042c24f66b2219a1bf655580138df8248d3ed58fb9cbd919922a63; Media SHA-256: 08f1e5ed0f53405fcd1358dbd56ef33ddcde9810bd3c9108f837fe04d2ea17d1; 원본 ZIP 변경 없이 CRC 검증 추출본을 COPY.,CANDIDATE,REVIEWED,A,실제 확인: DAY CAP 오늘룩 유료 납품 사진. FRONT / FIT PROOF; setting=RUST WALL. Creative scores (5): Product 4 / Model 4 / Styling 4 / Environment 5 / Campaign 5 / Brand Fit 5 = 27/30; T4 disposition=KEEP. 권리는 사용자 확인 유료 마케팅 납품 범위에서 CLEARED이나 현행 SKU 동일성은 별도 검증한다.,2026-08-15,CLEARED,USER CONFIRMED PAID MARKETING
AST-0882,01_INPUT(입력_원본)/06_SOCIAL_PROOF(실제착용_소셜증거)/paid_marketing_todaylook/안성배_namoo_daddy_172cm_72kg_2026-08-15 00-41/RqCyIX1GqY36omGFb2NycfxmZl1SysLPATrFsCdYmsnJACokXoCwZNWGB9VN6c6u.jpg,RqCyIX1GqY36omGFb2NycfxmZl1SysLPATrFsCdYmsnJACokXoCwZNWGB9VN6c6u.jpg,jpg,유료 마케팅 착용,DAY,안성배_namoo_daddy Todaylook 유료 마케팅 납품 CAP KEEP 착용 사진,2160×2762,N/A — 정지 이미지,HIGH,HIGH,HIGH,WADIZ PEOPLE / PRODUCT PROOF / PAID CANDIDATE,TRUST AMPLIFIER / WORN PROOF / DETAIL PROOF,[CURRENT SKU MATCH NEEDS VERIFICATION] 2026 판매 재고와 동일 SKU·사양인지 대표품 대조 전 공개 확정 금지. [PUBLICATION LOCK] 유료 납품물 재사용 승인 범위만 적용하며 모델명·키·몸무게·후기·추천·Ambassador 표현 및 자동 공개 금지.,NO — 실제 제품·핏·인물은 생성형 AI로 변경하지 않음. 승인 범위 안의 크롭·색보정·먼지 정리만 가능.,Todaylook full review U165; Source ZIP: 안성배_namoo_daddy_172cm_72kg_2026-08-15 00-41.zip; ZIP SHA-256: e244d57600042c24f66b2219a1bf655580138df8248d3ed58fb9cbd919922a63; Media SHA-256: 5f7122323fd78bca95ac28d4368fc6448f07a9b16b832ff1a609d144893c4cdf; 원본 ZIP 변경 없이 CRC 검증 추출본을 COPY.,CANDIDATE,REVIEWED,A,실제 확인: DAY CAP 오늘룩 유료 납품 사진. DETAIL PROOF; setting=RUST WALL. Creative scores (5): Product 4 / Model 4 / Styling 4 / Environment 5 / Campaign 5 / Brand Fit 5 = 27/30; T4 disposition=KEEP. 권리는 사용자 확인 유료 마케팅 납품 범위에서 CLEARED이나 현행 SKU 동일성은 별도 검증한다.,2026-08-15,CLEARED,USER CONFIRMED PAID MARKETING
AST-0883,01_INPUT(입력_원본)/06_SOCIAL_PROOF(실제착용_소셜증거)/paid_marketing_todaylook/안성배_namoo_daddy_172cm_72kg_2026-08-15 00-41/dBiSyZPG3AnFLFNftt8SOT3AwyJLn61NOubVJjmjHwGKHvX0FA4sOQF6pTJyqsW6.jpg,dBiSyZPG3AnFLFNftt8SOT3AwyJLn61NOubVJjmjHwGKHvX0FA4sOQF6pTJyqsW6.jpg,jpg,유료 마케팅 착용,DAY,안성배_namoo_daddy Todaylook 유료 마케팅 납품 CAP KEEP 착용 사진,2160×2762,N/A — 정지 이미지,HIGH,HIGH,HIGH,WADIZ PEOPLE / PRODUCT PROOF / PAID CANDIDATE,TRUST AMPLIFIER / WORN PROOF / FRONT / FIT PROOF,[CURRENT SKU MATCH NEEDS VERIFICATION] 2026 판매 재고와 동일 SKU·사양인지 대표품 대조 전 공개 확정 금지. [PUBLICATION LOCK] 유료 납품물 재사용 승인 범위만 적용하며 모델명·키·몸무게·후기·추천·Ambassador 표현 및 자동 공개 금지.,NO — 실제 제품·핏·인물은 생성형 AI로 변경하지 않음. 승인 범위 안의 크롭·색보정·먼지 정리만 가능.,Todaylook full review U166; Source ZIP: 안성배_namoo_daddy_172cm_72kg_2026-08-15 00-41.zip; ZIP SHA-256: e244d57600042c24f66b2219a1bf655580138df8248d3ed58fb9cbd919922a63; Media SHA-256: 21e7c88d8014a3fc47fab6c69a0461f7f402051921bd92e982e36cc64a896ce4; 원본 ZIP 변경 없이 CRC 검증 추출본을 COPY.,CANDIDATE,REVIEWED,A,실제 확인: DAY CAP 오늘룩 유료 납품 사진. FRONT / FIT PROOF; setting=RUST WALL. Creative scores (5): Product 4 / Model 4 / Styling 4 / Environment 5 / Campaign 5 / Brand Fit 5 = 27/30; T4 disposition=KEEP. 권리는 사용자 확인 유료 마케팅 납품 범위에서 CLEARED이나 현행 SKU 동일성은 별도 검증한다.,2026-08-15,CLEARED,USER CONFIRMED PAID MARKETING
AST-0884,01_INPUT(입력_원본)/06_SOCIAL_PROOF(실제착용_소셜증거)/paid_marketing_todaylook/안성배_namoo_daddy_172cm_72kg_2026-08-15 00-41/1j4XbmIWXb3oIyvpmsuul6Kp9BgLz8MdeZuc8PtdoDrHufHPDzlTTEn1ojcWApGe.jpg,1j4XbmIWXb3oIyvpmsuul6Kp9BgLz8MdeZuc8PtdoDrHufHPDzlTTEn1ojcWApGe.jpg,jpg,유료 마케팅 착용,DAY,안성배_namoo_daddy Todaylook 유료 마케팅 납품 CAP KEEP 착용 사진,2160×2762,N/A — 정지 이미지,HIGH,HIGH,HIGH,WADIZ PEOPLE / PRODUCT PROOF / PAID CANDIDATE,TRUST AMPLIFIER / WORN PROOF / BACK PROOF,[CURRENT SKU MATCH NEEDS VERIFICATION] 2026 판매 재고와 동일 SKU·사양인지 대표품 대조 전 공개 확정 금지. [PUBLICATION LOCK] 유료 납품물 재사용 승인 범위만 적용하며 모델명·키·몸무게·후기·추천·Ambassador 표현 및 자동 공개 금지.,NO — 실제 제품·핏·인물은 생성형 AI로 변경하지 않음. 승인 범위 안의 크롭·색보정·먼지 정리만 가능.,Todaylook full review U167; Source ZIP: 안성배_namoo_daddy_172cm_72kg_2026-08-15 00-41.zip; ZIP SHA-256: e244d57600042c24f66b2219a1bf655580138df8248d3ed58fb9cbd919922a63; Media SHA-256: 5536baadfc74bbf17af11ebcc9fd7a8c81c3e85c15630631b6437b759476759f; 원본 ZIP 변경 없이 CRC 검증 추출본을 COPY.,CANDIDATE,REVIEWED,A,실제 확인: DAY CAP 오늘룩 유료 납품 사진. BACK PROOF; setting=RUST WALL. Creative scores (5): Product 4 / Model 4 / Styling 4 / Environment 5 / Campaign 5 / Brand Fit 5 = 27/30; T4 disposition=KEEP. 권리는 사용자 확인 유료 마케팅 납품 범위에서 CLEARED이나 현행 SKU 동일성은 별도 검증한다.,2026-08-15,CLEARED,USER CONFIRMED PAID MARKETING
AST-0885,01_INPUT(입력_원본)/06_SOCIAL_PROOF(실제착용_소셜증거)/paid_marketing_todaylook/안지미_jm_7218_166cm_56kg_2026-08-15 00-41/sQeMPu0SyDtfLX413pZteUP2594BZYPuel4rz9469R6yH3runoz8bX9seUxC9KLz.jpg,sQeMPu0SyDtfLX413pZteUP2594BZYPuel4rz9469R6yH3runoz8bX9seUxC9KLz.jpg,jpg,유료 마케팅 착용,NIGHT,안지미_jm_7218 Todaylook 유료 마케팅 납품 CAP BACKUP 착용 사진,2580×3293,N/A — 정지 이미지,MEDIUM,HIGH,MEDIUM,SOCIAL SUPPORT / ARCHIVE,TRUST AMPLIFIER / WORN PROOF / DETAIL PROOF,[CURRENT SKU MATCH NEEDS VERIFICATION] 2026 판매 재고와 동일 SKU·사양인지 대표품 대조 전 공개 확정 금지. [PUBLICATION LOCK] 유료 납품물 재사용 승인 범위만 적용하며 모델명·키·몸무게·후기·추천·Ambassador 표현 및 자동 공개 금지.,NO — 실제 제품·핏·인물은 생성형 AI로 변경하지 않음. 승인 범위 안의 크롭·색보정·먼지 정리만 가능.,Todaylook full review U174; Source ZIP: 안지미_jm_7218_166cm_56kg_2026-08-15 00-41.zip; ZIP SHA-256: be675b01c0bc07fb041cb34a46539397fc97b3a24bcd558653a60a8b97a4811c; Media SHA-256: db3c581474eeae6cf4f7d39a984ff74bb1159daafbe3e87c72b080e26ab84abb; 원본 ZIP 변경 없이 CRC 검증 추출본을 COPY.,CANDIDATE,REVIEWED,B,실제 확인: NIGHT CAP 오늘룩 유료 납품 사진. DETAIL PROOF; setting=CONTEMPORARY CAFE. Creative scores (5): Product 3 / Model 4 / Styling 4 / Environment 4 / Campaign 3 / Brand Fit 4 = 22/30; T4 disposition=BACKUP. 권리는 사용자 확인 유료 마케팅 납품 범위에서 CLEARED이나 현행 SKU 동일성은 별도 검증한다.,2026-08-15,CLEARED,USER CONFIRMED PAID MARKETING
AST-0886,01_INPUT(입력_원본)/06_SOCIAL_PROOF(실제착용_소셜증거)/paid_marketing_todaylook/안지미_jm_7218_166cm_56kg_2026-08-15 00-41/KXUWueAriENVFiBOY1KvJ2KMmJU30yneRDPTeJkkyEjDjuJmpFIa1HDiAHYWtVYw.jpg,KXUWueAriENVFiBOY1KvJ2KMmJU30yneRDPTeJkkyEjDjuJmpFIa1HDiAHYWtVYw.jpg,jpg,유료 마케팅 착용,NIGHT,안지미_jm_7218 Todaylook 유료 마케팅 납품 CAP BACKUP 착용 사진,2580×3293,N/A — 정지 이미지,MEDIUM,HIGH,MEDIUM,SOCIAL SUPPORT / ARCHIVE,TRUST AMPLIFIER / WORN PROOF / DETAIL PROOF,[CURRENT SKU MATCH NEEDS VERIFICATION] 2026 판매 재고와 동일 SKU·사양인지 대표품 대조 전 공개 확정 금지. [PUBLICATION LOCK] 유료 납품물 재사용 승인 범위만 적용하며 모델명·키·몸무게·후기·추천·Ambassador 표현 및 자동 공개 금지.,NO — 실제 제품·핏·인물은 생성형 AI로 변경하지 않음. 승인 범위 안의 크롭·색보정·먼지 정리만 가능.,Todaylook full review U175; Source ZIP: 안지미_jm_7218_166cm_56kg_2026-08-15 00-41.zip; ZIP SHA-256: be675b01c0bc07fb041cb34a46539397fc97b3a24bcd558653a60a8b97a4811c; Media SHA-256: 96e5c763576de1fe2309abf18ac0eb77f67f44e7ca0c8e07fefc14975fe51c69; 원본 ZIP 변경 없이 CRC 검증 추출본을 COPY.,CANDIDATE,REVIEWED,B,실제 확인: NIGHT CAP 오늘룩 유료 납품 사진. DETAIL PROOF; setting=CONTEMPORARY CAFE. Creative scores (5): Product 3 / Model 4 / Styling 4 / Environment 4 / Campaign 3 / Brand Fit 4 = 22/30; T4 disposition=BACKUP. 권리는 사용자 확인 유료 마케팅 납품 범위에서 CLEARED이나 현행 SKU 동일성은 별도 검증한다.,2026-08-15,CLEARED,USER CONFIRMED PAID MARKETING
AST-0887,01_INPUT(입력_원본)/06_SOCIAL_PROOF(실제착용_소셜증거)/paid_marketing_todaylook/안지미_jm_7218_166cm_56kg_2026-08-15 00-41/QxROQH25QIbCRMF5AyqedeLhLANpnifs8DNLzvyGb7xWpKcZax4vAjtscC2tbMMg.jpg,QxROQH25QIbCRMF5AyqedeLhLANpnifs8DNLzvyGb7xWpKcZax4vAjtscC2tbMMg.jpg,jpg,유료 마케팅 착용,NIGHT,안지미_jm_7218 Todaylook 유료 마케팅 납품 CAP BACKUP 착용 사진,2580×3293,N/A — 정지 이미지,MEDIUM,HIGH,MEDIUM,SOCIAL SUPPORT / ARCHIVE,TRUST AMPLIFIER / WORN PROOF / BACK PROOF,[CURRENT SKU MATCH NEEDS VERIFICATION] 2026 판매 재고와 동일 SKU·사양인지 대표품 대조 전 공개 확정 금지. [PUBLICATION LOCK] 유료 납품물 재사용 승인 범위만 적용하며 모델명·키·몸무게·후기·추천·Ambassador 표현 및 자동 공개 금지.,NO — 실제 제품·핏·인물은 생성형 AI로 변경하지 않음. 승인 범위 안의 크롭·색보정·먼지 정리만 가능.,Todaylook full review U176; Source ZIP: 안지미_jm_7218_166cm_56kg_2026-08-15 00-41.zip; ZIP SHA-256: be675b01c0bc07fb041cb34a46539397fc97b3a24bcd558653a60a8b97a4811c; Media SHA-256: 09072c00d070aa6ca7f342a74bd4c65974bb075067f8fd8d0c7a0a952f345cca; 원본 ZIP 변경 없이 CRC 검증 추출본을 COPY.,CANDIDATE,REVIEWED,B,실제 확인: NIGHT CAP 오늘룩 유료 납품 사진. BACK PROOF; setting=CONTEMPORARY CAFE. Creative scores (5): Product 3 / Model 4 / Styling 4 / Environment 4 / Campaign 3 / Brand Fit 4 = 22/30; T4 disposition=BACKUP. 권리는 사용자 확인 유료 마케팅 납품 범위에서 CLEARED이나 현행 SKU 동일성은 별도 검증한다.,2026-08-15,CLEARED,USER CONFIRMED PAID MARKETING
AST-0888,01_INPUT(입력_원본)/06_SOCIAL_PROOF(실제착용_소셜증거)/paid_marketing_todaylook/안지미_jm_7218_166cm_56kg_2026-08-15 00-41/clrjf1e8SiwbmXPB2wZSmEwpgFu77JTZzzK5xwelWSW39p5wthzOCcVnFp2T7yYk.jpg,clrjf1e8SiwbmXPB2wZSmEwpgFu77JTZzzK5xwelWSW39p5wthzOCcVnFp2T7yYk.jpg,jpg,유료 마케팅 착용,NIGHT,안지미_jm_7218 Todaylook 유료 마케팅 납품 CAP BACKUP 착용 사진,2580×3290,N/A — 정지 이미지,MEDIUM,HIGH,MEDIUM,SOCIAL SUPPORT / ARCHIVE,TRUST AMPLIFIER / WORN PROOF / FRONT / FIT PROOF,[CURRENT SKU MATCH NEEDS VERIFICATION] 2026 판매 재고와 동일 SKU·사양인지 대표품 대조 전 공개 확정 금지. [PUBLICATION LOCK] 유료 납품물 재사용 승인 범위만 적용하며 모델명·키·몸무게·후기·추천·Ambassador 표현 및 자동 공개 금지.,NO — 실제 제품·핏·인물은 생성형 AI로 변경하지 않음. 승인 범위 안의 크롭·색보정·먼지 정리만 가능.,Todaylook full review U177; Source ZIP: 안지미_jm_7218_166cm_56kg_2026-08-15 00-41.zip; ZIP SHA-256: be675b01c0bc07fb041cb34a46539397fc97b3a24bcd558653a60a8b97a4811c; Media SHA-256: cc23ff0a09ee17ab68df192b6046e7ec21bd36408c4a77a22e3c52a859e8a128; 원본 ZIP 변경 없이 CRC 검증 추출본을 COPY.,CANDIDATE,REVIEWED,B,실제 확인: NIGHT CAP 오늘룩 유료 납품 사진. FRONT / FIT PROOF; setting=CONTEMPORARY CAFE. Creative scores (5): Product 3 / Model 4 / Styling 4 / Environment 4 / Campaign 3 / Brand Fit 4 = 22/30; T4 disposition=BACKUP. 권리는 사용자 확인 유료 마케팅 납품 범위에서 CLEARED이나 현행 SKU 동일성은 별도 검증한다.,2026-08-15,CLEARED,USER CONFIRMED PAID MARKETING
AST-0889,01_INPUT(입력_원본)/06_SOCIAL_PROOF(실제착용_소셜증거)/paid_marketing_todaylook/안지미_jm_7218_166cm_56kg_2026-08-15 00-41/7Shtm4IVRHbQsVfCWHfrRMVjccWZA1kcclcqRXkNcWIpJ94GwmvvBVFq526P5IUu.jpg,7Shtm4IVRHbQsVfCWHfrRMVjccWZA1kcclcqRXkNcWIpJ94GwmvvBVFq526P5IUu.jpg,jpg,유료 마케팅 착용,NIGHT,안지미_jm_7218 Todaylook 유료 마케팅 납품 CAP BACKUP 착용 사진,2580×3293,N/A — 정지 이미지,MEDIUM,HIGH,MEDIUM,SOCIAL SUPPORT / ARCHIVE,TRUST AMPLIFIER / WORN PROOF / BACK PROOF,[CURRENT SKU MATCH NEEDS VERIFICATION] 2026 판매 재고와 동일 SKU·사양인지 대표품 대조 전 공개 확정 금지. [PUBLICATION LOCK] 유료 납품물 재사용 승인 범위만 적용하며 모델명·키·몸무게·후기·추천·Ambassador 표현 및 자동 공개 금지.,NO — 실제 제품·핏·인물은 생성형 AI로 변경하지 않음. 승인 범위 안의 크롭·색보정·먼지 정리만 가능.,Todaylook full review U178; Source ZIP: 안지미_jm_7218_166cm_56kg_2026-08-15 00-41.zip; ZIP SHA-256: be675b01c0bc07fb041cb34a46539397fc97b3a24bcd558653a60a8b97a4811c; Media SHA-256: 7bf89eba21dc67d99913fdc7f7476700909045c0486dda879b0bdf9d7b06ee49; 원본 ZIP 변경 없이 CRC 검증 추출본을 COPY.,CANDIDATE,REVIEWED,B,실제 확인: NIGHT CAP 오늘룩 유료 납품 사진. BACK PROOF; setting=CONTEMPORARY CAFE. Creative scores (5): Product 3 / Model 4 / Styling 4 / Environment 4 / Campaign 3 / Brand Fit 4 = 22/30; T4 disposition=BACKUP. 권리는 사용자 확인 유료 마케팅 납품 범위에서 CLEARED이나 현행 SKU 동일성은 별도 검증한다.,2026-08-15,CLEARED,USER CONFIRMED PAID MARKETING
AST-0890,01_INPUT(입력_원본)/06_SOCIAL_PROOF(실제착용_소셜증거)/paid_marketing_todaylook/안지미_jm_7218_166cm_56kg_2026-08-15 00-42/WdvwjUHpr4N2UJurD5uWlWK9W2n3ZKMdERY8tszMCv9vLuyZQFZE4InJJa2TbvIY.jpg,WdvwjUHpr4N2UJurD5uWlWK9W2n3ZKMdERY8tszMCv9vLuyZQFZE4InJJa2TbvIY.jpg,jpg,유료 마케팅 착용,DAY,안지미_jm_7218 Todaylook 유료 마케팅 납품 SWEATSHIRT KEEP 착용 사진,2580×3292,N/A — 정지 이미지,HIGH,HIGH,HIGH,WADIZ PEOPLE / PRODUCT PROOF / PAID CANDIDATE,TRUST AMPLIFIER / WORN PROOF / FRONT / FIT PROOF,[CURRENT SKU MATCH NEEDS VERIFICATION] 2026 판매 재고와 동일 SKU·사양인지 대표품 대조 전 공개 확정 금지. [PUBLICATION LOCK] 유료 납품물 재사용 승인 범위만 적용하며 모델명·키·몸무게·후기·추천·Ambassador 표현 및 자동 공개 금지.,NO — 실제 제품·핏·인물은 생성형 AI로 변경하지 않음. 승인 범위 안의 크롭·색보정·먼지 정리만 가능.,Todaylook full review U185; Source ZIP: 안지미_jm_7218_166cm_56kg_2026-08-15 00-42.zip; ZIP SHA-256: ce84526b0740671c917486c005634ddc09c50ac063e8a0b4da2f69ee0b1baf6a; Media SHA-256: bb2bcec2265ebefb1976f838351d8a87d6003c8edf6b986a186dbb9b8807ed21; 원본 ZIP 변경 없이 CRC 검증 추출본을 COPY.,CANDIDATE,REVIEWED,A,실제 확인: DAY SWEATSHIRT 오늘룩 유료 납품 사진. FRONT / FIT PROOF; setting=MINIMAL GREY. Creative scores (5): Product 5 / Model 4 / Styling 4 / Environment 4 / Campaign 5 / Brand Fit 5 = 27/30; T4 disposition=KEEP. 권리는 사용자 확인 유료 마케팅 납품 범위에서 CLEARED이나 현행 SKU 동일성은 별도 검증한다.,2026-08-15,CLEARED,USER CONFIRMED PAID MARKETING
AST-0891,01_INPUT(입력_원본)/06_SOCIAL_PROOF(실제착용_소셜증거)/paid_marketing_todaylook/안지미_jm_7218_166cm_56kg_2026-08-15 00-42/wmlsqvr71JXH6Z9s5ZUHfN2SRDy8hfgSwO1dOvoBB38B0bTCtlVsoMmod7o6Hoeu.jpg,wmlsqvr71JXH6Z9s5ZUHfN2SRDy8hfgSwO1dOvoBB38B0bTCtlVsoMmod7o6Hoeu.jpg,jpg,유료 마케팅 착용,DAY,안지미_jm_7218 Todaylook 유료 마케팅 납품 SWEATSHIRT KEEP 착용 사진,2580×3292,N/A — 정지 이미지,HIGH,HIGH,HIGH,WADIZ PEOPLE / PRODUCT PROOF / PAID CANDIDATE,TRUST AMPLIFIER / WORN PROOF / FRONT / FIT PROOF,[CURRENT SKU MATCH NEEDS VERIFICATION] 2026 판매 재고와 동일 SKU·사양인지 대표품 대조 전 공개 확정 금지. [PUBLICATION LOCK] 유료 납품물 재사용 승인 범위만 적용하며 모델명·키·몸무게·후기·추천·Ambassador 표현 및 자동 공개 금지.,NO — 실제 제품·핏·인물은 생성형 AI로 변경하지 않음. 승인 범위 안의 크롭·색보정·먼지 정리만 가능.,Todaylook full review U186; Source ZIP: 안지미_jm_7218_166cm_56kg_2026-08-15 00-42.zip; ZIP SHA-256: ce84526b0740671c917486c005634ddc09c50ac063e8a0b4da2f69ee0b1baf6a; Media SHA-256: 61ffc51060a8de65906fcaac65057e676ade50dac3e1738e314c9cc1c79efee0; 원본 ZIP 변경 없이 CRC 검증 추출본을 COPY.,CANDIDATE,REVIEWED,A,실제 확인: DAY SWEATSHIRT 오늘룩 유료 납품 사진. FRONT / FIT PROOF; setting=MINIMAL GREY. Creative scores (5): Product 5 / Model 4 / Styling 4 / Environment 4 / Campaign 5 / Brand Fit 5 = 27/30; T4 disposition=KEEP. 권리는 사용자 확인 유료 마케팅 납품 범위에서 CLEARED이나 현행 SKU 동일성은 별도 검증한다.,2026-08-15,CLEARED,USER CONFIRMED PAID MARKETING
AST-0892,01_INPUT(입력_원본)/06_SOCIAL_PROOF(실제착용_소셜증거)/paid_marketing_todaylook/안지미_jm_7218_166cm_56kg_2026-08-15 00-42/aJwuyb5lEGXIXM4DzI82E28Yg7NsBI7btnEtoHWceRS96EgvHXO2po7pyJAffKsD.jpg,aJwuyb5lEGXIXM4DzI82E28Yg7NsBI7btnEtoHWceRS96EgvHXO2po7pyJAffKsD.jpg,jpg,유료 마케팅 착용,DAY,안지미_jm_7218 Todaylook 유료 마케팅 납품 SWEATSHIRT KEEP 착용 사진,2580×3293,N/A — 정지 이미지,HIGH,HIGH,HIGH,WADIZ PEOPLE / PRODUCT PROOF / PAID CANDIDATE,TRUST AMPLIFIER / WORN PROOF / BACK PROOF,[CURRENT SKU MATCH NEEDS VERIFICATION] 2026 판매 재고와 동일 SKU·사양인지 대표품 대조 전 공개 확정 금지. [PUBLICATION LOCK] 유료 납품물 재사용 승인 범위만 적용하며 모델명·키·몸무게·후기·추천·Ambassador 표현 및 자동 공개 금지.,NO — 실제 제품·핏·인물은 생성형 AI로 변경하지 않음. 승인 범위 안의 크롭·색보정·먼지 정리만 가능.,Todaylook full review U187; Source ZIP: 안지미_jm_7218_166cm_56kg_2026-08-15 00-42.zip; ZIP SHA-256: ce84526b0740671c917486c005634ddc09c50ac063e8a0b4da2f69ee0b1baf6a; Media SHA-256: dd37458627a9cb614f39e602280b51624fec3dd5ffc2fc6f7b7f4e6e789f0062; 원본 ZIP 변경 없이 CRC 검증 추출본을 COPY.,CANDIDATE,REVIEWED,A,실제 확인: DAY SWEATSHIRT 오늘룩 유료 납품 사진. BACK PROOF; setting=MINIMAL GREY. Creative scores (5): Product 5 / Model 4 / Styling 4 / Environment 4 / Campaign 5 / Brand Fit 5 = 27/30; T4 disposition=KEEP. 권리는 사용자 확인 유료 마케팅 납품 범위에서 CLEARED이나 현행 SKU 동일성은 별도 검증한다.,2026-08-15,CLEARED,USER CONFIRMED PAID MARKETING
AST-0893,01_INPUT(입력_원본)/06_SOCIAL_PROOF(실제착용_소셜증거)/paid_marketing_todaylook/안지미_jm_7218_166cm_56kg_2026-08-15 00-42/C6uyxR2ULsB9xTjYwy14clNYEc9T7NS4fxsj3iGm9BbO7GIWBlbOemhW8Edz3h1g.jpg,C6uyxR2ULsB9xTjYwy14clNYEc9T7NS4fxsj3iGm9BbO7GIWBlbOemhW8Edz3h1g.jpg,jpg,유료 마케팅 착용,DAY,안지미_jm_7218 Todaylook 유료 마케팅 납품 SWEATSHIRT KEEP 착용 사진,2580×3292,N/A — 정지 이미지,HIGH,HIGH,HIGH,WADIZ PEOPLE / PRODUCT PROOF / PAID CANDIDATE,TRUST AMPLIFIER / WORN PROOF / DETAIL PROOF,[CURRENT SKU MATCH NEEDS VERIFICATION] 2026 판매 재고와 동일 SKU·사양인지 대표품 대조 전 공개 확정 금지. [PUBLICATION LOCK] 유료 납품물 재사용 승인 범위만 적용하며 모델명·키·몸무게·후기·추천·Ambassador 표현 및 자동 공개 금지.,NO — 실제 제품·핏·인물은 생성형 AI로 변경하지 않음. 승인 범위 안의 크롭·색보정·먼지 정리만 가능.,Todaylook full review U188; Source ZIP: 안지미_jm_7218_166cm_56kg_2026-08-15 00-42.zip; ZIP SHA-256: ce84526b0740671c917486c005634ddc09c50ac063e8a0b4da2f69ee0b1baf6a; Media SHA-256: a09db365a77f2dcf440bace5583cf41d6987931bbda3c142dcb529e8bf5a30a4; 원본 ZIP 변경 없이 CRC 검증 추출본을 COPY.,CANDIDATE,REVIEWED,A,실제 확인: DAY SWEATSHIRT 오늘룩 유료 납품 사진. DETAIL PROOF; setting=MINIMAL GREY. Creative scores (5): Product 5 / Model 4 / Styling 4 / Environment 4 / Campaign 5 / Brand Fit 5 = 27/30; T4 disposition=KEEP. 권리는 사용자 확인 유료 마케팅 납품 범위에서 CLEARED이나 현행 SKU 동일성은 별도 검증한다.,2026-08-15,CLEARED,USER CONFIRMED PAID MARKETING
AST-0894,01_INPUT(입력_원본)/06_SOCIAL_PROOF(실제착용_소셜증거)/paid_marketing_todaylook/안지미_jm_7218_166cm_56kg_2026-08-15 00-42/FqRtZzFy2oE0FhatsVcMXWLkGf4N5wBZ09Jhxd6g9sxdb0qmIXDNeDiUOTfckGeI.jpg,FqRtZzFy2oE0FhatsVcMXWLkGf4N5wBZ09Jhxd6g9sxdb0qmIXDNeDiUOTfckGeI.jpg,jpg,유료 마케팅 착용,DAY,안지미_jm_7218 Todaylook 유료 마케팅 납품 SWEATSHIRT KEEP 착용 사진,2580×3292,N/A — 정지 이미지,HIGH,HIGH,HIGH,WADIZ PEOPLE / PRODUCT PROOF / PAID CANDIDATE,TRUST AMPLIFIER / WORN PROOF / FRONT / FIT PROOF,[CURRENT SKU MATCH NEEDS VERIFICATION] 2026 판매 재고와 동일 SKU·사양인지 대표품 대조 전 공개 확정 금지. [PUBLICATION LOCK] 유료 납품물 재사용 승인 범위만 적용하며 모델명·키·몸무게·후기·추천·Ambassador 표현 및 자동 공개 금지.,NO — 실제 제품·핏·인물은 생성형 AI로 변경하지 않음. 승인 범위 안의 크롭·색보정·먼지 정리만 가능.,Todaylook full review U189; Source ZIP: 안지미_jm_7218_166cm_56kg_2026-08-15 00-42.zip; ZIP SHA-256: ce84526b0740671c917486c005634ddc09c50ac063e8a0b4da2f69ee0b1baf6a; Media SHA-256: fc75fe30cfee1756aae8df98a1d616a0fae0cff17c821621235606ebfe7cd0f8; 원본 ZIP 변경 없이 CRC 검증 추출본을 COPY.,CANDIDATE,REVIEWED,A,실제 확인: DAY SWEATSHIRT 오늘룩 유료 납품 사진. FRONT / FIT PROOF; setting=MINIMAL GREY. Creative scores (5): Product 5 / Model 4 / Styling 4 / Environment 4 / Campaign 5 / Brand Fit 5 = 27/30; T4 disposition=KEEP. 권리는 사용자 확인 유료 마케팅 납품 범위에서 CLEARED이나 현행 SKU 동일성은 별도 검증한다.,2026-08-15,CLEARED,USER CONFIRMED PAID MARKETING
AST-0895,01_INPUT(입력_원본)/06_SOCIAL_PROOF(실제착용_소셜증거)/paid_marketing_todaylook/안지미_jm_7218_166cm_56kg_2026-08-15 00-42/BzyJC9qhq4AqjKHmMpIBT6IyOfd4XetI42ubTYlqvFZJkYyTVd5CNdVwpmNNoU1A.jpg,BzyJC9qhq4AqjKHmMpIBT6IyOfd4XetI42ubTYlqvFZJkYyTVd5CNdVwpmNNoU1A.jpg,jpg,유료 마케팅 착용,DAY,안지미_jm_7218 Todaylook 유료 마케팅 납품 SWEATSHIRT KEEP 착용 사진,2580×3292,N/A — 정지 이미지,HIGH,HIGH,HIGH,WADIZ PEOPLE / PRODUCT PROOF / PAID CANDIDATE,TRUST AMPLIFIER / WORN PROOF / FRONT / FIT PROOF,[CURRENT SKU MATCH NEEDS VERIFICATION] 2026 판매 재고와 동일 SKU·사양인지 대표품 대조 전 공개 확정 금지. [PUBLICATION LOCK] 유료 납품물 재사용 승인 범위만 적용하며 모델명·키·몸무게·후기·추천·Ambassador 표현 및 자동 공개 금지.,NO — 실제 제품·핏·인물은 생성형 AI로 변경하지 않음. 승인 범위 안의 크롭·색보정·먼지 정리만 가능.,Todaylook full review U190; Source ZIP: 안지미_jm_7218_166cm_56kg_2026-08-15 00-42.zip; ZIP SHA-256: ce84526b0740671c917486c005634ddc09c50ac063e8a0b4da2f69ee0b1baf6a; Media SHA-256: a982de62b455429dd1a5070b99bc0a89f88312884841d0f8bd5097b661018383; 원본 ZIP 변경 없이 CRC 검증 추출본을 COPY.,CANDIDATE,REVIEWED,A,실제 확인: DAY SWEATSHIRT 오늘룩 유료 납품 사진. FRONT / FIT PROOF; setting=MINIMAL GREY. Creative scores (5): Product 5 / Model 4 / Styling 4 / Environment 4 / Campaign 5 / Brand Fit 5 = 27/30; T4 disposition=KEEP. 권리는 사용자 확인 유료 마케팅 납품 범위에서 CLEARED이나 현행 SKU 동일성은 별도 검증한다.,2026-08-15,CLEARED,USER CONFIRMED PAID MARKETING
AST-0896,01_INPUT(입력_원본)/06_SOCIAL_PROOF(실제착용_소셜증거)/paid_marketing_todaylook/우수이_sooee_21_168cm_58kg_2026-08-15 00-41 (1)/wnsJriEEQkSwA2FdLqWz5yUR2DwEOfqU0VL9svihshXxrwxXcZswFzK3QftHYxRh.jpg,wnsJriEEQkSwA2FdLqWz5yUR2DwEOfqU0VL9svihshXxrwxXcZswFzK3QftHYxRh.jpg,jpg,유료 마케팅 착용,DAY,우수이_sooee_21 Todaylook 유료 마케팅 납품 CAP CUT 착용 사진,2340×2988,N/A — 정지 이미지,LOW,MEDIUM,LOW,ARCHIVE / EXCLUDE,TRUST AMPLIFIER / WORN PROOF / FRONT / FIT PROOF,[CURRENT SKU MATCH NEEDS VERIFICATION] 2026 판매 재고와 동일 SKU·사양인지 대표품 대조 전 공개 확정 금지. [PUBLICATION LOCK] 유료 납품물 재사용 승인 범위만 적용하며 모델명·키·몸무게·후기·추천·Ambassador 표현 및 자동 공개 금지.,NO — 실제 제품·핏·인물은 생성형 AI로 변경하지 않음. 승인 범위 안의 크롭·색보정·먼지 정리만 가능.,Todaylook full review U191; Source ZIP: 우수이_sooee_21_168cm_58kg_2026-08-15 00-41 (1).zip; ZIP SHA-256: 31578fbb08bb59f470e34d7779af79b2200629c676302dd4bf091a9d40fd771b; Media SHA-256: 501fc390617084e6069d4b019695d78788c710d3bc0a8e10b78afebeccb39c54; 원본 ZIP 변경 없이 CRC 검증 추출본을 COPY.,EXCLUDE,REVIEWED,D,실제 확인: DAY CAP 오늘룩 유료 납품 사진. FRONT / FIT PROOF; setting=PARK / SELFIE. Creative scores (5): Product 2 / Model 4 / Styling 3 / Environment 3 / Campaign 2 / Brand Fit 3 = 17/30; T4 disposition=CUT. 권리는 사용자 확인 유료 마케팅 납품 범위에서 CLEARED이나 현행 SKU 동일성은 별도 검증한다.,2026-08-15,CLEARED,USER CONFIRMED PAID MARKETING
AST-0897,01_INPUT(입력_원본)/06_SOCIAL_PROOF(실제착용_소셜증거)/paid_marketing_todaylook/우수이_sooee_21_168cm_58kg_2026-08-15 00-41 (1)/385KBXytukwCJOptUjE8fAAslQrefhN9rX0D5ejPHIGlbnLZZxJk073glSzHJCaX.jpg,385KBXytukwCJOptUjE8fAAslQrefhN9rX0D5ejPHIGlbnLZZxJk073glSzHJCaX.jpg,jpg,유료 마케팅 착용,DAY,우수이_sooee_21 Todaylook 유료 마케팅 납품 CAP CUT 착용 사진,2340×2988,N/A — 정지 이미지,LOW,MEDIUM,LOW,ARCHIVE / EXCLUDE,TRUST AMPLIFIER / WORN PROOF / FRONT / FIT PROOF,[CURRENT SKU MATCH NEEDS VERIFICATION] 2026 판매 재고와 동일 SKU·사양인지 대표품 대조 전 공개 확정 금지. [PUBLICATION LOCK] 유료 납품물 재사용 승인 범위만 적용하며 모델명·키·몸무게·후기·추천·Ambassador 표현 및 자동 공개 금지.,NO — 실제 제품·핏·인물은 생성형 AI로 변경하지 않음. 승인 범위 안의 크롭·색보정·먼지 정리만 가능.,Todaylook full review U192; Source ZIP: 우수이_sooee_21_168cm_58kg_2026-08-15 00-41 (1).zip; ZIP SHA-256: 31578fbb08bb59f470e34d7779af79b2200629c676302dd4bf091a9d40fd771b; Media SHA-256: 0b076f94011018c98a21fc59107b8bb23f05ba9a5b9e0ca63eebffa00f0ee490; 원본 ZIP 변경 없이 CRC 검증 추출본을 COPY.,EXCLUDE,REVIEWED,D,실제 확인: DAY CAP 오늘룩 유료 납품 사진. FRONT / FIT PROOF; setting=PARK / SELFIE. Creative scores (5): Product 2 / Model 4 / Styling 3 / Environment 3 / Campaign 2 / Brand Fit 3 = 17/30; T4 disposition=CUT. 권리는 사용자 확인 유료 마케팅 납품 범위에서 CLEARED이나 현행 SKU 동일성은 별도 검증한다.,2026-08-15,CLEARED,USER CONFIRMED PAID MARKETING
AST-0898,01_INPUT(입력_원본)/06_SOCIAL_PROOF(실제착용_소셜증거)/paid_marketing_todaylook/우수이_sooee_21_168cm_58kg_2026-08-15 00-41 (1)/z62HgnbuOQWaVtdZZ5mLaaEjca13NqfK6Km7p3RlFDhBTjOrDZId0Imx6ndZ2s3m.jpg,z62HgnbuOQWaVtdZZ5mLaaEjca13NqfK6Km7p3RlFDhBTjOrDZId0Imx6ndZ2s3m.jpg,jpg,유료 마케팅 착용,DAY,우수이_sooee_21 Todaylook 유료 마케팅 납품 CAP CUT 착용 사진,2340×2988,N/A — 정지 이미지,LOW,MEDIUM,LOW,ARCHIVE / EXCLUDE,TRUST AMPLIFIER / WORN PROOF / DETAIL PROOF,[CURRENT SKU MATCH NEEDS VERIFICATION] 2026 판매 재고와 동일 SKU·사양인지 대표품 대조 전 공개 확정 금지. [PUBLICATION LOCK] 유료 납품물 재사용 승인 범위만 적용하며 모델명·키·몸무게·후기·추천·Ambassador 표현 및 자동 공개 금지.,NO — 실제 제품·핏·인물은 생성형 AI로 변경하지 않음. 승인 범위 안의 크롭·색보정·먼지 정리만 가능.,Todaylook full review U193; Source ZIP: 우수이_sooee_21_168cm_58kg_2026-08-15 00-41 (1).zip; ZIP SHA-256: 31578fbb08bb59f470e34d7779af79b2200629c676302dd4bf091a9d40fd771b; Media SHA-256: eb6bbaab17f4e1bcf1ab004c3f709484533c34651e5a3e191b00ff8ee36c7135; 원본 ZIP 변경 없이 CRC 검증 추출본을 COPY.,EXCLUDE,REVIEWED,D,실제 확인: DAY CAP 오늘룩 유료 납품 사진. DETAIL PROOF; setting=PARK / SELFIE. Creative scores (5): Product 2 / Model 4 / Styling 3 / Environment 3 / Campaign 2 / Brand Fit 3 = 17/30; T4 disposition=CUT. 권리는 사용자 확인 유료 마케팅 납품 범위에서 CLEARED이나 현행 SKU 동일성은 별도 검증한다.,2026-08-15,CLEARED,USER CONFIRMED PAID MARKETING
AST-0899,01_INPUT(입력_원본)/06_SOCIAL_PROOF(실제착용_소셜증거)/paid_marketing_todaylook/우수이_sooee_21_168cm_58kg_2026-08-15 00-41 (1)/OYWiKxHdlVTCLyaK9nFwKbZnFleB1bvdlU0fskiTiIBUmb1fPUOKmMQ66mHit8SP.jpg,OYWiKxHdlVTCLyaK9nFwKbZnFleB1bvdlU0fskiTiIBUmb1fPUOKmMQ66mHit8SP.jpg,jpg,유료 마케팅 착용,DAY,우수이_sooee_21 Todaylook 유료 마케팅 납품 CAP CUT 착용 사진,2340×2985,N/A — 정지 이미지,LOW,MEDIUM,LOW,ARCHIVE / EXCLUDE,TRUST AMPLIFIER / WORN PROOF / FRONT / FIT PROOF,[CURRENT SKU MATCH NEEDS VERIFICATION] 2026 판매 재고와 동일 SKU·사양인지 대표품 대조 전 공개 확정 금지. [PUBLICATION LOCK] 유료 납품물 재사용 승인 범위만 적용하며 모델명·키·몸무게·후기·추천·Ambassador 표현 및 자동 공개 금지.,NO — 실제 제품·핏·인물은 생성형 AI로 변경하지 않음. 승인 범위 안의 크롭·색보정·먼지 정리만 가능.,Todaylook full review U194; Source ZIP: 우수이_sooee_21_168cm_58kg_2026-08-15 00-41 (1).zip; ZIP SHA-256: 31578fbb08bb59f470e34d7779af79b2200629c676302dd4bf091a9d40fd771b; Media SHA-256: f0c2db768df3de96f50e557854f9dc45244431a3df0e75e8b3933db87ebf5c7c; 원본 ZIP 변경 없이 CRC 검증 추출본을 COPY.,EXCLUDE,REVIEWED,D,실제 확인: DAY CAP 오늘룩 유료 납품 사진. FRONT / FIT PROOF; setting=PARK / SELFIE. Creative scores (5): Product 2 / Model 4 / Styling 3 / Environment 3 / Campaign 2 / Brand Fit 3 = 17/30; T4 disposition=CUT. 권리는 사용자 확인 유료 마케팅 납품 범위에서 CLEARED이나 현행 SKU 동일성은 별도 검증한다.,2026-08-15,CLEARED,USER CONFIRMED PAID MARKETING
AST-0900,01_INPUT(입력_원본)/06_SOCIAL_PROOF(실제착용_소셜증거)/paid_marketing_todaylook/우수이_sooee_21_168cm_58kg_2026-08-15 00-41/xOCplBCwlH8EVFiOrEcKLKGHGAh5gPLuYHIxuwe4PAdxy3oEdMEUGTsDkaFCFmQj.jpg,xOCplBCwlH8EVFiOrEcKLKGHGAh5gPLuYHIxuwe4PAdxy3oEdMEUGTsDkaFCFmQj.jpg,jpg,유료 마케팅 착용,DAY,우수이_sooee_21 Todaylook 유료 마케팅 납품 SWEATSHIRT KEEP 착용 사진,2340×2987,N/A — 정지 이미지,HIGH,HIGH,HIGH,WADIZ PEOPLE / PRODUCT PROOF / PAID CANDIDATE,TRUST AMPLIFIER / WORN PROOF / FRONT / FIT PROOF,[CURRENT SKU MATCH NEEDS VERIFICATION] 2026 판매 재고와 동일 SKU·사양인지 대표품 대조 전 공개 확정 금지. [PUBLICATION LOCK] 유료 납품물 재사용 승인 범위만 적용하며 모델명·키·몸무게·후기·추천·Ambassador 표현 및 자동 공개 금지.,NO — 실제 제품·핏·인물은 생성형 AI로 변경하지 않음. 승인 범위 안의 크롭·색보정·먼지 정리만 가능.,Todaylook full review U195; Source ZIP: 우수이_sooee_21_168cm_58kg_2026-08-15 00-41.zip; ZIP SHA-256: 7f1d32f6295391ccaae7208f744ecb0d11119c4f80c08a7306bf6d6dfff28d28; Media SHA-256: 8018ba8b9bfe1806dfe3d3af71dfe1f4949ba33bb1a744715ddd0a0e59fcb6f8; 원본 ZIP 변경 없이 CRC 검증 추출본을 COPY.,CANDIDATE,REVIEWED,A,실제 확인: DAY SWEATSHIRT 오늘룩 유료 납품 사진. FRONT / FIT PROOF; setting=MINIMAL GREY WALL. Creative scores (5): Product 5 / Model 4 / Styling 4 / Environment 4 / Campaign 5 / Brand Fit 5 = 27/30; T4 disposition=KEEP. 권리는 사용자 확인 유료 마케팅 납품 범위에서 CLEARED이나 현행 SKU 동일성은 별도 검증한다.,2026-08-15,CLEARED,USER CONFIRMED PAID MARKETING
AST-0901,01_INPUT(입력_원본)/06_SOCIAL_PROOF(실제착용_소셜증거)/paid_marketing_todaylook/우수이_sooee_21_168cm_58kg_2026-08-15 00-41/8ZcF88s6WzFftwcOOnYULpbFbPw1ahwgDQTU17uvHpW8sB0JYvQi5HMVSWmBaKn0.jpg,8ZcF88s6WzFftwcOOnYULpbFbPw1ahwgDQTU17uvHpW8sB0JYvQi5HMVSWmBaKn0.jpg,jpg,유료 마케팅 착용,DAY,우수이_sooee_21 Todaylook 유료 마케팅 납품 SWEATSHIRT KEEP 착용 사진,2340×2987,N/A — 정지 이미지,HIGH,HIGH,HIGH,WADIZ PEOPLE / PRODUCT PROOF / PAID CANDIDATE,TRUST AMPLIFIER / WORN PROOF / FRONT / FIT PROOF,[CURRENT SKU MATCH NEEDS VERIFICATION] 2026 판매 재고와 동일 SKU·사양인지 대표품 대조 전 공개 확정 금지. [PUBLICATION LOCK] 유료 납품물 재사용 승인 범위만 적용하며 모델명·키·몸무게·후기·추천·Ambassador 표현 및 자동 공개 금지.,NO — 실제 제품·핏·인물은 생성형 AI로 변경하지 않음. 승인 범위 안의 크롭·색보정·먼지 정리만 가능.,Todaylook full review U196; Source ZIP: 우수이_sooee_21_168cm_58kg_2026-08-15 00-41.zip; ZIP SHA-256: 7f1d32f6295391ccaae7208f744ecb0d11119c4f80c08a7306bf6d6dfff28d28; Media SHA-256: 20a8cfba3e57993bc0bbc28a635e35c004fba696408842859665474dc7068f58; 원본 ZIP 변경 없이 CRC 검증 추출본을 COPY.,CANDIDATE,REVIEWED,A,실제 확인: DAY SWEATSHIRT 오늘룩 유료 납품 사진. FRONT / FIT PROOF; setting=MINIMAL GREY WALL. Creative scores (5): Product 5 / Model 4 / Styling 4 / Environment 4 / Campaign 5 / Brand Fit 5 = 27/30; T4 disposition=KEEP. 권리는 사용자 확인 유료 마케팅 납품 범위에서 CLEARED이나 현행 SKU 동일성은 별도 검증한다.,2026-08-15,CLEARED,USER CONFIRMED PAID MARKETING
AST-0902,01_INPUT(입력_원본)/06_SOCIAL_PROOF(실제착용_소셜증거)/paid_marketing_todaylook/우수이_sooee_21_168cm_58kg_2026-08-15 00-41/o12968ddACVGMBElUYpOUwZrBniOE42lGv6TivwYi6uxnP0U3jQIhpG8XOenSy8V.jpg,o12968ddACVGMBElUYpOUwZrBniOE42lGv6TivwYi6uxnP0U3jQIhpG8XOenSy8V.jpg,jpg,유료 마케팅 착용,DAY,우수이_sooee_21 Todaylook 유료 마케팅 납품 SWEATSHIRT KEEP 착용 사진,2340×2986,N/A — 정지 이미지,HIGH,HIGH,HIGH,WADIZ PEOPLE / PRODUCT PROOF / PAID CANDIDATE,TRUST AMPLIFIER / WORN PROOF / BACK PROOF,[CURRENT SKU MATCH NEEDS VERIFICATION] 2026 판매 재고와 동일 SKU·사양인지 대표품 대조 전 공개 확정 금지. [PUBLICATION LOCK] 유료 납품물 재사용 승인 범위만 적용하며 모델명·키·몸무게·후기·추천·Ambassador 표현 및 자동 공개 금지.,NO — 실제 제품·핏·인물은 생성형 AI로 변경하지 않음. 승인 범위 안의 크롭·색보정·먼지 정리만 가능.,Todaylook full review U197; Source ZIP: 우수이_sooee_21_168cm_58kg_2026-08-15 00-41.zip; ZIP SHA-256: 7f1d32f6295391ccaae7208f744ecb0d11119c4f80c08a7306bf6d6dfff28d28; Media SHA-256: 21446bebddb16fd4d9902006993a95167f13639e5a3d363b2cbc74789dbad795; 원본 ZIP 변경 없이 CRC 검증 추출본을 COPY.,CANDIDATE,REVIEWED,A,실제 확인: DAY SWEATSHIRT 오늘룩 유료 납품 사진. BACK PROOF; setting=MINIMAL GREY WALL. Creative scores (5): Product 5 / Model 4 / Styling 4 / Environment 4 / Campaign 5 / Brand Fit 5 = 27/30; T4 disposition=KEEP. 권리는 사용자 확인 유료 마케팅 납품 범위에서 CLEARED이나 현행 SKU 동일성은 별도 검증한다.,2026-08-15,CLEARED,USER CONFIRMED PAID MARKETING
AST-0903,01_INPUT(입력_원본)/06_SOCIAL_PROOF(실제착용_소셜증거)/paid_marketing_todaylook/우수이_sooee_21_168cm_58kg_2026-08-15 00-41/DtGlrRwl7qRxfcKQVtLMg1GVLz3jgMetZJCWexcemT0zW2UjCKNte9beTE82QGCV.jpg,DtGlrRwl7qRxfcKQVtLMg1GVLz3jgMetZJCWexcemT0zW2UjCKNte9beTE82QGCV.jpg,jpg,유료 마케팅 착용,DAY,우수이_sooee_21 Todaylook 유료 마케팅 납품 SWEATSHIRT KEEP 착용 사진,2340×2985,N/A — 정지 이미지,HIGH,HIGH,HIGH,WADIZ PEOPLE / PRODUCT PROOF / PAID CANDIDATE,TRUST AMPLIFIER / WORN PROOF / DETAIL PROOF,[CURRENT SKU MATCH NEEDS VERIFICATION] 2026 판매 재고와 동일 SKU·사양인지 대표품 대조 전 공개 확정 금지. [PUBLICATION LOCK] 유료 납품물 재사용 승인 범위만 적용하며 모델명·키·몸무게·후기·추천·Ambassador 표현 및 자동 공개 금지.,NO — 실제 제품·핏·인물은 생성형 AI로 변경하지 않음. 승인 범위 안의 크롭·색보정·먼지 정리만 가능.,Todaylook full review U198; Source ZIP: 우수이_sooee_21_168cm_58kg_2026-08-15 00-41.zip; ZIP SHA-256: 7f1d32f6295391ccaae7208f744ecb0d11119c4f80c08a7306bf6d6dfff28d28; Media SHA-256: c4673e7897436007f1e570972ccb28a8d0a6f3cd9e567f9b8a67c759967ca037; 원본 ZIP 변경 없이 CRC 검증 추출본을 COPY.,CANDIDATE,REVIEWED,A,실제 확인: DAY SWEATSHIRT 오늘룩 유료 납품 사진. DETAIL PROOF; setting=MINIMAL GREY WALL. Creative scores (5): Product 5 / Model 4 / Styling 4 / Environment 4 / Campaign 5 / Brand Fit 5 = 27/30; T4 disposition=KEEP. 권리는 사용자 확인 유료 마케팅 납품 범위에서 CLEARED이나 현행 SKU 동일성은 별도 검증한다.,2026-08-15,CLEARED,USER CONFIRMED PAID MARKETING
AST-0904,01_INPUT(입력_원본)/06_SOCIAL_PROOF(실제착용_소셜증거)/paid_marketing_todaylook/이유라_yuura_ii_165cm_55kg_2026-08-15 00-41/uooVVU0gHOsMFI3SWTa0Qodt0YvSDSb2sxhhyzfapMmuxUxIwRMcv7p3ZYA7hrkP.jpg,uooVVU0gHOsMFI3SWTa0Qodt0YvSDSb2sxhhyzfapMmuxUxIwRMcv7p3ZYA7hrkP.jpg,jpg,유료 마케팅 착용,NIGHT,이유라_yuura_ii Todaylook 유료 마케팅 납품 SWEATSHIRT KEEP 착용 사진,2340×2986,N/A — 정지 이미지,HIGH,HIGH,HIGH,WADIZ PEOPLE / PRODUCT PROOF / PAID CANDIDATE,TRUST AMPLIFIER / WORN PROOF / FRONT / FIT PROOF,[CURRENT SKU MATCH NEEDS VERIFICATION] 2026 판매 재고와 동일 SKU·사양인지 대표품 대조 전 공개 확정 금지. [PUBLICATION LOCK] 유료 납품물 재사용 승인 범위만 적용하며 모델명·키·몸무게·후기·추천·Ambassador 표현 및 자동 공개 금지.,NO — 실제 제품·핏·인물은 생성형 AI로 변경하지 않음. 승인 범위 안의 크롭·색보정·먼지 정리만 가능.,Todaylook full review U199; Source ZIP: 이유라_yuura_ii_165cm_55kg_2026-08-15 00-41.zip; ZIP SHA-256: 2e9ccca629678dc702c8818add3f0381fd64ad2968ee00e1d535106c36b772a0; Media SHA-256: 1460480cd33ac8671533d6238de7de830a72d30a63088c846ba080555d4dc082; 원본 ZIP 변경 없이 CRC 검증 추출본을 COPY.,CANDIDATE,REVIEWED,A,실제 확인: NIGHT SWEATSHIRT 오늘룩 유료 납품 사진. FRONT / FIT PROOF; setting=SEOUL STREET. Creative scores (5): Product 5 / Model 5 / Styling 5 / Environment 5 / Campaign 5 / Brand Fit 5 = 30/30; T4 disposition=KEEP. 권리는 사용자 확인 유료 마케팅 납품 범위에서 CLEARED이나 현행 SKU 동일성은 별도 검증한다.,2026-08-15,CLEARED,USER CONFIRMED PAID MARKETING
AST-0905,01_INPUT(입력_원본)/06_SOCIAL_PROOF(실제착용_소셜증거)/paid_marketing_todaylook/이유라_yuura_ii_165cm_55kg_2026-08-15 00-41/CYCELuV6gHAwKqlYeMRjKJG195vXUQLtwsdsq2N9ex824SbtJZYnomAw2t5CSGbA.jpg,CYCELuV6gHAwKqlYeMRjKJG195vXUQLtwsdsq2N9ex824SbtJZYnomAw2t5CSGbA.jpg,jpg,유료 마케팅 착용,NIGHT,이유라_yuura_ii Todaylook 유료 마케팅 납품 SWEATSHIRT KEEP 착용 사진,2340×2986,N/A — 정지 이미지,HIGH,HIGH,HIGH,WADIZ PEOPLE / PRODUCT PROOF / PAID CANDIDATE,TRUST AMPLIFIER / WORN PROOF / FRONT / FIT PROOF,[CURRENT SKU MATCH NEEDS VERIFICATION] 2026 판매 재고와 동일 SKU·사양인지 대표품 대조 전 공개 확정 금지. [PUBLICATION LOCK] 유료 납품물 재사용 승인 범위만 적용하며 모델명·키·몸무게·후기·추천·Ambassador 표현 및 자동 공개 금지.,NO — 실제 제품·핏·인물은 생성형 AI로 변경하지 않음. 승인 범위 안의 크롭·색보정·먼지 정리만 가능.,Todaylook full review U200; Source ZIP: 이유라_yuura_ii_165cm_55kg_2026-08-15 00-41.zip; ZIP SHA-256: 2e9ccca629678dc702c8818add3f0381fd64ad2968ee00e1d535106c36b772a0; Media SHA-256: 88370de7ba2d8ae11216b8d234cbeaa31675895a5fb2d614f14686e4def64587; 원본 ZIP 변경 없이 CRC 검증 추출본을 COPY.,CANDIDATE,REVIEWED,A,실제 확인: NIGHT SWEATSHIRT 오늘룩 유료 납품 사진. FRONT / FIT PROOF; setting=SEOUL STREET. Creative scores (5): Product 5 / Model 5 / Styling 5 / Environment 5 / Campaign 5 / Brand Fit 5 = 30/30; T4 disposition=KEEP. 권리는 사용자 확인 유료 마케팅 납품 범위에서 CLEARED이나 현행 SKU 동일성은 별도 검증한다.,2026-08-15,CLEARED,USER CONFIRMED PAID MARKETING
AST-0906,01_INPUT(입력_원본)/06_SOCIAL_PROOF(실제착용_소셜증거)/paid_marketing_todaylook/이유라_yuura_ii_165cm_55kg_2026-08-15 00-41/Bi5OdPL1XTXQ34YLFMQTHCerzpxIkGWkZNGKGDRRgzqvJoGW0ceD8mhh3UU43Ofw.jpg,Bi5OdPL1XTXQ34YLFMQTHCerzpxIkGWkZNGKGDRRgzqvJoGW0ceD8mhh3UU43Ofw.jpg,jpg,유료 마케팅 착용,NIGHT,이유라_yuura_ii Todaylook 유료 마케팅 납품 SWEATSHIRT KEEP 착용 사진,2340×2986,N/A — 정지 이미지,HIGH,HIGH,HIGH,WADIZ PEOPLE / PRODUCT PROOF / PAID CANDIDATE,TRUST AMPLIFIER / WORN PROOF / FRONT / FIT PROOF,[CURRENT SKU MATCH NEEDS VERIFICATION] 2026 판매 재고와 동일 SKU·사양인지 대표품 대조 전 공개 확정 금지. [PUBLICATION LOCK] 유료 납품물 재사용 승인 범위만 적용하며 모델명·키·몸무게·후기·추천·Ambassador 표현 및 자동 공개 금지.,NO — 실제 제품·핏·인물은 생성형 AI로 변경하지 않음. 승인 범위 안의 크롭·색보정·먼지 정리만 가능.,Todaylook full review U201; Source ZIP: 이유라_yuura_ii_165cm_55kg_2026-08-15 00-41.zip; ZIP SHA-256: 2e9ccca629678dc702c8818add3f0381fd64ad2968ee00e1d535106c36b772a0; Media SHA-256: e2ecc7d78449f0e280392f17fc974cd64aa38e2eb69cbc7116571170c7a89411; 원본 ZIP 변경 없이 CRC 검증 추출본을 COPY.,CANDIDATE,REVIEWED,A,실제 확인: NIGHT SWEATSHIRT 오늘룩 유료 납품 사진. FRONT / FIT PROOF; setting=SEOUL STREET. Creative scores (5): Product 5 / Model 5 / Styling 5 / Environment 5 / Campaign 5 / Brand Fit 5 = 30/30; T4 disposition=KEEP. 권리는 사용자 확인 유료 마케팅 납품 범위에서 CLEARED이나 현행 SKU 동일성은 별도 검증한다.,2026-08-15,CLEARED,USER CONFIRMED PAID MARKETING
AST-0907,01_INPUT(입력_원본)/06_SOCIAL_PROOF(실제착용_소셜증거)/paid_marketing_todaylook/이유라_yuura_ii_165cm_55kg_2026-08-15 00-41/UzSIQwt35f4j6t0LWafzh1mBr0EBxde1f0i0yl4ltDIo62knLsneb7xZcGrVE2Mi.jpg,UzSIQwt35f4j6t0LWafzh1mBr0EBxde1f0i0yl4ltDIo62knLsneb7xZcGrVE2Mi.jpg,jpg,유료 마케팅 착용,NIGHT,이유라_yuura_ii Todaylook 유료 마케팅 납품 SWEATSHIRT KEEP 착용 사진,2340×2986,N/A — 정지 이미지,HIGH,HIGH,HIGH,WADIZ PEOPLE / PRODUCT PROOF / PAID CANDIDATE,TRUST AMPLIFIER / WORN PROOF / DETAIL PROOF,[CURRENT SKU MATCH NEEDS VERIFICATION] 2026 판매 재고와 동일 SKU·사양인지 대표품 대조 전 공개 확정 금지. [PUBLICATION LOCK] 유료 납품물 재사용 승인 범위만 적용하며 모델명·키·몸무게·후기·추천·Ambassador 표현 및 자동 공개 금지.,NO — 실제 제품·핏·인물은 생성형 AI로 변경하지 않음. 승인 범위 안의 크롭·색보정·먼지 정리만 가능.,Todaylook full review U202; Source ZIP: 이유라_yuura_ii_165cm_55kg_2026-08-15 00-41.zip; ZIP SHA-256: 2e9ccca629678dc702c8818add3f0381fd64ad2968ee00e1d535106c36b772a0; Media SHA-256: 090f86445eb95cbef2894d8625d7c168e9de7ce21f1fe8070f0aabc3b9b465ae; 원본 ZIP 변경 없이 CRC 검증 추출본을 COPY.,CANDIDATE,REVIEWED,A,실제 확인: NIGHT SWEATSHIRT 오늘룩 유료 납품 사진. DETAIL PROOF; setting=SEOUL STREET. Creative scores (5): Product 5 / Model 5 / Styling 5 / Environment 5 / Campaign 5 / Brand Fit 5 = 30/30; T4 disposition=KEEP. 권리는 사용자 확인 유료 마케팅 납품 범위에서 CLEARED이나 현행 SKU 동일성은 별도 검증한다.,2026-08-15,CLEARED,USER CONFIRMED PAID MARKETING
AST-0908,01_INPUT(입력_원본)/06_SOCIAL_PROOF(실제착용_소셜증거)/paid_marketing_todaylook/이유라_yuura_ii_165cm_55kg_2026-08-15 00-41/ot1ESRu7nD71PLteERlxQvPoy2pZOkQO0K6blIsAcsDlaizytH1SQkCuRuObOPjg.jpg,ot1ESRu7nD71PLteERlxQvPoy2pZOkQO0K6blIsAcsDlaizytH1SQkCuRuObOPjg.jpg,jpg,유료 마케팅 착용,NIGHT,이유라_yuura_ii Todaylook 유료 마케팅 납품 SWEATSHIRT KEEP 착용 사진,2340×2986,N/A — 정지 이미지,HIGH,HIGH,HIGH,WADIZ PEOPLE / PRODUCT PROOF / PAID CANDIDATE,TRUST AMPLIFIER / WORN PROOF / FRONT / FIT PROOF,[CURRENT SKU MATCH NEEDS VERIFICATION] 2026 판매 재고와 동일 SKU·사양인지 대표품 대조 전 공개 확정 금지. [PUBLICATION LOCK] 유료 납품물 재사용 승인 범위만 적용하며 모델명·키·몸무게·후기·추천·Ambassador 표현 및 자동 공개 금지.,NO — 실제 제품·핏·인물은 생성형 AI로 변경하지 않음. 승인 범위 안의 크롭·색보정·먼지 정리만 가능.,Todaylook full review U203; Source ZIP: 이유라_yuura_ii_165cm_55kg_2026-08-15 00-41.zip; ZIP SHA-256: 2e9ccca629678dc702c8818add3f0381fd64ad2968ee00e1d535106c36b772a0; Media SHA-256: 957bbcb3fde84eb77de31e73d0f4cd84ff24f52dff9de713422c40cdb73db93b; 원본 ZIP 변경 없이 CRC 검증 추출본을 COPY.,CANDIDATE,REVIEWED,A,실제 확인: NIGHT SWEATSHIRT 오늘룩 유료 납품 사진. FRONT / FIT PROOF; setting=SEOUL STREET. Creative scores (5): Product 5 / Model 5 / Styling 5 / Environment 5 / Campaign 5 / Brand Fit 5 = 30/30; T4 disposition=KEEP. 권리는 사용자 확인 유료 마케팅 납품 범위에서 CLEARED이나 현행 SKU 동일성은 별도 검증한다.,2026-08-15,CLEARED,USER CONFIRMED PAID MARKETING
AST-0909,01_INPUT(입력_원본)/06_SOCIAL_PROOF(실제착용_소셜증거)/paid_marketing_todaylook/이유라_yuura_ii_165cm_55kg_2026-08-15 00-41/k5wRRgFEcyGfTZAdqkp9EmyraYBxyQWHsCAAkf5zATL750Kmef3wyEbrvgFPdu1T.jpg,k5wRRgFEcyGfTZAdqkp9EmyraYBxyQWHsCAAkf5zATL750Kmef3wyEbrvgFPdu1T.jpg,jpg,유료 마케팅 착용,NIGHT,이유라_yuura_ii Todaylook 유료 마케팅 납품 SWEATSHIRT KEEP 착용 사진,2340×2987,N/A — 정지 이미지,HIGH,HIGH,HIGH,WADIZ PEOPLE / PRODUCT PROOF / PAID CANDIDATE,TRUST AMPLIFIER / WORN PROOF / FRONT / FIT PROOF,[CURRENT SKU MATCH NEEDS VERIFICATION] 2026 판매 재고와 동일 SKU·사양인지 대표품 대조 전 공개 확정 금지. [PUBLICATION LOCK] 유료 납품물 재사용 승인 범위만 적용하며 모델명·키·몸무게·후기·추천·Ambassador 표현 및 자동 공개 금지.,NO — 실제 제품·핏·인물은 생성형 AI로 변경하지 않음. 승인 범위 안의 크롭·색보정·먼지 정리만 가능.,Todaylook full review U204; Source ZIP: 이유라_yuura_ii_165cm_55kg_2026-08-15 00-41.zip; ZIP SHA-256: 2e9ccca629678dc702c8818add3f0381fd64ad2968ee00e1d535106c36b772a0; Media SHA-256: 5518902baabb7ffb65568ac0d5478458cca8c93c17ecac1bd19c38bf18632711; 원본 ZIP 변경 없이 CRC 검증 추출본을 COPY.,CANDIDATE,REVIEWED,A,실제 확인: NIGHT SWEATSHIRT 오늘룩 유료 납품 사진. FRONT / FIT PROOF; setting=SEOUL STREET. Creative scores (5): Product 5 / Model 5 / Styling 5 / Environment 5 / Campaign 5 / Brand Fit 5 = 30/30; T4 disposition=KEEP. 권리는 사용자 확인 유료 마케팅 납품 범위에서 CLEARED이나 현행 SKU 동일성은 별도 검증한다.,2026-08-15,CLEARED,USER CONFIRMED PAID MARKETING
AST-0910,01_INPUT(입력_원본)/06_SOCIAL_PROOF(실제착용_소셜증거)/paid_marketing_todaylook/이유라_yuura_ii_165cm_55kg_2026-08-15 00-41/tPSb1uOBCmbkGCcA8Ptl3kkJKa82sLByXkhOouzFS0hHhmZe39oxDqwfw0iEqjQ0.jpg,tPSb1uOBCmbkGCcA8Ptl3kkJKa82sLByXkhOouzFS0hHhmZe39oxDqwfw0iEqjQ0.jpg,jpg,유료 마케팅 착용,NIGHT,이유라_yuura_ii Todaylook 유료 마케팅 납품 SWEATSHIRT KEEP 착용 사진,2340×2986,N/A — 정지 이미지,HIGH,HIGH,HIGH,WADIZ PEOPLE / PRODUCT PROOF / PAID CANDIDATE,TRUST AMPLIFIER / WORN PROOF / FRONT / FIT PROOF,[CURRENT SKU MATCH NEEDS VERIFICATION] 2026 판매 재고와 동일 SKU·사양인지 대표품 대조 전 공개 확정 금지. [PUBLICATION LOCK] 유료 납품물 재사용 승인 범위만 적용하며 모델명·키·몸무게·후기·추천·Ambassador 표현 및 자동 공개 금지.,NO — 실제 제품·핏·인물은 생성형 AI로 변경하지 않음. 승인 범위 안의 크롭·색보정·먼지 정리만 가능.,Todaylook full review U205; Source ZIP: 이유라_yuura_ii_165cm_55kg_2026-08-15 00-41.zip; ZIP SHA-256: 2e9ccca629678dc702c8818add3f0381fd64ad2968ee00e1d535106c36b772a0; Media SHA-256: 0a7ada86e525d2f66c677031bc2581f2fb3d26328f68436b306a340f907c9f36; 원본 ZIP 변경 없이 CRC 검증 추출본을 COPY.,CANDIDATE,REVIEWED,A,실제 확인: NIGHT SWEATSHIRT 오늘룩 유료 납품 사진. FRONT / FIT PROOF; setting=SEOUL STREET. Creative scores (5): Product 5 / Model 5 / Styling 5 / Environment 5 / Campaign 5 / Brand Fit 5 = 30/30; T4 disposition=KEEP. 권리는 사용자 확인 유료 마케팅 납품 범위에서 CLEARED이나 현행 SKU 동일성은 별도 검증한다.,2026-08-15,CLEARED,USER CONFIRMED PAID MARKETING
AST-0911,01_INPUT(입력_원본)/06_SOCIAL_PROOF(실제착용_소셜증거)/paid_marketing_todaylook/이유라_yuura_ii_165cm_55kg_2026-08-15 00-41/LKTSS7UeRAg5h4AFokuYA2LolM57c9VcNfY77dlCS4rJGqw0h6PVoRW9aV1ICVS2.jpg,LKTSS7UeRAg5h4AFokuYA2LolM57c9VcNfY77dlCS4rJGqw0h6PVoRW9aV1ICVS2.jpg,jpg,유료 마케팅 착용,NIGHT,이유라_yuura_ii Todaylook 유료 마케팅 납품 SWEATSHIRT KEEP 착용 사진,2340×2987,N/A — 정지 이미지,HIGH,HIGH,HIGH,WADIZ PEOPLE / PRODUCT PROOF / PAID CANDIDATE,TRUST AMPLIFIER / WORN PROOF / FRONT / FIT PROOF,[CURRENT SKU MATCH NEEDS VERIFICATION] 2026 판매 재고와 동일 SKU·사양인지 대표품 대조 전 공개 확정 금지. [PUBLICATION LOCK] 유료 납품물 재사용 승인 범위만 적용하며 모델명·키·몸무게·후기·추천·Ambassador 표현 및 자동 공개 금지.,NO — 실제 제품·핏·인물은 생성형 AI로 변경하지 않음. 승인 범위 안의 크롭·색보정·먼지 정리만 가능.,Todaylook full review U206; Source ZIP: 이유라_yuura_ii_165cm_55kg_2026-08-15 00-41.zip; ZIP SHA-256: 2e9ccca629678dc702c8818add3f0381fd64ad2968ee00e1d535106c36b772a0; Media SHA-256: 3e2e4710dc04eccccd470ebfc3a7add8cf6c1d2bce909d3e22bd193ff75b360c; 원본 ZIP 변경 없이 CRC 검증 추출본을 COPY.,CANDIDATE,REVIEWED,A,실제 확인: NIGHT SWEATSHIRT 오늘룩 유료 납품 사진. FRONT / FIT PROOF; setting=SEOUL STREET. Creative scores (5): Product 5 / Model 5 / Styling 5 / Environment 5 / Campaign 5 / Brand Fit 5 = 30/30; T4 disposition=KEEP. 권리는 사용자 확인 유료 마케팅 납품 범위에서 CLEARED이나 현행 SKU 동일성은 별도 검증한다.,2026-08-15,CLEARED,USER CONFIRMED PAID MARKETING
AST-0912,01_INPUT(입력_원본)/06_SOCIAL_PROOF(실제착용_소셜증거)/paid_marketing_todaylook/이유라_yuura_ii_165cm_55kg_2026-08-15 00-41/9qsJLiy6LUv9kz0sbfpMBsAp0Q7E60jMsixltvg47lrOwaltdUaz0s4ZdkHbbX9y.jpg,9qsJLiy6LUv9kz0sbfpMBsAp0Q7E60jMsixltvg47lrOwaltdUaz0s4ZdkHbbX9y.jpg,jpg,유료 마케팅 착용,NIGHT,이유라_yuura_ii Todaylook 유료 마케팅 납품 SWEATSHIRT KEEP 착용 사진,2340×2986,N/A — 정지 이미지,HIGH,HIGH,HIGH,WADIZ PEOPLE / PRODUCT PROOF / PAID CANDIDATE,TRUST AMPLIFIER / WORN PROOF / FRONT / FIT PROOF,[CURRENT SKU MATCH NEEDS VERIFICATION] 2026 판매 재고와 동일 SKU·사양인지 대표품 대조 전 공개 확정 금지. [PUBLICATION LOCK] 유료 납품물 재사용 승인 범위만 적용하며 모델명·키·몸무게·후기·추천·Ambassador 표현 및 자동 공개 금지.,NO — 실제 제품·핏·인물은 생성형 AI로 변경하지 않음. 승인 범위 안의 크롭·색보정·먼지 정리만 가능.,Todaylook full review U207; Source ZIP: 이유라_yuura_ii_165cm_55kg_2026-08-15 00-41.zip; ZIP SHA-256: 2e9ccca629678dc702c8818add3f0381fd64ad2968ee00e1d535106c36b772a0; Media SHA-256: 2fff33ed9ee3df9b839d86aa436c6d9ce01d27109e038b541168356bbaa9980e; 원본 ZIP 변경 없이 CRC 검증 추출본을 COPY.,CANDIDATE,REVIEWED,A,실제 확인: NIGHT SWEATSHIRT 오늘룩 유료 납품 사진. FRONT / FIT PROOF; setting=SEOUL STREET. Creative scores (5): Product 5 / Model 5 / Styling 5 / Environment 5 / Campaign 5 / Brand Fit 5 = 30/30; T4 disposition=KEEP. 권리는 사용자 확인 유료 마케팅 납품 범위에서 CLEARED이나 현행 SKU 동일성은 별도 검증한다.,2026-08-15,CLEARED,USER CONFIRMED PAID MARKETING
AST-0913,01_INPUT(입력_원본)/06_SOCIAL_PROOF(실제착용_소셜증거)/paid_marketing_todaylook/이유라_yuura_ii_165cm_55kg_2026-08-15 00-41/RjqycN8yGwNiOxIOeS5GYHBF2vofnlgdpAx7mQ0KlM6WmspRfJMVkXnFKykPuVzw.jpg,RjqycN8yGwNiOxIOeS5GYHBF2vofnlgdpAx7mQ0KlM6WmspRfJMVkXnFKykPuVzw.jpg,jpg,유료 마케팅 착용,NIGHT,이유라_yuura_ii Todaylook 유료 마케팅 납품 SWEATSHIRT KEEP 착용 사진,2340×2986,N/A — 정지 이미지,HIGH,HIGH,HIGH,WADIZ PEOPLE / PRODUCT PROOF / PAID CANDIDATE,TRUST AMPLIFIER / WORN PROOF / FRONT / FIT PROOF,[CURRENT SKU MATCH NEEDS VERIFICATION] 2026 판매 재고와 동일 SKU·사양인지 대표품 대조 전 공개 확정 금지. [PUBLICATION LOCK] 유료 납품물 재사용 승인 범위만 적용하며 모델명·키·몸무게·후기·추천·Ambassador 표현 및 자동 공개 금지.,NO — 실제 제품·핏·인물은 생성형 AI로 변경하지 않음. 승인 범위 안의 크롭·색보정·먼지 정리만 가능.,Todaylook full review U208; Source ZIP: 이유라_yuura_ii_165cm_55kg_2026-08-15 00-41.zip; ZIP SHA-256: 2e9ccca629678dc702c8818add3f0381fd64ad2968ee00e1d535106c36b772a0; Media SHA-256: 68fd800c11de7cae08cccf475f5449263c08f9f293c0ae9ac9bf3c76e230b179; 원본 ZIP 변경 없이 CRC 검증 추출본을 COPY.,CANDIDATE,REVIEWED,A,실제 확인: NIGHT SWEATSHIRT 오늘룩 유료 납품 사진. FRONT / FIT PROOF; setting=SEOUL STREET. Creative scores (5): Product 5 / Model 5 / Styling 5 / Environment 5 / Campaign 5 / Brand Fit 5 = 30/30; T4 disposition=KEEP. 권리는 사용자 확인 유료 마케팅 납품 범위에서 CLEARED이나 현행 SKU 동일성은 별도 검증한다.,2026-08-15,CLEARED,USER CONFIRMED PAID MARKETING
AST-0914,01_INPUT(입력_원본)/06_SOCIAL_PROOF(실제착용_소셜증거)/paid_marketing_todaylook/이유라_yuura_ii_165cm_55kg_2026-08-15 00-41/DrPA4e6Z11tUZYlOJdhdPZDdMwAZQJO5ogvRbxNwjBQJQn8gKoZeuUnJ2yybrqTr.jpg,DrPA4e6Z11tUZYlOJdhdPZDdMwAZQJO5ogvRbxNwjBQJQn8gKoZeuUnJ2yybrqTr.jpg,jpg,유료 마케팅 착용,NIGHT,이유라_yuura_ii Todaylook 유료 마케팅 납품 SWEATSHIRT KEEP 착용 사진,2340×2986,N/A — 정지 이미지,HIGH,HIGH,HIGH,WADIZ PEOPLE / PRODUCT PROOF / PAID CANDIDATE,TRUST AMPLIFIER / WORN PROOF / BACK PROOF,[CURRENT SKU MATCH NEEDS VERIFICATION] 2026 판매 재고와 동일 SKU·사양인지 대표품 대조 전 공개 확정 금지. [PUBLICATION LOCK] 유료 납품물 재사용 승인 범위만 적용하며 모델명·키·몸무게·후기·추천·Ambassador 표현 및 자동 공개 금지.,NO — 실제 제품·핏·인물은 생성형 AI로 변경하지 않음. 승인 범위 안의 크롭·색보정·먼지 정리만 가능.,Todaylook full review U209; Source ZIP: 이유라_yuura_ii_165cm_55kg_2026-08-15 00-41.zip; ZIP SHA-256: 2e9ccca629678dc702c8818add3f0381fd64ad2968ee00e1d535106c36b772a0; Media SHA-256: 26372a76e6f4acc882765c786c70cea0e4ed5e03b48f439bd3ed7b38c9e4e10d; 원본 ZIP 변경 없이 CRC 검증 추출본을 COPY.,CANDIDATE,REVIEWED,A,실제 확인: NIGHT SWEATSHIRT 오늘룩 유료 납품 사진. BACK PROOF; setting=SEOUL STREET. Creative scores (5): Product 5 / Model 5 / Styling 5 / Environment 5 / Campaign 5 / Brand Fit 5 = 30/30; T4 disposition=KEEP. 권리는 사용자 확인 유료 마케팅 납품 범위에서 CLEARED이나 현행 SKU 동일성은 별도 검증한다.,2026-08-15,CLEARED,USER CONFIRMED PAID MARKETING
AST-0915,01_INPUT(입력_원본)/06_SOCIAL_PROOF(실제착용_소셜증거)/paid_marketing_todaylook/이진근_jin_g_y_172cm_72kg_2026-08-15 00-42/te1P2CscJPqJpFizOIlKXElDf0C1DFsI8xYKNRCgQamDAGdAv9S7I8m1nbYOwdnH.jpg,te1P2CscJPqJpFizOIlKXElDf0C1DFsI8xYKNRCgQamDAGdAv9S7I8m1nbYOwdnH.jpg,jpg,유료 마케팅 착용,DAY,이진근_jin_g_y Todaylook 유료 마케팅 납품 SWEATSHIRT KEEP 착용 사진,2340×2986,N/A — 정지 이미지,HIGH,HIGH,HIGH,WADIZ PEOPLE / PRODUCT PROOF / PAID CANDIDATE,TRUST AMPLIFIER / WORN PROOF / FRONT / FIT PROOF,[CURRENT SKU MATCH NEEDS VERIFICATION] 2026 판매 재고와 동일 SKU·사양인지 대표품 대조 전 공개 확정 금지. [PUBLICATION LOCK] 유료 납품물 재사용 승인 범위만 적용하며 모델명·키·몸무게·후기·추천·Ambassador 표현 및 자동 공개 금지.,NO — 실제 제품·핏·인물은 생성형 AI로 변경하지 않음. 승인 범위 안의 크롭·색보정·먼지 정리만 가능.,Todaylook full review U227; Source ZIP: 이진근_jin_g_y_172cm_72kg_2026-08-15 00-42.zip; ZIP SHA-256: 575951b6e83a5cf4351a0b18c0766d75e44b43022aca4532d70dd39e2064594b; Media SHA-256: 7e5b6b260549c70f01a4518bc37f3fa67a8331cb32589b909f8839cbbeccaf21; 원본 ZIP 변경 없이 CRC 검증 추출본을 COPY.,CANDIDATE,REVIEWED,A,실제 확인: DAY SWEATSHIRT 오늘룩 유료 납품 사진. FRONT / FIT PROOF; setting=STONE ARCHITECTURE. Creative scores (5): Product 5 / Model 4 / Styling 5 / Environment 5 / Campaign 5 / Brand Fit 5 = 29/30; T4 disposition=KEEP. 권리는 사용자 확인 유료 마케팅 납품 범위에서 CLEARED이나 현행 SKU 동일성은 별도 검증한다.,2026-08-15,CLEARED,USER CONFIRMED PAID MARKETING
AST-0916,01_INPUT(입력_원본)/06_SOCIAL_PROOF(실제착용_소셜증거)/paid_marketing_todaylook/이진근_jin_g_y_172cm_72kg_2026-08-15 00-42/pBtyn07ZXJjUrA6yrc7HgUkyb9Da6t5hhhgbFKcJkCBZDMcscPgVcSq9kYE3ViYj.jpg,pBtyn07ZXJjUrA6yrc7HgUkyb9Da6t5hhhgbFKcJkCBZDMcscPgVcSq9kYE3ViYj.jpg,jpg,유료 마케팅 착용,DAY,이진근_jin_g_y Todaylook 유료 마케팅 납품 SWEATSHIRT KEEP 착용 사진,2340×2985,N/A — 정지 이미지,HIGH,HIGH,HIGH,WADIZ PEOPLE / PRODUCT PROOF / PAID CANDIDATE,TRUST AMPLIFIER / WORN PROOF / FRONT / FIT PROOF,[CURRENT SKU MATCH NEEDS VERIFICATION] 2026 판매 재고와 동일 SKU·사양인지 대표품 대조 전 공개 확정 금지. [PUBLICATION LOCK] 유료 납품물 재사용 승인 범위만 적용하며 모델명·키·몸무게·후기·추천·Ambassador 표현 및 자동 공개 금지.,NO — 실제 제품·핏·인물은 생성형 AI로 변경하지 않음. 승인 범위 안의 크롭·색보정·먼지 정리만 가능.,Todaylook full review U228; Source ZIP: 이진근_jin_g_y_172cm_72kg_2026-08-15 00-42.zip; ZIP SHA-256: 575951b6e83a5cf4351a0b18c0766d75e44b43022aca4532d70dd39e2064594b; Media SHA-256: 3ff8f67fa24f7d9c55b974790afbe3c6e47cc8952512bab4f74e9fd6eca1e7e8; 원본 ZIP 변경 없이 CRC 검증 추출본을 COPY.,CANDIDATE,REVIEWED,A,실제 확인: DAY SWEATSHIRT 오늘룩 유료 납품 사진. FRONT / FIT PROOF; setting=STONE ARCHITECTURE. Creative scores (5): Product 5 / Model 4 / Styling 5 / Environment 5 / Campaign 5 / Brand Fit 5 = 29/30; T4 disposition=KEEP. 권리는 사용자 확인 유료 마케팅 납품 범위에서 CLEARED이나 현행 SKU 동일성은 별도 검증한다.,2026-08-15,CLEARED,USER CONFIRMED PAID MARKETING
AST-0917,01_INPUT(입력_원본)/06_SOCIAL_PROOF(실제착용_소셜증거)/paid_marketing_todaylook/이진근_jin_g_y_172cm_72kg_2026-08-15 00-42/EPADEeRrvwBS3GDeSzqbMibfGx8TSjnAn2dZGDTxhYayvnG47SylUn7AT1Eu6hsL.jpg,EPADEeRrvwBS3GDeSzqbMibfGx8TSjnAn2dZGDTxhYayvnG47SylUn7AT1Eu6hsL.jpg,jpg,유료 마케팅 착용,DAY,이진근_jin_g_y Todaylook 유료 마케팅 납품 SWEATSHIRT KEEP 착용 사진,2340×2986,N/A — 정지 이미지,HIGH,HIGH,HIGH,WADIZ PEOPLE / PRODUCT PROOF / PAID CANDIDATE,TRUST AMPLIFIER / WORN PROOF / FRONT / FIT PROOF,[CURRENT SKU MATCH NEEDS VERIFICATION] 2026 판매 재고와 동일 SKU·사양인지 대표품 대조 전 공개 확정 금지. [PUBLICATION LOCK] 유료 납품물 재사용 승인 범위만 적용하며 모델명·키·몸무게·후기·추천·Ambassador 표현 및 자동 공개 금지.,NO — 실제 제품·핏·인물은 생성형 AI로 변경하지 않음. 승인 범위 안의 크롭·색보정·먼지 정리만 가능.,Todaylook full review U229; Source ZIP: 이진근_jin_g_y_172cm_72kg_2026-08-15 00-42.zip; ZIP SHA-256: 575951b6e83a5cf4351a0b18c0766d75e44b43022aca4532d70dd39e2064594b; Media SHA-256: 25b4e4480ad7cf7fefdef4953f6ffa9266b090a4763d403e3ad3e535558a6778; 원본 ZIP 변경 없이 CRC 검증 추출본을 COPY.,CANDIDATE,REVIEWED,A,실제 확인: DAY SWEATSHIRT 오늘룩 유료 납품 사진. FRONT / FIT PROOF; setting=STONE ARCHITECTURE. Creative scores (5): Product 5 / Model 4 / Styling 5 / Environment 5 / Campaign 5 / Brand Fit 5 = 29/30; T4 disposition=KEEP. 권리는 사용자 확인 유료 마케팅 납품 범위에서 CLEARED이나 현행 SKU 동일성은 별도 검증한다.,2026-08-15,CLEARED,USER CONFIRMED PAID MARKETING
AST-0918,01_INPUT(입력_원본)/06_SOCIAL_PROOF(실제착용_소셜증거)/paid_marketing_todaylook/이진근_jin_g_y_172cm_72kg_2026-08-15 00-42/nKtuOhGs14gzzvlPcWSAWwdtbM47HodKWgps695HCoXD0t8yXJVlJsLA948YIQ5p.jpg,nKtuOhGs14gzzvlPcWSAWwdtbM47HodKWgps695HCoXD0t8yXJVlJsLA948YIQ5p.jpg,jpg,유료 마케팅 착용,DAY,이진근_jin_g_y Todaylook 유료 마케팅 납품 SWEATSHIRT KEEP 착용 사진,2340×2986,N/A — 정지 이미지,HIGH,HIGH,HIGH,WADIZ PEOPLE / PRODUCT PROOF / PAID CANDIDATE,TRUST AMPLIFIER / WORN PROOF / FRONT / FIT PROOF,[CURRENT SKU MATCH NEEDS VERIFICATION] 2026 판매 재고와 동일 SKU·사양인지 대표품 대조 전 공개 확정 금지. [PUBLICATION LOCK] 유료 납품물 재사용 승인 범위만 적용하며 모델명·키·몸무게·후기·추천·Ambassador 표현 및 자동 공개 금지.,NO — 실제 제품·핏·인물은 생성형 AI로 변경하지 않음. 승인 범위 안의 크롭·색보정·먼지 정리만 가능.,Todaylook full review U230; Source ZIP: 이진근_jin_g_y_172cm_72kg_2026-08-15 00-42.zip; ZIP SHA-256: 575951b6e83a5cf4351a0b18c0766d75e44b43022aca4532d70dd39e2064594b; Media SHA-256: e8cc50c1dfcace4c4fe38a7599b415f5f1997db9eae4802e16a0047b767139b7; 원본 ZIP 변경 없이 CRC 검증 추출본을 COPY.,CANDIDATE,REVIEWED,A,실제 확인: DAY SWEATSHIRT 오늘룩 유료 납품 사진. FRONT / FIT PROOF; setting=STONE ARCHITECTURE. Creative scores (5): Product 5 / Model 4 / Styling 5 / Environment 5 / Campaign 5 / Brand Fit 5 = 29/30; T4 disposition=KEEP. 권리는 사용자 확인 유료 마케팅 납품 범위에서 CLEARED이나 현행 SKU 동일성은 별도 검증한다.,2026-08-15,CLEARED,USER CONFIRMED PAID MARKETING
AST-0919,01_INPUT(입력_원본)/06_SOCIAL_PROOF(실제착용_소셜증거)/paid_marketing_todaylook/이진근_jin_g_y_172cm_72kg_2026-08-15 00-42/EbD9IG1sszRvXu6HLqBQPknmkEP2DxNjCihgnsXIhnfSFlUEl58lTjJAwzGgovC5.jpg,EbD9IG1sszRvXu6HLqBQPknmkEP2DxNjCihgnsXIhnfSFlUEl58lTjJAwzGgovC5.jpg,jpg,유료 마케팅 착용,DAY,이진근_jin_g_y Todaylook 유료 마케팅 납품 SWEATSHIRT KEEP 착용 사진,2340×2985,N/A — 정지 이미지,HIGH,HIGH,HIGH,WADIZ PEOPLE / PRODUCT PROOF / PAID CANDIDATE,TRUST AMPLIFIER / WORN PROOF / BACK PROOF,[CURRENT SKU MATCH NEEDS VERIFICATION] 2026 판매 재고와 동일 SKU·사양인지 대표품 대조 전 공개 확정 금지. [PUBLICATION LOCK] 유료 납품물 재사용 승인 범위만 적용하며 모델명·키·몸무게·후기·추천·Ambassador 표현 및 자동 공개 금지.,NO — 실제 제품·핏·인물은 생성형 AI로 변경하지 않음. 승인 범위 안의 크롭·색보정·먼지 정리만 가능.,Todaylook full review U231; Source ZIP: 이진근_jin_g_y_172cm_72kg_2026-08-15 00-42.zip; ZIP SHA-256: 575951b6e83a5cf4351a0b18c0766d75e44b43022aca4532d70dd39e2064594b; Media SHA-256: 37ba4cb61f93b99a75f7279dba299e141a4a8d6632d06ddeef510e9b741936fc; 원본 ZIP 변경 없이 CRC 검증 추출본을 COPY.,CANDIDATE,REVIEWED,A,실제 확인: DAY SWEATSHIRT 오늘룩 유료 납품 사진. BACK PROOF; setting=STONE ARCHITECTURE. Creative scores (5): Product 5 / Model 4 / Styling 5 / Environment 5 / Campaign 5 / Brand Fit 5 = 29/30; T4 disposition=KEEP. 권리는 사용자 확인 유료 마케팅 납품 범위에서 CLEARED이나 현행 SKU 동일성은 별도 검증한다.,2026-08-15,CLEARED,USER CONFIRMED PAID MARKETING
AST-0920,01_INPUT(입력_원본)/06_SOCIAL_PROOF(실제착용_소셜증거)/paid_marketing_todaylook/이진근_jin_g_y_172cm_72kg_2026-08-15 00-42/a95dazot2tIAn1UYDAOf2AbzUa0TQzWbqYJoToafmoBnx5JvxiBOrHc05lsfEETH.jpg,a95dazot2tIAn1UYDAOf2AbzUa0TQzWbqYJoToafmoBnx5JvxiBOrHc05lsfEETH.jpg,jpg,유료 마케팅 착용,DAY,이진근_jin_g_y Todaylook 유료 마케팅 납품 SWEATSHIRT KEEP 착용 사진,2340×2986,N/A — 정지 이미지,HIGH,HIGH,HIGH,WADIZ PEOPLE / PRODUCT PROOF / PAID CANDIDATE,TRUST AMPLIFIER / WORN PROOF / DETAIL PROOF,[CURRENT SKU MATCH NEEDS VERIFICATION] 2026 판매 재고와 동일 SKU·사양인지 대표품 대조 전 공개 확정 금지. [PUBLICATION LOCK] 유료 납품물 재사용 승인 범위만 적용하며 모델명·키·몸무게·후기·추천·Ambassador 표현 및 자동 공개 금지.,NO — 실제 제품·핏·인물은 생성형 AI로 변경하지 않음. 승인 범위 안의 크롭·색보정·먼지 정리만 가능.,Todaylook full review U232; Source ZIP: 이진근_jin_g_y_172cm_72kg_2026-08-15 00-42.zip; ZIP SHA-256: 575951b6e83a5cf4351a0b18c0766d75e44b43022aca4532d70dd39e2064594b; Media SHA-256: 4fc1b0b34a023af1e1a0377f582135eb1dfccefa7b573f0a4a84745187b2a7f6; 원본 ZIP 변경 없이 CRC 검증 추출본을 COPY.,CANDIDATE,REVIEWED,A,실제 확인: DAY SWEATSHIRT 오늘룩 유료 납품 사진. DETAIL PROOF; setting=STONE ARCHITECTURE. Creative scores (5): Product 5 / Model 4 / Styling 5 / Environment 5 / Campaign 5 / Brand Fit 5 = 29/30; T4 disposition=KEEP. 권리는 사용자 확인 유료 마케팅 납품 범위에서 CLEARED이나 현행 SKU 동일성은 별도 검증한다.,2026-08-15,CLEARED,USER CONFIRMED PAID MARKETING
AST-0921,01_INPUT(입력_원본)/06_SOCIAL_PROOF(실제착용_소셜증거)/paid_marketing_todaylook/이진근_jin_g_y_172cm_72kg_2026-08-15 00-42/t2l7rNnjREkoWgO20bakNseFAcx6t0PFnKE5wzpnk5MV1Sn4sLSZg6Utso1y6Kys.jpg,t2l7rNnjREkoWgO20bakNseFAcx6t0PFnKE5wzpnk5MV1Sn4sLSZg6Utso1y6Kys.jpg,jpg,유료 마케팅 착용,DAY,이진근_jin_g_y Todaylook 유료 마케팅 납품 SWEATSHIRT KEEP 착용 사진,2340×2986,N/A — 정지 이미지,HIGH,HIGH,HIGH,WADIZ PEOPLE / PRODUCT PROOF / PAID CANDIDATE,TRUST AMPLIFIER / WORN PROOF / DETAIL PROOF,[CURRENT SKU MATCH NEEDS VERIFICATION] 2026 판매 재고와 동일 SKU·사양인지 대표품 대조 전 공개 확정 금지. [PUBLICATION LOCK] 유료 납품물 재사용 승인 범위만 적용하며 모델명·키·몸무게·후기·추천·Ambassador 표현 및 자동 공개 금지.,NO — 실제 제품·핏·인물은 생성형 AI로 변경하지 않음. 승인 범위 안의 크롭·색보정·먼지 정리만 가능.,Todaylook full review U233; Source ZIP: 이진근_jin_g_y_172cm_72kg_2026-08-15 00-42.zip; ZIP SHA-256: 575951b6e83a5cf4351a0b18c0766d75e44b43022aca4532d70dd39e2064594b; Media SHA-256: bbbc1a08438b7fbeb3911f967a432be8486c615efc933b23ab8ad1ee9cc951d5; 원본 ZIP 변경 없이 CRC 검증 추출본을 COPY.,CANDIDATE,REVIEWED,A,실제 확인: DAY SWEATSHIRT 오늘룩 유료 납품 사진. DETAIL PROOF; setting=STONE ARCHITECTURE. Creative scores (5): Product 5 / Model 4 / Styling 5 / Environment 5 / Campaign 5 / Brand Fit 5 = 29/30; T4 disposition=KEEP. 권리는 사용자 확인 유료 마케팅 납품 범위에서 CLEARED이나 현행 SKU 동일성은 별도 검증한다.,2026-08-15,CLEARED,USER CONFIRMED PAID MARKETING
AST-0922,01_INPUT(입력_원본)/06_SOCIAL_PROOF(실제착용_소셜증거)/paid_marketing_todaylook/이진근_jin_g_y_172cm_72kg_2026-08-15 00-42/MHJ6RSbeCc1XrdYef7EVPl3yUD8SfzJyAXvIKYAKS5xRoQakdueDSpvo0lz18udj.jpg,MHJ6RSbeCc1XrdYef7EVPl3yUD8SfzJyAXvIKYAKS5xRoQakdueDSpvo0lz18udj.jpg,jpg,유료 마케팅 착용,DAY,이진근_jin_g_y Todaylook 유료 마케팅 납품 SWEATSHIRT KEEP 착용 사진,2340×2985,N/A — 정지 이미지,HIGH,HIGH,HIGH,WADIZ PEOPLE / PRODUCT PROOF / PAID CANDIDATE,TRUST AMPLIFIER / WORN PROOF / BACK PROOF,[CURRENT SKU MATCH NEEDS VERIFICATION] 2026 판매 재고와 동일 SKU·사양인지 대표품 대조 전 공개 확정 금지. [PUBLICATION LOCK] 유료 납품물 재사용 승인 범위만 적용하며 모델명·키·몸무게·후기·추천·Ambassador 표현 및 자동 공개 금지.,NO — 실제 제품·핏·인물은 생성형 AI로 변경하지 않음. 승인 범위 안의 크롭·색보정·먼지 정리만 가능.,Todaylook full review U234; Source ZIP: 이진근_jin_g_y_172cm_72kg_2026-08-15 00-42.zip; ZIP SHA-256: 575951b6e83a5cf4351a0b18c0766d75e44b43022aca4532d70dd39e2064594b; Media SHA-256: 93855e866b48ae14152e18e040b1a786b77d6f485444dcbdc8e399b2d7ebb56c; 원본 ZIP 변경 없이 CRC 검증 추출본을 COPY.,CANDIDATE,REVIEWED,A,실제 확인: DAY SWEATSHIRT 오늘룩 유료 납품 사진. BACK PROOF; setting=STONE ARCHITECTURE. Creative scores (5): Product 5 / Model 4 / Styling 5 / Environment 5 / Campaign 5 / Brand Fit 5 = 29/30; T4 disposition=KEEP. 권리는 사용자 확인 유료 마케팅 납품 범위에서 CLEARED이나 현행 SKU 동일성은 별도 검증한다.,2026-08-15,CLEARED,USER CONFIRMED PAID MARKETING
AST-0923,01_INPUT(입력_원본)/06_SOCIAL_PROOF(실제착용_소셜증거)/paid_marketing_todaylook/이혜린_berry_berryin_158cm_48kg_2026-08-15 00-41/yHttNtZEFv3FBgKyX8rd6UvnBi5d3XhOkeCQXXZsuvygix2hAlpNSuB3PHeJT8Yv.jpg,yHttNtZEFv3FBgKyX8rd6UvnBi5d3XhOkeCQXXZsuvygix2hAlpNSuB3PHeJT8Yv.jpg,jpg,유료 마케팅 착용,NIGHT,이혜린_berry_berryin Todaylook 유료 마케팅 납품 CAP BACKUP 착용 사진,2580×3292,N/A — 정지 이미지,MEDIUM,HIGH,MEDIUM,SOCIAL SUPPORT / ARCHIVE,TRUST AMPLIFIER / WORN PROOF / FRONT / FIT PROOF,[CURRENT SKU MATCH NEEDS VERIFICATION] 2026 판매 재고와 동일 SKU·사양인지 대표품 대조 전 공개 확정 금지. [PUBLICATION LOCK] 유료 납품물 재사용 승인 범위만 적용하며 모델명·키·몸무게·후기·추천·Ambassador 표현 및 자동 공개 금지.,NO — 실제 제품·핏·인물은 생성형 AI로 변경하지 않음. 승인 범위 안의 크롭·색보정·먼지 정리만 가능.,Todaylook full review U250; Source ZIP: 이혜린_berry_berryin_158cm_48kg_2026-08-15 00-41.zip; ZIP SHA-256: a4a13348f7c188376b1445510cb569849ddcab40ad90462c9914be6fca51fbec; Media SHA-256: e2f46707658a4180a633ce82633237bf0f8db3abbf6635267d1a00ad6f687729; 원본 ZIP 변경 없이 CRC 검증 추출본을 COPY.,CANDIDATE,REVIEWED,B,실제 확인: NIGHT CAP 오늘룩 유료 납품 사진. FRONT / FIT PROOF; setting=WINTER CAFE. Creative scores (5): Product 3 / Model 5 / Styling 5 / Environment 4 / Campaign 4 / Brand Fit 4 = 25/30; T4 disposition=BACKUP. 권리는 사용자 확인 유료 마케팅 납품 범위에서 CLEARED이나 현행 SKU 동일성은 별도 검증한다.,2026-08-15,CLEARED,USER CONFIRMED PAID MARKETING
AST-0924,01_INPUT(입력_원본)/06_SOCIAL_PROOF(실제착용_소셜증거)/paid_marketing_todaylook/이혜린_berry_berryin_158cm_48kg_2026-08-15 00-41/Ex63bLbAuGMHG34faXfJMkkwabqZXBOXFAEZZXcEDcY3iNcLXvnupWqUP3ZSaOGR.jpg,Ex63bLbAuGMHG34faXfJMkkwabqZXBOXFAEZZXcEDcY3iNcLXvnupWqUP3ZSaOGR.jpg,jpg,유료 마케팅 착용,NIGHT,이혜린_berry_berryin Todaylook 유료 마케팅 납품 CAP BACKUP 착용 사진,2580×3292,N/A — 정지 이미지,MEDIUM,HIGH,MEDIUM,SOCIAL SUPPORT / ARCHIVE,TRUST AMPLIFIER / WORN PROOF / FRONT / FIT PROOF,[CURRENT SKU MATCH NEEDS VERIFICATION] 2026 판매 재고와 동일 SKU·사양인지 대표품 대조 전 공개 확정 금지. [PUBLICATION LOCK] 유료 납품물 재사용 승인 범위만 적용하며 모델명·키·몸무게·후기·추천·Ambassador 표현 및 자동 공개 금지.,NO — 실제 제품·핏·인물은 생성형 AI로 변경하지 않음. 승인 범위 안의 크롭·색보정·먼지 정리만 가능.,Todaylook full review U251; Source ZIP: 이혜린_berry_berryin_158cm_48kg_2026-08-15 00-41.zip; ZIP SHA-256: a4a13348f7c188376b1445510cb569849ddcab40ad90462c9914be6fca51fbec; Media SHA-256: f485423e9dbcd35faee9525d5968c902d85d68387e35996e6a803a242ac90c1b; 원본 ZIP 변경 없이 CRC 검증 추출본을 COPY.,CANDIDATE,REVIEWED,B,실제 확인: NIGHT CAP 오늘룩 유료 납품 사진. FRONT / FIT PROOF; setting=WINTER CAFE. Creative scores (5): Product 3 / Model 5 / Styling 5 / Environment 4 / Campaign 4 / Brand Fit 4 = 25/30; T4 disposition=BACKUP. 권리는 사용자 확인 유료 마케팅 납품 범위에서 CLEARED이나 현행 SKU 동일성은 별도 검증한다.,2026-08-15,CLEARED,USER CONFIRMED PAID MARKETING
AST-0925,01_INPUT(입력_원본)/06_SOCIAL_PROOF(실제착용_소셜증거)/paid_marketing_todaylook/이혜린_berry_berryin_158cm_48kg_2026-08-15 00-41/ePswg46bx4zGQQXCQslDYidP4O8CQjdJTEo7PNY7Q3bJn4lOhpy4n2oPK4YcCHvY.jpg,ePswg46bx4zGQQXCQslDYidP4O8CQjdJTEo7PNY7Q3bJn4lOhpy4n2oPK4YcCHvY.jpg,jpg,유료 마케팅 착용,NIGHT,이혜린_berry_berryin Todaylook 유료 마케팅 납품 CAP BACKUP 착용 사진,2580×3292,N/A — 정지 이미지,MEDIUM,HIGH,MEDIUM,SOCIAL SUPPORT / ARCHIVE,TRUST AMPLIFIER / WORN PROOF / FRONT / FIT PROOF,[CURRENT SKU MATCH NEEDS VERIFICATION] 2026 판매 재고와 동일 SKU·사양인지 대표품 대조 전 공개 확정 금지. [PUBLICATION LOCK] 유료 납품물 재사용 승인 범위만 적용하며 모델명·키·몸무게·후기·추천·Ambassador 표현 및 자동 공개 금지.,NO — 실제 제품·핏·인물은 생성형 AI로 변경하지 않음. 승인 범위 안의 크롭·색보정·먼지 정리만 가능.,Todaylook full review U252; Source ZIP: 이혜린_berry_berryin_158cm_48kg_2026-08-15 00-41.zip; ZIP SHA-256: a4a13348f7c188376b1445510cb569849ddcab40ad90462c9914be6fca51fbec; Media SHA-256: a5c8472a7019dc2845d718efdaf93daaaf701755596dffef1557c348934fbc76; 원본 ZIP 변경 없이 CRC 검증 추출본을 COPY.,CANDIDATE,REVIEWED,B,실제 확인: NIGHT CAP 오늘룩 유료 납품 사진. FRONT / FIT PROOF; setting=WINTER CAFE. Creative scores (5): Product 3 / Model 5 / Styling 5 / Environment 4 / Campaign 4 / Brand Fit 4 = 25/30; T4 disposition=BACKUP. 권리는 사용자 확인 유료 마케팅 납품 범위에서 CLEARED이나 현행 SKU 동일성은 별도 검증한다.,2026-08-15,CLEARED,USER CONFIRMED PAID MARKETING
AST-0926,01_INPUT(입력_원본)/06_SOCIAL_PROOF(실제착용_소셜증거)/paid_marketing_todaylook/이혜린_berry_berryin_158cm_48kg_2026-08-15 00-41/tC9CPgv1vkYM7lLp6xkgo0ip8djRPC6L8b1kobAoq2ByIfUweF3laQZSqrcek4mB.jpg,tC9CPgv1vkYM7lLp6xkgo0ip8djRPC6L8b1kobAoq2ByIfUweF3laQZSqrcek4mB.jpg,jpg,유료 마케팅 착용,NIGHT,이혜린_berry_berryin Todaylook 유료 마케팅 납품 CAP BACKUP 착용 사진,2580×3292,N/A — 정지 이미지,MEDIUM,HIGH,MEDIUM,SOCIAL SUPPORT / ARCHIVE,TRUST AMPLIFIER / WORN PROOF / BACK PROOF,[CURRENT SKU MATCH NEEDS VERIFICATION] 2026 판매 재고와 동일 SKU·사양인지 대표품 대조 전 공개 확정 금지. [PUBLICATION LOCK] 유료 납품물 재사용 승인 범위만 적용하며 모델명·키·몸무게·후기·추천·Ambassador 표현 및 자동 공개 금지.,NO — 실제 제품·핏·인물은 생성형 AI로 변경하지 않음. 승인 범위 안의 크롭·색보정·먼지 정리만 가능.,Todaylook full review U253; Source ZIP: 이혜린_berry_berryin_158cm_48kg_2026-08-15 00-41.zip; ZIP SHA-256: a4a13348f7c188376b1445510cb569849ddcab40ad90462c9914be6fca51fbec; Media SHA-256: 1d836a04f1368928105cb359caf4df2918edf374cf3a4e6f4814cd64656d1dc6; 원본 ZIP 변경 없이 CRC 검증 추출본을 COPY.,CANDIDATE,REVIEWED,B,실제 확인: NIGHT CAP 오늘룩 유료 납품 사진. BACK PROOF; setting=WINTER CAFE. Creative scores (5): Product 3 / Model 5 / Styling 5 / Environment 4 / Campaign 4 / Brand Fit 4 = 25/30; T4 disposition=BACKUP. 권리는 사용자 확인 유료 마케팅 납품 범위에서 CLEARED이나 현행 SKU 동일성은 별도 검증한다.,2026-08-15,CLEARED,USER CONFIRMED PAID MARKETING
AST-0927,01_INPUT(입력_원본)/06_SOCIAL_PROOF(실제착용_소셜증거)/paid_marketing_todaylook/이혜린_berry_berryin_158cm_48kg_2026-08-15 00-41/HkHjjgyfWx2QkUCgGVOgSZCah0y8dP8PtP3OOq8e8gOLkWDlfG2Vp2ArWMqYLWIy.jpg,HkHjjgyfWx2QkUCgGVOgSZCah0y8dP8PtP3OOq8e8gOLkWDlfG2Vp2ArWMqYLWIy.jpg,jpg,유료 마케팅 착용,NIGHT,이혜린_berry_berryin Todaylook 유료 마케팅 납품 CAP BACKUP 착용 사진,2580×3292,N/A — 정지 이미지,MEDIUM,HIGH,MEDIUM,SOCIAL SUPPORT / ARCHIVE,TRUST AMPLIFIER / WORN PROOF / DETAIL PROOF,[CURRENT SKU MATCH NEEDS VERIFICATION] 2026 판매 재고와 동일 SKU·사양인지 대표품 대조 전 공개 확정 금지. [PUBLICATION LOCK] 유료 납품물 재사용 승인 범위만 적용하며 모델명·키·몸무게·후기·추천·Ambassador 표현 및 자동 공개 금지.,NO — 실제 제품·핏·인물은 생성형 AI로 변경하지 않음. 승인 범위 안의 크롭·색보정·먼지 정리만 가능.,Todaylook full review U254; Source ZIP: 이혜린_berry_berryin_158cm_48kg_2026-08-15 00-41.zip; ZIP SHA-256: a4a13348f7c188376b1445510cb569849ddcab40ad90462c9914be6fca51fbec; Media SHA-256: 41f8661dc9ca9d3af848a614dd44c22357144640da972930416995116a5cf9d1; 원본 ZIP 변경 없이 CRC 검증 추출본을 COPY.,CANDIDATE,REVIEWED,B,실제 확인: NIGHT CAP 오늘룩 유료 납품 사진. DETAIL PROOF; setting=WINTER CAFE. Creative scores (5): Product 3 / Model 5 / Styling 5 / Environment 4 / Campaign 4 / Brand Fit 4 = 25/30; T4 disposition=BACKUP. 권리는 사용자 확인 유료 마케팅 납품 범위에서 CLEARED이나 현행 SKU 동일성은 별도 검증한다.,2026-08-15,CLEARED,USER CONFIRMED PAID MARKETING
AST-0928,01_INPUT(입력_원본)/06_SOCIAL_PROOF(실제착용_소셜증거)/paid_marketing_todaylook/이혜린_berry_berryin_158cm_48kg_2026-08-15 00-41/IMjPNzyVvpSZrfHCJgd6kMXxNpvYSiddopaYiiM3VknwDODbxVL3tg3pBMWzAF8M.jpg,IMjPNzyVvpSZrfHCJgd6kMXxNpvYSiddopaYiiM3VknwDODbxVL3tg3pBMWzAF8M.jpg,jpg,유료 마케팅 착용,NIGHT,이혜린_berry_berryin Todaylook 유료 마케팅 납품 CAP BACKUP 착용 사진,2580×3292,N/A — 정지 이미지,MEDIUM,HIGH,MEDIUM,SOCIAL SUPPORT / ARCHIVE,TRUST AMPLIFIER / WORN PROOF / FRONT / FIT PROOF,[CURRENT SKU MATCH NEEDS VERIFICATION] 2026 판매 재고와 동일 SKU·사양인지 대표품 대조 전 공개 확정 금지. [PUBLICATION LOCK] 유료 납품물 재사용 승인 범위만 적용하며 모델명·키·몸무게·후기·추천·Ambassador 표현 및 자동 공개 금지.,NO — 실제 제품·핏·인물은 생성형 AI로 변경하지 않음. 승인 범위 안의 크롭·색보정·먼지 정리만 가능.,Todaylook full review U255; Source ZIP: 이혜린_berry_berryin_158cm_48kg_2026-08-15 00-41.zip; ZIP SHA-256: a4a13348f7c188376b1445510cb569849ddcab40ad90462c9914be6fca51fbec; Media SHA-256: 8ed1a9606337870de7331a1f5da831ce9dd21f0654aa19c83701a58c54eb8598; 원본 ZIP 변경 없이 CRC 검증 추출본을 COPY.,CANDIDATE,REVIEWED,B,실제 확인: NIGHT CAP 오늘룩 유료 납품 사진. FRONT / FIT PROOF; setting=WINTER CAFE. Creative scores (5): Product 3 / Model 5 / Styling 5 / Environment 4 / Campaign 4 / Brand Fit 4 = 25/30; T4 disposition=BACKUP. 권리는 사용자 확인 유료 마케팅 납품 범위에서 CLEARED이나 현행 SKU 동일성은 별도 검증한다.,2026-08-15,CLEARED,USER CONFIRMED PAID MARKETING
AST-0929,01_INPUT(입력_원본)/06_SOCIAL_PROOF(실제착용_소셜증거)/paid_marketing_todaylook/이혜린_berry_berryin_158cm_48kg_2026-08-15 00-41/l2SHBUcaeMQK7j4tFSlC6ummkhCzCYNKfAOvSI9ICAZt5Y4Vp3bgwDmxHoCQbcKJ.jpg,l2SHBUcaeMQK7j4tFSlC6ummkhCzCYNKfAOvSI9ICAZt5Y4Vp3bgwDmxHoCQbcKJ.jpg,jpg,유료 마케팅 착용,NIGHT,이혜린_berry_berryin Todaylook 유료 마케팅 납품 CAP BACKUP 착용 사진,2580×3292,N/A — 정지 이미지,MEDIUM,HIGH,MEDIUM,SOCIAL SUPPORT / ARCHIVE,TRUST AMPLIFIER / WORN PROOF / FRONT / FIT PROOF,[CURRENT SKU MATCH NEEDS VERIFICATION] 2026 판매 재고와 동일 SKU·사양인지 대표품 대조 전 공개 확정 금지. [PUBLICATION LOCK] 유료 납품물 재사용 승인 범위만 적용하며 모델명·키·몸무게·후기·추천·Ambassador 표현 및 자동 공개 금지.,NO — 실제 제품·핏·인물은 생성형 AI로 변경하지 않음. 승인 범위 안의 크롭·색보정·먼지 정리만 가능.,Todaylook full review U256; Source ZIP: 이혜린_berry_berryin_158cm_48kg_2026-08-15 00-41.zip; ZIP SHA-256: a4a13348f7c188376b1445510cb569849ddcab40ad90462c9914be6fca51fbec; Media SHA-256: 0c47a81c60dc00e8c128b48e6b884e6da01fb540cafc2aa26e3267f9cc6f7c2a; 원본 ZIP 변경 없이 CRC 검증 추출본을 COPY.,CANDIDATE,REVIEWED,B,실제 확인: NIGHT CAP 오늘룩 유료 납품 사진. FRONT / FIT PROOF; setting=WINTER CAFE. Creative scores (5): Product 3 / Model 5 / Styling 5 / Environment 4 / Campaign 4 / Brand Fit 4 = 25/30; T4 disposition=BACKUP. 권리는 사용자 확인 유료 마케팅 납품 범위에서 CLEARED이나 현행 SKU 동일성은 별도 검증한다.,2026-08-15,CLEARED,USER CONFIRMED PAID MARKETING
AST-0930,01_INPUT(입력_원본)/06_SOCIAL_PROOF(실제착용_소셜증거)/paid_marketing_todaylook/이혜린_berry_berryin_158cm_48kg_2026-08-15 00-41/XUiwoeuppOtT13E0ZdeX0tWE5bkqilCNTdKxP7GAQDkXZYAervJXeo4xriv7JdRB.jpg,XUiwoeuppOtT13E0ZdeX0tWE5bkqilCNTdKxP7GAQDkXZYAervJXeo4xriv7JdRB.jpg,jpg,유료 마케팅 착용,NIGHT,이혜린_berry_berryin Todaylook 유료 마케팅 납품 CAP BACKUP 착용 사진,2580×3292,N/A — 정지 이미지,MEDIUM,HIGH,MEDIUM,SOCIAL SUPPORT / ARCHIVE,TRUST AMPLIFIER / WORN PROOF / FRONT / FIT PROOF,[CURRENT SKU MATCH NEEDS VERIFICATION] 2026 판매 재고와 동일 SKU·사양인지 대표품 대조 전 공개 확정 금지. [PUBLICATION LOCK] 유료 납품물 재사용 승인 범위만 적용하며 모델명·키·몸무게·후기·추천·Ambassador 표현 및 자동 공개 금지.,NO — 실제 제품·핏·인물은 생성형 AI로 변경하지 않음. 승인 범위 안의 크롭·색보정·먼지 정리만 가능.,Todaylook full review U257; Source ZIP: 이혜린_berry_berryin_158cm_48kg_2026-08-15 00-41.zip; ZIP SHA-256: a4a13348f7c188376b1445510cb569849ddcab40ad90462c9914be6fca51fbec; Media SHA-256: 4463ed5129096908164069fe4efc9960858676fa5251d0da0a63d6cd8411dd6d; 원본 ZIP 변경 없이 CRC 검증 추출본을 COPY.,CANDIDATE,REVIEWED,B,실제 확인: NIGHT CAP 오늘룩 유료 납품 사진. FRONT / FIT PROOF; setting=WINTER CAFE. Creative scores (5): Product 3 / Model 5 / Styling 5 / Environment 4 / Campaign 4 / Brand Fit 4 = 25/30; T4 disposition=BACKUP. 권리는 사용자 확인 유료 마케팅 납품 범위에서 CLEARED이나 현행 SKU 동일성은 별도 검증한다.,2026-08-15,CLEARED,USER CONFIRMED PAID MARKETING
AST-0931,01_INPUT(입력_원본)/06_SOCIAL_PROOF(실제착용_소셜증거)/paid_marketing_todaylook/이혜린_berry_berryin_158cm_48kg_2026-08-15 00-41/eNSzH6T7sMtsMcQA4QuutCt3XI88uvdGCUdefnQTdV5YDpzgVEpmK4G8WsMPjXNc.jpg,eNSzH6T7sMtsMcQA4QuutCt3XI88uvdGCUdefnQTdV5YDpzgVEpmK4G8WsMPjXNc.jpg,jpg,유료 마케팅 착용,NIGHT,이혜린_berry_berryin Todaylook 유료 마케팅 납품 CAP BACKUP 착용 사진,2580×3292,N/A — 정지 이미지,MEDIUM,HIGH,MEDIUM,SOCIAL SUPPORT / ARCHIVE,TRUST AMPLIFIER / WORN PROOF / FRONT / FIT PROOF,[CURRENT SKU MATCH NEEDS VERIFICATION] 2026 판매 재고와 동일 SKU·사양인지 대표품 대조 전 공개 확정 금지. [PUBLICATION LOCK] 유료 납품물 재사용 승인 범위만 적용하며 모델명·키·몸무게·후기·추천·Ambassador 표현 및 자동 공개 금지.,NO — 실제 제품·핏·인물은 생성형 AI로 변경하지 않음. 승인 범위 안의 크롭·색보정·먼지 정리만 가능.,Todaylook full review U258; Source ZIP: 이혜린_berry_berryin_158cm_48kg_2026-08-15 00-41.zip; ZIP SHA-256: a4a13348f7c188376b1445510cb569849ddcab40ad90462c9914be6fca51fbec; Media SHA-256: ba43f64f91743d64f437ddb9a619ebf00f51a075ed33619a00f95e8ea9be296b; 원본 ZIP 변경 없이 CRC 검증 추출본을 COPY.,CANDIDATE,REVIEWED,B,실제 확인: NIGHT CAP 오늘룩 유료 납품 사진. FRONT / FIT PROOF; setting=WINTER CAFE. Creative scores (5): Product 3 / Model 5 / Styling 5 / Environment 4 / Campaign 4 / Brand Fit 4 = 25/30; T4 disposition=BACKUP. 권리는 사용자 확인 유료 마케팅 납품 범위에서 CLEARED이나 현행 SKU 동일성은 별도 검증한다.,2026-08-15,CLEARED,USER CONFIRMED PAID MARKETING
AST-0932,01_INPUT(입력_원본)/06_SOCIAL_PROOF(실제착용_소셜증거)/paid_marketing_todaylook/이혜린_berry_berryin_158cm_48kg_2026-08-15 00-41/cenrnhIX5RQeFcUZc9JlWCEmb4X8y3L3RiZHJ9Gvp72mSxZr407DpMc7MtLMMJqD.jpg,cenrnhIX5RQeFcUZc9JlWCEmb4X8y3L3RiZHJ9Gvp72mSxZr407DpMc7MtLMMJqD.jpg,jpg,유료 마케팅 착용,NIGHT,이혜린_berry_berryin Todaylook 유료 마케팅 납품 CAP BACKUP 착용 사진,2580×3292,N/A — 정지 이미지,MEDIUM,HIGH,MEDIUM,SOCIAL SUPPORT / ARCHIVE,TRUST AMPLIFIER / WORN PROOF / FRONT / FIT PROOF,[CURRENT SKU MATCH NEEDS VERIFICATION] 2026 판매 재고와 동일 SKU·사양인지 대표품 대조 전 공개 확정 금지. [PUBLICATION LOCK] 유료 납품물 재사용 승인 범위만 적용하며 모델명·키·몸무게·후기·추천·Ambassador 표현 및 자동 공개 금지.,NO — 실제 제품·핏·인물은 생성형 AI로 변경하지 않음. 승인 범위 안의 크롭·색보정·먼지 정리만 가능.,Todaylook full review U259; Source ZIP: 이혜린_berry_berryin_158cm_48kg_2026-08-15 00-41.zip; ZIP SHA-256: a4a13348f7c188376b1445510cb569849ddcab40ad90462c9914be6fca51fbec; Media SHA-256: f0971392185176518e23f7de1548075a800591f3262beb044fa1ef1e32ba2aeb; 원본 ZIP 변경 없이 CRC 검증 추출본을 COPY.,CANDIDATE,REVIEWED,B,실제 확인: NIGHT CAP 오늘룩 유료 납품 사진. FRONT / FIT PROOF; setting=WINTER CAFE. Creative scores (5): Product 3 / Model 5 / Styling 5 / Environment 4 / Campaign 4 / Brand Fit 4 = 25/30; T4 disposition=BACKUP. 권리는 사용자 확인 유료 마케팅 납품 범위에서 CLEARED이나 현행 SKU 동일성은 별도 검증한다.,2026-08-15,CLEARED,USER CONFIRMED PAID MARKETING
AST-0933,01_INPUT(입력_원본)/06_SOCIAL_PROOF(실제착용_소셜증거)/paid_marketing_todaylook/이혜린_berry_berryin_158cm_48kg_2026-08-15 00-42/HokPY7IFOtomvkJ7d6ET5ETdnEp6Fn34gvzOxBP7bizBumbz9h9sExL58xhxzF4C.jpg,HokPY7IFOtomvkJ7d6ET5ETdnEp6Fn34gvzOxBP7bizBumbz9h9sExL58xhxzF4C.jpg,jpg,유료 마케팅 착용,NIGHT,이혜린_berry_berryin Todaylook 유료 마케팅 납품 SWEATSHIRT KEEP 착용 사진,2580×3292,N/A — 정지 이미지,HIGH,HIGH,HIGH,WADIZ PEOPLE / PRODUCT PROOF / PAID CANDIDATE,TRUST AMPLIFIER / WORN PROOF / FRONT / FIT PROOF,[CURRENT SKU MATCH NEEDS VERIFICATION] 2026 판매 재고와 동일 SKU·사양인지 대표품 대조 전 공개 확정 금지. [PUBLICATION LOCK] 유료 납품물 재사용 승인 범위만 적용하며 모델명·키·몸무게·후기·추천·Ambassador 표현 및 자동 공개 금지.,NO — 실제 제품·핏·인물은 생성형 AI로 변경하지 않음. 승인 범위 안의 크롭·색보정·먼지 정리만 가능.,Todaylook full review U260; Source ZIP: 이혜린_berry_berryin_158cm_48kg_2026-08-15 00-42.zip; ZIP SHA-256: 0cf8a520a9fcef09238909b8c80b8ff6d0fc7d245a986c08361505f3426f6508; Media SHA-256: b948acd927a9d588ca6e18ae886936135700dc8053c8479dc5ec9aec91f35179; 원본 ZIP 변경 없이 CRC 검증 추출본을 COPY.,CANDIDATE,REVIEWED,A,실제 확인: NIGHT SWEATSHIRT 오늘룩 유료 납품 사진. FRONT / FIT PROOF; setting=CAFE / GOLDEN LIGHT. Creative scores (5): Product 5 / Model 5 / Styling 5 / Environment 5 / Campaign 5 / Brand Fit 5 = 30/30; T4 disposition=KEEP. 권리는 사용자 확인 유료 마케팅 납품 범위에서 CLEARED이나 현행 SKU 동일성은 별도 검증한다.,2026-08-15,CLEARED,USER CONFIRMED PAID MARKETING
AST-0934,01_INPUT(입력_원본)/06_SOCIAL_PROOF(실제착용_소셜증거)/paid_marketing_todaylook/이혜린_berry_berryin_158cm_48kg_2026-08-15 00-42/G0t9BXamK4V3HJwyYavtS35PrIoKpeGks5wNDNksMG7sjNzYeAAIybbkkryZtT9T.jpg,G0t9BXamK4V3HJwyYavtS35PrIoKpeGks5wNDNksMG7sjNzYeAAIybbkkryZtT9T.jpg,jpg,유료 마케팅 착용,NIGHT,이혜린_berry_berryin Todaylook 유료 마케팅 납품 SWEATSHIRT KEEP 착용 사진,2580×3292,N/A — 정지 이미지,HIGH,HIGH,HIGH,WADIZ PEOPLE / PRODUCT PROOF / PAID CANDIDATE,TRUST AMPLIFIER / WORN PROOF / FRONT / FIT PROOF,[CURRENT SKU MATCH NEEDS VERIFICATION] 2026 판매 재고와 동일 SKU·사양인지 대표품 대조 전 공개 확정 금지. [PUBLICATION LOCK] 유료 납품물 재사용 승인 범위만 적용하며 모델명·키·몸무게·후기·추천·Ambassador 표현 및 자동 공개 금지.,NO — 실제 제품·핏·인물은 생성형 AI로 변경하지 않음. 승인 범위 안의 크롭·색보정·먼지 정리만 가능.,Todaylook full review U261; Source ZIP: 이혜린_berry_berryin_158cm_48kg_2026-08-15 00-42.zip; ZIP SHA-256: 0cf8a520a9fcef09238909b8c80b8ff6d0fc7d245a986c08361505f3426f6508; Media SHA-256: e5ad8bd0317cb59c7db4fe13918709b5b976d4627423fcf5950258350c584aa3; 원본 ZIP 변경 없이 CRC 검증 추출본을 COPY.,CANDIDATE,REVIEWED,A,실제 확인: NIGHT SWEATSHIRT 오늘룩 유료 납품 사진. FRONT / FIT PROOF; setting=CAFE / GOLDEN LIGHT. Creative scores (5): Product 5 / Model 5 / Styling 5 / Environment 5 / Campaign 5 / Brand Fit 5 = 30/30; T4 disposition=KEEP. 권리는 사용자 확인 유료 마케팅 납품 범위에서 CLEARED이나 현행 SKU 동일성은 별도 검증한다.,2026-08-15,CLEARED,USER CONFIRMED PAID MARKETING
AST-0935,01_INPUT(입력_원본)/06_SOCIAL_PROOF(실제착용_소셜증거)/paid_marketing_todaylook/이혜린_berry_berryin_158cm_48kg_2026-08-15 00-42/3smsAUtFzhCAMY1H5OXWRpd1YtHLk0oveazAmRYUrpUhSzmclcGFNZu5qr5cEFXA.jpg,3smsAUtFzhCAMY1H5OXWRpd1YtHLk0oveazAmRYUrpUhSzmclcGFNZu5qr5cEFXA.jpg,jpg,유료 마케팅 착용,NIGHT,이혜린_berry_berryin Todaylook 유료 마케팅 납품 SWEATSHIRT KEEP 착용 사진,2580×3292,N/A — 정지 이미지,HIGH,HIGH,HIGH,WADIZ PEOPLE / PRODUCT PROOF / PAID CANDIDATE,TRUST AMPLIFIER / WORN PROOF / FRONT / FIT PROOF,[CURRENT SKU MATCH NEEDS VERIFICATION] 2026 판매 재고와 동일 SKU·사양인지 대표품 대조 전 공개 확정 금지. [PUBLICATION LOCK] 유료 납품물 재사용 승인 범위만 적용하며 모델명·키·몸무게·후기·추천·Ambassador 표현 및 자동 공개 금지.,NO — 실제 제품·핏·인물은 생성형 AI로 변경하지 않음. 승인 범위 안의 크롭·색보정·먼지 정리만 가능.,Todaylook full review U262; Source ZIP: 이혜린_berry_berryin_158cm_48kg_2026-08-15 00-42.zip; ZIP SHA-256: 0cf8a520a9fcef09238909b8c80b8ff6d0fc7d245a986c08361505f3426f6508; Media SHA-256: e790cd37cd6b4c0c3bd95b85ae719ddf3f10fc110bc377e4efe94011fbe425f8; 원본 ZIP 변경 없이 CRC 검증 추출본을 COPY.,CANDIDATE,REVIEWED,A,실제 확인: NIGHT SWEATSHIRT 오늘룩 유료 납품 사진. FRONT / FIT PROOF; setting=CAFE / GOLDEN LIGHT. Creative scores (5): Product 5 / Model 5 / Styling 5 / Environment 5 / Campaign 5 / Brand Fit 5 = 30/30; T4 disposition=KEEP. 권리는 사용자 확인 유료 마케팅 납품 범위에서 CLEARED이나 현행 SKU 동일성은 별도 검증한다.,2026-08-15,CLEARED,USER CONFIRMED PAID MARKETING
AST-0936,01_INPUT(입력_원본)/06_SOCIAL_PROOF(실제착용_소셜증거)/paid_marketing_todaylook/이혜린_berry_berryin_158cm_48kg_2026-08-15 00-42/Yg45fsP3y3cG7ddVtgCRXmvcPkTt06ihpmACv8ucK0THgAdIeByYcHwTd4i8TT5Z.jpg,Yg45fsP3y3cG7ddVtgCRXmvcPkTt06ihpmACv8ucK0THgAdIeByYcHwTd4i8TT5Z.jpg,jpg,유료 마케팅 착용,NIGHT,이혜린_berry_berryin Todaylook 유료 마케팅 납품 SWEATSHIRT KEEP 착용 사진,2580×3291,N/A — 정지 이미지,HIGH,HIGH,HIGH,WADIZ PEOPLE / PRODUCT PROOF / PAID CANDIDATE,TRUST AMPLIFIER / WORN PROOF / DETAIL PROOF,[CURRENT SKU MATCH NEEDS VERIFICATION] 2026 판매 재고와 동일 SKU·사양인지 대표품 대조 전 공개 확정 금지. [PUBLICATION LOCK] 유료 납품물 재사용 승인 범위만 적용하며 모델명·키·몸무게·후기·추천·Ambassador 표현 및 자동 공개 금지.,NO — 실제 제품·핏·인물은 생성형 AI로 변경하지 않음. 승인 범위 안의 크롭·색보정·먼지 정리만 가능.,Todaylook full review U263; Source ZIP: 이혜린_berry_berryin_158cm_48kg_2026-08-15 00-42.zip; ZIP SHA-256: 0cf8a520a9fcef09238909b8c80b8ff6d0fc7d245a986c08361505f3426f6508; Media SHA-256: f95c964d1f579a3fbae09141b0a15a9245ce1b6c3cc4688a916389282c0dd777; 원본 ZIP 변경 없이 CRC 검증 추출본을 COPY.,CANDIDATE,REVIEWED,A,실제 확인: NIGHT SWEATSHIRT 오늘룩 유료 납품 사진. DETAIL PROOF; setting=CAFE / GOLDEN LIGHT. Creative scores (5): Product 5 / Model 5 / Styling 5 / Environment 5 / Campaign 5 / Brand Fit 5 = 30/30; T4 disposition=KEEP. 권리는 사용자 확인 유료 마케팅 납품 범위에서 CLEARED이나 현행 SKU 동일성은 별도 검증한다.,2026-08-15,CLEARED,USER CONFIRMED PAID MARKETING
AST-0937,01_INPUT(입력_원본)/06_SOCIAL_PROOF(실제착용_소셜증거)/paid_marketing_todaylook/이혜린_berry_berryin_158cm_48kg_2026-08-15 00-42/B27gZExEFpHDDsHlp1XBuwOa8s2VisjuDA5KUhV9hAVm47F6qOtS033cJNMO5uAm.jpg,B27gZExEFpHDDsHlp1XBuwOa8s2VisjuDA5KUhV9hAVm47F6qOtS033cJNMO5uAm.jpg,jpg,유료 마케팅 착용,NIGHT,이혜린_berry_berryin Todaylook 유료 마케팅 납품 SWEATSHIRT KEEP 착용 사진,2580×3293,N/A — 정지 이미지,HIGH,HIGH,HIGH,WADIZ PEOPLE / PRODUCT PROOF / PAID CANDIDATE,TRUST AMPLIFIER / WORN PROOF / DETAIL PROOF,[CURRENT SKU MATCH NEEDS VERIFICATION] 2026 판매 재고와 동일 SKU·사양인지 대표품 대조 전 공개 확정 금지. [PUBLICATION LOCK] 유료 납품물 재사용 승인 범위만 적용하며 모델명·키·몸무게·후기·추천·Ambassador 표현 및 자동 공개 금지.,NO — 실제 제품·핏·인물은 생성형 AI로 변경하지 않음. 승인 범위 안의 크롭·색보정·먼지 정리만 가능.,Todaylook full review U264; Source ZIP: 이혜린_berry_berryin_158cm_48kg_2026-08-15 00-42.zip; ZIP SHA-256: 0cf8a520a9fcef09238909b8c80b8ff6d0fc7d245a986c08361505f3426f6508; Media SHA-256: fd78661b0fb2c09958212bfeadfbc4576b4f25b79dc92116f06176142951394c; 원본 ZIP 변경 없이 CRC 검증 추출본을 COPY.,CANDIDATE,REVIEWED,A,실제 확인: NIGHT SWEATSHIRT 오늘룩 유료 납품 사진. DETAIL PROOF; setting=CAFE / GOLDEN LIGHT. Creative scores (5): Product 5 / Model 5 / Styling 5 / Environment 5 / Campaign 5 / Brand Fit 5 = 30/30; T4 disposition=KEEP. 권리는 사용자 확인 유료 마케팅 납품 범위에서 CLEARED이나 현행 SKU 동일성은 별도 검증한다.,2026-08-15,CLEARED,USER CONFIRMED PAID MARKETING
AST-0938,01_INPUT(입력_원본)/06_SOCIAL_PROOF(실제착용_소셜증거)/paid_marketing_todaylook/이혜린_berry_berryin_158cm_48kg_2026-08-15 00-42/O84kXvJprb4dBbfGU8aSiC6xvH1bRKJkrje6M7AiZsvmekik1m3rcr5maPDDfNes.jpg,O84kXvJprb4dBbfGU8aSiC6xvH1bRKJkrje6M7AiZsvmekik1m3rcr5maPDDfNes.jpg,jpg,유료 마케팅 착용,NIGHT,이혜린_berry_berryin Todaylook 유료 마케팅 납품 SWEATSHIRT KEEP 착용 사진,2580×3292,N/A — 정지 이미지,HIGH,HIGH,HIGH,WADIZ PEOPLE / PRODUCT PROOF / PAID CANDIDATE,TRUST AMPLIFIER / WORN PROOF / FRONT / FIT PROOF,[CURRENT SKU MATCH NEEDS VERIFICATION] 2026 판매 재고와 동일 SKU·사양인지 대표품 대조 전 공개 확정 금지. [PUBLICATION LOCK] 유료 납품물 재사용 승인 범위만 적용하며 모델명·키·몸무게·후기·추천·Ambassador 표현 및 자동 공개 금지.,NO — 실제 제품·핏·인물은 생성형 AI로 변경하지 않음. 승인 범위 안의 크롭·색보정·먼지 정리만 가능.,Todaylook full review U265; Source ZIP: 이혜린_berry_berryin_158cm_48kg_2026-08-15 00-42.zip; ZIP SHA-256: 0cf8a520a9fcef09238909b8c80b8ff6d0fc7d245a986c08361505f3426f6508; Media SHA-256: cfbdf2031cb1ceb34caf42dcaf8dc16dc34f2ecdba6604f8247c079fee9e4212; 원본 ZIP 변경 없이 CRC 검증 추출본을 COPY.,CANDIDATE,REVIEWED,A,실제 확인: NIGHT SWEATSHIRT 오늘룩 유료 납품 사진. FRONT / FIT PROOF; setting=CAFE / GOLDEN LIGHT. Creative scores (5): Product 5 / Model 5 / Styling 5 / Environment 5 / Campaign 5 / Brand Fit 5 = 30/30; T4 disposition=KEEP. 권리는 사용자 확인 유료 마케팅 납품 범위에서 CLEARED이나 현행 SKU 동일성은 별도 검증한다.,2026-08-15,CLEARED,USER CONFIRMED PAID MARKETING
AST-0939,01_INPUT(입력_원본)/06_SOCIAL_PROOF(실제착용_소셜증거)/paid_marketing_todaylook/이혜린_berry_berryin_158cm_48kg_2026-08-15 00-42/41ue3SY6bu7UjJJVS8K5f67gEAxiDUlMZQPVYgpm2HXCy25ZK9EtUVTOQAcVA2R5.jpg,41ue3SY6bu7UjJJVS8K5f67gEAxiDUlMZQPVYgpm2HXCy25ZK9EtUVTOQAcVA2R5.jpg,jpg,유료 마케팅 착용,NIGHT,이혜린_berry_berryin Todaylook 유료 마케팅 납품 SWEATSHIRT KEEP 착용 사진,2580×3292,N/A — 정지 이미지,HIGH,HIGH,HIGH,WADIZ PEOPLE / PRODUCT PROOF / PAID CANDIDATE,TRUST AMPLIFIER / WORN PROOF / FRONT / FIT PROOF,[CURRENT SKU MATCH NEEDS VERIFICATION] 2026 판매 재고와 동일 SKU·사양인지 대표품 대조 전 공개 확정 금지. [PUBLICATION LOCK] 유료 납품물 재사용 승인 범위만 적용하며 모델명·키·몸무게·후기·추천·Ambassador 표현 및 자동 공개 금지.,NO — 실제 제품·핏·인물은 생성형 AI로 변경하지 않음. 승인 범위 안의 크롭·색보정·먼지 정리만 가능.,Todaylook full review U266; Source ZIP: 이혜린_berry_berryin_158cm_48kg_2026-08-15 00-42.zip; ZIP SHA-256: 0cf8a520a9fcef09238909b8c80b8ff6d0fc7d245a986c08361505f3426f6508; Media SHA-256: 7d312c79215b4e695e5a9b349adc32a76405ead4d73fa00c98ecadba5c6fbc39; 원본 ZIP 변경 없이 CRC 검증 추출본을 COPY.,CANDIDATE,REVIEWED,A,실제 확인: NIGHT SWEATSHIRT 오늘룩 유료 납품 사진. FRONT / FIT PROOF; setting=CAFE / GOLDEN LIGHT. Creative scores (5): Product 5 / Model 5 / Styling 5 / Environment 5 / Campaign 5 / Brand Fit 5 = 30/30; T4 disposition=KEEP. 권리는 사용자 확인 유료 마케팅 납품 범위에서 CLEARED이나 현행 SKU 동일성은 별도 검증한다.,2026-08-15,CLEARED,USER CONFIRMED PAID MARKETING
AST-0940,01_INPUT(입력_원본)/06_SOCIAL_PROOF(실제착용_소셜증거)/paid_marketing_todaylook/이혜린_berry_berryin_158cm_48kg_2026-08-15 00-42/Pe8hnOrZDg1ycFmDJxB0aU27wIWJ3o7JR1Jw0Cz6cdJ7liF4BjqdEpcCeDIf9L4v.jpg,Pe8hnOrZDg1ycFmDJxB0aU27wIWJ3o7JR1Jw0Cz6cdJ7liF4BjqdEpcCeDIf9L4v.jpg,jpg,유료 마케팅 착용,NIGHT,이혜린_berry_berryin Todaylook 유료 마케팅 납품 SWEATSHIRT KEEP 착용 사진,2580×3292,N/A — 정지 이미지,HIGH,HIGH,HIGH,WADIZ PEOPLE / PRODUCT PROOF / PAID CANDIDATE,TRUST AMPLIFIER / WORN PROOF / FRONT / FIT PROOF,[CURRENT SKU MATCH NEEDS VERIFICATION] 2026 판매 재고와 동일 SKU·사양인지 대표품 대조 전 공개 확정 금지. [PUBLICATION LOCK] 유료 납품물 재사용 승인 범위만 적용하며 모델명·키·몸무게·후기·추천·Ambassador 표현 및 자동 공개 금지.,NO — 실제 제품·핏·인물은 생성형 AI로 변경하지 않음. 승인 범위 안의 크롭·색보정·먼지 정리만 가능.,Todaylook full review U267; Source ZIP: 이혜린_berry_berryin_158cm_48kg_2026-08-15 00-42.zip; ZIP SHA-256: 0cf8a520a9fcef09238909b8c80b8ff6d0fc7d245a986c08361505f3426f6508; Media SHA-256: 79cbe8c51f45caf8cf02a02919894de3bf9cbbc69644108e31b030f2080685c2; 원본 ZIP 변경 없이 CRC 검증 추출본을 COPY.,CANDIDATE,REVIEWED,A,실제 확인: NIGHT SWEATSHIRT 오늘룩 유료 납품 사진. FRONT / FIT PROOF; setting=CAFE / GOLDEN LIGHT. Creative scores (5): Product 5 / Model 5 / Styling 5 / Environment 5 / Campaign 5 / Brand Fit 5 = 30/30; T4 disposition=KEEP. 권리는 사용자 확인 유료 마케팅 납품 범위에서 CLEARED이나 현행 SKU 동일성은 별도 검증한다.,2026-08-15,CLEARED,USER CONFIRMED PAID MARKETING
AST-0941,01_INPUT(입력_원본)/06_SOCIAL_PROOF(실제착용_소셜증거)/paid_marketing_todaylook/이혜린_berry_berryin_158cm_48kg_2026-08-15 00-42/uKis3cBi9lbTbcV0ZrJkbsCLajiqmtDjs6XIMO4gxxY7kz7X7vTKcOzsLpHtqYqK.jpg,uKis3cBi9lbTbcV0ZrJkbsCLajiqmtDjs6XIMO4gxxY7kz7X7vTKcOzsLpHtqYqK.jpg,jpg,유료 마케팅 착용,NIGHT,이혜린_berry_berryin Todaylook 유료 마케팅 납품 SWEATSHIRT KEEP 착용 사진,2580×3292,N/A — 정지 이미지,HIGH,HIGH,HIGH,WADIZ PEOPLE / PRODUCT PROOF / PAID CANDIDATE,TRUST AMPLIFIER / WORN PROOF / FRONT / FIT PROOF,[CURRENT SKU MATCH NEEDS VERIFICATION] 2026 판매 재고와 동일 SKU·사양인지 대표품 대조 전 공개 확정 금지. [PUBLICATION LOCK] 유료 납품물 재사용 승인 범위만 적용하며 모델명·키·몸무게·후기·추천·Ambassador 표현 및 자동 공개 금지.,NO — 실제 제품·핏·인물은 생성형 AI로 변경하지 않음. 승인 범위 안의 크롭·색보정·먼지 정리만 가능.,Todaylook full review U268; Source ZIP: 이혜린_berry_berryin_158cm_48kg_2026-08-15 00-42.zip; ZIP SHA-256: 0cf8a520a9fcef09238909b8c80b8ff6d0fc7d245a986c08361505f3426f6508; Media SHA-256: 7e47a3608587df50aa98929b7bda5357d66d6951ddeb7580d41c3f0c7f6a1859; 원본 ZIP 변경 없이 CRC 검증 추출본을 COPY.,CANDIDATE,REVIEWED,A,실제 확인: NIGHT SWEATSHIRT 오늘룩 유료 납품 사진. FRONT / FIT PROOF; setting=CAFE / GOLDEN LIGHT. Creative scores (5): Product 5 / Model 5 / Styling 5 / Environment 5 / Campaign 5 / Brand Fit 5 = 30/30; T4 disposition=KEEP. 권리는 사용자 확인 유료 마케팅 납품 범위에서 CLEARED이나 현행 SKU 동일성은 별도 검증한다.,2026-08-15,CLEARED,USER CONFIRMED PAID MARKETING
AST-0942,01_INPUT(입력_원본)/06_SOCIAL_PROOF(실제착용_소셜증거)/paid_marketing_todaylook/이혜린_berry_berryin_158cm_48kg_2026-08-15 00-42/81K7UeqnbkfUPd6hoyeH3P15tQHOka6dX7v10eiurxEw8uvXdKVIbOvIhUkDyPzY.jpg,81K7UeqnbkfUPd6hoyeH3P15tQHOka6dX7v10eiurxEw8uvXdKVIbOvIhUkDyPzY.jpg,jpg,유료 마케팅 착용,NIGHT,이혜린_berry_berryin Todaylook 유료 마케팅 납품 SWEATSHIRT KEEP 착용 사진,2580×3293,N/A — 정지 이미지,HIGH,HIGH,HIGH,WADIZ PEOPLE / PRODUCT PROOF / PAID CANDIDATE,TRUST AMPLIFIER / WORN PROOF / BACK PROOF,[CURRENT SKU MATCH NEEDS VERIFICATION] 2026 판매 재고와 동일 SKU·사양인지 대표품 대조 전 공개 확정 금지. [PUBLICATION LOCK] 유료 납품물 재사용 승인 범위만 적용하며 모델명·키·몸무게·후기·추천·Ambassador 표현 및 자동 공개 금지.,NO — 실제 제품·핏·인물은 생성형 AI로 변경하지 않음. 승인 범위 안의 크롭·색보정·먼지 정리만 가능.,Todaylook full review U269; Source ZIP: 이혜린_berry_berryin_158cm_48kg_2026-08-15 00-42.zip; ZIP SHA-256: 0cf8a520a9fcef09238909b8c80b8ff6d0fc7d245a986c08361505f3426f6508; Media SHA-256: 2895cb55ae31550f391c5675fd18e48b348a8ef7c611655fdc59cc25e0a63464; 원본 ZIP 변경 없이 CRC 검증 추출본을 COPY.,CANDIDATE,REVIEWED,A,실제 확인: NIGHT SWEATSHIRT 오늘룩 유료 납품 사진. BACK PROOF; setting=CAFE / GOLDEN LIGHT. Creative scores (5): Product 5 / Model 5 / Styling 5 / Environment 5 / Campaign 5 / Brand Fit 5 = 30/30; T4 disposition=KEEP. 권리는 사용자 확인 유료 마케팅 납품 범위에서 CLEARED이나 현행 SKU 동일성은 별도 검증한다.,2026-08-15,CLEARED,USER CONFIRMED PAID MARKETING
AST-0943,01_INPUT(입력_원본)/06_SOCIAL_PROOF(실제착용_소셜증거)/paid_marketing_todaylook/이희수_hh_soo12_178cm_78kg_2026-08-15 00-41/USE28GKJx2Y9aWx8FWnQret012YjEt2WW5iMncSpb6LUoTf7cHeM2bkWXImxAKUn.jpg,USE28GKJx2Y9aWx8FWnQret012YjEt2WW5iMncSpb6LUoTf7cHeM2bkWXImxAKUn.jpg,jpg,유료 마케팅 착용,DAY,이희수_hh_soo12 Todaylook 유료 마케팅 납품 CAP CUT 착용 사진,2340×2987,N/A — 정지 이미지,LOW,MEDIUM,LOW,ARCHIVE / EXCLUDE,TRUST AMPLIFIER / WORN PROOF / FRONT / FIT PROOF,[CURRENT SKU MATCH NEEDS VERIFICATION] 2026 판매 재고와 동일 SKU·사양인지 대표품 대조 전 공개 확정 금지. [PUBLICATION LOCK] 유료 납품물 재사용 승인 범위만 적용하며 모델명·키·몸무게·후기·추천·Ambassador 표현 및 자동 공개 금지.,NO — 실제 제품·핏·인물은 생성형 AI로 변경하지 않음. 승인 범위 안의 크롭·색보정·먼지 정리만 가능.,Todaylook full review U270; Source ZIP: 이희수_hh_soo12_178cm_78kg_2026-08-15 00-41.zip; ZIP SHA-256: 67d0e0ab163f9ae37834e9412e059fc8bbec40b832724c31270387024ec5a7b9; Media SHA-256: bd2faa4e6dc110e351dd37b2e2408a755b33e6064ad12d3ab2d32b60f7588886; 원본 ZIP 변경 없이 CRC 검증 추출본을 COPY.,EXCLUDE,REVIEWED,D,실제 확인: DAY CAP 오늘룩 유료 납품 사진. FRONT / FIT PROOF; setting=STOREFRONT. Creative scores (5): Product 2 / Model 3 / Styling 3 / Environment 3 / Campaign 2 / Brand Fit 3 = 16/30; T4 disposition=CUT. 권리는 사용자 확인 유료 마케팅 납품 범위에서 CLEARED이나 현행 SKU 동일성은 별도 검증한다.,2026-08-15,CLEARED,USER CONFIRMED PAID MARKETING
AST-0944,01_INPUT(입력_원본)/06_SOCIAL_PROOF(실제착용_소셜증거)/paid_marketing_todaylook/이희수_hh_soo12_178cm_78kg_2026-08-15 00-41/N47ndpBw1iq2QMrdhp6RrSpBSuMxZeJ4N2Peze03s65cwQ2StnoKg2dhTK5mE2aG.jpg,N47ndpBw1iq2QMrdhp6RrSpBSuMxZeJ4N2Peze03s65cwQ2StnoKg2dhTK5mE2aG.jpg,jpg,유료 마케팅 착용,DAY,이희수_hh_soo12 Todaylook 유료 마케팅 납품 CAP CUT 착용 사진,2340×2987,N/A — 정지 이미지,LOW,MEDIUM,LOW,ARCHIVE / EXCLUDE,TRUST AMPLIFIER / WORN PROOF / FRONT / FIT PROOF,[CURRENT SKU MATCH NEEDS VERIFICATION] 2026 판매 재고와 동일 SKU·사양인지 대표품 대조 전 공개 확정 금지. [PUBLICATION LOCK] 유료 납품물 재사용 승인 범위만 적용하며 모델명·키·몸무게·후기·추천·Ambassador 표현 및 자동 공개 금지.,NO — 실제 제품·핏·인물은 생성형 AI로 변경하지 않음. 승인 범위 안의 크롭·색보정·먼지 정리만 가능.,Todaylook full review U271; Source ZIP: 이희수_hh_soo12_178cm_78kg_2026-08-15 00-41.zip; ZIP SHA-256: 67d0e0ab163f9ae37834e9412e059fc8bbec40b832724c31270387024ec5a7b9; Media SHA-256: 58602f62894c94939e3fdfa5708c97e5cc05233b0e7fa012857688acc5432590; 원본 ZIP 변경 없이 CRC 검증 추출본을 COPY.,EXCLUDE,REVIEWED,D,실제 확인: DAY CAP 오늘룩 유료 납품 사진. FRONT / FIT PROOF; setting=STOREFRONT. Creative scores (5): Product 2 / Model 3 / Styling 3 / Environment 3 / Campaign 2 / Brand Fit 3 = 16/30; T4 disposition=CUT. 권리는 사용자 확인 유료 마케팅 납품 범위에서 CLEARED이나 현행 SKU 동일성은 별도 검증한다.,2026-08-15,CLEARED,USER CONFIRMED PAID MARKETING
AST-0945,01_INPUT(입력_원본)/06_SOCIAL_PROOF(실제착용_소셜증거)/paid_marketing_todaylook/이희수_hh_soo12_178cm_78kg_2026-08-15 00-41/Xn8TQ97D9oqiwCcvoSdtNY2OAzoEvJaxxFsfHX6HHKwfNoDM3h6KwFY8Nf72yD31.jpg,Xn8TQ97D9oqiwCcvoSdtNY2OAzoEvJaxxFsfHX6HHKwfNoDM3h6KwFY8Nf72yD31.jpg,jpg,유료 마케팅 착용,DAY,이희수_hh_soo12 Todaylook 유료 마케팅 납품 CAP CUT 착용 사진,2340×2987,N/A — 정지 이미지,LOW,MEDIUM,LOW,ARCHIVE / EXCLUDE,TRUST AMPLIFIER / WORN PROOF / FRONT / FIT PROOF,[CURRENT SKU MATCH NEEDS VERIFICATION] 2026 판매 재고와 동일 SKU·사양인지 대표품 대조 전 공개 확정 금지. [PUBLICATION LOCK] 유료 납품물 재사용 승인 범위만 적용하며 모델명·키·몸무게·후기·추천·Ambassador 표현 및 자동 공개 금지.,NO — 실제 제품·핏·인물은 생성형 AI로 변경하지 않음. 승인 범위 안의 크롭·색보정·먼지 정리만 가능.,Todaylook full review U272; Source ZIP: 이희수_hh_soo12_178cm_78kg_2026-08-15 00-41.zip; ZIP SHA-256: 67d0e0ab163f9ae37834e9412e059fc8bbec40b832724c31270387024ec5a7b9; Media SHA-256: 39b1dfcec805ca27919c3b2ce003bb7c6b73578c34396819d6fe5a705549ffbb; 원본 ZIP 변경 없이 CRC 검증 추출본을 COPY.,EXCLUDE,REVIEWED,D,실제 확인: DAY CAP 오늘룩 유료 납품 사진. FRONT / FIT PROOF; setting=STOREFRONT. Creative scores (5): Product 2 / Model 3 / Styling 3 / Environment 3 / Campaign 2 / Brand Fit 3 = 16/30; T4 disposition=CUT. 권리는 사용자 확인 유료 마케팅 납품 범위에서 CLEARED이나 현행 SKU 동일성은 별도 검증한다.,2026-08-15,CLEARED,USER CONFIRMED PAID MARKETING
AST-0946,01_INPUT(입력_원본)/06_SOCIAL_PROOF(실제착용_소셜증거)/paid_marketing_todaylook/이희수_hh_soo12_178cm_78kg_2026-08-15 00-41/ZesVnt2HVCFoeHp7U54CFWVow9p5aIeYn1uowbNkgF9G1YP8Et1icgbw7K94LPtt.jpg,ZesVnt2HVCFoeHp7U54CFWVow9p5aIeYn1uowbNkgF9G1YP8Et1icgbw7K94LPtt.jpg,jpg,유료 마케팅 착용,DAY,이희수_hh_soo12 Todaylook 유료 마케팅 납품 CAP CUT 착용 사진,2340×2986,N/A — 정지 이미지,LOW,MEDIUM,LOW,ARCHIVE / EXCLUDE,TRUST AMPLIFIER / WORN PROOF / DETAIL PROOF,[CURRENT SKU MATCH NEEDS VERIFICATION] 2026 판매 재고와 동일 SKU·사양인지 대표품 대조 전 공개 확정 금지. [PUBLICATION LOCK] 유료 납품물 재사용 승인 범위만 적용하며 모델명·키·몸무게·후기·추천·Ambassador 표현 및 자동 공개 금지.,NO — 실제 제품·핏·인물은 생성형 AI로 변경하지 않음. 승인 범위 안의 크롭·색보정·먼지 정리만 가능.,Todaylook full review U273; Source ZIP: 이희수_hh_soo12_178cm_78kg_2026-08-15 00-41.zip; ZIP SHA-256: 67d0e0ab163f9ae37834e9412e059fc8bbec40b832724c31270387024ec5a7b9; Media SHA-256: 9d1191c2c98c9259a477d2438b04a6036a374f32915938c48d4c2552e7bcf75a; 원본 ZIP 변경 없이 CRC 검증 추출본을 COPY.,EXCLUDE,REVIEWED,D,실제 확인: DAY CAP 오늘룩 유료 납품 사진. DETAIL PROOF; setting=STOREFRONT. Creative scores (5): Product 2 / Model 3 / Styling 3 / Environment 3 / Campaign 2 / Brand Fit 3 = 16/30; T4 disposition=CUT. 권리는 사용자 확인 유료 마케팅 납품 범위에서 CLEARED이나 현행 SKU 동일성은 별도 검증한다.,2026-08-15,CLEARED,USER CONFIRMED PAID MARKETING
AST-0947,01_INPUT(입력_원본)/06_SOCIAL_PROOF(실제착용_소셜증거)/paid_marketing_todaylook/장형빈_memento_hb_89_175cm_75kg_2026-08-15 00-41/OEzH6nejFbFNqx81chf4oQpM9sCSNIrv6IhcKmhsLh98w4PuYUvERVMk0FCoJZuh.jpg,OEzH6nejFbFNqx81chf4oQpM9sCSNIrv6IhcKmhsLh98w4PuYUvERVMk0FCoJZuh.jpg,jpg,유료 마케팅 착용,NIGHT,장형빈_memento_hb_89 Todaylook 유료 마케팅 납품 CAP BACKUP 착용 사진,2250×2872,N/A — 정지 이미지,LOW,MEDIUM,MEDIUM,SOCIAL SUPPORT / ARCHIVE,TRUST AMPLIFIER / WORN PROOF / FRONT / FIT PROOF,[CURRENT SKU MATCH NEEDS VERIFICATION] 2026 판매 재고와 동일 SKU·사양인지 대표품 대조 전 공개 확정 금지. [PUBLICATION LOCK] 유료 납품물 재사용 승인 범위만 적용하며 모델명·키·몸무게·후기·추천·Ambassador 표현 및 자동 공개 금지.,NO — 실제 제품·핏·인물은 생성형 AI로 변경하지 않음. 승인 범위 안의 크롭·색보정·먼지 정리만 가능.,Todaylook full review U274; Source ZIP: 장형빈_memento_hb_89_175cm_75kg_2026-08-15 00-41.zip; ZIP SHA-256: 6bc479720cba5150a94ce23b772d460fc508373fb5472ad96c09fa93201f6d2c; Media SHA-256: 975f8f44df3cb6a1e55e9138a5066f3774c960615d767c280392f23a4a3c65f6; 원본 ZIP 변경 없이 CRC 검증 추출본을 COPY.,CANDIDATE,REVIEWED,B,실제 확인: NIGHT CAP 오늘룩 유료 납품 사진. FRONT / FIT PROOF; setting=STUDIO INTERIOR. Creative scores (5): Product 2 / Model 4 / Styling 4 / Environment 4 / Campaign 3 / Brand Fit 3 = 20/30; T4 disposition=BACKUP. 권리는 사용자 확인 유료 마케팅 납품 범위에서 CLEARED이나 현행 SKU 동일성은 별도 검증한다.,2026-08-15,CLEARED,USER CONFIRMED PAID MARKETING
AST-0948,01_INPUT(입력_원본)/06_SOCIAL_PROOF(실제착용_소셜증거)/paid_marketing_todaylook/장형빈_memento_hb_89_175cm_75kg_2026-08-15 00-41/z3OvnvtQpV5ubFS8WtEEf7lBNoPIdMGI60HyiPrw3CtdWKX3zAohqvoNZvuDCQtj.jpg,z3OvnvtQpV5ubFS8WtEEf7lBNoPIdMGI60HyiPrw3CtdWKX3zAohqvoNZvuDCQtj.jpg,jpg,유료 마케팅 착용,NIGHT,장형빈_memento_hb_89 Todaylook 유료 마케팅 납품 CAP BACKUP 착용 사진,2250×2872,N/A — 정지 이미지,LOW,MEDIUM,MEDIUM,SOCIAL SUPPORT / ARCHIVE,TRUST AMPLIFIER / WORN PROOF / FRONT / FIT PROOF,[CURRENT SKU MATCH NEEDS VERIFICATION] 2026 판매 재고와 동일 SKU·사양인지 대표품 대조 전 공개 확정 금지. [PUBLICATION LOCK] 유료 납품물 재사용 승인 범위만 적용하며 모델명·키·몸무게·후기·추천·Ambassador 표현 및 자동 공개 금지.,NO — 실제 제품·핏·인물은 생성형 AI로 변경하지 않음. 승인 범위 안의 크롭·색보정·먼지 정리만 가능.,Todaylook full review U275; Source ZIP: 장형빈_memento_hb_89_175cm_75kg_2026-08-15 00-41.zip; ZIP SHA-256: 6bc479720cba5150a94ce23b772d460fc508373fb5472ad96c09fa93201f6d2c; Media SHA-256: d8ce8e6d8d0d2f5cb13d03d4230b3c53778a7111c1c012a78f7192a18ec51df3; 원본 ZIP 변경 없이 CRC 검증 추출본을 COPY.,CANDIDATE,REVIEWED,B,실제 확인: NIGHT CAP 오늘룩 유료 납품 사진. FRONT / FIT PROOF; setting=STUDIO INTERIOR. Creative scores (5): Product 2 / Model 4 / Styling 4 / Environment 4 / Campaign 3 / Brand Fit 3 = 20/30; T4 disposition=BACKUP. 권리는 사용자 확인 유료 마케팅 납품 범위에서 CLEARED이나 현행 SKU 동일성은 별도 검증한다.,2026-08-15,CLEARED,USER CONFIRMED PAID MARKETING
AST-0949,01_INPUT(입력_원본)/06_SOCIAL_PROOF(실제착용_소셜증거)/paid_marketing_todaylook/장형빈_memento_hb_89_175cm_75kg_2026-08-15 00-41/eLvX9kRjEBaKshkLUZGeY5tX5nkj0jP9cpRgDzG471FdEFYFMi1aNUm7DXih6Qg8.jpg,eLvX9kRjEBaKshkLUZGeY5tX5nkj0jP9cpRgDzG471FdEFYFMi1aNUm7DXih6Qg8.jpg,jpg,유료 마케팅 착용,NIGHT,장형빈_memento_hb_89 Todaylook 유료 마케팅 납품 CAP BACKUP 착용 사진,2250×2872,N/A — 정지 이미지,LOW,MEDIUM,MEDIUM,SOCIAL SUPPORT / ARCHIVE,TRUST AMPLIFIER / WORN PROOF / FRONT / FIT PROOF,[CURRENT SKU MATCH NEEDS VERIFICATION] 2026 판매 재고와 동일 SKU·사양인지 대표품 대조 전 공개 확정 금지. [PUBLICATION LOCK] 유료 납품물 재사용 승인 범위만 적용하며 모델명·키·몸무게·후기·추천·Ambassador 표현 및 자동 공개 금지.,NO — 실제 제품·핏·인물은 생성형 AI로 변경하지 않음. 승인 범위 안의 크롭·색보정·먼지 정리만 가능.,Todaylook full review U276; Source ZIP: 장형빈_memento_hb_89_175cm_75kg_2026-08-15 00-41.zip; ZIP SHA-256: 6bc479720cba5150a94ce23b772d460fc508373fb5472ad96c09fa93201f6d2c; Media SHA-256: af5cbe3c89c6f1080b88a6ef93b6e04fdaba455127c937c4e4e9417868ee9f50; 원본 ZIP 변경 없이 CRC 검증 추출본을 COPY.,CANDIDATE,REVIEWED,B,실제 확인: NIGHT CAP 오늘룩 유료 납품 사진. FRONT / FIT PROOF; setting=STUDIO INTERIOR. Creative scores (5): Product 2 / Model 4 / Styling 4 / Environment 4 / Campaign 3 / Brand Fit 3 = 20/30; T4 disposition=BACKUP. 권리는 사용자 확인 유료 마케팅 납품 범위에서 CLEARED이나 현행 SKU 동일성은 별도 검증한다.,2026-08-15,CLEARED,USER CONFIRMED PAID MARKETING
AST-0950,01_INPUT(입력_원본)/06_SOCIAL_PROOF(실제착용_소셜증거)/paid_marketing_todaylook/장형빈_memento_hb_89_175cm_75kg_2026-08-15 00-41/gCAPdFrhYydy6lvd9Et2t4QAFygtXzI4asqeYYfBdOx2KOldbow9hl4Dzp5JqjpB.jpg,gCAPdFrhYydy6lvd9Et2t4QAFygtXzI4asqeYYfBdOx2KOldbow9hl4Dzp5JqjpB.jpg,jpg,유료 마케팅 착용,NIGHT,장형빈_memento_hb_89 Todaylook 유료 마케팅 납품 CAP BACKUP 착용 사진,2250×2871,N/A — 정지 이미지,LOW,MEDIUM,MEDIUM,SOCIAL SUPPORT / ARCHIVE,TRUST AMPLIFIER / WORN PROOF / DETAIL PROOF,[CURRENT SKU MATCH NEEDS VERIFICATION] 2026 판매 재고와 동일 SKU·사양인지 대표품 대조 전 공개 확정 금지. [PUBLICATION LOCK] 유료 납품물 재사용 승인 범위만 적용하며 모델명·키·몸무게·후기·추천·Ambassador 표현 및 자동 공개 금지.,NO — 실제 제품·핏·인물은 생성형 AI로 변경하지 않음. 승인 범위 안의 크롭·색보정·먼지 정리만 가능.,Todaylook full review U277; Source ZIP: 장형빈_memento_hb_89_175cm_75kg_2026-08-15 00-41.zip; ZIP SHA-256: 6bc479720cba5150a94ce23b772d460fc508373fb5472ad96c09fa93201f6d2c; Media SHA-256: d9980b49200177587e4f1dd4597bad9a39b04ee0f8a6bcbe995794b8265d4e8c; 원본 ZIP 변경 없이 CRC 검증 추출본을 COPY.,CANDIDATE,REVIEWED,B,실제 확인: NIGHT CAP 오늘룩 유료 납품 사진. DETAIL PROOF; setting=STUDIO INTERIOR. Creative scores (5): Product 2 / Model 4 / Styling 4 / Environment 4 / Campaign 3 / Brand Fit 3 = 20/30; T4 disposition=BACKUP. 권리는 사용자 확인 유료 마케팅 납품 범위에서 CLEARED이나 현행 SKU 동일성은 별도 검증한다.,2026-08-15,CLEARED,USER CONFIRMED PAID MARKETING
AST-0951,01_INPUT(입력_원본)/06_SOCIAL_PROOF(실제착용_소셜증거)/paid_marketing_todaylook/장형빈_memento_hb_89_175cm_75kg_2026-08-15 00-41/Ace0JRz74ZfgoDqcvbSjgUT9CxLUqy8h6U1yKe2BCjh7xNbVrJTqU2GXFtzHVn16.jpg,Ace0JRz74ZfgoDqcvbSjgUT9CxLUqy8h6U1yKe2BCjh7xNbVrJTqU2GXFtzHVn16.jpg,jpg,유료 마케팅 착용,NIGHT,장형빈_memento_hb_89 Todaylook 유료 마케팅 납품 CAP BACKUP 착용 사진,2250×2872,N/A — 정지 이미지,LOW,MEDIUM,MEDIUM,SOCIAL SUPPORT / ARCHIVE,TRUST AMPLIFIER / WORN PROOF / FRONT / FIT PROOF,[CURRENT SKU MATCH NEEDS VERIFICATION] 2026 판매 재고와 동일 SKU·사양인지 대표품 대조 전 공개 확정 금지. [PUBLICATION LOCK] 유료 납품물 재사용 승인 범위만 적용하며 모델명·키·몸무게·후기·추천·Ambassador 표현 및 자동 공개 금지.,NO — 실제 제품·핏·인물은 생성형 AI로 변경하지 않음. 승인 범위 안의 크롭·색보정·먼지 정리만 가능.,Todaylook full review U278; Source ZIP: 장형빈_memento_hb_89_175cm_75kg_2026-08-15 00-41.zip; ZIP SHA-256: 6bc479720cba5150a94ce23b772d460fc508373fb5472ad96c09fa93201f6d2c; Media SHA-256: aa28ca10f580c2d55c9c586c9eba80526b0bc1fc36cb2687665c3cba74b521ca; 원본 ZIP 변경 없이 CRC 검증 추출본을 COPY.,CANDIDATE,REVIEWED,B,실제 확인: NIGHT CAP 오늘룩 유료 납품 사진. FRONT / FIT PROOF; setting=STUDIO INTERIOR. Creative scores (5): Product 2 / Model 4 / Styling 4 / Environment 4 / Campaign 3 / Brand Fit 3 = 20/30; T4 disposition=BACKUP. 권리는 사용자 확인 유료 마케팅 납품 범위에서 CLEARED이나 현행 SKU 동일성은 별도 검증한다.,2026-08-15,CLEARED,USER CONFIRMED PAID MARKETING
AST-0952,01_INPUT(입력_원본)/06_SOCIAL_PROOF(실제착용_소셜증거)/paid_marketing_todaylook/장형빈_memento_hb_89_175cm_75kg_2026-08-15 00-41/juo316Nfh44kBR9mfBrKrMFxg9Wio34LeMgoS6JUa0xj2uHwFLxrooQ1bR0Ugj0g.jpg,juo316Nfh44kBR9mfBrKrMFxg9Wio34LeMgoS6JUa0xj2uHwFLxrooQ1bR0Ugj0g.jpg,jpg,유료 마케팅 착용,NIGHT,장형빈_memento_hb_89 Todaylook 유료 마케팅 납품 CAP BACKUP 착용 사진,2250×2872,N/A — 정지 이미지,LOW,MEDIUM,MEDIUM,SOCIAL SUPPORT / ARCHIVE,TRUST AMPLIFIER / WORN PROOF / FRONT / FIT PROOF,[CURRENT SKU MATCH NEEDS VERIFICATION] 2026 판매 재고와 동일 SKU·사양인지 대표품 대조 전 공개 확정 금지. [PUBLICATION LOCK] 유료 납품물 재사용 승인 범위만 적용하며 모델명·키·몸무게·후기·추천·Ambassador 표현 및 자동 공개 금지.,NO — 실제 제품·핏·인물은 생성형 AI로 변경하지 않음. 승인 범위 안의 크롭·색보정·먼지 정리만 가능.,Todaylook full review U279; Source ZIP: 장형빈_memento_hb_89_175cm_75kg_2026-08-15 00-41.zip; ZIP SHA-256: 6bc479720cba5150a94ce23b772d460fc508373fb5472ad96c09fa93201f6d2c; Media SHA-256: abd7842efd0e82570ddf946aa85e1304fe55b7f646bf2283ed0cccbcd1aa3def; 원본 ZIP 변경 없이 CRC 검증 추출본을 COPY.,CANDIDATE,REVIEWED,B,실제 확인: NIGHT CAP 오늘룩 유료 납품 사진. FRONT / FIT PROOF; setting=STUDIO INTERIOR. Creative scores (5): Product 2 / Model 4 / Styling 4 / Environment 4 / Campaign 3 / Brand Fit 3 = 20/30; T4 disposition=BACKUP. 권리는 사용자 확인 유료 마케팅 납품 범위에서 CLEARED이나 현행 SKU 동일성은 별도 검증한다.,2026-08-15,CLEARED,USER CONFIRMED PAID MARKETING
AST-0953,01_INPUT(입력_원본)/06_SOCIAL_PROOF(실제착용_소셜증거)/paid_marketing_todaylook/장형빈_memento_hb_89_175cm_75kg_2026-08-15 00-41/BDyTvm8BByxva8SspGziQrlrVKClGSw77iZY4mn9x6nwEfb4IoM47fPzTkpObtRk.jpg,BDyTvm8BByxva8SspGziQrlrVKClGSw77iZY4mn9x6nwEfb4IoM47fPzTkpObtRk.jpg,jpg,유료 마케팅 착용,NIGHT,장형빈_memento_hb_89 Todaylook 유료 마케팅 납품 CAP BACKUP 착용 사진,2250×2872,N/A — 정지 이미지,LOW,MEDIUM,MEDIUM,SOCIAL SUPPORT / ARCHIVE,TRUST AMPLIFIER / WORN PROOF / FRONT / FIT PROOF,[CURRENT SKU MATCH NEEDS VERIFICATION] 2026 판매 재고와 동일 SKU·사양인지 대표품 대조 전 공개 확정 금지. [PUBLICATION LOCK] 유료 납품물 재사용 승인 범위만 적용하며 모델명·키·몸무게·후기·추천·Ambassador 표현 및 자동 공개 금지.,NO — 실제 제품·핏·인물은 생성형 AI로 변경하지 않음. 승인 범위 안의 크롭·색보정·먼지 정리만 가능.,Todaylook full review U280; Source ZIP: 장형빈_memento_hb_89_175cm_75kg_2026-08-15 00-41.zip; ZIP SHA-256: 6bc479720cba5150a94ce23b772d460fc508373fb5472ad96c09fa93201f6d2c; Media SHA-256: e56e47ff5109ec05df712f42512afbd80818f623ba13a0392bec6f2a1d552df5; 원본 ZIP 변경 없이 CRC 검증 추출본을 COPY.,CANDIDATE,REVIEWED,B,실제 확인: NIGHT CAP 오늘룩 유료 납품 사진. FRONT / FIT PROOF; setting=STUDIO INTERIOR. Creative scores (5): Product 2 / Model 4 / Styling 4 / Environment 4 / Campaign 3 / Brand Fit 3 = 20/30; T4 disposition=BACKUP. 권리는 사용자 확인 유료 마케팅 납품 범위에서 CLEARED이나 현행 SKU 동일성은 별도 검증한다.,2026-08-15,CLEARED,USER CONFIRMED PAID MARKETING
AST-0954,01_INPUT(입력_원본)/06_SOCIAL_PROOF(실제착용_소셜증거)/paid_marketing_todaylook/장형빈_memento_hb_89_175cm_75kg_2026-08-15 00-41/6fLkxLZwgQMdoWrInVZOWOFJGZ37EXTgHlzXZ1mVlEhlLJRDRtHbBC8uUouCgs9K.jpg,6fLkxLZwgQMdoWrInVZOWOFJGZ37EXTgHlzXZ1mVlEhlLJRDRtHbBC8uUouCgs9K.jpg,jpg,유료 마케팅 착용,NIGHT,장형빈_memento_hb_89 Todaylook 유료 마케팅 납품 CAP BACKUP 착용 사진,2250×2872,N/A — 정지 이미지,LOW,MEDIUM,MEDIUM,SOCIAL SUPPORT / ARCHIVE,TRUST AMPLIFIER / WORN PROOF / FRONT / FIT PROOF,[CURRENT SKU MATCH NEEDS VERIFICATION] 2026 판매 재고와 동일 SKU·사양인지 대표품 대조 전 공개 확정 금지. [PUBLICATION LOCK] 유료 납품물 재사용 승인 범위만 적용하며 모델명·키·몸무게·후기·추천·Ambassador 표현 및 자동 공개 금지.,NO — 실제 제품·핏·인물은 생성형 AI로 변경하지 않음. 승인 범위 안의 크롭·색보정·먼지 정리만 가능.,Todaylook full review U281; Source ZIP: 장형빈_memento_hb_89_175cm_75kg_2026-08-15 00-41.zip; ZIP SHA-256: 6bc479720cba5150a94ce23b772d460fc508373fb5472ad96c09fa93201f6d2c; Media SHA-256: ace634db6ad82fea42809824d5f5f20bb8b2eaae2d69038d2f808da39faaadb4; 원본 ZIP 변경 없이 CRC 검증 추출본을 COPY.,CANDIDATE,REVIEWED,B,실제 확인: NIGHT CAP 오늘룩 유료 납품 사진. FRONT / FIT PROOF; setting=STUDIO INTERIOR. Creative scores (5): Product 2 / Model 4 / Styling 4 / Environment 4 / Campaign 3 / Brand Fit 3 = 20/30; T4 disposition=BACKUP. 권리는 사용자 확인 유료 마케팅 납품 범위에서 CLEARED이나 현행 SKU 동일성은 별도 검증한다.,2026-08-15,CLEARED,USER CONFIRMED PAID MARKETING
AST-0955,01_INPUT(입력_원본)/06_SOCIAL_PROOF(실제착용_소셜증거)/paid_marketing_todaylook/티마페이_timafolio_186cm_86kg_2026-08-15 00-40/7UaGrq2jHinJ9X1809IKqDD5DBM3el19p7S6cE68NETMimMI9ZbStqcCswJNVuFp.jpg,7UaGrq2jHinJ9X1809IKqDD5DBM3el19p7S6cE68NETMimMI9ZbStqcCswJNVuFp.jpg,jpg,유료 마케팅 착용,NIGHT,티마페이_timafolio Todaylook 유료 마케팅 납품 SWEATSHIRT KEEP 착용 사진,2580×3292,N/A — 정지 이미지,HIGH,HIGH,HIGH,WADIZ PEOPLE / PRODUCT PROOF / PAID CANDIDATE,TRUST AMPLIFIER / WORN PROOF / FRONT / FIT PROOF,[CURRENT SKU MATCH NEEDS VERIFICATION] 2026 판매 재고와 동일 SKU·사양인지 대표품 대조 전 공개 확정 금지. [PUBLICATION LOCK] 유료 납품물 재사용 승인 범위만 적용하며 모델명·키·몸무게·후기·추천·Ambassador 표현 및 자동 공개 금지.,NO — 실제 제품·핏·인물은 생성형 AI로 변경하지 않음. 승인 범위 안의 크롭·색보정·먼지 정리만 가능.,Todaylook full review U282; Source ZIP: 티마페이_timafolio_186cm_86kg_2026-08-15 00-40.zip; ZIP SHA-256: ce04f5b14d0b28887fb33069acd2358f64096ce2265f79910e31e26a7e1bbb8a; Media SHA-256: d85bc567323248d600ba5d289db3f171edd582ca60b54f3720cd185e02a4f574; 원본 ZIP 변경 없이 CRC 검증 추출본을 COPY.,CANDIDATE,REVIEWED,A,실제 확인: NIGHT SWEATSHIRT 오늘룩 유료 납품 사진. FRONT / FIT PROOF; setting=URBAN / WARM TONE. Creative scores (5): Product 5 / Model 5 / Styling 5 / Environment 5 / Campaign 5 / Brand Fit 5 = 30/30; T4 disposition=KEEP. 권리는 사용자 확인 유료 마케팅 납품 범위에서 CLEARED이나 현행 SKU 동일성은 별도 검증한다.,2026-08-15,CLEARED,USER CONFIRMED PAID MARKETING
AST-0956,01_INPUT(입력_원본)/06_SOCIAL_PROOF(실제착용_소셜증거)/paid_marketing_todaylook/티마페이_timafolio_186cm_86kg_2026-08-15 00-40/xx5x2Vsb9WFJNpJvGMwVcsyTAQDjghWekcga9hKL3YNCRP68mAFRX37zvR5sU8b4.jpg,xx5x2Vsb9WFJNpJvGMwVcsyTAQDjghWekcga9hKL3YNCRP68mAFRX37zvR5sU8b4.jpg,jpg,유료 마케팅 착용,NIGHT,티마페이_timafolio Todaylook 유료 마케팅 납품 SWEATSHIRT KEEP 착용 사진,2580×3292,N/A — 정지 이미지,HIGH,HIGH,HIGH,WADIZ PEOPLE / PRODUCT PROOF / PAID CANDIDATE,TRUST AMPLIFIER / WORN PROOF / FRONT / FIT PROOF,[CURRENT SKU MATCH NEEDS VERIFICATION] 2026 판매 재고와 동일 SKU·사양인지 대표품 대조 전 공개 확정 금지. [PUBLICATION LOCK] 유료 납품물 재사용 승인 범위만 적용하며 모델명·키·몸무게·후기·추천·Ambassador 표현 및 자동 공개 금지.,NO — 실제 제품·핏·인물은 생성형 AI로 변경하지 않음. 승인 범위 안의 크롭·색보정·먼지 정리만 가능.,Todaylook full review U283; Source ZIP: 티마페이_timafolio_186cm_86kg_2026-08-15 00-40.zip; ZIP SHA-256: ce04f5b14d0b28887fb33069acd2358f64096ce2265f79910e31e26a7e1bbb8a; Media SHA-256: 7047917cb2444d720604e7a1fa6fe92bc1a29fadf2eb38e5c405e15a9bffea51; 원본 ZIP 변경 없이 CRC 검증 추출본을 COPY.,CANDIDATE,REVIEWED,A,실제 확인: NIGHT SWEATSHIRT 오늘룩 유료 납품 사진. FRONT / FIT PROOF; setting=URBAN / WARM TONE. Creative scores (5): Product 5 / Model 5 / Styling 5 / Environment 5 / Campaign 5 / Brand Fit 5 = 30/30; T4 disposition=KEEP. 권리는 사용자 확인 유료 마케팅 납품 범위에서 CLEARED이나 현행 SKU 동일성은 별도 검증한다.,2026-08-15,CLEARED,USER CONFIRMED PAID MARKETING
AST-0957,01_INPUT(입력_원본)/06_SOCIAL_PROOF(실제착용_소셜증거)/paid_marketing_todaylook/티마페이_timafolio_186cm_86kg_2026-08-15 00-40/EAYoCLC4FypyRlLcjeMNEpYfx75JgCxX2ou4RMW4xuDdWRp9NdzHQvL1C6u7rPTd.jpg,EAYoCLC4FypyRlLcjeMNEpYfx75JgCxX2ou4RMW4xuDdWRp9NdzHQvL1C6u7rPTd.jpg,jpg,유료 마케팅 착용,NIGHT,티마페이_timafolio Todaylook 유료 마케팅 납품 SWEATSHIRT KEEP 착용 사진,2580×3292,N/A — 정지 이미지,HIGH,HIGH,HIGH,WADIZ PEOPLE / PRODUCT PROOF / PAID CANDIDATE,TRUST AMPLIFIER / WORN PROOF / FRONT / FIT PROOF,[CURRENT SKU MATCH NEEDS VERIFICATION] 2026 판매 재고와 동일 SKU·사양인지 대표품 대조 전 공개 확정 금지. [PUBLICATION LOCK] 유료 납품물 재사용 승인 범위만 적용하며 모델명·키·몸무게·후기·추천·Ambassador 표현 및 자동 공개 금지.,NO — 실제 제품·핏·인물은 생성형 AI로 변경하지 않음. 승인 범위 안의 크롭·색보정·먼지 정리만 가능.,Todaylook full review U284; Source ZIP: 티마페이_timafolio_186cm_86kg_2026-08-15 00-40.zip; ZIP SHA-256: ce04f5b14d0b28887fb33069acd2358f64096ce2265f79910e31e26a7e1bbb8a; Media SHA-256: 74973bd354c21e9c748f41dfde837a87281997a5568d8b75a7503e4a3032b4f2; 원본 ZIP 변경 없이 CRC 검증 추출본을 COPY.,CANDIDATE,REVIEWED,A,실제 확인: NIGHT SWEATSHIRT 오늘룩 유료 납품 사진. FRONT / FIT PROOF; setting=URBAN / WARM TONE. Creative scores (5): Product 5 / Model 5 / Styling 5 / Environment 5 / Campaign 5 / Brand Fit 5 = 30/30; T4 disposition=KEEP. 권리는 사용자 확인 유료 마케팅 납품 범위에서 CLEARED이나 현행 SKU 동일성은 별도 검증한다.,2026-08-15,CLEARED,USER CONFIRMED PAID MARKETING
AST-0958,01_INPUT(입력_원본)/06_SOCIAL_PROOF(실제착용_소셜증거)/paid_marketing_todaylook/티마페이_timafolio_186cm_86kg_2026-08-15 00-40/luRB7hmmMtZ6BQxPEQqPseikW9nqKlxbPnZnV1pjcZCvRFe1jk1tOnCJziUZGYJW.jpg,luRB7hmmMtZ6BQxPEQqPseikW9nqKlxbPnZnV1pjcZCvRFe1jk1tOnCJziUZGYJW.jpg,jpg,유료 마케팅 착용,NIGHT,티마페이_timafolio Todaylook 유료 마케팅 납품 SWEATSHIRT KEEP 착용 사진,2580×3292,N/A — 정지 이미지,HIGH,HIGH,HIGH,WADIZ PEOPLE / PRODUCT PROOF / PAID CANDIDATE,TRUST AMPLIFIER / WORN PROOF / DETAIL PROOF,[CURRENT SKU MATCH NEEDS VERIFICATION] 2026 판매 재고와 동일 SKU·사양인지 대표품 대조 전 공개 확정 금지. [PUBLICATION LOCK] 유료 납품물 재사용 승인 범위만 적용하며 모델명·키·몸무게·후기·추천·Ambassador 표현 및 자동 공개 금지.,NO — 실제 제품·핏·인물은 생성형 AI로 변경하지 않음. 승인 범위 안의 크롭·색보정·먼지 정리만 가능.,Todaylook full review U285; Source ZIP: 티마페이_timafolio_186cm_86kg_2026-08-15 00-40.zip; ZIP SHA-256: ce04f5b14d0b28887fb33069acd2358f64096ce2265f79910e31e26a7e1bbb8a; Media SHA-256: a8019747944ff3d3f98aa7d02bd29ae4f07e0513495104d43fa39bd2342815df; 원본 ZIP 변경 없이 CRC 검증 추출본을 COPY.,CANDIDATE,REVIEWED,A,실제 확인: NIGHT SWEATSHIRT 오늘룩 유료 납품 사진. DETAIL PROOF; setting=URBAN / WARM TONE. Creative scores (5): Product 5 / Model 5 / Styling 5 / Environment 5 / Campaign 5 / Brand Fit 5 = 30/30; T4 disposition=KEEP. 권리는 사용자 확인 유료 마케팅 납품 범위에서 CLEARED이나 현행 SKU 동일성은 별도 검증한다.,2026-08-15,CLEARED,USER CONFIRMED PAID MARKETING
AST-0959,01_INPUT(입력_원본)/06_SOCIAL_PROOF(실제착용_소셜증거)/paid_marketing_todaylook/티마페이_timafolio_186cm_86kg_2026-08-15 00-40/9AZNX1fiY16TMKIcyIcOeSUInqyvNi4jvL4ShBQlZwzAUoMC1esuIIrXuTd1SmkD.jpg,9AZNX1fiY16TMKIcyIcOeSUInqyvNi4jvL4ShBQlZwzAUoMC1esuIIrXuTd1SmkD.jpg,jpg,유료 마케팅 착용,NIGHT,티마페이_timafolio Todaylook 유료 마케팅 납품 SWEATSHIRT KEEP 착용 사진,2580×3292,N/A — 정지 이미지,HIGH,HIGH,HIGH,WADIZ PEOPLE / PRODUCT PROOF / PAID CANDIDATE,TRUST AMPLIFIER / WORN PROOF / FRONT / FIT PROOF,[CURRENT SKU MATCH NEEDS VERIFICATION] 2026 판매 재고와 동일 SKU·사양인지 대표품 대조 전 공개 확정 금지. [PUBLICATION LOCK] 유료 납품물 재사용 승인 범위만 적용하며 모델명·키·몸무게·후기·추천·Ambassador 표현 및 자동 공개 금지.,NO — 실제 제품·핏·인물은 생성형 AI로 변경하지 않음. 승인 범위 안의 크롭·색보정·먼지 정리만 가능.,Todaylook full review U286; Source ZIP: 티마페이_timafolio_186cm_86kg_2026-08-15 00-40.zip; ZIP SHA-256: ce04f5b14d0b28887fb33069acd2358f64096ce2265f79910e31e26a7e1bbb8a; Media SHA-256: bc92b6cce2e93496d00520067b1b0746dd5a640243955727cbd666fa6bf636ea; 원본 ZIP 변경 없이 CRC 검증 추출본을 COPY.,CANDIDATE,REVIEWED,A,실제 확인: NIGHT SWEATSHIRT 오늘룩 유료 납품 사진. FRONT / FIT PROOF; setting=URBAN / WARM TONE. Creative scores (5): Product 5 / Model 5 / Styling 5 / Environment 5 / Campaign 5 / Brand Fit 5 = 30/30; T4 disposition=KEEP. 권리는 사용자 확인 유료 마케팅 납품 범위에서 CLEARED이나 현행 SKU 동일성은 별도 검증한다.,2026-08-15,CLEARED,USER CONFIRMED PAID MARKETING
AST-0960,01_INPUT(입력_원본)/06_SOCIAL_PROOF(실제착용_소셜증거)/paid_marketing_todaylook/티마페이_timafolio_186cm_86kg_2026-08-15 00-40/4SHpM8WGDKzfI78U19oRXAsuaQw5fLcGM6SpG6S7.jpg,4SHpM8WGDKzfI78U19oRXAsuaQw5fLcGM6SpG6S7.jpg,jpg,유료 마케팅 착용,NIGHT,티마페이_timafolio Todaylook 유료 마케팅 납품 SWEATSHIRT KEEP 착용 사진,1080×1350,N/A — 정지 이미지,HIGH,HIGH,HIGH,WADIZ PEOPLE / PRODUCT PROOF / PAID CANDIDATE,TRUST AMPLIFIER / WORN PROOF / FRONT / FIT PROOF,[CURRENT SKU MATCH NEEDS VERIFICATION] 2026 판매 재고와 동일 SKU·사양인지 대표품 대조 전 공개 확정 금지. [PUBLICATION LOCK] 유료 납품물 재사용 승인 범위만 적용하며 모델명·키·몸무게·후기·추천·Ambassador 표현 및 자동 공개 금지.,NO — 실제 제품·핏·인물은 생성형 AI로 변경하지 않음. 승인 범위 안의 크롭·색보정·먼지 정리만 가능.,Todaylook full review U287; Source ZIP: 티마페이_timafolio_186cm_86kg_2026-08-15 00-40.zip; ZIP SHA-256: ce04f5b14d0b28887fb33069acd2358f64096ce2265f79910e31e26a7e1bbb8a; Media SHA-256: 72d3d54672d3a6faf1aff6d00db9466c613d1a73abb78e002f8c8e696d01f313; 원본 ZIP 변경 없이 CRC 검증 추출본을 COPY.,CANDIDATE,REVIEWED,A,실제 확인: NIGHT SWEATSHIRT 오늘룩 유료 납품 사진. FRONT / FIT PROOF; setting=URBAN / WARM TONE. Creative scores (5): Product 5 / Model 5 / Styling 5 / Environment 5 / Campaign 5 / Brand Fit 5 = 30/30; T4 disposition=KEEP. 권리는 사용자 확인 유료 마케팅 납품 범위에서 CLEARED이나 현행 SKU 동일성은 별도 검증한다.,2026-08-15,CLEARED,USER CONFIRMED PAID MARKETING
AST-0961,01_INPUT(입력_원본)/06_SOCIAL_PROOF(실제착용_소셜증거)/paid_marketing_todaylook/티마페이_timafolio_186cm_86kg_2026-08-15 00-40/sHuaVFx5Rewx3ZRqseAvT6TkuaTHQPlfx0I9vOGC.jpg,sHuaVFx5Rewx3ZRqseAvT6TkuaTHQPlfx0I9vOGC.jpg,jpg,유료 마케팅 착용,NIGHT,티마페이_timafolio Todaylook 유료 마케팅 납품 SWEATSHIRT KEEP 착용 사진,1080×1350,N/A — 정지 이미지,HIGH,HIGH,HIGH,WADIZ PEOPLE / PRODUCT PROOF / PAID CANDIDATE,TRUST AMPLIFIER / WORN PROOF / BACK PROOF,[CURRENT SKU MATCH NEEDS VERIFICATION] 2026 판매 재고와 동일 SKU·사양인지 대표품 대조 전 공개 확정 금지. [PUBLICATION LOCK] 유료 납품물 재사용 승인 범위만 적용하며 모델명·키·몸무게·후기·추천·Ambassador 표현 및 자동 공개 금지.,NO — 실제 제품·핏·인물은 생성형 AI로 변경하지 않음. 승인 범위 안의 크롭·색보정·먼지 정리만 가능.,Todaylook full review U288; Source ZIP: 티마페이_timafolio_186cm_86kg_2026-08-15 00-40.zip; ZIP SHA-256: ce04f5b14d0b28887fb33069acd2358f64096ce2265f79910e31e26a7e1bbb8a; Media SHA-256: 10a73da99cd17ca23f2ba3f59ee620a01aa627cd4e7360c777eb99b36965cfa8; 원본 ZIP 변경 없이 CRC 검증 추출본을 COPY.,CANDIDATE,REVIEWED,A,실제 확인: NIGHT SWEATSHIRT 오늘룩 유료 납품 사진. BACK PROOF; setting=URBAN / WARM TONE. Creative scores (5): Product 5 / Model 5 / Styling 5 / Environment 5 / Campaign 5 / Brand Fit 5 = 30/30; T4 disposition=KEEP. 권리는 사용자 확인 유료 마케팅 납품 범위에서 CLEARED이나 현행 SKU 동일성은 별도 검증한다.,2026-08-15,CLEARED,USER CONFIRMED PAID MARKETING
